2025-12-15 16:48:13,276 - [Quantum_e2e_20251215_nova_dll.py:45] - [<module>] - INFO - 日志系统初始化完成
2025-12-15 16:48:13,286 - [Quantum_e2e_20251215_nova_dll.py:2031] - [<module>] - INFO - 程序启动参数: dll_path=C:\Users\obe\quantum-sdk-1.0.8.dll, excel_dir=C:\Users\obe\Desktop\LRIA_llm_eval\eval\Quantum_e2e_v20251215_nova_dll\dataset1126\test.xlsx, image_dir=C:\Users\obe\Desktop\LRIA_llm_eval\eval\Quantum_e2e_v20251210_nova\Image, doc_dir=C:\Users\obe\Desktop\LRIA_llm_eval\eval\Quantum_e2e_v20251209_nova\files1114\all, memory_excel=C:\Users\obe\Desktop\LRIA_llm_eval\eval\Quantum_e2e_v20251215_nova_dll\test.xlsx, process_memory=True, process_document=False, process_main=True, process_all=False, cycle=1, gpu_type=aGPU
2025-12-15 16:48:13,294 - [Quantum_e2e_20251215_nova_dll.py:2117] - [<module>] - INFO - 初始化量子客户端...
2025-12-15 16:48:13,295 - [Quantum_e2e_20251215_nova_dll.py:370] - [initialize] - INFO - quantum_get_client start
2025-12-15 16:48:13,300 - [Quantum_e2e_20251215_nova_dll.py:372] - [initialize] - INFO - quantum_get_client end
2025-12-15 16:48:13,300 - [Quantum_e2e_20251215_nova_dll.py:377] - [initialize] - INFO - Client initialized successfully
2025-12-15 16:48:13,300 - [Quantum_e2e_20251215_nova_dll.py:384] - [initialize] - INFO - quantum_connect start
2025-12-15 16:48:13,306 - [Quantum_e2e_20251215_nova_dll.py:391] - [initialize] - INFO - quantum_connect end
2025-12-15 16:48:13,307 - [Quantum_e2e_20251215_nova_dll.py:161] - [on_connection_status] - INFO - Connection status: Connected
2025-12-15 16:48:13,308 - [Quantum_e2e_20251215_nova_dll.py:404] - [initialize] - INFO - Connected to quantum service
2025-12-15 16:48:13,309 - [Quantum_e2e_20251215_nova_dll.py:1928] - [run_quantum_e2e_process] - INFO - 处理指定的Excel文件: test.xlsx
2025-12-15 16:48:13,310 - [Quantum_e2e_20251215_nova_dll.py:1939] - [run_quantum_e2e_process] - INFO - 
正在处理文件: test.xlsx
2025-12-15 16:48:13,751 - [monitor_util.py:135] - [start_monitoring_resource] - INFO - c:\Users\obe\Desktop\LRIA_llm_eval\eval\Quantum_e2e_v20251215_nova_dll\resource\resource_20251215_164813.csv
2025-12-15 16:48:13,752 - [monitor_util.py:136] - [start_monitoring_resource] - INFO - Detected GPU type: aGPU
2025-12-15 16:48:14,000 - [monitor_util.py:147] - [start_monitoring_resource] - INFO - Selected monitor method: monitor_aGPU
2025-12-15 16:48:14,003 - [monitor_util.py:150] - [start_monitoring_resource] - INFO - Monitor thread started: True
2025-12-15 16:48:14,003 - [Quantum_e2e_20251215_nova_dll.py:1961] - [run_quantum_e2e_process] - INFO - 开始处理Memory数据...
2025-12-15 16:48:14,003 - [Quantum_e2e_20251215_nova_dll.py:1802] - [process_memory_data_only] - INFO - 开始处理Memory数据...
2025-12-15 16:48:14,025 - [Quantum_e2e_20251215_nova_dll.py:1609] - [process_memory_data] - INFO - 成功读取Memory Excel文件，共有 2 行数据
2025-12-15 16:48:14,025 - [Quantum_e2e_20251215_nova_dll.py:1620] - [process_memory_data] - INFO - 找到 1 个包含'user_content'的列: ['user_content_1']
2025-12-15 16:48:14,149 - [Quantum_e2e_20251215_nova_dll.py:1647] - [process_memory_data] - INFO - 
处理Memory第 1 行...
2025-12-15 16:48:14,149 - [Quantum_e2e_20251215_nova_dll.py:429] - [send_model_call] - INFO - Sending session call with payload: {"action": "create"}
2025-12-15 16:48:14,149 - [Quantum_e2e_20251215_nova_dll.py:458] - [send_model_call] - INFO - quantum_send_command start
2025-12-15 16:48:14,221 - [Quantum_e2e_20251215_nova_dll.py:460] - [send_model_call] - INFO - quantum_send_command end
2025-12-15 16:48:14,221 - [Quantum_e2e_20251215_nova_dll.py:470] - [send_model_call] - INFO - Sent session call, job ID: 94
2025-12-15 16:48:14,276 - [Quantum_e2e_20251215_nova_dll.py:242] - [on_result] - WARNING - 无法识别模式，使用默认模式: local_brain
2025-12-15 16:48:14,277 - [Quantum_e2e_20251215_nova_dll.py:309] - [on_result] - INFO - Got result for job 94: {'job_id': 94, 'status': 'complete', 'timestamp': '2025-12-15T16:48:14.277286', 'data': {'sessionID': '65995402-4528-4862-9871-92d49088def4'}}
2025-12-15 16:48:14,277 - [Quantum_e2e_20251215_nova_dll.py:683] - [create_session] - INFO - 成功创建会话，session_id: 65995402-4528-4862-9871-92d49088def4, job_id: 94
2025-12-15 16:48:14,277 - [Quantum_e2e_20251215_nova_dll.py:1682] - [process_memory_data] - INFO - 处理第 1 行, 列 'user_content_1'...
2025-12-15 16:48:14,278 - [Quantum_e2e_20251215_nova_dll.py:1730] - [process_memory_data] - INFO - 第 1 行, 列 'user_content_1' user_content不为空
2025-12-15 16:48:14,278 - [Quantum_e2e_20251215_nova_dll.py:1734] - [process_memory_data] - INFO - 第 1 行, 列 'user_content_1' user_content不为空但无图片，仅发送文本
2025-12-15 16:48:14,278 - [Quantum_e2e_20251215_nova_dll.py:1154] - [send_query_with_image] - INFO - 发送查询请求: {"query": "Remember that I\u2019ve always wanted to see the pyramids in Egypt.", "handler": "nova", "sessionID": "65995402-4528-4862-9871-92d49088def4"}
2025-12-15 16:48:14,278 - [Quantum_e2e_20251215_nova_dll.py:429] - [send_model_call] - INFO - Sending query call with payload: {"query": "Remember that I\u2019ve always wanted to see the pyramids in Egypt.", "handler": "nova", "sessionID": "65995402-4528-4862-9871-92d49088def4"}
2025-12-15 16:48:14,278 - [Quantum_e2e_20251215_nova_dll.py:458] - [send_model_call] - INFO - quantum_send_command start
2025-12-15 16:48:14,332 - [Quantum_e2e_20251215_nova_dll.py:460] - [send_model_call] - INFO - quantum_send_command end
2025-12-15 16:48:14,332 - [Quantum_e2e_20251215_nova_dll.py:470] - [send_model_call] - INFO - Sent query call, job ID: 95
2025-12-15 16:48:14,333 - [Quantum_e2e_20251215_nova_dll.py:1178] - [send_query_with_image] - INFO - 开始时间: 2025-12-15 16:48:14.333
2025-12-15 16:48:14,333 - [Quantum_e2e_20251215_nova_dll.py:1182] - [send_query_with_image] - INFO - 任务ID: 95
2025-12-15 16:48:14,352 - [Quantum_e2e_20251215_nova_dll.py:218] - [on_result] - INFO - 检测到 Azure Agent 模式
2025-12-15 16:48:14,353 - [Quantum_e2e_20251215_nova_dll.py:309] - [on_result] - INFO - Got result for job 95: {'job_id': 95, 'status': 'in_progress', 'timestamp': '2025-12-15T16:48:14.353812', 'data': {'response': 'Azure Agent', 'compact': False, 'type': 'handler'}}
2025-12-15 16:48:14,447 - [Quantum_e2e_20251215_nova_dll.py:214] - [on_result] - INFO - 检测到 Local Brain 模式，更新处理模式
2025-12-15 16:48:14,448 - [Quantum_e2e_20251215_nova_dll.py:309] - [on_result] - INFO - Got result for job 95: {'job_id': 95, 'status': 'in_progress', 'timestamp': '2025-12-15T16:48:14.448333', 'data': {'response': 'Local Brain with AMD Ryzen AI 9 165 w/ Radeon 870M              ', 'compact': False, 'type': 'handler'}}
2025-12-15 16:48:26,776 - [Quantum_e2e_20251215_nova_dll.py:273] - [on_result] - INFO - 第一个text响应时间: 2025-12-15 16:48:26.776
2025-12-15 16:48:26,777 - [Quantum_e2e_20251215_nova_dll.py:309] - [on_result] - INFO - Got result for job 95: {'job_id': 95, 'status': 'in_progress', 'timestamp': '2025-12-15T16:48:26.777524', 'data': {'type': 'text', 'response': 'Remember that I’ve always wanted to see the pyramids in Egypt.'}}
2025-12-15 16:48:26,778 - [Quantum_e2e_20251215_nova_dll.py:265] - [on_result] - INFO - 首字时间 (text类型): 2025-12-15 16:48:26.778
2025-12-15 16:48:26,778 - [Quantum_e2e_20251215_nova_dll.py:287] - [on_result] - DEBUG - 接收到 in_progress 且类型为text的消息，当前token计数: 1
2025-12-15 16:48:26,778 - [Quantum_e2e_20251215_nova_dll.py:309] - [on_result] - INFO - Got result for job 95: {'job_id': 95, 'status': 'in_progress', 'timestamp': '2025-12-15T16:48:26.778534', 'data': {'type': 'text', 'response': 'That'}}
2025-12-15 16:48:26,779 - [Quantum_e2e_20251215_nova_dll.py:287] - [on_result] - DEBUG - 接收到 in_progress 且类型为text的消息，当前token计数: 2
2025-12-15 16:48:26,779 - [Quantum_e2e_20251215_nova_dll.py:309] - [on_result] - INFO - Got result for job 95: {'job_id': 95, 'status': 'in_progress', 'timestamp': '2025-12-15T16:48:26.779542', 'data': {'type': 'text', 'response': 'That sounds'}}
2025-12-15 16:48:26,780 - [Quantum_e2e_20251215_nova_dll.py:287] - [on_result] - DEBUG - 接收到 in_progress 且类型为text的消息，当前token计数: 3
2025-12-15 16:48:26,780 - [Quantum_e2e_20251215_nova_dll.py:309] - [on_result] - INFO - Got result for job 95: {'job_id': 95, 'status': 'in_progress', 'timestamp': '2025-12-15T16:48:26.780541', 'data': {'type': 'text', 'response': 'That sounds like'}}
2025-12-15 16:48:26,781 - [Quantum_e2e_20251215_nova_dll.py:287] - [on_result] - DEBUG - 接收到 in_progress 且类型为text的消息，当前token计数: 4
2025-12-15 16:48:26,781 - [Quantum_e2e_20251215_nova_dll.py:309] - [on_result] - INFO - Got result for job 95: {'job_id': 95, 'status': 'in_progress', 'timestamp': '2025-12-15T16:48:26.781543', 'data': {'type': 'text', 'response': 'That sounds like a'}}
2025-12-15 16:48:26,781 - [Quantum_e2e_20251215_nova_dll.py:287] - [on_result] - DEBUG - 接收到 in_progress 且类型为text的消息，当前token计数: 5
2025-12-15 16:48:26,782 - [Quantum_e2e_20251215_nova_dll.py:309] - [on_result] - INFO - Got result for job 95: {'job_id': 95, 'status': 'in_progress', 'timestamp': '2025-12-15T16:48:26.782541', 'data': {'type': 'text', 'response': 'That sounds like a wonderful'}}
2025-12-15 16:48:26,782 - [Quantum_e2e_20251215_nova_dll.py:287] - [on_result] - DEBUG - 接收到 in_progress 且类型为text的消息，当前token计数: 6
2025-12-15 16:48:26,782 - [Quantum_e2e_20251215_nova_dll.py:309] - [on_result] - INFO - Got result for job 95: {'job_id': 95, 'status': 'in_progress', 'timestamp': '2025-12-15T16:48:26.782541', 'data': {'type': 'text', 'response': 'That sounds like a wonderful idea'}}
2025-12-15 16:48:26,783 - [Quantum_e2e_20251215_nova_dll.py:287] - [on_result] - DEBUG - 接收到 in_progress 且类型为text的消息，当前token计数: 7
2025-12-15 16:48:26,783 - [Quantum_e2e_20251215_nova_dll.py:309] - [on_result] - INFO - Got result for job 95: {'job_id': 95, 'status': 'in_progress', 'timestamp': '2025-12-15T16:48:26.783540', 'data': {'type': 'text', 'response': 'That sounds like a wonderful idea!'}}
2025-12-15 16:48:26,783 - [Quantum_e2e_20251215_nova_dll.py:287] - [on_result] - DEBUG - 接收到 in_progress 且类型为text的消息，当前token计数: 8
2025-12-15 16:48:26,784 - [Quantum_e2e_20251215_nova_dll.py:309] - [on_result] - INFO - Got result for job 95: {'job_id': 95, 'status': 'in_progress', 'timestamp': '2025-12-15T16:48:26.783540', 'data': {'type': 'text', 'response': 'That sounds like a wonderful idea! Visiting'}}
2025-12-15 16:48:26,784 - [Quantum_e2e_20251215_nova_dll.py:287] - [on_result] - DEBUG - 接收到 in_progress 且类型为text的消息，当前token计数: 9
2025-12-15 16:48:26,784 - [Quantum_e2e_20251215_nova_dll.py:309] - [on_result] - INFO - Got result for job 95: {'job_id': 95, 'status': 'in_progress', 'timestamp': '2025-12-15T16:48:26.784544', 'data': {'type': 'text', 'response': 'That sounds like a wonderful idea! Visiting the'}}
2025-12-15 16:48:26,785 - [Quantum_e2e_20251215_nova_dll.py:287] - [on_result] - DEBUG - 接收到 in_progress 且类型为text的消息，当前token计数: 10
2025-12-15 16:48:26,785 - [Quantum_e2e_20251215_nova_dll.py:309] - [on_result] - INFO - Got result for job 95: {'job_id': 95, 'status': 'in_progress', 'timestamp': '2025-12-15T16:48:26.785544', 'data': {'type': 'text', 'response': 'That sounds like a wonderful idea! Visiting the pyram'}}
2025-12-15 16:48:26,786 - [Quantum_e2e_20251215_nova_dll.py:287] - [on_result] - DEBUG - 接收到 in_progress 且类型为text的消息，当前token计数: 11
2025-12-15 16:48:26,786 - [Quantum_e2e_20251215_nova_dll.py:309] - [on_result] - INFO - Got result for job 95: {'job_id': 95, 'status': 'in_progress', 'timestamp': '2025-12-15T16:48:26.786541', 'data': {'type': 'text', 'response': 'That sounds like a wonderful idea! Visiting the pyramids'}}
2025-12-15 16:48:26,787 - [Quantum_e2e_20251215_nova_dll.py:287] - [on_result] - DEBUG - 接收到 in_progress 且类型为text的消息，当前token计数: 12
2025-12-15 16:48:26,787 - [Quantum_e2e_20251215_nova_dll.py:309] - [on_result] - INFO - Got result for job 95: {'job_id': 95, 'status': 'in_progress', 'timestamp': '2025-12-15T16:48:26.787540', 'data': {'type': 'text', 'response': 'That sounds like a wonderful idea! Visiting the pyramids in'}}
2025-12-15 16:48:26,787 - [Quantum_e2e_20251215_nova_dll.py:287] - [on_result] - DEBUG - 接收到 in_progress 且类型为text的消息，当前token计数: 13
2025-12-15 16:48:26,787 - [Quantum_e2e_20251215_nova_dll.py:309] - [on_result] - INFO - Got result for job 95: {'job_id': 95, 'status': 'in_progress', 'timestamp': '2025-12-15T16:48:26.787540', 'data': {'type': 'text', 'response': 'That sounds like a wonderful idea! Visiting the pyramids in Egypt'}}
2025-12-15 16:48:26,788 - [Quantum_e2e_20251215_nova_dll.py:287] - [on_result] - DEBUG - 接收到 in_progress 且类型为text的消息，当前token计数: 14
2025-12-15 16:48:26,789 - [Quantum_e2e_20251215_nova_dll.py:309] - [on_result] - INFO - Got result for job 95: {'job_id': 95, 'status': 'in_progress', 'timestamp': '2025-12-15T16:48:26.789540', 'data': {'type': 'text', 'response': 'That sounds like a wonderful idea! Visiting the pyramids in Egypt would'}}
2025-12-15 16:48:26,790 - [Quantum_e2e_20251215_nova_dll.py:287] - [on_result] - DEBUG - 接收到 in_progress 且类型为text的消息，当前token计数: 15
2025-12-15 16:48:26,790 - [Quantum_e2e_20251215_nova_dll.py:309] - [on_result] - INFO - Got result for job 95: {'job_id': 95, 'status': 'in_progress', 'timestamp': '2025-12-15T16:48:26.790541', 'data': {'type': 'text', 'response': 'That sounds like a wonderful idea! Visiting the pyramids in Egypt would be'}}
2025-12-15 16:48:26,790 - [Quantum_e2e_20251215_nova_dll.py:287] - [on_result] - DEBUG - 接收到 in_progress 且类型为text的消息，当前token计数: 16
2025-12-15 16:48:26,791 - [Quantum_e2e_20251215_nova_dll.py:309] - [on_result] - INFO - Got result for job 95: {'job_id': 95, 'status': 'in_progress', 'timestamp': '2025-12-15T16:48:26.791544', 'data': {'type': 'text', 'response': 'That sounds like a wonderful idea! Visiting the pyramids in Egypt would be a'}}
2025-12-15 16:48:26,792 - [Quantum_e2e_20251215_nova_dll.py:287] - [on_result] - DEBUG - 接收到 in_progress 且类型为text的消息，当前token计数: 17
2025-12-15 16:48:26,792 - [Quantum_e2e_20251215_nova_dll.py:309] - [on_result] - INFO - Got result for job 95: {'job_id': 95, 'status': 'in_progress', 'timestamp': '2025-12-15T16:48:26.792549', 'data': {'type': 'text', 'response': 'That sounds like a wonderful idea! Visiting the pyramids in Egypt would be a remarkable'}}
2025-12-15 16:48:26,793 - [Quantum_e2e_20251215_nova_dll.py:287] - [on_result] - DEBUG - 接收到 in_progress 且类型为text的消息，当前token计数: 18
2025-12-15 16:48:26,793 - [Quantum_e2e_20251215_nova_dll.py:309] - [on_result] - INFO - Got result for job 95: {'job_id': 95, 'status': 'in_progress', 'timestamp': '2025-12-15T16:48:26.793544', 'data': {'type': 'text', 'response': 'That sounds like a wonderful idea! Visiting the pyramids in Egypt would be a remarkable experience'}}
2025-12-15 16:48:26,794 - [Quantum_e2e_20251215_nova_dll.py:287] - [on_result] - DEBUG - 接收到 in_progress 且类型为text的消息，当前token计数: 19
2025-12-15 16:48:26,794 - [Quantum_e2e_20251215_nova_dll.py:309] - [on_result] - INFO - Got result for job 95: {'job_id': 95, 'status': 'in_progress', 'timestamp': '2025-12-15T16:48:26.794547', 'data': {'type': 'text', 'response': 'That sounds like a wonderful idea! Visiting the pyramids in Egypt would be a remarkable experience.'}}
2025-12-15 16:48:26,795 - [Quantum_e2e_20251215_nova_dll.py:287] - [on_result] - DEBUG - 接收到 in_progress 且类型为text的消息，当前token计数: 20
2025-12-15 16:48:26,795 - [Quantum_e2e_20251215_nova_dll.py:309] - [on_result] - INFO - Got result for job 95: {'job_id': 95, 'status': 'in_progress', 'timestamp': '2025-12-15T16:48:26.795543', 'data': {'type': 'text', 'response': 'That sounds like a wonderful idea! Visiting the pyramids in Egypt would be a remarkable experience. You'}}
2025-12-15 16:48:26,822 - [Quantum_e2e_20251215_nova_dll.py:287] - [on_result] - DEBUG - 接收到 in_progress 且类型为text的消息，当前token计数: 21
2025-12-15 16:48:26,823 - [Quantum_e2e_20251215_nova_dll.py:309] - [on_result] - INFO - Got result for job 95: {'job_id': 95, 'status': 'in_progress', 'timestamp': '2025-12-15T16:48:26.823540', 'data': {'type': 'text', 'response': 'That sounds like a wonderful idea! Visiting the pyramids in Egypt would be a remarkable experience. You can'}}
2025-12-15 16:48:26,885 - [Quantum_e2e_20251215_nova_dll.py:287] - [on_result] - DEBUG - 接收到 in_progress 且类型为text的消息，当前token计数: 22
2025-12-15 16:48:26,886 - [Quantum_e2e_20251215_nova_dll.py:309] - [on_result] - INFO - Got result for job 95: {'job_id': 95, 'status': 'in_progress', 'timestamp': '2025-12-15T16:48:26.886313', 'data': {'type': 'text', 'response': 'That sounds like a wonderful idea! Visiting the pyramids in Egypt would be a remarkable experience. You can explore'}}
2025-12-15 16:48:26,948 - [Quantum_e2e_20251215_nova_dll.py:287] - [on_result] - DEBUG - 接收到 in_progress 且类型为text的消息，当前token计数: 23
2025-12-15 16:48:26,949 - [Quantum_e2e_20251215_nova_dll.py:309] - [on_result] - INFO - Got result for job 95: {'job_id': 95, 'status': 'in_progress', 'timestamp': '2025-12-15T16:48:26.949322', 'data': {'type': 'text', 'response': 'That sounds like a wonderful idea! Visiting the pyramids in Egypt would be a remarkable experience. You can explore the'}}
2025-12-15 16:48:27,010 - [Quantum_e2e_20251215_nova_dll.py:287] - [on_result] - DEBUG - 接收到 in_progress 且类型为text的消息，当前token计数: 24
2025-12-15 16:48:27,011 - [Quantum_e2e_20251215_nova_dll.py:309] - [on_result] - INFO - Got result for job 95: {'job_id': 95, 'status': 'in_progress', 'timestamp': '2025-12-15T16:48:27.011448', 'data': {'type': 'text', 'response': 'That sounds like a wonderful idea! Visiting the pyramids in Egypt would be a remarkable experience. You can explore the Great'}}
2025-12-15 16:48:27,073 - [Quantum_e2e_20251215_nova_dll.py:287] - [on_result] - DEBUG - 接收到 in_progress 且类型为text的消息，当前token计数: 25
2025-12-15 16:48:27,074 - [Quantum_e2e_20251215_nova_dll.py:309] - [on_result] - INFO - Got result for job 95: {'job_id': 95, 'status': 'in_progress', 'timestamp': '2025-12-15T16:48:27.074814', 'data': {'type': 'text', 'response': 'That sounds like a wonderful idea! Visiting the pyramids in Egypt would be a remarkable experience. You can explore the Great Pyramid'}}
2025-12-15 16:48:27,136 - [Quantum_e2e_20251215_nova_dll.py:287] - [on_result] - DEBUG - 接收到 in_progress 且类型为text的消息，当前token计数: 26
2025-12-15 16:48:27,137 - [Quantum_e2e_20251215_nova_dll.py:309] - [on_result] - INFO - Got result for job 95: {'job_id': 95, 'status': 'in_progress', 'timestamp': '2025-12-15T16:48:27.137324', 'data': {'type': 'text', 'response': 'That sounds like a wonderful idea! Visiting the pyramids in Egypt would be a remarkable experience. You can explore the Great Pyramid of'}}
2025-12-15 16:48:27,183 - [Quantum_e2e_20251215_nova_dll.py:287] - [on_result] - DEBUG - 接收到 in_progress 且类型为text的消息，当前token计数: 27
2025-12-15 16:48:27,184 - [Quantum_e2e_20251215_nova_dll.py:309] - [on_result] - INFO - Got result for job 95: {'job_id': 95, 'status': 'in_progress', 'timestamp': '2025-12-15T16:48:27.184840', 'data': {'type': 'text', 'response': 'That sounds like a wonderful idea! Visiting the pyramids in Egypt would be a remarkable experience. You can explore the Great Pyramid of G'}}
2025-12-15 16:48:27,246 - [Quantum_e2e_20251215_nova_dll.py:287] - [on_result] - DEBUG - 接收到 in_progress 且类型为text的消息，当前token计数: 28
2025-12-15 16:48:27,247 - [Quantum_e2e_20251215_nova_dll.py:309] - [on_result] - INFO - Got result for job 95: {'job_id': 95, 'status': 'in_progress', 'timestamp': '2025-12-15T16:48:27.247843', 'data': {'type': 'text', 'response': 'That sounds like a wonderful idea! Visiting the pyramids in Egypt would be a remarkable experience. You can explore the Great Pyramid of Giza'}}
2025-12-15 16:48:27,310 - [Quantum_e2e_20251215_nova_dll.py:287] - [on_result] - DEBUG - 接收到 in_progress 且类型为text的消息，当前token计数: 29
2025-12-15 16:48:27,310 - [Quantum_e2e_20251215_nova_dll.py:309] - [on_result] - INFO - Got result for job 95: {'job_id': 95, 'status': 'in_progress', 'timestamp': '2025-12-15T16:48:27.310778', 'data': {'type': 'text', 'response': 'That sounds like a wonderful idea! Visiting the pyramids in Egypt would be a remarkable experience. You can explore the Great Pyramid of Giza,'}}
2025-12-15 16:48:27,372 - [Quantum_e2e_20251215_nova_dll.py:287] - [on_result] - DEBUG - 接收到 in_progress 且类型为text的消息，当前token计数: 30
2025-12-15 16:48:27,373 - [Quantum_e2e_20251215_nova_dll.py:309] - [on_result] - INFO - Got result for job 95: {'job_id': 95, 'status': 'in_progress', 'timestamp': '2025-12-15T16:48:27.373308', 'data': {'type': 'text', 'response': 'That sounds like a wonderful idea! Visiting the pyramids in Egypt would be a remarkable experience. You can explore the Great Pyramid of Giza, the'}}
2025-12-15 16:48:27,436 - [Quantum_e2e_20251215_nova_dll.py:287] - [on_result] - DEBUG - 接收到 in_progress 且类型为text的消息，当前token计数: 31
2025-12-15 16:48:27,437 - [Quantum_e2e_20251215_nova_dll.py:309] - [on_result] - INFO - Got result for job 95: {'job_id': 95, 'status': 'in_progress', 'timestamp': '2025-12-15T16:48:27.437307', 'data': {'type': 'text', 'response': 'That sounds like a wonderful idea! Visiting the pyramids in Egypt would be a remarkable experience. You can explore the Great Pyramid of Giza, the S'}}
2025-12-15 16:48:27,498 - [Quantum_e2e_20251215_nova_dll.py:287] - [on_result] - DEBUG - 接收到 in_progress 且类型为text的消息，当前token计数: 32
2025-12-15 16:48:27,499 - [Quantum_e2e_20251215_nova_dll.py:309] - [on_result] - INFO - Got result for job 95: {'job_id': 95, 'status': 'in_progress', 'timestamp': '2025-12-15T16:48:27.499443', 'data': {'type': 'text', 'response': 'That sounds like a wonderful idea! Visiting the pyramids in Egypt would be a remarkable experience. You can explore the Great Pyramid of Giza, the Sphinx'}}
2025-12-15 16:48:28,032 - [Quantum_e2e_20251215_nova_dll.py:287] - [on_result] - DEBUG - 接收到 in_progress 且类型为text的消息，当前token计数: 33
2025-12-15 16:48:28,033 - [Quantum_e2e_20251215_nova_dll.py:309] - [on_result] - INFO - Got result for job 95: {'job_id': 95, 'status': 'in_progress', 'timestamp': '2025-12-15T16:48:28.033669', 'data': {'type': 'text', 'response': 'That sounds like a wonderful idea! Visiting the pyramids in Egypt would be a remarkable experience. You can explore the Great Pyramid of Giza, the Sphinx,'}}
2025-12-15 16:48:28,079 - [Quantum_e2e_20251215_nova_dll.py:287] - [on_result] - DEBUG - 接收到 in_progress 且类型为text的消息，当前token计数: 34
2025-12-15 16:48:28,080 - [Quantum_e2e_20251215_nova_dll.py:309] - [on_result] - INFO - Got result for job 95: {'job_id': 95, 'status': 'in_progress', 'timestamp': '2025-12-15T16:48:28.080705', 'data': {'type': 'text', 'response': 'That sounds like a wonderful idea! Visiting the pyramids in Egypt would be a remarkable experience. You can explore the Great Pyramid of Giza, the Sphinx, and'}}
2025-12-15 16:48:28,158 - [Quantum_e2e_20251215_nova_dll.py:287] - [on_result] - DEBUG - 接收到 in_progress 且类型为text的消息，当前token计数: 35
2025-12-15 16:48:28,159 - [Quantum_e2e_20251215_nova_dll.py:309] - [on_result] - INFO - Got result for job 95: {'job_id': 95, 'status': 'in_progress', 'timestamp': '2025-12-15T16:48:28.159223', 'data': {'type': 'text', 'response': 'That sounds like a wonderful idea! Visiting the pyramids in Egypt would be a remarkable experience. You can explore the Great Pyramid of Giza, the Sphinx, and the'}}
2025-12-15 16:48:28,221 - [Quantum_e2e_20251215_nova_dll.py:287] - [on_result] - DEBUG - 接收到 in_progress 且类型为text的消息，当前token计数: 36
2025-12-15 16:48:28,222 - [Quantum_e2e_20251215_nova_dll.py:309] - [on_result] - INFO - Got result for job 95: {'job_id': 95, 'status': 'in_progress', 'timestamp': '2025-12-15T16:48:28.222054', 'data': {'type': 'text', 'response': 'That sounds like a wonderful idea! Visiting the pyramids in Egypt would be a remarkable experience. You can explore the Great Pyramid of Giza, the Sphinx, and the surrounding'}}
2025-12-15 16:48:28,284 - [Quantum_e2e_20251215_nova_dll.py:287] - [on_result] - DEBUG - 接收到 in_progress 且类型为text的消息，当前token计数: 37
2025-12-15 16:48:28,285 - [Quantum_e2e_20251215_nova_dll.py:309] - [on_result] - INFO - Got result for job 95: {'job_id': 95, 'status': 'in_progress', 'timestamp': '2025-12-15T16:48:28.285140', 'data': {'type': 'text', 'response': 'That sounds like a wonderful idea! Visiting the pyramids in Egypt would be a remarkable experience. You can explore the Great Pyramid of Giza, the Sphinx, and the surrounding archaeological'}}
2025-12-15 16:48:28,347 - [Quantum_e2e_20251215_nova_dll.py:287] - [on_result] - DEBUG - 接收到 in_progress 且类型为text的消息，当前token计数: 38
2025-12-15 16:48:28,348 - [Quantum_e2e_20251215_nova_dll.py:309] - [on_result] - INFO - Got result for job 95: {'job_id': 95, 'status': 'in_progress', 'timestamp': '2025-12-15T16:48:28.348153', 'data': {'type': 'text', 'response': 'That sounds like a wonderful idea! Visiting the pyramids in Egypt would be a remarkable experience. You can explore the Great Pyramid of Giza, the Sphinx, and the surrounding archaeological sites'}}
2025-12-15 16:48:28,409 - [Quantum_e2e_20251215_nova_dll.py:287] - [on_result] - DEBUG - 接收到 in_progress 且类型为text的消息，当前token计数: 39
2025-12-15 16:48:28,410 - [Quantum_e2e_20251215_nova_dll.py:309] - [on_result] - INFO - Got result for job 95: {'job_id': 95, 'status': 'in_progress', 'timestamp': '2025-12-15T16:48:28.410390', 'data': {'type': 'text', 'response': 'That sounds like a wonderful idea! Visiting the pyramids in Egypt would be a remarkable experience. You can explore the Great Pyramid of Giza, the Sphinx, and the surrounding archaeological sites.'}}
2025-12-15 16:48:28,472 - [Quantum_e2e_20251215_nova_dll.py:287] - [on_result] - DEBUG - 接收到 in_progress 且类型为text的消息，当前token计数: 40
2025-12-15 16:48:28,473 - [Quantum_e2e_20251215_nova_dll.py:309] - [on_result] - INFO - Got result for job 95: {'job_id': 95, 'status': 'in_progress', 'timestamp': '2025-12-15T16:48:28.473532', 'data': {'type': 'text', 'response': 'That sounds like a wonderful idea! Visiting the pyramids in Egypt would be a remarkable experience. You can explore the Great Pyramid of Giza, the Sphinx, and the surrounding archaeological sites. Each'}}
2025-12-15 16:48:28,535 - [Quantum_e2e_20251215_nova_dll.py:287] - [on_result] - DEBUG - 接收到 in_progress 且类型为text的消息，当前token计数: 41
2025-12-15 16:48:28,536 - [Quantum_e2e_20251215_nova_dll.py:309] - [on_result] - INFO - Got result for job 95: {'job_id': 95, 'status': 'in_progress', 'timestamp': '2025-12-15T16:48:28.536539', 'data': {'type': 'text', 'response': 'That sounds like a wonderful idea! Visiting the pyramids in Egypt would be a remarkable experience. You can explore the Great Pyramid of Giza, the Sphinx, and the surrounding archaeological sites. Each site'}}
2025-12-15 16:48:28,582 - [Quantum_e2e_20251215_nova_dll.py:287] - [on_result] - DEBUG - 接收到 in_progress 且类型为text的消息，当前token计数: 42
2025-12-15 16:48:28,583 - [Quantum_e2e_20251215_nova_dll.py:309] - [on_result] - INFO - Got result for job 95: {'job_id': 95, 'status': 'in_progress', 'timestamp': '2025-12-15T16:48:28.583464', 'data': {'type': 'text', 'response': 'That sounds like a wonderful idea! Visiting the pyramids in Egypt would be a remarkable experience. You can explore the Great Pyramid of Giza, the Sphinx, and the surrounding archaeological sites. Each site offers'}}
2025-12-15 16:48:28,644 - [Quantum_e2e_20251215_nova_dll.py:287] - [on_result] - DEBUG - 接收到 in_progress 且类型为text的消息，当前token计数: 43
2025-12-15 16:48:28,645 - [Quantum_e2e_20251215_nova_dll.py:309] - [on_result] - INFO - Got result for job 95: {'job_id': 95, 'status': 'in_progress', 'timestamp': '2025-12-15T16:48:28.645115', 'data': {'type': 'text', 'response': 'That sounds like a wonderful idea! Visiting the pyramids in Egypt would be a remarkable experience. You can explore the Great Pyramid of Giza, the Sphinx, and the surrounding archaeological sites. Each site offers a'}}
2025-12-15 16:48:28,706 - [Quantum_e2e_20251215_nova_dll.py:287] - [on_result] - DEBUG - 接收到 in_progress 且类型为text的消息，当前token计数: 44
2025-12-15 16:48:28,707 - [Quantum_e2e_20251215_nova_dll.py:309] - [on_result] - INFO - Got result for job 95: {'job_id': 95, 'status': 'in_progress', 'timestamp': '2025-12-15T16:48:28.707633', 'data': {'type': 'text', 'response': 'That sounds like a wonderful idea! Visiting the pyramids in Egypt would be a remarkable experience. You can explore the Great Pyramid of Giza, the Sphinx, and the surrounding archaeological sites. Each site offers a unique'}}
2025-12-15 16:48:28,768 - [Quantum_e2e_20251215_nova_dll.py:287] - [on_result] - DEBUG - 接收到 in_progress 且类型为text的消息，当前token计数: 45
2025-12-15 16:48:28,769 - [Quantum_e2e_20251215_nova_dll.py:309] - [on_result] - INFO - Got result for job 95: {'job_id': 95, 'status': 'in_progress', 'timestamp': '2025-12-15T16:48:28.769152', 'data': {'type': 'text', 'response': 'That sounds like a wonderful idea! Visiting the pyramids in Egypt would be a remarkable experience. You can explore the Great Pyramid of Giza, the Sphinx, and the surrounding archaeological sites. Each site offers a unique glimpse'}}
2025-12-15 16:48:28,830 - [Quantum_e2e_20251215_nova_dll.py:287] - [on_result] - DEBUG - 接收到 in_progress 且类型为text的消息，当前token计数: 46
2025-12-15 16:48:28,831 - [Quantum_e2e_20251215_nova_dll.py:309] - [on_result] - INFO - Got result for job 95: {'job_id': 95, 'status': 'in_progress', 'timestamp': '2025-12-15T16:48:28.831152', 'data': {'type': 'text', 'response': 'That sounds like a wonderful idea! Visiting the pyramids in Egypt would be a remarkable experience. You can explore the Great Pyramid of Giza, the Sphinx, and the surrounding archaeological sites. Each site offers a unique glimpse into'}}
2025-12-15 16:48:28,890 - [Quantum_e2e_20251215_nova_dll.py:287] - [on_result] - DEBUG - 接收到 in_progress 且类型为text的消息，当前token计数: 47
2025-12-15 16:48:28,891 - [Quantum_e2e_20251215_nova_dll.py:309] - [on_result] - INFO - Got result for job 95: {'job_id': 95, 'status': 'in_progress', 'timestamp': '2025-12-15T16:48:28.891669', 'data': {'type': 'text', 'response': 'That sounds like a wonderful idea! Visiting the pyramids in Egypt would be a remarkable experience. You can explore the Great Pyramid of Giza, the Sphinx, and the surrounding archaeological sites. Each site offers a unique glimpse into ancient'}}
2025-12-15 16:48:28,953 - [Quantum_e2e_20251215_nova_dll.py:287] - [on_result] - DEBUG - 接收到 in_progress 且类型为text的消息，当前token计数: 48
2025-12-15 16:48:28,954 - [Quantum_e2e_20251215_nova_dll.py:309] - [on_result] - INFO - Got result for job 95: {'job_id': 95, 'status': 'in_progress', 'timestamp': '2025-12-15T16:48:28.954674', 'data': {'type': 'text', 'response': 'That sounds like a wonderful idea! Visiting the pyramids in Egypt would be a remarkable experience. You can explore the Great Pyramid of Giza, the Sphinx, and the surrounding archaeological sites. Each site offers a unique glimpse into ancient history'}}
2025-12-15 16:48:29,045 - [Quantum_e2e_20251215_nova_dll.py:287] - [on_result] - DEBUG - 接收到 in_progress 且类型为text的消息，当前token计数: 49
2025-12-15 16:48:29,046 - [Quantum_e2e_20251215_nova_dll.py:309] - [on_result] - INFO - Got result for job 95: {'job_id': 95, 'status': 'in_progress', 'timestamp': '2025-12-15T16:48:29.046772', 'data': {'type': 'text', 'response': 'That sounds like a wonderful idea! Visiting the pyramids in Egypt would be a remarkable experience. You can explore the Great Pyramid of Giza, the Sphinx, and the surrounding archaeological sites. Each site offers a unique glimpse into ancient history and'}}
2025-12-15 16:48:29,077 - [Quantum_e2e_20251215_nova_dll.py:287] - [on_result] - DEBUG - 接收到 in_progress 且类型为text的消息，当前token计数: 50
2025-12-15 16:48:29,078 - [Quantum_e2e_20251215_nova_dll.py:309] - [on_result] - INFO - Got result for job 95: {'job_id': 95, 'status': 'in_progress', 'timestamp': '2025-12-15T16:48:29.078290', 'data': {'type': 'text', 'response': 'That sounds like a wonderful idea! Visiting the pyramids in Egypt would be a remarkable experience. You can explore the Great Pyramid of Giza, the Sphinx, and the surrounding archaeological sites. Each site offers a unique glimpse into ancient history and culture'}}
2025-12-15 16:48:29,123 - [Quantum_e2e_20251215_nova_dll.py:287] - [on_result] - DEBUG - 接收到 in_progress 且类型为text的消息，当前token计数: 51
2025-12-15 16:48:29,124 - [Quantum_e2e_20251215_nova_dll.py:309] - [on_result] - INFO - Got result for job 95: {'job_id': 95, 'status': 'in_progress', 'timestamp': '2025-12-15T16:48:29.124803', 'data': {'type': 'text', 'response': 'That sounds like a wonderful idea! Visiting the pyramids in Egypt would be a remarkable experience. You can explore the Great Pyramid of Giza, the Sphinx, and the surrounding archaeological sites. Each site offers a unique glimpse into ancient history and culture.'}}
2025-12-15 16:48:29,187 - [Quantum_e2e_20251215_nova_dll.py:287] - [on_result] - DEBUG - 接收到 in_progress 且类型为text的消息，当前token计数: 52
2025-12-15 16:48:29,188 - [Quantum_e2e_20251215_nova_dll.py:309] - [on_result] - INFO - Got result for job 95: {'job_id': 95, 'status': 'in_progress', 'timestamp': '2025-12-15T16:48:29.188034', 'data': {'type': 'text', 'response': 'That sounds like a wonderful idea! Visiting the pyramids in Egypt would be a remarkable experience. You can explore the Great Pyramid of Giza, the Sphinx, and the surrounding archaeological sites. Each site offers a unique glimpse into ancient history and culture. Make'}}
2025-12-15 16:48:29,280 - [Quantum_e2e_20251215_nova_dll.py:287] - [on_result] - DEBUG - 接收到 in_progress 且类型为text的消息，当前token计数: 53
2025-12-15 16:48:29,281 - [Quantum_e2e_20251215_nova_dll.py:309] - [on_result] - INFO - Got result for job 95: {'job_id': 95, 'status': 'in_progress', 'timestamp': '2025-12-15T16:48:29.281560', 'data': {'type': 'text', 'response': 'That sounds like a wonderful idea! Visiting the pyramids in Egypt would be a remarkable experience. You can explore the Great Pyramid of Giza, the Sphinx, and the surrounding archaeological sites. Each site offers a unique glimpse into ancient history and culture. Make sure'}}
2025-12-15 16:48:29,311 - [Quantum_e2e_20251215_nova_dll.py:287] - [on_result] - DEBUG - 接收到 in_progress 且类型为text的消息，当前token计数: 54
2025-12-15 16:48:29,312 - [Quantum_e2e_20251215_nova_dll.py:309] - [on_result] - INFO - Got result for job 95: {'job_id': 95, 'status': 'in_progress', 'timestamp': '2025-12-15T16:48:29.312561', 'data': {'type': 'text', 'response': 'That sounds like a wonderful idea! Visiting the pyramids in Egypt would be a remarkable experience. You can explore the Great Pyramid of Giza, the Sphinx, and the surrounding archaeological sites. Each site offers a unique glimpse into ancient history and culture. Make sure to'}}
2025-12-15 16:48:29,375 - [Quantum_e2e_20251215_nova_dll.py:287] - [on_result] - DEBUG - 接收到 in_progress 且类型为text的消息，当前token计数: 55
2025-12-15 16:48:29,376 - [Quantum_e2e_20251215_nova_dll.py:309] - [on_result] - INFO - Got result for job 95: {'job_id': 95, 'status': 'in_progress', 'timestamp': '2025-12-15T16:48:29.376082', 'data': {'type': 'text', 'response': 'That sounds like a wonderful idea! Visiting the pyramids in Egypt would be a remarkable experience. You can explore the Great Pyramid of Giza, the Sphinx, and the surrounding archaeological sites. Each site offers a unique glimpse into ancient history and culture. Make sure to plan'}}
2025-12-15 16:48:29,423 - [Quantum_e2e_20251215_nova_dll.py:287] - [on_result] - DEBUG - 接收到 in_progress 且类型为text的消息，当前token计数: 56
2025-12-15 16:48:29,424 - [Quantum_e2e_20251215_nova_dll.py:309] - [on_result] - INFO - Got result for job 95: {'job_id': 95, 'status': 'in_progress', 'timestamp': '2025-12-15T16:48:29.424082', 'data': {'type': 'text', 'response': 'That sounds like a wonderful idea! Visiting the pyramids in Egypt would be a remarkable experience. You can explore the Great Pyramid of Giza, the Sphinx, and the surrounding archaeological sites. Each site offers a unique glimpse into ancient history and culture. Make sure to plan your'}}
2025-12-15 16:48:29,486 - [Quantum_e2e_20251215_nova_dll.py:287] - [on_result] - DEBUG - 接收到 in_progress 且类型为text的消息，当前token计数: 57
2025-12-15 16:48:29,487 - [Quantum_e2e_20251215_nova_dll.py:309] - [on_result] - INFO - Got result for job 95: {'job_id': 95, 'status': 'in_progress', 'timestamp': '2025-12-15T16:48:29.487062', 'data': {'type': 'text', 'response': 'That sounds like a wonderful idea! Visiting the pyramids in Egypt would be a remarkable experience. You can explore the Great Pyramid of Giza, the Sphinx, and the surrounding archaeological sites. Each site offers a unique glimpse into ancient history and culture. Make sure to plan your trip'}}
2025-12-15 16:48:29,548 - [Quantum_e2e_20251215_nova_dll.py:287] - [on_result] - DEBUG - 接收到 in_progress 且类型为text的消息，当前token计数: 58
2025-12-15 16:48:29,549 - [Quantum_e2e_20251215_nova_dll.py:309] - [on_result] - INFO - Got result for job 95: {'job_id': 95, 'status': 'in_progress', 'timestamp': '2025-12-15T16:48:29.549072', 'data': {'type': 'text', 'response': 'That sounds like a wonderful idea! Visiting the pyramids in Egypt would be a remarkable experience. You can explore the Great Pyramid of Giza, the Sphinx, and the surrounding archaeological sites. Each site offers a unique glimpse into ancient history and culture. Make sure to plan your trip to'}}
2025-12-15 16:48:29,612 - [Quantum_e2e_20251215_nova_dll.py:287] - [on_result] - DEBUG - 接收到 in_progress 且类型为text的消息，当前token计数: 59
2025-12-15 16:48:29,613 - [Quantum_e2e_20251215_nova_dll.py:309] - [on_result] - INFO - Got result for job 95: {'job_id': 95, 'status': 'in_progress', 'timestamp': '2025-12-15T16:48:29.613106', 'data': {'type': 'text', 'response': 'That sounds like a wonderful idea! Visiting the pyramids in Egypt would be a remarkable experience. You can explore the Great Pyramid of Giza, the Sphinx, and the surrounding archaeological sites. Each site offers a unique glimpse into ancient history and culture. Make sure to plan your trip to visit'}}
2025-12-15 16:48:29,690 - [Quantum_e2e_20251215_nova_dll.py:287] - [on_result] - DEBUG - 接收到 in_progress 且类型为text的消息，当前token计数: 60
2025-12-15 16:48:29,691 - [Quantum_e2e_20251215_nova_dll.py:309] - [on_result] - INFO - Got result for job 95: {'job_id': 95, 'status': 'in_progress', 'timestamp': '2025-12-15T16:48:29.691891', 'data': {'type': 'text', 'response': 'That sounds like a wonderful idea! Visiting the pyramids in Egypt would be a remarkable experience. You can explore the Great Pyramid of Giza, the Sphinx, and the surrounding archaeological sites. Each site offers a unique glimpse into ancient history and culture. Make sure to plan your trip to visit during'}}
2025-12-15 16:48:29,752 - [Quantum_e2e_20251215_nova_dll.py:287] - [on_result] - DEBUG - 接收到 in_progress 且类型为text的消息，当前token计数: 61
2025-12-15 16:48:29,753 - [Quantum_e2e_20251215_nova_dll.py:309] - [on_result] - INFO - Got result for job 95: {'job_id': 95, 'status': 'in_progress', 'timestamp': '2025-12-15T16:48:29.753899', 'data': {'type': 'text', 'response': 'That sounds like a wonderful idea! Visiting the pyramids in Egypt would be a remarkable experience. You can explore the Great Pyramid of Giza, the Sphinx, and the surrounding archaeological sites. Each site offers a unique glimpse into ancient history and culture. Make sure to plan your trip to visit during a'}}
2025-12-15 16:48:29,814 - [Quantum_e2e_20251215_nova_dll.py:287] - [on_result] - DEBUG - 接收到 in_progress 且类型为text的消息，当前token计数: 62
2025-12-15 16:48:29,815 - [Quantum_e2e_20251215_nova_dll.py:309] - [on_result] - INFO - Got result for job 95: {'job_id': 95, 'status': 'in_progress', 'timestamp': '2025-12-15T16:48:29.815405', 'data': {'type': 'text', 'response': 'That sounds like a wonderful idea! Visiting the pyramids in Egypt would be a remarkable experience. You can explore the Great Pyramid of Giza, the Sphinx, and the surrounding archaeological sites. Each site offers a unique glimpse into ancient history and culture. Make sure to plan your trip to visit during a good'}}
2025-12-15 16:48:29,876 - [Quantum_e2e_20251215_nova_dll.py:287] - [on_result] - DEBUG - 接收到 in_progress 且类型为text的消息，当前token计数: 63
2025-12-15 16:48:29,877 - [Quantum_e2e_20251215_nova_dll.py:309] - [on_result] - INFO - Got result for job 95: {'job_id': 95, 'status': 'in_progress', 'timestamp': '2025-12-15T16:48:29.877932', 'data': {'type': 'text', 'response': 'That sounds like a wonderful idea! Visiting the pyramids in Egypt would be a remarkable experience. You can explore the Great Pyramid of Giza, the Sphinx, and the surrounding archaeological sites. Each site offers a unique glimpse into ancient history and culture. Make sure to plan your trip to visit during a good season'}}
2025-12-15 16:48:29,937 - [Quantum_e2e_20251215_nova_dll.py:287] - [on_result] - DEBUG - 接收到 in_progress 且类型为text的消息，当前token计数: 64
2025-12-15 16:48:29,938 - [Quantum_e2e_20251215_nova_dll.py:309] - [on_result] - INFO - Got result for job 95: {'job_id': 95, 'status': 'in_progress', 'timestamp': '2025-12-15T16:48:29.938933', 'data': {'type': 'text', 'response': 'That sounds like a wonderful idea! Visiting the pyramids in Egypt would be a remarkable experience. You can explore the Great Pyramid of Giza, the Sphinx, and the surrounding archaeological sites. Each site offers a unique glimpse into ancient history and culture. Make sure to plan your trip to visit during a good season to'}}
2025-12-15 16:48:30,000 - [Quantum_e2e_20251215_nova_dll.py:287] - [on_result] - DEBUG - 接收到 in_progress 且类型为text的消息，当前token计数: 65
2025-12-15 16:48:30,001 - [Quantum_e2e_20251215_nova_dll.py:309] - [on_result] - INFO - Got result for job 95: {'job_id': 95, 'status': 'in_progress', 'timestamp': '2025-12-15T16:48:30.001099', 'data': {'type': 'text', 'response': 'That sounds like a wonderful idea! Visiting the pyramids in Egypt would be a remarkable experience. You can explore the Great Pyramid of Giza, the Sphinx, and the surrounding archaeological sites. Each site offers a unique glimpse into ancient history and culture. Make sure to plan your trip to visit during a good season to avoid'}}
2025-12-15 16:48:30,062 - [Quantum_e2e_20251215_nova_dll.py:287] - [on_result] - DEBUG - 接收到 in_progress 且类型为text的消息，当前token计数: 66
2025-12-15 16:48:30,063 - [Quantum_e2e_20251215_nova_dll.py:309] - [on_result] - INFO - Got result for job 95: {'job_id': 95, 'status': 'in_progress', 'timestamp': '2025-12-15T16:48:30.063619', 'data': {'type': 'text', 'response': 'That sounds like a wonderful idea! Visiting the pyramids in Egypt would be a remarkable experience. You can explore the Great Pyramid of Giza, the Sphinx, and the surrounding archaeological sites. Each site offers a unique glimpse into ancient history and culture. Make sure to plan your trip to visit during a good season to avoid extreme'}}
2025-12-15 16:48:30,109 - [Quantum_e2e_20251215_nova_dll.py:287] - [on_result] - DEBUG - 接收到 in_progress 且类型为text的消息，当前token计数: 67
2025-12-15 16:48:30,109 - [Quantum_e2e_20251215_nova_dll.py:309] - [on_result] - INFO - Got result for job 95: {'job_id': 95, 'status': 'in_progress', 'timestamp': '2025-12-15T16:48:30.109969', 'data': {'type': 'text', 'response': 'That sounds like a wonderful idea! Visiting the pyramids in Egypt would be a remarkable experience. You can explore the Great Pyramid of Giza, the Sphinx, and the surrounding archaeological sites. Each site offers a unique glimpse into ancient history and culture. Make sure to plan your trip to visit during a good season to avoid extreme heat'}}
2025-12-15 16:48:30,172 - [Quantum_e2e_20251215_nova_dll.py:287] - [on_result] - DEBUG - 接收到 in_progress 且类型为text的消息，当前token计数: 68
2025-12-15 16:48:30,173 - [Quantum_e2e_20251215_nova_dll.py:309] - [on_result] - INFO - Got result for job 95: {'job_id': 95, 'status': 'in_progress', 'timestamp': '2025-12-15T16:48:30.173517', 'data': {'type': 'text', 'response': 'That sounds like a wonderful idea! Visiting the pyramids in Egypt would be a remarkable experience. You can explore the Great Pyramid of Giza, the Sphinx, and the surrounding archaeological sites. Each site offers a unique glimpse into ancient history and culture. Make sure to plan your trip to visit during a good season to avoid extreme heat and'}}
2025-12-15 16:48:30,236 - [Quantum_e2e_20251215_nova_dll.py:287] - [on_result] - DEBUG - 接收到 in_progress 且类型为text的消息，当前token计数: 69
2025-12-15 16:48:30,237 - [Quantum_e2e_20251215_nova_dll.py:309] - [on_result] - INFO - Got result for job 95: {'job_id': 95, 'status': 'in_progress', 'timestamp': '2025-12-15T16:48:30.237518', 'data': {'type': 'text', 'response': 'That sounds like a wonderful idea! Visiting the pyramids in Egypt would be a remarkable experience. You can explore the Great Pyramid of Giza, the Sphinx, and the surrounding archaeological sites. Each site offers a unique glimpse into ancient history and culture. Make sure to plan your trip to visit during a good season to avoid extreme heat and to'}}
2025-12-15 16:48:30,300 - [Quantum_e2e_20251215_nova_dll.py:287] - [on_result] - DEBUG - 接收到 in_progress 且类型为text的消息，当前token计数: 70
2025-12-15 16:48:30,301 - [Quantum_e2e_20251215_nova_dll.py:309] - [on_result] - INFO - Got result for job 95: {'job_id': 95, 'status': 'in_progress', 'timestamp': '2025-12-15T16:48:30.301041', 'data': {'type': 'text', 'response': 'That sounds like a wonderful idea! Visiting the pyramids in Egypt would be a remarkable experience. You can explore the Great Pyramid of Giza, the Sphinx, and the surrounding archaeological sites. Each site offers a unique glimpse into ancient history and culture. Make sure to plan your trip to visit during a good season to avoid extreme heat and to fully'}}
2025-12-15 16:48:30,363 - [Quantum_e2e_20251215_nova_dll.py:287] - [on_result] - DEBUG - 接收到 in_progress 且类型为text的消息，当前token计数: 71
2025-12-15 16:48:30,364 - [Quantum_e2e_20251215_nova_dll.py:309] - [on_result] - INFO - Got result for job 95: {'job_id': 95, 'status': 'in_progress', 'timestamp': '2025-12-15T16:48:30.364564', 'data': {'type': 'text', 'response': 'That sounds like a wonderful idea! Visiting the pyramids in Egypt would be a remarkable experience. You can explore the Great Pyramid of Giza, the Sphinx, and the surrounding archaeological sites. Each site offers a unique glimpse into ancient history and culture. Make sure to plan your trip to visit during a good season to avoid extreme heat and to fully enjoy'}}
2025-12-15 16:48:30,410 - [Quantum_e2e_20251215_nova_dll.py:287] - [on_result] - DEBUG - 接收到 in_progress 且类型为text的消息，当前token计数: 72
2025-12-15 16:48:30,411 - [Quantum_e2e_20251215_nova_dll.py:309] - [on_result] - INFO - Got result for job 95: {'job_id': 95, 'status': 'in_progress', 'timestamp': '2025-12-15T16:48:30.411565', 'data': {'type': 'text', 'response': 'That sounds like a wonderful idea! Visiting the pyramids in Egypt would be a remarkable experience. You can explore the Great Pyramid of Giza, the Sphinx, and the surrounding archaeological sites. Each site offers a unique glimpse into ancient history and culture. Make sure to plan your trip to visit during a good season to avoid extreme heat and to fully enjoy your'}}
2025-12-15 16:48:30,472 - [Quantum_e2e_20251215_nova_dll.py:287] - [on_result] - DEBUG - 接收到 in_progress 且类型为text的消息，当前token计数: 73
2025-12-15 16:48:30,472 - [Quantum_e2e_20251215_nova_dll.py:309] - [on_result] - INFO - Got result for job 95: {'job_id': 95, 'status': 'in_progress', 'timestamp': '2025-12-15T16:48:30.472706', 'data': {'type': 'text', 'response': 'That sounds like a wonderful idea! Visiting the pyramids in Egypt would be a remarkable experience. You can explore the Great Pyramid of Giza, the Sphinx, and the surrounding archaeological sites. Each site offers a unique glimpse into ancient history and culture. Make sure to plan your trip to visit during a good season to avoid extreme heat and to fully enjoy your visit'}}
2025-12-15 16:48:30,534 - [Quantum_e2e_20251215_nova_dll.py:287] - [on_result] - DEBUG - 接收到 in_progress 且类型为text的消息，当前token计数: 74
2025-12-15 16:48:30,535 - [Quantum_e2e_20251215_nova_dll.py:309] - [on_result] - INFO - Got result for job 95: {'job_id': 95, 'status': 'in_progress', 'timestamp': '2025-12-15T16:48:30.535716', 'data': {'type': 'text', 'response': 'That sounds like a wonderful idea! Visiting the pyramids in Egypt would be a remarkable experience. You can explore the Great Pyramid of Giza, the Sphinx, and the surrounding archaeological sites. Each site offers a unique glimpse into ancient history and culture. Make sure to plan your trip to visit during a good season to avoid extreme heat and to fully enjoy your visit to'}}
2025-12-15 16:48:30,598 - [Quantum_e2e_20251215_nova_dll.py:287] - [on_result] - DEBUG - 接收到 in_progress 且类型为text的消息，当前token计数: 75
2025-12-15 16:48:30,599 - [Quantum_e2e_20251215_nova_dll.py:309] - [on_result] - INFO - Got result for job 95: {'job_id': 95, 'status': 'in_progress', 'timestamp': '2025-12-15T16:48:30.599138', 'data': {'type': 'text', 'response': 'That sounds like a wonderful idea! Visiting the pyramids in Egypt would be a remarkable experience. You can explore the Great Pyramid of Giza, the Sphinx, and the surrounding archaeological sites. Each site offers a unique glimpse into ancient history and culture. Make sure to plan your trip to visit during a good season to avoid extreme heat and to fully enjoy your visit to these'}}
2025-12-15 16:48:30,661 - [Quantum_e2e_20251215_nova_dll.py:287] - [on_result] - DEBUG - 接收到 in_progress 且类型为text的消息，当前token计数: 76
2025-12-15 16:48:30,662 - [Quantum_e2e_20251215_nova_dll.py:309] - [on_result] - INFO - Got result for job 95: {'job_id': 95, 'status': 'in_progress', 'timestamp': '2025-12-15T16:48:30.662652', 'data': {'type': 'text', 'response': 'That sounds like a wonderful idea! Visiting the pyramids in Egypt would be a remarkable experience. You can explore the Great Pyramid of Giza, the Sphinx, and the surrounding archaeological sites. Each site offers a unique glimpse into ancient history and culture. Make sure to plan your trip to visit during a good season to avoid extreme heat and to fully enjoy your visit to these incredible'}}
2025-12-15 16:48:30,724 - [Quantum_e2e_20251215_nova_dll.py:287] - [on_result] - DEBUG - 接收到 in_progress 且类型为text的消息，当前token计数: 77
2025-12-15 16:48:30,725 - [Quantum_e2e_20251215_nova_dll.py:309] - [on_result] - INFO - Got result for job 95: {'job_id': 95, 'status': 'in_progress', 'timestamp': '2025-12-15T16:48:30.725654', 'data': {'type': 'text', 'response': 'That sounds like a wonderful idea! Visiting the pyramids in Egypt would be a remarkable experience. You can explore the Great Pyramid of Giza, the Sphinx, and the surrounding archaeological sites. Each site offers a unique glimpse into ancient history and culture. Make sure to plan your trip to visit during a good season to avoid extreme heat and to fully enjoy your visit to these incredible landmarks'}}
2025-12-15 16:48:30,786 - [Quantum_e2e_20251215_nova_dll.py:287] - [on_result] - DEBUG - 接收到 in_progress 且类型为text的消息，当前token计数: 78
2025-12-15 16:48:30,787 - [Quantum_e2e_20251215_nova_dll.py:309] - [on_result] - INFO - Got result for job 95: {'job_id': 95, 'status': 'in_progress', 'timestamp': '2025-12-15T16:48:30.787981', 'data': {'type': 'text', 'response': 'That sounds like a wonderful idea! Visiting the pyramids in Egypt would be a remarkable experience. You can explore the Great Pyramid of Giza, the Sphinx, and the surrounding archaeological sites. Each site offers a unique glimpse into ancient history and culture. Make sure to plan your trip to visit during a good season to avoid extreme heat and to fully enjoy your visit to these incredible landmarks.'}}
2025-12-15 16:48:30,850 - [Quantum_e2e_20251215_nova_dll.py:287] - [on_result] - DEBUG - 接收到 in_progress 且类型为text的消息，当前token计数: 79
2025-12-15 16:48:30,851 - [Quantum_e2e_20251215_nova_dll.py:309] - [on_result] - INFO - Got result for job 95: {'job_id': 95, 'status': 'in_progress', 'timestamp': '2025-12-15T16:48:30.850989', 'data': {'type': 'text', 'response': 'That sounds like a wonderful idea! Visiting the pyramids in Egypt would be a remarkable experience. You can explore the Great Pyramid of Giza, the Sphinx, and the surrounding archaeological sites. Each site offers a unique glimpse into ancient history and culture. Make sure to plan your trip to visit during a good season to avoid extreme heat and to fully enjoy your visit to these incredible landmarks. If'}}
2025-12-15 16:48:30,911 - [Quantum_e2e_20251215_nova_dll.py:287] - [on_result] - DEBUG - 接收到 in_progress 且类型为text的消息，当前token计数: 80
2025-12-15 16:48:30,912 - [Quantum_e2e_20251215_nova_dll.py:309] - [on_result] - INFO - Got result for job 95: {'job_id': 95, 'status': 'in_progress', 'timestamp': '2025-12-15T16:48:30.912498', 'data': {'type': 'text', 'response': 'That sounds like a wonderful idea! Visiting the pyramids in Egypt would be a remarkable experience. You can explore the Great Pyramid of Giza, the Sphinx, and the surrounding archaeological sites. Each site offers a unique glimpse into ancient history and culture. Make sure to plan your trip to visit during a good season to avoid extreme heat and to fully enjoy your visit to these incredible landmarks. If you'}}
2025-12-15 16:48:30,957 - [Quantum_e2e_20251215_nova_dll.py:287] - [on_result] - DEBUG - 接收到 in_progress 且类型为text的消息，当前token计数: 81
2025-12-15 16:48:30,958 - [Quantum_e2e_20251215_nova_dll.py:309] - [on_result] - INFO - Got result for job 95: {'job_id': 95, 'status': 'in_progress', 'timestamp': '2025-12-15T16:48:30.958537', 'data': {'type': 'text', 'response': 'That sounds like a wonderful idea! Visiting the pyramids in Egypt would be a remarkable experience. You can explore the Great Pyramid of Giza, the Sphinx, and the surrounding archaeological sites. Each site offers a unique glimpse into ancient history and culture. Make sure to plan your trip to visit during a good season to avoid extreme heat and to fully enjoy your visit to these incredible landmarks. If you have'}}
2025-12-15 16:48:31,036 - [Quantum_e2e_20251215_nova_dll.py:287] - [on_result] - DEBUG - 接收到 in_progress 且类型为text的消息，当前token计数: 82
2025-12-15 16:48:31,037 - [Quantum_e2e_20251215_nova_dll.py:309] - [on_result] - INFO - Got result for job 95: {'job_id': 95, 'status': 'in_progress', 'timestamp': '2025-12-15T16:48:31.037139', 'data': {'type': 'text', 'response': 'That sounds like a wonderful idea! Visiting the pyramids in Egypt would be a remarkable experience. You can explore the Great Pyramid of Giza, the Sphinx, and the surrounding archaeological sites. Each site offers a unique glimpse into ancient history and culture. Make sure to plan your trip to visit during a good season to avoid extreme heat and to fully enjoy your visit to these incredible landmarks. If you have any'}}
2025-12-15 16:48:31,082 - [Quantum_e2e_20251215_nova_dll.py:287] - [on_result] - DEBUG - 接收到 in_progress 且类型为text的消息，当前token计数: 83
2025-12-15 16:48:31,083 - [Quantum_e2e_20251215_nova_dll.py:309] - [on_result] - INFO - Got result for job 95: {'job_id': 95, 'status': 'in_progress', 'timestamp': '2025-12-15T16:48:31.083170', 'data': {'type': 'text', 'response': 'That sounds like a wonderful idea! Visiting the pyramids in Egypt would be a remarkable experience. You can explore the Great Pyramid of Giza, the Sphinx, and the surrounding archaeological sites. Each site offers a unique glimpse into ancient history and culture. Make sure to plan your trip to visit during a good season to avoid extreme heat and to fully enjoy your visit to these incredible landmarks. If you have any specific'}}
2025-12-15 16:48:31,161 - [Quantum_e2e_20251215_nova_dll.py:287] - [on_result] - DEBUG - 接收到 in_progress 且类型为text的消息，当前token计数: 84
2025-12-15 16:48:31,162 - [Quantum_e2e_20251215_nova_dll.py:309] - [on_result] - INFO - Got result for job 95: {'job_id': 95, 'status': 'in_progress', 'timestamp': '2025-12-15T16:48:31.162690', 'data': {'type': 'text', 'response': 'That sounds like a wonderful idea! Visiting the pyramids in Egypt would be a remarkable experience. You can explore the Great Pyramid of Giza, the Sphinx, and the surrounding archaeological sites. Each site offers a unique glimpse into ancient history and culture. Make sure to plan your trip to visit during a good season to avoid extreme heat and to fully enjoy your visit to these incredible landmarks. If you have any specific questions'}}
2025-12-15 16:48:31,223 - [Quantum_e2e_20251215_nova_dll.py:287] - [on_result] - DEBUG - 接收到 in_progress 且类型为text的消息，当前token计数: 85
2025-12-15 16:48:31,224 - [Quantum_e2e_20251215_nova_dll.py:309] - [on_result] - INFO - Got result for job 95: {'job_id': 95, 'status': 'in_progress', 'timestamp': '2025-12-15T16:48:31.223691', 'data': {'type': 'text', 'response': 'That sounds like a wonderful idea! Visiting the pyramids in Egypt would be a remarkable experience. You can explore the Great Pyramid of Giza, the Sphinx, and the surrounding archaeological sites. Each site offers a unique glimpse into ancient history and culture. Make sure to plan your trip to visit during a good season to avoid extreme heat and to fully enjoy your visit to these incredible landmarks. If you have any specific questions about'}}
2025-12-15 16:48:31,285 - [Quantum_e2e_20251215_nova_dll.py:287] - [on_result] - DEBUG - 接收到 in_progress 且类型为text的消息，当前token计数: 86
2025-12-15 16:48:31,286 - [Quantum_e2e_20251215_nova_dll.py:309] - [on_result] - INFO - Got result for job 95: {'job_id': 95, 'status': 'in_progress', 'timestamp': '2025-12-15T16:48:31.286213', 'data': {'type': 'text', 'response': 'That sounds like a wonderful idea! Visiting the pyramids in Egypt would be a remarkable experience. You can explore the Great Pyramid of Giza, the Sphinx, and the surrounding archaeological sites. Each site offers a unique glimpse into ancient history and culture. Make sure to plan your trip to visit during a good season to avoid extreme heat and to fully enjoy your visit to these incredible landmarks. If you have any specific questions about Egypt'}}
2025-12-15 16:48:31,348 - [Quantum_e2e_20251215_nova_dll.py:287] - [on_result] - DEBUG - 接收到 in_progress 且类型为text的消息，当前token计数: 87
2025-12-15 16:48:31,349 - [Quantum_e2e_20251215_nova_dll.py:309] - [on_result] - INFO - Got result for job 95: {'job_id': 95, 'status': 'in_progress', 'timestamp': '2025-12-15T16:48:31.349528', 'data': {'type': 'text', 'response': 'That sounds like a wonderful idea! Visiting the pyramids in Egypt would be a remarkable experience. You can explore the Great Pyramid of Giza, the Sphinx, and the surrounding archaeological sites. Each site offers a unique glimpse into ancient history and culture. Make sure to plan your trip to visit during a good season to avoid extreme heat and to fully enjoy your visit to these incredible landmarks. If you have any specific questions about Egypt or'}}
2025-12-15 16:48:31,394 - [Quantum_e2e_20251215_nova_dll.py:287] - [on_result] - DEBUG - 接收到 in_progress 且类型为text的消息，当前token计数: 88
2025-12-15 16:48:31,395 - [Quantum_e2e_20251215_nova_dll.py:309] - [on_result] - INFO - Got result for job 95: {'job_id': 95, 'status': 'in_progress', 'timestamp': '2025-12-15T16:48:31.395699', 'data': {'type': 'text', 'response': 'That sounds like a wonderful idea! Visiting the pyramids in Egypt would be a remarkable experience. You can explore the Great Pyramid of Giza, the Sphinx, and the surrounding archaeological sites. Each site offers a unique glimpse into ancient history and culture. Make sure to plan your trip to visit during a good season to avoid extreme heat and to fully enjoy your visit to these incredible landmarks. If you have any specific questions about Egypt or planning'}}
2025-12-15 16:48:31,472 - [Quantum_e2e_20251215_nova_dll.py:287] - [on_result] - DEBUG - 接收到 in_progress 且类型为text的消息，当前token计数: 89
2025-12-15 16:48:31,472 - [Quantum_e2e_20251215_nova_dll.py:309] - [on_result] - INFO - Got result for job 95: {'job_id': 95, 'status': 'in_progress', 'timestamp': '2025-12-15T16:48:31.472857', 'data': {'type': 'text', 'response': 'That sounds like a wonderful idea! Visiting the pyramids in Egypt would be a remarkable experience. You can explore the Great Pyramid of Giza, the Sphinx, and the surrounding archaeological sites. Each site offers a unique glimpse into ancient history and culture. Make sure to plan your trip to visit during a good season to avoid extreme heat and to fully enjoy your visit to these incredible landmarks. If you have any specific questions about Egypt or planning your'}}
2025-12-15 16:48:31,519 - [Quantum_e2e_20251215_nova_dll.py:287] - [on_result] - DEBUG - 接收到 in_progress 且类型为text的消息，当前token计数: 90
2025-12-15 16:48:31,520 - [Quantum_e2e_20251215_nova_dll.py:309] - [on_result] - INFO - Got result for job 95: {'job_id': 95, 'status': 'in_progress', 'timestamp': '2025-12-15T16:48:31.520867', 'data': {'type': 'text', 'response': 'That sounds like a wonderful idea! Visiting the pyramids in Egypt would be a remarkable experience. You can explore the Great Pyramid of Giza, the Sphinx, and the surrounding archaeological sites. Each site offers a unique glimpse into ancient history and culture. Make sure to plan your trip to visit during a good season to avoid extreme heat and to fully enjoy your visit to these incredible landmarks. If you have any specific questions about Egypt or planning your trip'}}
2025-12-15 16:48:31,582 - [Quantum_e2e_20251215_nova_dll.py:287] - [on_result] - DEBUG - 接收到 in_progress 且类型为text的消息，当前token计数: 91
2025-12-15 16:48:31,583 - [Quantum_e2e_20251215_nova_dll.py:309] - [on_result] - INFO - Got result for job 95: {'job_id': 95, 'status': 'in_progress', 'timestamp': '2025-12-15T16:48:31.583883', 'data': {'type': 'text', 'response': 'That sounds like a wonderful idea! Visiting the pyramids in Egypt would be a remarkable experience. You can explore the Great Pyramid of Giza, the Sphinx, and the surrounding archaeological sites. Each site offers a unique glimpse into ancient history and culture. Make sure to plan your trip to visit during a good season to avoid extreme heat and to fully enjoy your visit to these incredible landmarks. If you have any specific questions about Egypt or planning your trip,'}}
2025-12-15 16:48:31,644 - [Quantum_e2e_20251215_nova_dll.py:287] - [on_result] - DEBUG - 接收到 in_progress 且类型为text的消息，当前token计数: 92
2025-12-15 16:48:31,645 - [Quantum_e2e_20251215_nova_dll.py:309] - [on_result] - INFO - Got result for job 95: {'job_id': 95, 'status': 'in_progress', 'timestamp': '2025-12-15T16:48:31.644889', 'data': {'type': 'text', 'response': 'That sounds like a wonderful idea! Visiting the pyramids in Egypt would be a remarkable experience. You can explore the Great Pyramid of Giza, the Sphinx, and the surrounding archaeological sites. Each site offers a unique glimpse into ancient history and culture. Make sure to plan your trip to visit during a good season to avoid extreme heat and to fully enjoy your visit to these incredible landmarks. If you have any specific questions about Egypt or planning your trip, feel'}}
2025-12-15 16:48:31,706 - [Quantum_e2e_20251215_nova_dll.py:287] - [on_result] - DEBUG - 接收到 in_progress 且类型为text的消息，当前token计数: 93
2025-12-15 16:48:31,707 - [Quantum_e2e_20251215_nova_dll.py:309] - [on_result] - INFO - Got result for job 95: {'job_id': 95, 'status': 'in_progress', 'timestamp': '2025-12-15T16:48:31.707408', 'data': {'type': 'text', 'response': 'That sounds like a wonderful idea! Visiting the pyramids in Egypt would be a remarkable experience. You can explore the Great Pyramid of Giza, the Sphinx, and the surrounding archaeological sites. Each site offers a unique glimpse into ancient history and culture. Make sure to plan your trip to visit during a good season to avoid extreme heat and to fully enjoy your visit to these incredible landmarks. If you have any specific questions about Egypt or planning your trip, feel free'}}
2025-12-15 16:48:31,769 - [Quantum_e2e_20251215_nova_dll.py:287] - [on_result] - DEBUG - 接收到 in_progress 且类型为text的消息，当前token计数: 94
2025-12-15 16:48:31,770 - [Quantum_e2e_20251215_nova_dll.py:309] - [on_result] - INFO - Got result for job 95: {'job_id': 95, 'status': 'in_progress', 'timestamp': '2025-12-15T16:48:31.770925', 'data': {'type': 'text', 'response': 'That sounds like a wonderful idea! Visiting the pyramids in Egypt would be a remarkable experience. You can explore the Great Pyramid of Giza, the Sphinx, and the surrounding archaeological sites. Each site offers a unique glimpse into ancient history and culture. Make sure to plan your trip to visit during a good season to avoid extreme heat and to fully enjoy your visit to these incredible landmarks. If you have any specific questions about Egypt or planning your trip, feel free to'}}
2025-12-15 16:48:31,831 - [Quantum_e2e_20251215_nova_dll.py:287] - [on_result] - DEBUG - 接收到 in_progress 且类型为text的消息，当前token计数: 95
2025-12-15 16:48:31,832 - [Quantum_e2e_20251215_nova_dll.py:309] - [on_result] - INFO - Got result for job 95: {'job_id': 95, 'status': 'in_progress', 'timestamp': '2025-12-15T16:48:31.832925', 'data': {'type': 'text', 'response': 'That sounds like a wonderful idea! Visiting the pyramids in Egypt would be a remarkable experience. You can explore the Great Pyramid of Giza, the Sphinx, and the surrounding archaeological sites. Each site offers a unique glimpse into ancient history and culture. Make sure to plan your trip to visit during a good season to avoid extreme heat and to fully enjoy your visit to these incredible landmarks. If you have any specific questions about Egypt or planning your trip, feel free to ask'}}
2025-12-15 16:48:31,895 - [Quantum_e2e_20251215_nova_dll.py:287] - [on_result] - DEBUG - 接收到 in_progress 且类型为text的消息，当前token计数: 96
2025-12-15 16:48:31,896 - [Quantum_e2e_20251215_nova_dll.py:309] - [on_result] - INFO - Got result for job 95: {'job_id': 95, 'status': 'in_progress', 'timestamp': '2025-12-15T16:48:31.896212', 'data': {'type': 'text', 'response': 'That sounds like a wonderful idea! Visiting the pyramids in Egypt would be a remarkable experience. You can explore the Great Pyramid of Giza, the Sphinx, and the surrounding archaeological sites. Each site offers a unique glimpse into ancient history and culture. Make sure to plan your trip to visit during a good season to avoid extreme heat and to fully enjoy your visit to these incredible landmarks. If you have any specific questions about Egypt or planning your trip, feel free to ask!'}}
2025-12-15 16:48:31,947 - [Quantum_e2e_20251215_nova_dll.py:287] - [on_result] - DEBUG - 接收到 in_progress 且类型为text的消息，当前token计数: 97
2025-12-15 16:48:31,948 - [Quantum_e2e_20251215_nova_dll.py:309] - [on_result] - INFO - Got result for job 95: {'job_id': 95, 'status': 'in_progress', 'timestamp': '2025-12-15T16:48:31.948214', 'data': {'type': 'text', 'response': 'That sounds like a wonderful idea! Visiting the pyramids in Egypt would be a remarkable experience. You can explore the Great Pyramid of Giza, the Sphinx, and the surrounding archaeological sites. Each site offers a unique glimpse into ancient history and culture. Make sure to plan your trip to visit during a good season to avoid extreme heat and to fully enjoy your visit to these incredible landmarks. If you have any specific questions about Egypt or planning your trip, feel free to ask!'}}
2025-12-15 16:48:31,958 - [Quantum_e2e_20251215_nova_dll.py:309] - [on_result] - INFO - Got result for job 95: {'job_id': 95, 'status': 'in_progress', 'timestamp': '2025-12-15T16:48:31.958214', 'data': {'type': 'timings', 'response': '{"check_pending_elicitation":{"startTimestamp":1765788494334,"endTimestamp":1765788494334},"update_chat_history":{"startTimestamp":1765788494334,"endTimestamp":1765788494338},"select_handler":{"startTimestamp":1765788494339,"endTimestamp":1765788494352},"load_agent":{"startTimestamp":1765788494352,"endTimestamp":1765788494443},"load_session":{"startTimestamp":1765788494443,"endTimestamp":-1},"first_token":{"startTimestamp":1765788494450,"endTimestamp":1765788496073},"device_connection":{"startTimestamp":1765788494450,"endTimestamp":1765788511951},"DomainClassifierNode":{"startTimestamp":1765788494452,"endTimestamp":1765788495773},"RewriteJudgeNode":{"startTimestamp":1765788495774,"endTimestamp":1765788496071},"LocalTaskPlaningNode":{"startTimestamp":1765788496072,"endTimestamp":1765788496073},"IntentMappingNode":{"startTimestamp":1765788496074,"endTimestamp":1765788500372},"GeneralGenerationNode":{"startTimestamp":1765788500373,"endTimestamp":1765788511948}}'}}
2025-12-15 16:48:32,004 - [Quantum_e2e_20251215_nova_dll.py:309] - [on_result] - INFO - Got result for job 95: {'job_id': 95, 'status': 'complete', 'timestamp': '2025-12-15T16:48:32.004613', 'data': {'type': 'text', 'response': 'That sounds like a wonderful idea! Visiting the pyramids in Egypt would be a remarkable experience. You can explore the Great Pyramid of Giza, the Sphinx, and the surrounding archaeological sites. Each site offers a unique glimpse into ancient history and culture. Make sure to plan your trip to visit during a good season to avoid extreme heat and to fully enjoy your visit to these incredible landmarks. If you have any specific questions about Egypt or planning your trip, feel free to ask!'}}
2025-12-15 16:48:32,005 - [Quantum_e2e_20251215_nova_dll.py:320] - [on_result] - INFO - 响应时间: 17.67秒
2025-12-15 16:48:32,006 - [Quantum_e2e_20251215_nova_dll.py:321] - [on_result] - INFO - 结束时间: 2025-12-15 16:48:32.005
2025-12-15 16:48:32,006 - [Quantum_e2e_20251215_nova_dll.py:329] - [on_result] - INFO - TTFT (Time To First Token): 12.445秒
2025-12-15 16:48:32,006 - [Quantum_e2e_20251215_nova_dll.py:337] - [on_result] - INFO - 性能指标:
2025-12-15 16:48:32,007 - [Quantum_e2e_20251215_nova_dll.py:338] - [on_result] - INFO -   - 首字时间: 2025-12-15 16:48:26.778
2025-12-15 16:48:32,007 - [Quantum_e2e_20251215_nova_dll.py:339] - [on_result] - INFO -   - TTFT (Time To First Token): 12.445秒
2025-12-15 16:48:32,007 - [Quantum_e2e_20251215_nova_dll.py:340] - [on_result] - INFO -   - Token数量: 97
2025-12-15 16:48:32,008 - [Quantum_e2e_20251215_nova_dll.py:341] - [on_result] - INFO -   - 生成速度: 18.56 tokens/秒
2025-12-15 16:48:32,008 - [Quantum_e2e_20251215_nova_dll.py:342] - [on_result] - INFO -   - 生成时间: 5.228秒
2025-12-15 16:48:32,009 - [Quantum_e2e_20251215_nova_dll.py:1770] - [process_memory_data] - INFO - 第 1 行, 列 'user_content_1' 处理完成
2025-12-15 16:48:32,034 - [Quantum_e2e_20251215_nova_dll.py:1782] - [process_memory_data] - INFO - 第 1 行结果已保存
2025-12-15 16:48:32,034 - [Quantum_e2e_20251215_nova_dll.py:1647] - [process_memory_data] - INFO - 
处理Memory第 2 行...
2025-12-15 16:48:32,035 - [Quantum_e2e_20251215_nova_dll.py:429] - [send_model_call] - INFO - Sending session call with payload: {"action": "create"}
2025-12-15 16:48:32,036 - [Quantum_e2e_20251215_nova_dll.py:458] - [send_model_call] - INFO - quantum_send_command start
2025-12-15 16:48:32,093 - [Quantum_e2e_20251215_nova_dll.py:460] - [send_model_call] - INFO - quantum_send_command end
2025-12-15 16:48:32,093 - [Quantum_e2e_20251215_nova_dll.py:470] - [send_model_call] - INFO - Sent session call, job ID: 96
2025-12-15 16:48:32,141 - [Quantum_e2e_20251215_nova_dll.py:242] - [on_result] - WARNING - 无法识别模式，使用默认模式: local_brain
2025-12-15 16:48:32,142 - [Quantum_e2e_20251215_nova_dll.py:309] - [on_result] - INFO - Got result for job 96: {'job_id': 96, 'status': 'complete', 'timestamp': '2025-12-15T16:48:32.142879', 'data': {'sessionID': '23a4ab41-76a3-44b6-b6ab-bc8cbd1a1161'}}
2025-12-15 16:48:32,143 - [Quantum_e2e_20251215_nova_dll.py:683] - [create_session] - INFO - 成功创建会话，session_id: 23a4ab41-76a3-44b6-b6ab-bc8cbd1a1161, job_id: 96
2025-12-15 16:48:32,143 - [Quantum_e2e_20251215_nova_dll.py:1682] - [process_memory_data] - INFO - 处理第 2 行, 列 'user_content_1'...
2025-12-15 16:48:32,146 - [Quantum_e2e_20251215_nova_dll.py:1714] - [process_memory_data] - INFO - 在目录 C:\Users\obe\Desktop\LRIA_llm_eval\eval\Quantum_e2e_v20251210_nova\Image 中未找到图片文件: 1 (2).jpg
2025-12-15 16:48:32,146 - [Quantum_e2e_20251215_nova_dll.py:1730] - [process_memory_data] - INFO - 第 2 行, 列 'user_content_1' user_content不为空
2025-12-15 16:48:32,146 - [Quantum_e2e_20251215_nova_dll.py:1734] - [process_memory_data] - INFO - 第 2 行, 列 'user_content_1' user_content不为空但无图片，仅发送文本
2025-12-15 16:48:32,146 - [Quantum_e2e_20251215_nova_dll.py:1738] - [process_memory_data] - INFO - 第 2 行, 列 'user_content_1' 所有图片都未找到，跳过执行
2025-12-15 16:48:32,163 - [Quantum_e2e_20251215_nova_dll.py:1746] - [process_memory_data] - INFO - 第 2 行结果已保存
2025-12-15 16:48:32,175 - [Quantum_e2e_20251215_nova_dll.py:1792] - [process_memory_data] - INFO - 
所有Memory数据处理完成，结果已保存到: c:\Users\obe\Desktop\LRIA_llm_eval\eval\Quantum_e2e_v20251215_nova_dll\Memory_data_with_responses_20251215_164814.xlsx
2025-12-15 16:48:32,176 - [Quantum_e2e_20251215_nova_dll.py:1805] - [process_memory_data_only] - INFO - Memory数据处理完成
2025-12-15 16:48:32,176 - [Quantum_e2e_20251215_nova_dll.py:1967] - [run_quantum_e2e_process] - INFO - Memory数据处理完成
2025-12-15 16:48:32,177 - [Quantum_e2e_20251215_nova_dll.py:1357] - [process_main_excel_only] - INFO - 开始处理主Excel文件，循环轮数: 1
2025-12-15 16:48:32,177 - [Quantum_e2e_20251215_nova_dll.py:1360] - [process_main_excel_only] - INFO - 开始执行第 1/1 轮循环
2025-12-15 16:48:32,193 - [Quantum_e2e_20251215_nova_dll.py:1364] - [process_main_excel_only] - INFO - 成功加载 Excel，共 3 行数据
2025-12-15 16:48:32,280 - [Quantum_e2e_20251215_nova_dll.py:1392] - [process_main_excel_only] - INFO - 创建新的输出文件: c:\Users\obe\Desktop\LRIA_llm_eval\eval\Quantum_e2e_v20251215_nova_dll\testresult\test_results_test_20251215_164814_cycle1.xlsx
2025-12-15 16:48:32,281 - [Quantum_e2e_20251215_nova_dll.py:1409] - [process_main_excel_only] - INFO - 从第 1 行开始处理
2025-12-15 16:48:32,282 - [Quantum_e2e_20251215_nova_dll.py:1477] - [process_main_excel_only] - INFO - 该case不需要附件输入
2025-12-15 16:48:32,282 - [Quantum_e2e_20251215_nova_dll.py:1479] - [process_main_excel_only] - INFO - 
=== 正在处理第 1 行 ===
2025-12-15 16:48:32,283 - [Quantum_e2e_20251215_nova_dll.py:1480] - [process_main_excel_only] - INFO - Question: What is the user’s dream destination?
2025-12-15 16:48:32,283 - [Quantum_e2e_20251215_nova_dll.py:1481] - [process_main_excel_only] - INFO - Pathlist: []
2025-12-15 16:48:32,283 - [Quantum_e2e_20251215_nova_dll.py:1482] - [process_main_excel_only] - INFO - New Session: Y
2025-12-15 16:48:32,284 - [Quantum_e2e_20251215_nova_dll.py:429] - [send_model_call] - INFO - Sending session call with payload: {"action": "create"}
2025-12-15 16:48:32,284 - [Quantum_e2e_20251215_nova_dll.py:458] - [send_model_call] - INFO - quantum_send_command start
2025-12-15 16:48:32,344 - [Quantum_e2e_20251215_nova_dll.py:460] - [send_model_call] - INFO - quantum_send_command end
2025-12-15 16:48:32,345 - [Quantum_e2e_20251215_nova_dll.py:470] - [send_model_call] - INFO - Sent session call, job ID: 97
2025-12-15 16:48:32,392 - [Quantum_e2e_20251215_nova_dll.py:242] - [on_result] - WARNING - 无法识别模式，使用默认模式: local_brain
2025-12-15 16:48:32,392 - [Quantum_e2e_20251215_nova_dll.py:309] - [on_result] - INFO - Got result for job 97: {'job_id': 97, 'status': 'complete', 'timestamp': '2025-12-15T16:48:32.392190', 'data': {'sessionID': '6e0c0fae-03e8-4034-9379-264c140994f2'}}
2025-12-15 16:48:32,393 - [Quantum_e2e_20251215_nova_dll.py:683] - [create_session] - INFO - 成功创建会话，session_id: 6e0c0fae-03e8-4034-9379-264c140994f2, job_id: 97
2025-12-15 16:48:32,393 - [Quantum_e2e_20251215_nova_dll.py:1154] - [send_query_with_image] - INFO - 发送查询请求: {"query": "What is the user\u2019s dream destination?", "handler": "nova", "sessionID": "6e0c0fae-03e8-4034-9379-264c140994f2"}
2025-12-15 16:48:32,394 - [Quantum_e2e_20251215_nova_dll.py:429] - [send_model_call] - INFO - Sending query call with payload: {"query": "What is the user\u2019s dream destination?", "handler": "nova", "sessionID": "6e0c0fae-03e8-4034-9379-264c140994f2"}
2025-12-15 16:48:32,394 - [Quantum_e2e_20251215_nova_dll.py:458] - [send_model_call] - INFO - quantum_send_command start
2025-12-15 16:48:32,449 - [Quantum_e2e_20251215_nova_dll.py:460] - [send_model_call] - INFO - quantum_send_command end
2025-12-15 16:48:32,449 - [Quantum_e2e_20251215_nova_dll.py:470] - [send_model_call] - INFO - Sent query call, job ID: 98
2025-12-15 16:48:32,450 - [Quantum_e2e_20251215_nova_dll.py:1178] - [send_query_with_image] - INFO - 开始时间: 2025-12-15 16:48:32.450
2025-12-15 16:48:32,450 - [Quantum_e2e_20251215_nova_dll.py:1182] - [send_query_with_image] - INFO - 任务ID: 98
2025-12-15 16:48:32,477 - [Quantum_e2e_20251215_nova_dll.py:218] - [on_result] - INFO - 检测到 Azure Agent 模式
2025-12-15 16:48:32,478 - [Quantum_e2e_20251215_nova_dll.py:309] - [on_result] - INFO - Got result for job 98: {'job_id': 98, 'status': 'in_progress', 'timestamp': '2025-12-15T16:48:32.478346', 'data': {'response': 'Azure Agent', 'compact': False, 'type': 'handler'}}
2025-12-15 16:48:32,503 - [Quantum_e2e_20251215_nova_dll.py:214] - [on_result] - INFO - 检测到 Local Brain 模式，更新处理模式
2025-12-15 16:48:32,503 - [Quantum_e2e_20251215_nova_dll.py:309] - [on_result] - INFO - Got result for job 98: {'job_id': 98, 'status': 'in_progress', 'timestamp': '2025-12-15T16:48:32.503352', 'data': {'response': 'Local Brain with AMD Ryzen AI 9 165 w/ Radeon 870M              ', 'compact': False, 'type': 'handler'}}
2025-12-15 16:48:46,327 - [Quantum_e2e_20251215_nova_dll.py:273] - [on_result] - INFO - 第一个text响应时间: 2025-12-15 16:48:46.326
2025-12-15 16:48:46,327 - [Quantum_e2e_20251215_nova_dll.py:309] - [on_result] - INFO - Got result for job 98: {'job_id': 98, 'status': 'in_progress', 'timestamp': '2025-12-15T16:48:46.327951', 'data': {'type': 'text', 'response': "What is the user's dream destination?"}}
2025-12-15 16:48:46,328 - [Quantum_e2e_20251215_nova_dll.py:265] - [on_result] - INFO - 首字时间 (text类型): 2025-12-15 16:48:46.328
2025-12-15 16:48:46,328 - [Quantum_e2e_20251215_nova_dll.py:287] - [on_result] - DEBUG - 接收到 in_progress 且类型为text的消息，当前token计数: 1
2025-12-15 16:48:46,328 - [Quantum_e2e_20251215_nova_dll.py:309] - [on_result] - INFO - Got result for job 98: {'job_id': 98, 'status': 'in_progress', 'timestamp': '2025-12-15T16:48:46.328950', 'data': {'type': 'text', 'response': 'The'}}
2025-12-15 16:48:46,329 - [Quantum_e2e_20251215_nova_dll.py:287] - [on_result] - DEBUG - 接收到 in_progress 且类型为text的消息，当前token计数: 2
2025-12-15 16:48:46,329 - [Quantum_e2e_20251215_nova_dll.py:309] - [on_result] - INFO - Got result for job 98: {'job_id': 98, 'status': 'in_progress', 'timestamp': '2025-12-15T16:48:46.329953', 'data': {'type': 'text', 'response': 'The document'}}
2025-12-15 16:48:46,329 - [Quantum_e2e_20251215_nova_dll.py:287] - [on_result] - DEBUG - 接收到 in_progress 且类型为text的消息，当前token计数: 3
2025-12-15 16:48:46,329 - [Quantum_e2e_20251215_nova_dll.py:309] - [on_result] - INFO - Got result for job 98: {'job_id': 98, 'status': 'in_progress', 'timestamp': '2025-12-15T16:48:46.329953', 'data': {'type': 'text', 'response': 'The document does'}}
2025-12-15 16:48:46,330 - [Quantum_e2e_20251215_nova_dll.py:287] - [on_result] - DEBUG - 接收到 in_progress 且类型为text的消息，当前token计数: 4
2025-12-15 16:48:46,330 - [Quantum_e2e_20251215_nova_dll.py:309] - [on_result] - INFO - Got result for job 98: {'job_id': 98, 'status': 'in_progress', 'timestamp': '2025-12-15T16:48:46.330951', 'data': {'type': 'text', 'response': 'The document does not'}}
2025-12-15 16:48:46,330 - [Quantum_e2e_20251215_nova_dll.py:287] - [on_result] - DEBUG - 接收到 in_progress 且类型为text的消息，当前token计数: 5
2025-12-15 16:48:46,332 - [Quantum_e2e_20251215_nova_dll.py:309] - [on_result] - INFO - Got result for job 98: {'job_id': 98, 'status': 'in_progress', 'timestamp': '2025-12-15T16:48:46.330951', 'data': {'type': 'text', 'response': 'The document does not provide'}}
2025-12-15 16:48:46,332 - [Quantum_e2e_20251215_nova_dll.py:287] - [on_result] - DEBUG - 接收到 in_progress 且类型为text的消息，当前token计数: 6
2025-12-15 16:48:46,332 - [Quantum_e2e_20251215_nova_dll.py:309] - [on_result] - INFO - Got result for job 98: {'job_id': 98, 'status': 'in_progress', 'timestamp': '2025-12-15T16:48:46.332458', 'data': {'type': 'text', 'response': 'The document does not provide specific'}}
2025-12-15 16:48:46,333 - [Quantum_e2e_20251215_nova_dll.py:287] - [on_result] - DEBUG - 接收到 in_progress 且类型为text的消息，当前token计数: 7
2025-12-15 16:48:46,333 - [Quantum_e2e_20251215_nova_dll.py:309] - [on_result] - INFO - Got result for job 98: {'job_id': 98, 'status': 'in_progress', 'timestamp': '2025-12-15T16:48:46.333466', 'data': {'type': 'text', 'response': 'The document does not provide specific information'}}
2025-12-15 16:48:46,333 - [Quantum_e2e_20251215_nova_dll.py:287] - [on_result] - DEBUG - 接收到 in_progress 且类型为text的消息，当前token计数: 8
2025-12-15 16:48:46,333 - [Quantum_e2e_20251215_nova_dll.py:309] - [on_result] - INFO - Got result for job 98: {'job_id': 98, 'status': 'in_progress', 'timestamp': '2025-12-15T16:48:46.333466', 'data': {'type': 'text', 'response': 'The document does not provide specific information about'}}
2025-12-15 16:48:46,334 - [Quantum_e2e_20251215_nova_dll.py:287] - [on_result] - DEBUG - 接收到 in_progress 且类型为text的消息，当前token计数: 9
2025-12-15 16:48:46,334 - [Quantum_e2e_20251215_nova_dll.py:309] - [on_result] - INFO - Got result for job 98: {'job_id': 98, 'status': 'in_progress', 'timestamp': '2025-12-15T16:48:46.334466', 'data': {'type': 'text', 'response': 'The document does not provide specific information about a'}}
2025-12-15 16:48:46,334 - [Quantum_e2e_20251215_nova_dll.py:287] - [on_result] - DEBUG - 接收到 in_progress 且类型为text的消息，当前token计数: 10
2025-12-15 16:48:46,335 - [Quantum_e2e_20251215_nova_dll.py:309] - [on_result] - INFO - Got result for job 98: {'job_id': 98, 'status': 'in_progress', 'timestamp': '2025-12-15T16:48:46.335468', 'data': {'type': 'text', 'response': "The document does not provide specific information about a user's"}}
2025-12-15 16:48:46,335 - [Quantum_e2e_20251215_nova_dll.py:287] - [on_result] - DEBUG - 接收到 in_progress 且类型为text的消息，当前token计数: 11
2025-12-15 16:48:46,335 - [Quantum_e2e_20251215_nova_dll.py:309] - [on_result] - INFO - Got result for job 98: {'job_id': 98, 'status': 'in_progress', 'timestamp': '2025-12-15T16:48:46.335468', 'data': {'type': 'text', 'response': "The document does not provide specific information about a user's dream"}}
2025-12-15 16:48:46,336 - [Quantum_e2e_20251215_nova_dll.py:287] - [on_result] - DEBUG - 接收到 in_progress 且类型为text的消息，当前token计数: 12
2025-12-15 16:48:46,336 - [Quantum_e2e_20251215_nova_dll.py:309] - [on_result] - INFO - Got result for job 98: {'job_id': 98, 'status': 'in_progress', 'timestamp': '2025-12-15T16:48:46.336465', 'data': {'type': 'text', 'response': "The document does not provide specific information about a user's dream destination"}}
2025-12-15 16:48:46,336 - [Quantum_e2e_20251215_nova_dll.py:287] - [on_result] - DEBUG - 接收到 in_progress 且类型为text的消息，当前token计数: 13
2025-12-15 16:48:46,337 - [Quantum_e2e_20251215_nova_dll.py:309] - [on_result] - INFO - Got result for job 98: {'job_id': 98, 'status': 'in_progress', 'timestamp': '2025-12-15T16:48:46.337466', 'data': {'type': 'text', 'response': "The document does not provide specific information about a user's dream destination."}}
2025-12-15 16:48:46,337 - [Quantum_e2e_20251215_nova_dll.py:287] - [on_result] - DEBUG - 接收到 in_progress 且类型为text的消息，当前token计数: 14
2025-12-15 16:48:46,337 - [Quantum_e2e_20251215_nova_dll.py:309] - [on_result] - INFO - Got result for job 98: {'job_id': 98, 'status': 'in_progress', 'timestamp': '2025-12-15T16:48:46.337466', 'data': {'type': 'text', 'response': "The document does not provide specific information about a user's dream destination. It"}}
2025-12-15 16:48:46,337 - [Quantum_e2e_20251215_nova_dll.py:287] - [on_result] - DEBUG - 接收到 in_progress 且类型为text的消息，当前token计数: 15
2025-12-15 16:48:46,338 - [Quantum_e2e_20251215_nova_dll.py:309] - [on_result] - INFO - Got result for job 98: {'job_id': 98, 'status': 'in_progress', 'timestamp': '2025-12-15T16:48:46.338464', 'data': {'type': 'text', 'response': "The document does not provide specific information about a user's dream destination. It discusses"}}
2025-12-15 16:48:46,338 - [Quantum_e2e_20251215_nova_dll.py:287] - [on_result] - DEBUG - 接收到 in_progress 且类型为text的消息，当前token计数: 16
2025-12-15 16:48:46,338 - [Quantum_e2e_20251215_nova_dll.py:309] - [on_result] - INFO - Got result for job 98: {'job_id': 98, 'status': 'in_progress', 'timestamp': '2025-12-15T16:48:46.338464', 'data': {'type': 'text', 'response': "The document does not provide specific information about a user's dream destination. It discusses general"}}
2025-12-15 16:48:46,339 - [Quantum_e2e_20251215_nova_dll.py:287] - [on_result] - DEBUG - 接收到 in_progress 且类型为text的消息，当前token计数: 17
2025-12-15 16:48:46,339 - [Quantum_e2e_20251215_nova_dll.py:309] - [on_result] - INFO - Got result for job 98: {'job_id': 98, 'status': 'in_progress', 'timestamp': '2025-12-15T16:48:46.339465', 'data': {'type': 'text', 'response': "The document does not provide specific information about a user's dream destination. It discusses general scenarios"}}
2025-12-15 16:48:46,340 - [Quantum_e2e_20251215_nova_dll.py:287] - [on_result] - DEBUG - 接收到 in_progress 且类型为text的消息，当前token计数: 18
2025-12-15 16:48:46,340 - [Quantum_e2e_20251215_nova_dll.py:309] - [on_result] - INFO - Got result for job 98: {'job_id': 98, 'status': 'in_progress', 'timestamp': '2025-12-15T16:48:46.340466', 'data': {'type': 'text', 'response': "The document does not provide specific information about a user's dream destination. It discusses general scenarios related"}}
2025-12-15 16:48:46,341 - [Quantum_e2e_20251215_nova_dll.py:287] - [on_result] - DEBUG - 接收到 in_progress 且类型为text的消息，当前token计数: 19
2025-12-15 16:48:46,341 - [Quantum_e2e_20251215_nova_dll.py:309] - [on_result] - INFO - Got result for job 98: {'job_id': 98, 'status': 'in_progress', 'timestamp': '2025-12-15T16:48:46.341468', 'data': {'type': 'text', 'response': "The document does not provide specific information about a user's dream destination. It discusses general scenarios related to"}}
2025-12-15 16:48:46,342 - [Quantum_e2e_20251215_nova_dll.py:287] - [on_result] - DEBUG - 接收到 in_progress 且类型为text的消息，当前token计数: 20
2025-12-15 16:48:46,342 - [Quantum_e2e_20251215_nova_dll.py:309] - [on_result] - INFO - Got result for job 98: {'job_id': 98, 'status': 'in_progress', 'timestamp': '2025-12-15T16:48:46.342469', 'data': {'type': 'text', 'response': "The document does not provide specific information about a user's dream destination. It discusses general scenarios related to the"}}
2025-12-15 16:48:46,342 - [Quantum_e2e_20251215_nova_dll.py:287] - [on_result] - DEBUG - 接收到 in_progress 且类型为text的消息，当前token计数: 21
2025-12-15 16:48:46,342 - [Quantum_e2e_20251215_nova_dll.py:309] - [on_result] - INFO - Got result for job 98: {'job_id': 98, 'status': 'in_progress', 'timestamp': '2025-12-15T16:48:46.342469', 'data': {'type': 'text', 'response': "The document does not provide specific information about a user's dream destination. It discusses general scenarios related to the met"}}
2025-12-15 16:48:46,343 - [Quantum_e2e_20251215_nova_dll.py:287] - [on_result] - DEBUG - 接收到 in_progress 且类型为text的消息，当前token计数: 22
2025-12-15 16:48:46,343 - [Quantum_e2e_20251215_nova_dll.py:309] - [on_result] - INFO - Got result for job 98: {'job_id': 98, 'status': 'in_progress', 'timestamp': '2025-12-15T16:48:46.343471', 'data': {'type': 'text', 'response': "The document does not provide specific information about a user's dream destination. It discusses general scenarios related to the metaverse"}}
2025-12-15 16:48:46,344 - [Quantum_e2e_20251215_nova_dll.py:287] - [on_result] - DEBUG - 接收到 in_progress 且类型为text的消息，当前token计数: 23
2025-12-15 16:48:46,344 - [Quantum_e2e_20251215_nova_dll.py:309] - [on_result] - INFO - Got result for job 98: {'job_id': 98, 'status': 'in_progress', 'timestamp': '2025-12-15T16:48:46.344472', 'data': {'type': 'text', 'response': "The document does not provide specific information about a user's dream destination. It discusses general scenarios related to the metaverse,"}}
2025-12-15 16:48:46,345 - [Quantum_e2e_20251215_nova_dll.py:287] - [on_result] - DEBUG - 接收到 in_progress 且类型为text的消息，当前token计数: 24
2025-12-15 16:48:46,345 - [Quantum_e2e_20251215_nova_dll.py:309] - [on_result] - INFO - Got result for job 98: {'job_id': 98, 'status': 'in_progress', 'timestamp': '2025-12-15T16:48:46.345474', 'data': {'type': 'text', 'response': "The document does not provide specific information about a user's dream destination. It discusses general scenarios related to the metaverse, such"}}
2025-12-15 16:48:46,346 - [Quantum_e2e_20251215_nova_dll.py:287] - [on_result] - DEBUG - 接收到 in_progress 且类型为text的消息，当前token计数: 25
2025-12-15 16:48:46,346 - [Quantum_e2e_20251215_nova_dll.py:309] - [on_result] - INFO - Got result for job 98: {'job_id': 98, 'status': 'in_progress', 'timestamp': '2025-12-15T16:48:46.346465', 'data': {'type': 'text', 'response': "The document does not provide specific information about a user's dream destination. It discusses general scenarios related to the metaverse, such as"}}
2025-12-15 16:48:46,346 - [Quantum_e2e_20251215_nova_dll.py:287] - [on_result] - DEBUG - 接收到 in_progress 且类型为text的消息，当前token计数: 26
2025-12-15 16:48:46,347 - [Quantum_e2e_20251215_nova_dll.py:309] - [on_result] - INFO - Got result for job 98: {'job_id': 98, 'status': 'in_progress', 'timestamp': '2025-12-15T16:48:46.347464', 'data': {'type': 'text', 'response': "The document does not provide specific information about a user's dream destination. It discusses general scenarios related to the metaverse, such as a"}}
2025-12-15 16:48:46,347 - [Quantum_e2e_20251215_nova_dll.py:287] - [on_result] - DEBUG - 接收到 in_progress 且类型为text的消息，当前token计数: 27
2025-12-15 16:48:46,347 - [Quantum_e2e_20251215_nova_dll.py:309] - [on_result] - INFO - Got result for job 98: {'job_id': 98, 'status': 'in_progress', 'timestamp': '2025-12-15T16:48:46.347464', 'data': {'type': 'text', 'response': "The document does not provide specific information about a user's dream destination. It discusses general scenarios related to the metaverse, such as a person"}}
2025-12-15 16:48:46,348 - [Quantum_e2e_20251215_nova_dll.py:287] - [on_result] - DEBUG - 接收到 in_progress 且类型为text的消息，当前token计数: 28
2025-12-15 16:48:46,348 - [Quantum_e2e_20251215_nova_dll.py:309] - [on_result] - INFO - Got result for job 98: {'job_id': 98, 'status': 'in_progress', 'timestamp': '2025-12-15T16:48:46.348465', 'data': {'type': 'text', 'response': "The document does not provide specific information about a user's dream destination. It discusses general scenarios related to the metaverse, such as a person using"}}
2025-12-15 16:48:46,348 - [Quantum_e2e_20251215_nova_dll.py:287] - [on_result] - DEBUG - 接收到 in_progress 且类型为text的消息，当前token计数: 29
2025-12-15 16:48:46,349 - [Quantum_e2e_20251215_nova_dll.py:309] - [on_result] - INFO - Got result for job 98: {'job_id': 98, 'status': 'in_progress', 'timestamp': '2025-12-15T16:48:46.349465', 'data': {'type': 'text', 'response': "The document does not provide specific information about a user's dream destination. It discusses general scenarios related to the metaverse, such as a person using an"}}
2025-12-15 16:48:46,349 - [Quantum_e2e_20251215_nova_dll.py:287] - [on_result] - DEBUG - 接收到 in_progress 且类型为text的消息，当前token计数: 30
2025-12-15 16:48:46,349 - [Quantum_e2e_20251215_nova_dll.py:309] - [on_result] - INFO - Got result for job 98: {'job_id': 98, 'status': 'in_progress', 'timestamp': '2025-12-15T16:48:46.349465', 'data': {'type': 'text', 'response': "The document does not provide specific information about a user's dream destination. It discusses general scenarios related to the metaverse, such as a person using an AI"}}
2025-12-15 16:48:46,350 - [Quantum_e2e_20251215_nova_dll.py:287] - [on_result] - DEBUG - 接收到 in_progress 且类型为text的消息，当前token计数: 31
2025-12-15 16:48:46,350 - [Quantum_e2e_20251215_nova_dll.py:309] - [on_result] - INFO - Got result for job 98: {'job_id': 98, 'status': 'in_progress', 'timestamp': '2025-12-15T16:48:46.350465', 'data': {'type': 'text', 'response': "The document does not provide specific information about a user's dream destination. It discusses general scenarios related to the metaverse, such as a person using an AI assistant"}}
2025-12-15 16:48:46,351 - [Quantum_e2e_20251215_nova_dll.py:287] - [on_result] - DEBUG - 接收到 in_progress 且类型为text的消息，当前token计数: 32
2025-12-15 16:48:46,351 - [Quantum_e2e_20251215_nova_dll.py:309] - [on_result] - INFO - Got result for job 98: {'job_id': 98, 'status': 'in_progress', 'timestamp': '2025-12-15T16:48:46.351465', 'data': {'type': 'text', 'response': "The document does not provide specific information about a user's dream destination. It discusses general scenarios related to the metaverse, such as a person using an AI assistant to"}}
2025-12-15 16:48:46,351 - [Quantum_e2e_20251215_nova_dll.py:287] - [on_result] - DEBUG - 接收到 in_progress 且类型为text的消息，当前token计数: 33
2025-12-15 16:48:46,351 - [Quantum_e2e_20251215_nova_dll.py:309] - [on_result] - INFO - Got result for job 98: {'job_id': 98, 'status': 'in_progress', 'timestamp': '2025-12-15T16:48:46.351465', 'data': {'type': 'text', 'response': "The document does not provide specific information about a user's dream destination. It discusses general scenarios related to the metaverse, such as a person using an AI assistant to find"}}
2025-12-15 16:48:46,352 - [Quantum_e2e_20251215_nova_dll.py:287] - [on_result] - DEBUG - 接收到 in_progress 且类型为text的消息，当前token计数: 34
2025-12-15 16:48:46,352 - [Quantum_e2e_20251215_nova_dll.py:309] - [on_result] - INFO - Got result for job 98: {'job_id': 98, 'status': 'in_progress', 'timestamp': '2025-12-15T16:48:46.352465', 'data': {'type': 'text', 'response': "The document does not provide specific information about a user's dream destination. It discusses general scenarios related to the metaverse, such as a person using an AI assistant to find restaurants"}}
2025-12-15 16:48:46,352 - [Quantum_e2e_20251215_nova_dll.py:287] - [on_result] - DEBUG - 接收到 in_progress 且类型为text的消息，当前token计数: 35
2025-12-15 16:48:46,352 - [Quantum_e2e_20251215_nova_dll.py:309] - [on_result] - INFO - Got result for job 98: {'job_id': 98, 'status': 'in_progress', 'timestamp': '2025-12-15T16:48:46.352465', 'data': {'type': 'text', 'response': "The document does not provide specific information about a user's dream destination. It discusses general scenarios related to the metaverse, such as a person using an AI assistant to find restaurants or"}}
2025-12-15 16:48:46,353 - [Quantum_e2e_20251215_nova_dll.py:287] - [on_result] - DEBUG - 接收到 in_progress 且类型为text的消息，当前token计数: 36
2025-12-15 16:48:46,353 - [Quantum_e2e_20251215_nova_dll.py:309] - [on_result] - INFO - Got result for job 98: {'job_id': 98, 'status': 'in_progress', 'timestamp': '2025-12-15T16:48:46.353465', 'data': {'type': 'text', 'response': "The document does not provide specific information about a user's dream destination. It discusses general scenarios related to the metaverse, such as a person using an AI assistant to find restaurants or a"}}
2025-12-15 16:48:46,354 - [Quantum_e2e_20251215_nova_dll.py:287] - [on_result] - DEBUG - 接收到 in_progress 且类型为text的消息，当前token计数: 37
2025-12-15 16:48:46,354 - [Quantum_e2e_20251215_nova_dll.py:309] - [on_result] - INFO - Got result for job 98: {'job_id': 98, 'status': 'in_progress', 'timestamp': '2025-12-15T16:48:46.354466', 'data': {'type': 'text', 'response': "The document does not provide specific information about a user's dream destination. It discusses general scenarios related to the metaverse, such as a person using an AI assistant to find restaurants or a worker"}}
2025-12-15 16:48:46,354 - [Quantum_e2e_20251215_nova_dll.py:287] - [on_result] - DEBUG - 接收到 in_progress 且类型为text的消息，当前token计数: 38
2025-12-15 16:48:46,355 - [Quantum_e2e_20251215_nova_dll.py:309] - [on_result] - INFO - Got result for job 98: {'job_id': 98, 'status': 'in_progress', 'timestamp': '2025-12-15T16:48:46.355465', 'data': {'type': 'text', 'response': "The document does not provide specific information about a user's dream destination. It discusses general scenarios related to the metaverse, such as a person using an AI assistant to find restaurants or a worker using"}}
2025-12-15 16:48:46,355 - [Quantum_e2e_20251215_nova_dll.py:287] - [on_result] - DEBUG - 接收到 in_progress 且类型为text的消息，当前token计数: 39
2025-12-15 16:48:46,356 - [Quantum_e2e_20251215_nova_dll.py:309] - [on_result] - INFO - Got result for job 98: {'job_id': 98, 'status': 'in_progress', 'timestamp': '2025-12-15T16:48:46.356465', 'data': {'type': 'text', 'response': "The document does not provide specific information about a user's dream destination. It discusses general scenarios related to the metaverse, such as a person using an AI assistant to find restaurants or a worker using smart"}}
2025-12-15 16:48:46,356 - [Quantum_e2e_20251215_nova_dll.py:287] - [on_result] - DEBUG - 接收到 in_progress 且类型为text的消息，当前token计数: 40
2025-12-15 16:48:46,357 - [Quantum_e2e_20251215_nova_dll.py:309] - [on_result] - INFO - Got result for job 98: {'job_id': 98, 'status': 'in_progress', 'timestamp': '2025-12-15T16:48:46.357473', 'data': {'type': 'text', 'response': "The document does not provide specific information about a user's dream destination. It discusses general scenarios related to the metaverse, such as a person using an AI assistant to find restaurants or a worker using smart technology"}}
2025-12-15 16:48:46,357 - [Quantum_e2e_20251215_nova_dll.py:287] - [on_result] - DEBUG - 接收到 in_progress 且类型为text的消息，当前token计数: 41
2025-12-15 16:48:46,358 - [Quantum_e2e_20251215_nova_dll.py:309] - [on_result] - INFO - Got result for job 98: {'job_id': 98, 'status': 'in_progress', 'timestamp': '2025-12-15T16:48:46.358465', 'data': {'type': 'text', 'response': "The document does not provide specific information about a user's dream destination. It discusses general scenarios related to the metaverse, such as a person using an AI assistant to find restaurants or a worker using smart technology in"}}
2025-12-15 16:48:46,358 - [Quantum_e2e_20251215_nova_dll.py:287] - [on_result] - DEBUG - 接收到 in_progress 且类型为text的消息，当前token计数: 42
2025-12-15 16:48:46,359 - [Quantum_e2e_20251215_nova_dll.py:309] - [on_result] - INFO - Got result for job 98: {'job_id': 98, 'status': 'in_progress', 'timestamp': '2025-12-15T16:48:46.359466', 'data': {'type': 'text', 'response': "The document does not provide specific information about a user's dream destination. It discusses general scenarios related to the metaverse, such as a person using an AI assistant to find restaurants or a worker using smart technology in a"}}
2025-12-15 16:48:46,359 - [Quantum_e2e_20251215_nova_dll.py:287] - [on_result] - DEBUG - 接收到 in_progress 且类型为text的消息，当前token计数: 43
2025-12-15 16:48:46,360 - [Quantum_e2e_20251215_nova_dll.py:309] - [on_result] - INFO - Got result for job 98: {'job_id': 98, 'status': 'in_progress', 'timestamp': '2025-12-15T16:48:46.360470', 'data': {'type': 'text', 'response': "The document does not provide specific information about a user's dream destination. It discusses general scenarios related to the metaverse, such as a person using an AI assistant to find restaurants or a worker using smart technology in a manufacturing"}}
2025-12-15 16:48:46,360 - [Quantum_e2e_20251215_nova_dll.py:287] - [on_result] - DEBUG - 接收到 in_progress 且类型为text的消息，当前token计数: 44
2025-12-15 16:48:46,360 - [Quantum_e2e_20251215_nova_dll.py:309] - [on_result] - INFO - Got result for job 98: {'job_id': 98, 'status': 'in_progress', 'timestamp': '2025-12-15T16:48:46.360470', 'data': {'type': 'text', 'response': "The document does not provide specific information about a user's dream destination. It discusses general scenarios related to the metaverse, such as a person using an AI assistant to find restaurants or a worker using smart technology in a manufacturing plant"}}
2025-12-15 16:48:46,361 - [Quantum_e2e_20251215_nova_dll.py:287] - [on_result] - DEBUG - 接收到 in_progress 且类型为text的消息，当前token计数: 45
2025-12-15 16:48:46,361 - [Quantum_e2e_20251215_nova_dll.py:309] - [on_result] - INFO - Got result for job 98: {'job_id': 98, 'status': 'in_progress', 'timestamp': '2025-12-15T16:48:46.361472', 'data': {'type': 'text', 'response': "The document does not provide specific information about a user's dream destination. It discusses general scenarios related to the metaverse, such as a person using an AI assistant to find restaurants or a worker using smart technology in a manufacturing plant,"}}
2025-12-15 16:48:46,362 - [Quantum_e2e_20251215_nova_dll.py:287] - [on_result] - DEBUG - 接收到 in_progress 且类型为text的消息，当前token计数: 46
2025-12-15 16:48:46,362 - [Quantum_e2e_20251215_nova_dll.py:309] - [on_result] - INFO - Got result for job 98: {'job_id': 98, 'status': 'in_progress', 'timestamp': '2025-12-15T16:48:46.362469', 'data': {'type': 'text', 'response': "The document does not provide specific information about a user's dream destination. It discusses general scenarios related to the metaverse, such as a person using an AI assistant to find restaurants or a worker using smart technology in a manufacturing plant, but"}}
2025-12-15 16:48:46,362 - [Quantum_e2e_20251215_nova_dll.py:287] - [on_result] - DEBUG - 接收到 in_progress 且类型为text的消息，当前token计数: 47
2025-12-15 16:48:46,362 - [Quantum_e2e_20251215_nova_dll.py:309] - [on_result] - INFO - Got result for job 98: {'job_id': 98, 'status': 'in_progress', 'timestamp': '2025-12-15T16:48:46.362469', 'data': {'type': 'text', 'response': "The document does not provide specific information about a user's dream destination. It discusses general scenarios related to the metaverse, such as a person using an AI assistant to find restaurants or a worker using smart technology in a manufacturing plant, but does"}}
2025-12-15 16:48:46,363 - [Quantum_e2e_20251215_nova_dll.py:287] - [on_result] - DEBUG - 接收到 in_progress 且类型为text的消息，当前token计数: 48
2025-12-15 16:48:46,363 - [Quantum_e2e_20251215_nova_dll.py:309] - [on_result] - INFO - Got result for job 98: {'job_id': 98, 'status': 'in_progress', 'timestamp': '2025-12-15T16:48:46.363465', 'data': {'type': 'text', 'response': "The document does not provide specific information about a user's dream destination. It discusses general scenarios related to the metaverse, such as a person using an AI assistant to find restaurants or a worker using smart technology in a manufacturing plant, but does not"}}
2025-12-15 16:48:46,363 - [Quantum_e2e_20251215_nova_dll.py:287] - [on_result] - DEBUG - 接收到 in_progress 且类型为text的消息，当前token计数: 49
2025-12-15 16:48:46,364 - [Quantum_e2e_20251215_nova_dll.py:309] - [on_result] - INFO - Got result for job 98: {'job_id': 98, 'status': 'in_progress', 'timestamp': '2025-12-15T16:48:46.364467', 'data': {'type': 'text', 'response': "The document does not provide specific information about a user's dream destination. It discusses general scenarios related to the metaverse, such as a person using an AI assistant to find restaurants or a worker using smart technology in a manufacturing plant, but does not mention"}}
2025-12-15 16:48:46,364 - [Quantum_e2e_20251215_nova_dll.py:287] - [on_result] - DEBUG - 接收到 in_progress 且类型为text的消息，当前token计数: 50
2025-12-15 16:48:46,365 - [Quantum_e2e_20251215_nova_dll.py:309] - [on_result] - INFO - Got result for job 98: {'job_id': 98, 'status': 'in_progress', 'timestamp': '2025-12-15T16:48:46.365465', 'data': {'type': 'text', 'response': "The document does not provide specific information about a user's dream destination. It discusses general scenarios related to the metaverse, such as a person using an AI assistant to find restaurants or a worker using smart technology in a manufacturing plant, but does not mention a"}}
2025-12-15 16:48:46,365 - [Quantum_e2e_20251215_nova_dll.py:287] - [on_result] - DEBUG - 接收到 in_progress 且类型为text的消息，当前token计数: 51
2025-12-15 16:48:46,365 - [Quantum_e2e_20251215_nova_dll.py:309] - [on_result] - INFO - Got result for job 98: {'job_id': 98, 'status': 'in_progress', 'timestamp': '2025-12-15T16:48:46.365465', 'data': {'type': 'text', 'response': "The document does not provide specific information about a user's dream destination. It discusses general scenarios related to the metaverse, such as a person using an AI assistant to find restaurants or a worker using smart technology in a manufacturing plant, but does not mention a specific"}}
2025-12-15 16:48:46,366 - [Quantum_e2e_20251215_nova_dll.py:287] - [on_result] - DEBUG - 接收到 in_progress 且类型为text的消息，当前token计数: 52
2025-12-15 16:48:46,366 - [Quantum_e2e_20251215_nova_dll.py:309] - [on_result] - INFO - Got result for job 98: {'job_id': 98, 'status': 'in_progress', 'timestamp': '2025-12-15T16:48:46.366469', 'data': {'type': 'text', 'response': "The document does not provide specific information about a user's dream destination. It discusses general scenarios related to the metaverse, such as a person using an AI assistant to find restaurants or a worker using smart technology in a manufacturing plant, but does not mention a specific user's"}}
2025-12-15 16:48:46,366 - [Quantum_e2e_20251215_nova_dll.py:287] - [on_result] - DEBUG - 接收到 in_progress 且类型为text的消息，当前token计数: 53
2025-12-15 16:48:46,367 - [Quantum_e2e_20251215_nova_dll.py:309] - [on_result] - INFO - Got result for job 98: {'job_id': 98, 'status': 'in_progress', 'timestamp': '2025-12-15T16:48:46.367466', 'data': {'type': 'text', 'response': "The document does not provide specific information about a user's dream destination. It discusses general scenarios related to the metaverse, such as a person using an AI assistant to find restaurants or a worker using smart technology in a manufacturing plant, but does not mention a specific user's dream"}}
2025-12-15 16:48:46,367 - [Quantum_e2e_20251215_nova_dll.py:287] - [on_result] - DEBUG - 接收到 in_progress 且类型为text的消息，当前token计数: 54
2025-12-15 16:48:46,367 - [Quantum_e2e_20251215_nova_dll.py:309] - [on_result] - INFO - Got result for job 98: {'job_id': 98, 'status': 'in_progress', 'timestamp': '2025-12-15T16:48:46.367466', 'data': {'type': 'text', 'response': "The document does not provide specific information about a user's dream destination. It discusses general scenarios related to the metaverse, such as a person using an AI assistant to find restaurants or a worker using smart technology in a manufacturing plant, but does not mention a specific user's dream destination"}}
2025-12-15 16:48:46,368 - [Quantum_e2e_20251215_nova_dll.py:287] - [on_result] - DEBUG - 接收到 in_progress 且类型为text的消息，当前token计数: 55
2025-12-15 16:48:46,368 - [Quantum_e2e_20251215_nova_dll.py:309] - [on_result] - INFO - Got result for job 98: {'job_id': 98, 'status': 'in_progress', 'timestamp': '2025-12-15T16:48:46.368465', 'data': {'type': 'text', 'response': "The document does not provide specific information about a user's dream destination. It discusses general scenarios related to the metaverse, such as a person using an AI assistant to find restaurants or a worker using smart technology in a manufacturing plant, but does not mention a specific user's dream destination."}}
2025-12-15 16:48:46,368 - [Quantum_e2e_20251215_nova_dll.py:287] - [on_result] - DEBUG - 接收到 in_progress 且类型为text的消息，当前token计数: 56
2025-12-15 16:48:46,368 - [Quantum_e2e_20251215_nova_dll.py:309] - [on_result] - INFO - Got result for job 98: {'job_id': 98, 'status': 'in_progress', 'timestamp': '2025-12-15T16:48:46.368465', 'data': {'type': 'text', 'response': "The document does not provide specific information about a user's dream destination. It discusses general scenarios related to the metaverse, such as a person using an AI assistant to find restaurants or a worker using smart technology in a manufacturing plant, but does not mention a specific user's dream destination."}}
2025-12-15 16:48:46,369 - [Quantum_e2e_20251215_nova_dll.py:309] - [on_result] - INFO - Got result for job 98: {'job_id': 98, 'status': 'in_progress', 'timestamp': '2025-12-15T16:48:46.369467', 'data': {'type': 'timings', 'response': '{"check_pending_elicitation":{"startTimestamp":1765788512457,"endTimestamp":1765788512457},"update_chat_history":{"startTimestamp":1765788512457,"endTimestamp":1765788512461},"select_handler":{"startTimestamp":1765788512461,"endTimestamp":1765788512477},"load_agent":{"startTimestamp":1765788512477,"endTimestamp":1765788512498},"load_session":{"startTimestamp":1765788512498,"endTimestamp":-1},"first_token":{"startTimestamp":1765788512507,"endTimestamp":1765788515276},"device_connection":{"startTimestamp":1765788512507,"endTimestamp":1765788522726},"DomainClassifierNode":{"startTimestamp":1765788512510,"endTimestamp":1765788512821},"RewriteJudgeNode":{"startTimestamp":1765788512823,"endTimestamp":1765788512974},"RewriteNode":{"startTimestamp":1765788512977,"endTimestamp":1765788515273},"LocalTaskPlaningNode":{"startTimestamp":1765788515275,"endTimestamp":1765788515276},"IntentMappingNode":{"startTimestamp":1765788515277,"endTimestamp":1765788516244},"GeneralGenerationNode":{"startTimestamp":1765788516245,"endTimestamp":1765788522724}}'}}
2025-12-15 16:48:46,369 - [Quantum_e2e_20251215_nova_dll.py:309] - [on_result] - INFO - Got result for job 98: {'job_id': 98, 'status': 'complete', 'timestamp': '2025-12-15T16:48:46.369467', 'data': {'type': 'text', 'response': "The document does not provide specific information about a user's dream destination. It discusses general scenarios related to the metaverse, such as a person using an AI assistant to find restaurants or a worker using smart technology in a manufacturing plant, but does not mention a specific user's dream destination."}}
2025-12-15 16:48:46,370 - [Quantum_e2e_20251215_nova_dll.py:320] - [on_result] - INFO - 响应时间: 13.92秒
2025-12-15 16:48:46,370 - [Quantum_e2e_20251215_nova_dll.py:321] - [on_result] - INFO - 结束时间: 2025-12-15 16:48:46.369
2025-12-15 16:48:46,370 - [Quantum_e2e_20251215_nova_dll.py:329] - [on_result] - INFO - TTFT (Time To First Token): 13.879秒
2025-12-15 16:48:46,370 - [Quantum_e2e_20251215_nova_dll.py:337] - [on_result] - INFO - 性能指标:
2025-12-15 16:48:46,370 - [Quantum_e2e_20251215_nova_dll.py:338] - [on_result] - INFO -   - 首字时间: 2025-12-15 16:48:46.328
2025-12-15 16:48:46,370 - [Quantum_e2e_20251215_nova_dll.py:339] - [on_result] - INFO -   - TTFT (Time To First Token): 13.879秒
2025-12-15 16:48:46,371 - [Quantum_e2e_20251215_nova_dll.py:340] - [on_result] - INFO -   - Token数量: 56
2025-12-15 16:48:46,371 - [Quantum_e2e_20251215_nova_dll.py:341] - [on_result] - INFO -   - 生成速度: 1382.14 tokens/秒
2025-12-15 16:48:46,371 - [Quantum_e2e_20251215_nova_dll.py:342] - [on_result] - INFO -   - 生成时间: 0.041秒
2025-12-15 16:48:46,371 - [Quantum_e2e_20251215_nova_dll.py:1271] - [run_query_only] - INFO - 最终结果: The document does not provide specific information about a user's dream destination. It discusses general scenarios related to the metaverse, such as a person using an AI assistant to find restaurants or a worker using smart technology in a manufacturing plant, but does not mention a specific user's dream destination.
2025-12-15 16:48:46,380 - [Quantum_e2e_20251215_nova_dll.py:1542] - [process_main_excel_only] - INFO - 第 1 行处理成功，结果长度: 319，响应时间: 13.92秒
2025-12-15 16:48:46,469 - [Quantum_e2e_20251215_nova_dll.py:1581] - [process_main_excel_only] - INFO - 第 1 行结果已保存
2025-12-15 16:48:46,470 - [Quantum_e2e_20251215_nova_dll.py:1477] - [process_main_excel_only] - INFO - 该case不需要附件输入
2025-12-15 16:48:46,470 - [Quantum_e2e_20251215_nova_dll.py:1479] - [process_main_excel_only] - INFO - 
=== 正在处理第 2 行 ===
2025-12-15 16:48:46,470 - [Quantum_e2e_20251215_nova_dll.py:1480] - [process_main_excel_only] - INFO - Question: hello
2025-12-15 16:48:46,471 - [Quantum_e2e_20251215_nova_dll.py:1481] - [process_main_excel_only] - INFO - Pathlist: []
2025-12-15 16:48:46,471 - [Quantum_e2e_20251215_nova_dll.py:1482] - [process_main_excel_only] - INFO - New Session: N
2025-12-15 16:48:46,471 - [Quantum_e2e_20251215_nova_dll.py:1491] - [process_main_excel_only] - INFO - 复用上一个会话: 6e0c0fae-03e8-4034-9379-264c140994f2
2025-12-15 16:48:46,472 - [Quantum_e2e_20251215_nova_dll.py:1261] - [run_query_only] - INFO - 复用现有会话: 6e0c0fae-03e8-4034-9379-264c140994f2
2025-12-15 16:48:46,472 - [Quantum_e2e_20251215_nova_dll.py:1154] - [send_query_with_image] - INFO - 发送查询请求: {"query": "hello", "handler": "nova", "sessionID": "6e0c0fae-03e8-4034-9379-264c140994f2"}
2025-12-15 16:48:46,472 - [Quantum_e2e_20251215_nova_dll.py:429] - [send_model_call] - INFO - Sending query call with payload: {"query": "hello", "handler": "nova", "sessionID": "6e0c0fae-03e8-4034-9379-264c140994f2"}
2025-12-15 16:48:46,473 - [Quantum_e2e_20251215_nova_dll.py:458] - [send_model_call] - INFO - quantum_send_command start
2025-12-15 16:48:46,536 - [Quantum_e2e_20251215_nova_dll.py:460] - [send_model_call] - INFO - quantum_send_command end
2025-12-15 16:48:46,537 - [Quantum_e2e_20251215_nova_dll.py:470] - [send_model_call] - INFO - Sent query call, job ID: 99
2025-12-15 16:48:46,537 - [Quantum_e2e_20251215_nova_dll.py:1178] - [send_query_with_image] - INFO - 开始时间: 2025-12-15 16:48:46.537
2025-12-15 16:48:46,538 - [Quantum_e2e_20251215_nova_dll.py:1182] - [send_query_with_image] - INFO - 任务ID: 99
2025-12-15 16:48:46,572 - [Quantum_e2e_20251215_nova_dll.py:218] - [on_result] - INFO - 检测到 Azure Agent 模式
2025-12-15 16:48:46,573 - [Quantum_e2e_20251215_nova_dll.py:309] - [on_result] - INFO - Got result for job 99: {'job_id': 99, 'status': 'in_progress', 'timestamp': '2025-12-15T16:48:46.572572', 'data': {'response': 'Azure Agent', 'compact': False, 'type': 'handler'}}
2025-12-15 16:48:46,598 - [Quantum_e2e_20251215_nova_dll.py:214] - [on_result] - INFO - 检测到 Local Brain 模式，更新处理模式
2025-12-15 16:48:46,599 - [Quantum_e2e_20251215_nova_dll.py:309] - [on_result] - INFO - Got result for job 99: {'job_id': 99, 'status': 'in_progress', 'timestamp': '2025-12-15T16:48:46.599570', 'data': {'response': 'Local Brain with AMD Ryzen AI 9 165 w/ Radeon 870M              ', 'compact': False, 'type': 'handler'}}
2025-12-15 16:48:46,959 - [Quantum_e2e_20251215_nova_dll.py:273] - [on_result] - INFO - 第一个text响应时间: 2025-12-15 16:48:46.959
2025-12-15 16:48:46,960 - [Quantum_e2e_20251215_nova_dll.py:309] - [on_result] - INFO - Got result for job 99: {'job_id': 99, 'status': 'in_progress', 'timestamp': '2025-12-15T16:48:46.960088', 'data': {'type': 'text', 'response': 'hello'}}
2025-12-15 16:48:49,830 - [Quantum_e2e_20251215_nova_dll.py:265] - [on_result] - INFO - 首字时间 (text类型): 2025-12-15 16:48:49.830
2025-12-15 16:48:49,831 - [Quantum_e2e_20251215_nova_dll.py:287] - [on_result] - DEBUG - 接收到 in_progress 且类型为text的消息，当前token计数: 1
2025-12-15 16:48:49,831 - [Quantum_e2e_20251215_nova_dll.py:309] - [on_result] - INFO - Got result for job 99: {'job_id': 99, 'status': 'in_progress', 'timestamp': '2025-12-15T16:48:49.831922', 'data': {'type': 'text', 'response': 'Hello'}}
2025-12-15 16:48:49,909 - [Quantum_e2e_20251215_nova_dll.py:287] - [on_result] - DEBUG - 接收到 in_progress 且类型为text的消息，当前token计数: 2
2025-12-15 16:48:49,909 - [Quantum_e2e_20251215_nova_dll.py:309] - [on_result] - INFO - Got result for job 99: {'job_id': 99, 'status': 'in_progress', 'timestamp': '2025-12-15T16:48:49.909445', 'data': {'type': 'text', 'response': 'Hello!'}}
2025-12-15 16:48:49,995 - [Quantum_e2e_20251215_nova_dll.py:287] - [on_result] - DEBUG - 接收到 in_progress 且类型为text的消息，当前token计数: 3
2025-12-15 16:48:49,996 - [Quantum_e2e_20251215_nova_dll.py:309] - [on_result] - INFO - Got result for job 99: {'job_id': 99, 'status': 'in_progress', 'timestamp': '2025-12-15T16:48:49.996484', 'data': {'type': 'text', 'response': 'Hello! It'}}
2025-12-15 16:48:50,002 - [Quantum_e2e_20251215_nova_dll.py:287] - [on_result] - DEBUG - 接收到 in_progress 且类型为text的消息，当前token计数: 4
2025-12-15 16:48:50,003 - [Quantum_e2e_20251215_nova_dll.py:309] - [on_result] - INFO - Got result for job 99: {'job_id': 99, 'status': 'in_progress', 'timestamp': '2025-12-15T16:48:50.002485', 'data': {'type': 'text', 'response': 'Hello! It looks'}}
2025-12-15 16:48:50,081 - [Quantum_e2e_20251215_nova_dll.py:287] - [on_result] - DEBUG - 接收到 in_progress 且类型为text的消息，当前token计数: 5
2025-12-15 16:48:50,083 - [Quantum_e2e_20251215_nova_dll.py:309] - [on_result] - INFO - Got result for job 99: {'job_id': 99, 'status': 'in_progress', 'timestamp': '2025-12-15T16:48:50.083001', 'data': {'type': 'text', 'response': 'Hello! It looks like'}}
2025-12-15 16:48:50,130 - [Quantum_e2e_20251215_nova_dll.py:287] - [on_result] - DEBUG - 接收到 in_progress 且类型为text的消息，当前token计数: 6
2025-12-15 16:48:50,131 - [Quantum_e2e_20251215_nova_dll.py:309] - [on_result] - INFO - Got result for job 99: {'job_id': 99, 'status': 'in_progress', 'timestamp': '2025-12-15T16:48:50.131004', 'data': {'type': 'text', 'response': 'Hello! It looks like you'}}
2025-12-15 16:48:50,192 - [Quantum_e2e_20251215_nova_dll.py:287] - [on_result] - DEBUG - 接收到 in_progress 且类型为text的消息，当前token计数: 7
2025-12-15 16:48:50,193 - [Quantum_e2e_20251215_nova_dll.py:309] - [on_result] - INFO - Got result for job 99: {'job_id': 99, 'status': 'in_progress', 'timestamp': '2025-12-15T16:48:50.193353', 'data': {'type': 'text', 'response': 'Hello! It looks like you mentioned'}}
2025-12-15 16:48:50,239 - [Quantum_e2e_20251215_nova_dll.py:287] - [on_result] - DEBUG - 接收到 in_progress 且类型为text的消息，当前token计数: 8
2025-12-15 16:48:50,240 - [Quantum_e2e_20251215_nova_dll.py:309] - [on_result] - INFO - Got result for job 99: {'job_id': 99, 'status': 'in_progress', 'timestamp': '2025-12-15T16:48:50.240872', 'data': {'type': 'text', 'response': 'Hello! It looks like you mentioned a'}}
2025-12-15 16:48:50,301 - [Quantum_e2e_20251215_nova_dll.py:287] - [on_result] - DEBUG - 接收到 in_progress 且类型为text的消息，当前token计数: 9
2025-12-15 16:48:50,302 - [Quantum_e2e_20251215_nova_dll.py:309] - [on_result] - INFO - Got result for job 99: {'job_id': 99, 'status': 'in_progress', 'timestamp': '2025-12-15T16:48:50.302386', 'data': {'type': 'text', 'response': 'Hello! It looks like you mentioned a couple'}}
2025-12-15 16:48:50,365 - [Quantum_e2e_20251215_nova_dll.py:287] - [on_result] - DEBUG - 接收到 in_progress 且类型为text的消息，当前token计数: 10
2025-12-15 16:48:50,366 - [Quantum_e2e_20251215_nova_dll.py:309] - [on_result] - INFO - Got result for job 99: {'job_id': 99, 'status': 'in_progress', 'timestamp': '2025-12-15T16:48:50.366901', 'data': {'type': 'text', 'response': 'Hello! It looks like you mentioned a couple of'}}
2025-12-15 16:48:50,413 - [Quantum_e2e_20251215_nova_dll.py:287] - [on_result] - DEBUG - 接收到 in_progress 且类型为text的消息，当前token计数: 11
2025-12-15 16:48:50,413 - [Quantum_e2e_20251215_nova_dll.py:309] - [on_result] - INFO - Got result for job 99: {'job_id': 99, 'status': 'in_progress', 'timestamp': '2025-12-15T16:48:50.413761', 'data': {'type': 'text', 'response': 'Hello! It looks like you mentioned a couple of topics'}}
2025-12-15 16:48:50,458 - [Quantum_e2e_20251215_nova_dll.py:287] - [on_result] - DEBUG - 接收到 in_progress 且类型为text的消息，当前token计数: 12
2025-12-15 16:48:50,459 - [Quantum_e2e_20251215_nova_dll.py:309] - [on_result] - INFO - Got result for job 99: {'job_id': 99, 'status': 'in_progress', 'timestamp': '2025-12-15T16:48:50.459805', 'data': {'type': 'text', 'response': 'Hello! It looks like you mentioned a couple of topics related'}}
2025-12-15 16:48:50,522 - [Quantum_e2e_20251215_nova_dll.py:287] - [on_result] - DEBUG - 接收到 in_progress 且类型为text的消息，当前token计数: 13
2025-12-15 16:48:50,523 - [Quantum_e2e_20251215_nova_dll.py:309] - [on_result] - INFO - Got result for job 99: {'job_id': 99, 'status': 'in_progress', 'timestamp': '2025-12-15T16:48:50.523317', 'data': {'type': 'text', 'response': 'Hello! It looks like you mentioned a couple of topics related to'}}
2025-12-15 16:48:50,582 - [Quantum_e2e_20251215_nova_dll.py:287] - [on_result] - DEBUG - 接收到 in_progress 且类型为text的消息，当前token计数: 14
2025-12-15 16:48:50,583 - [Quantum_e2e_20251215_nova_dll.py:309] - [on_result] - INFO - Got result for job 99: {'job_id': 99, 'status': 'in_progress', 'timestamp': '2025-12-15T16:48:50.583826', 'data': {'type': 'text', 'response': 'Hello! It looks like you mentioned a couple of topics related to quantum'}}
2025-12-15 16:48:50,631 - [Quantum_e2e_20251215_nova_dll.py:287] - [on_result] - DEBUG - 接收到 in_progress 且类型为text的消息，当前token计数: 15
2025-12-15 16:48:50,631 - [Quantum_e2e_20251215_nova_dll.py:309] - [on_result] - INFO - Got result for job 99: {'job_id': 99, 'status': 'in_progress', 'timestamp': '2025-12-15T16:48:50.631831', 'data': {'type': 'text', 'response': 'Hello! It looks like you mentioned a couple of topics related to quantum technology'}}
2025-12-15 16:48:50,694 - [Quantum_e2e_20251215_nova_dll.py:287] - [on_result] - DEBUG - 接收到 in_progress 且类型为text的消息，当前token计数: 16
2025-12-15 16:48:50,695 - [Quantum_e2e_20251215_nova_dll.py:309] - [on_result] - INFO - Got result for job 99: {'job_id': 99, 'status': 'in_progress', 'timestamp': '2025-12-15T16:48:50.695872', 'data': {'type': 'text', 'response': 'Hello! It looks like you mentioned a couple of topics related to quantum technology and'}}
2025-12-15 16:48:50,756 - [Quantum_e2e_20251215_nova_dll.py:287] - [on_result] - DEBUG - 接收到 in_progress 且类型为text的消息，当前token计数: 17
2025-12-15 16:48:50,757 - [Quantum_e2e_20251215_nova_dll.py:309] - [on_result] - INFO - Got result for job 99: {'job_id': 99, 'status': 'in_progress', 'timestamp': '2025-12-15T16:48:50.757384', 'data': {'type': 'text', 'response': 'Hello! It looks like you mentioned a couple of topics related to quantum technology and a'}}
2025-12-15 16:48:50,802 - [Quantum_e2e_20251215_nova_dll.py:287] - [on_result] - DEBUG - 接收到 in_progress 且类型为text的消息，当前token计数: 18
2025-12-15 16:48:50,803 - [Quantum_e2e_20251215_nova_dll.py:309] - [on_result] - INFO - Got result for job 99: {'job_id': 99, 'status': 'in_progress', 'timestamp': '2025-12-15T16:48:50.803901', 'data': {'type': 'text', 'response': 'Hello! It looks like you mentioned a couple of topics related to quantum technology and a clinical'}}
2025-12-15 16:48:50,865 - [Quantum_e2e_20251215_nova_dll.py:287] - [on_result] - DEBUG - 接收到 in_progress 且类型为text的消息，当前token计数: 19
2025-12-15 16:48:50,865 - [Quantum_e2e_20251215_nova_dll.py:309] - [on_result] - INFO - Got result for job 99: {'job_id': 99, 'status': 'in_progress', 'timestamp': '2025-12-15T16:48:50.865414', 'data': {'type': 'text', 'response': 'Hello! It looks like you mentioned a couple of topics related to quantum technology and a clinical study'}}
2025-12-15 16:48:50,913 - [Quantum_e2e_20251215_nova_dll.py:287] - [on_result] - DEBUG - 接收到 in_progress 且类型为text的消息，当前token计数: 20
2025-12-15 16:48:50,914 - [Quantum_e2e_20251215_nova_dll.py:309] - [on_result] - INFO - Got result for job 99: {'job_id': 99, 'status': 'in_progress', 'timestamp': '2025-12-15T16:48:50.914414', 'data': {'type': 'text', 'response': 'Hello! It looks like you mentioned a couple of topics related to quantum technology and a clinical study on'}}
2025-12-15 16:48:50,976 - [Quantum_e2e_20251215_nova_dll.py:287] - [on_result] - DEBUG - 接收到 in_progress 且类型为text的消息，当前token计数: 21
2025-12-15 16:48:50,976 - [Quantum_e2e_20251215_nova_dll.py:309] - [on_result] - INFO - Got result for job 99: {'job_id': 99, 'status': 'in_progress', 'timestamp': '2025-12-15T16:48:50.976932', 'data': {'type': 'text', 'response': 'Hello! It looks like you mentioned a couple of topics related to quantum technology and a clinical study on cinnamon'}}
2025-12-15 16:48:51,024 - [Quantum_e2e_20251215_nova_dll.py:287] - [on_result] - DEBUG - 接收到 in_progress 且类型为text的消息，当前token计数: 22
2025-12-15 16:48:51,025 - [Quantum_e2e_20251215_nova_dll.py:309] - [on_result] - INFO - Got result for job 99: {'job_id': 99, 'status': 'in_progress', 'timestamp': '2025-12-15T16:48:51.025446', 'data': {'type': 'text', 'response': 'Hello! It looks like you mentioned a couple of topics related to quantum technology and a clinical study on cinnamon and'}}
2025-12-15 16:48:51,087 - [Quantum_e2e_20251215_nova_dll.py:287] - [on_result] - DEBUG - 接收到 in_progress 且类型为text的消息，当前token计数: 23
2025-12-15 16:48:51,088 - [Quantum_e2e_20251215_nova_dll.py:309] - [on_result] - INFO - Got result for job 99: {'job_id': 99, 'status': 'in_progress', 'timestamp': '2025-12-15T16:48:51.088137', 'data': {'type': 'text', 'response': 'Hello! It looks like you mentioned a couple of topics related to quantum technology and a clinical study on cinnamon and blood'}}
2025-12-15 16:48:51,166 - [Quantum_e2e_20251215_nova_dll.py:287] - [on_result] - DEBUG - 接收到 in_progress 且类型为text的消息，当前token计数: 24
2025-12-15 16:48:51,167 - [Quantum_e2e_20251215_nova_dll.py:309] - [on_result] - INFO - Got result for job 99: {'job_id': 99, 'status': 'in_progress', 'timestamp': '2025-12-15T16:48:51.167644', 'data': {'type': 'text', 'response': 'Hello! It looks like you mentioned a couple of topics related to quantum technology and a clinical study on cinnamon and blood pressure'}}
2025-12-15 16:48:51,196 - [Quantum_e2e_20251215_nova_dll.py:287] - [on_result] - DEBUG - 接收到 in_progress 且类型为text的消息，当前token计数: 25
2025-12-15 16:48:51,196 - [Quantum_e2e_20251215_nova_dll.py:309] - [on_result] - INFO - Got result for job 99: {'job_id': 99, 'status': 'in_progress', 'timestamp': '2025-12-15T16:48:51.196647', 'data': {'type': 'text', 'response': 'Hello! It looks like you mentioned a couple of topics related to quantum technology and a clinical study on cinnamon and blood pressure management'}}
2025-12-15 16:48:51,243 - [Quantum_e2e_20251215_nova_dll.py:287] - [on_result] - DEBUG - 接收到 in_progress 且类型为text的消息，当前token计数: 26
2025-12-15 16:48:51,244 - [Quantum_e2e_20251215_nova_dll.py:309] - [on_result] - INFO - Got result for job 99: {'job_id': 99, 'status': 'in_progress', 'timestamp': '2025-12-15T16:48:51.244171', 'data': {'type': 'text', 'response': 'Hello! It looks like you mentioned a couple of topics related to quantum technology and a clinical study on cinnamon and blood pressure management.'}}
2025-12-15 16:48:51,305 - [Quantum_e2e_20251215_nova_dll.py:287] - [on_result] - DEBUG - 接收到 in_progress 且类型为text的消息，当前token计数: 27
2025-12-15 16:48:51,306 - [Quantum_e2e_20251215_nova_dll.py:309] - [on_result] - INFO - Got result for job 99: {'job_id': 99, 'status': 'in_progress', 'timestamp': '2025-12-15T16:48:51.306696', 'data': {'type': 'text', 'response': 'Hello! It looks like you mentioned a couple of topics related to quantum technology and a clinical study on cinnamon and blood pressure management. If'}}
2025-12-15 16:48:51,369 - [Quantum_e2e_20251215_nova_dll.py:287] - [on_result] - DEBUG - 接收到 in_progress 且类型为text的消息，当前token计数: 28
2025-12-15 16:48:51,370 - [Quantum_e2e_20251215_nova_dll.py:309] - [on_result] - INFO - Got result for job 99: {'job_id': 99, 'status': 'in_progress', 'timestamp': '2025-12-15T16:48:51.370218', 'data': {'type': 'text', 'response': 'Hello! It looks like you mentioned a couple of topics related to quantum technology and a clinical study on cinnamon and blood pressure management. If you'}}
2025-12-15 16:48:51,417 - [Quantum_e2e_20251215_nova_dll.py:287] - [on_result] - DEBUG - 接收到 in_progress 且类型为text的消息，当前token计数: 29
2025-12-15 16:48:51,418 - [Quantum_e2e_20251215_nova_dll.py:309] - [on_result] - INFO - Got result for job 99: {'job_id': 99, 'status': 'in_progress', 'timestamp': '2025-12-15T16:48:51.418218', 'data': {'type': 'text', 'response': 'Hello! It looks like you mentioned a couple of topics related to quantum technology and a clinical study on cinnamon and blood pressure management. If you have'}}
2025-12-15 16:48:51,480 - [Quantum_e2e_20251215_nova_dll.py:287] - [on_result] - DEBUG - 接收到 in_progress 且类型为text的消息，当前token计数: 30
2025-12-15 16:48:51,481 - [Quantum_e2e_20251215_nova_dll.py:309] - [on_result] - INFO - Got result for job 99: {'job_id': 99, 'status': 'in_progress', 'timestamp': '2025-12-15T16:48:51.481737', 'data': {'type': 'text', 'response': 'Hello! It looks like you mentioned a couple of topics related to quantum technology and a clinical study on cinnamon and blood pressure management. If you have a'}}
2025-12-15 16:48:51,527 - [Quantum_e2e_20251215_nova_dll.py:287] - [on_result] - DEBUG - 接收到 in_progress 且类型为text的消息，当前token计数: 31
2025-12-15 16:48:51,528 - [Quantum_e2e_20251215_nova_dll.py:309] - [on_result] - INFO - Got result for job 99: {'job_id': 99, 'status': 'in_progress', 'timestamp': '2025-12-15T16:48:51.528254', 'data': {'type': 'text', 'response': 'Hello! It looks like you mentioned a couple of topics related to quantum technology and a clinical study on cinnamon and blood pressure management. If you have a specific'}}
2025-12-15 16:48:51,589 - [Quantum_e2e_20251215_nova_dll.py:287] - [on_result] - DEBUG - 接收到 in_progress 且类型为text的消息，当前token计数: 32
2025-12-15 16:48:51,590 - [Quantum_e2e_20251215_nova_dll.py:309] - [on_result] - INFO - Got result for job 99: {'job_id': 99, 'status': 'in_progress', 'timestamp': '2025-12-15T16:48:51.590599', 'data': {'type': 'text', 'response': 'Hello! It looks like you mentioned a couple of topics related to quantum technology and a clinical study on cinnamon and blood pressure management. If you have a specific question'}}
2025-12-15 16:48:51,637 - [Quantum_e2e_20251215_nova_dll.py:287] - [on_result] - DEBUG - 接收到 in_progress 且类型为text的消息，当前token计数: 33
2025-12-15 16:48:51,638 - [Quantum_e2e_20251215_nova_dll.py:309] - [on_result] - INFO - Got result for job 99: {'job_id': 99, 'status': 'in_progress', 'timestamp': '2025-12-15T16:48:51.638115', 'data': {'type': 'text', 'response': 'Hello! It looks like you mentioned a couple of topics related to quantum technology and a clinical study on cinnamon and blood pressure management. If you have a specific question about'}}
2025-12-15 16:48:51,700 - [Quantum_e2e_20251215_nova_dll.py:287] - [on_result] - DEBUG - 接收到 in_progress 且类型为text的消息，当前token计数: 34
2025-12-15 16:48:51,701 - [Quantum_e2e_20251215_nova_dll.py:309] - [on_result] - INFO - Got result for job 99: {'job_id': 99, 'status': 'in_progress', 'timestamp': '2025-12-15T16:48:51.701117', 'data': {'type': 'text', 'response': 'Hello! It looks like you mentioned a couple of topics related to quantum technology and a clinical study on cinnamon and blood pressure management. If you have a specific question about either'}}
2025-12-15 16:48:51,763 - [Quantum_e2e_20251215_nova_dll.py:287] - [on_result] - DEBUG - 接收到 in_progress 且类型为text的消息，当前token计数: 35
2025-12-15 16:48:51,764 - [Quantum_e2e_20251215_nova_dll.py:309] - [on_result] - INFO - Got result for job 99: {'job_id': 99, 'status': 'in_progress', 'timestamp': '2025-12-15T16:48:51.764642', 'data': {'type': 'text', 'response': 'Hello! It looks like you mentioned a couple of topics related to quantum technology and a clinical study on cinnamon and blood pressure management. If you have a specific question about either of'}}
2025-12-15 16:48:51,811 - [Quantum_e2e_20251215_nova_dll.py:287] - [on_result] - DEBUG - 接收到 in_progress 且类型为text的消息，当前token计数: 36
2025-12-15 16:48:51,812 - [Quantum_e2e_20251215_nova_dll.py:309] - [on_result] - INFO - Got result for job 99: {'job_id': 99, 'status': 'in_progress', 'timestamp': '2025-12-15T16:48:51.812166', 'data': {'type': 'text', 'response': 'Hello! It looks like you mentioned a couple of topics related to quantum technology and a clinical study on cinnamon and blood pressure management. If you have a specific question about either of these'}}
2025-12-15 16:48:51,872 - [Quantum_e2e_20251215_nova_dll.py:287] - [on_result] - DEBUG - 接收到 in_progress 且类型为text的消息，当前token计数: 37
2025-12-15 16:48:51,873 - [Quantum_e2e_20251215_nova_dll.py:309] - [on_result] - INFO - Got result for job 99: {'job_id': 99, 'status': 'in_progress', 'timestamp': '2025-12-15T16:48:51.873677', 'data': {'type': 'text', 'response': 'Hello! It looks like you mentioned a couple of topics related to quantum technology and a clinical study on cinnamon and blood pressure management. If you have a specific question about either of these topics'}}
2025-12-15 16:48:51,936 - [Quantum_e2e_20251215_nova_dll.py:287] - [on_result] - DEBUG - 接收到 in_progress 且类型为text的消息，当前token计数: 38
2025-12-15 16:48:51,937 - [Quantum_e2e_20251215_nova_dll.py:309] - [on_result] - INFO - Got result for job 99: {'job_id': 99, 'status': 'in_progress', 'timestamp': '2025-12-15T16:48:51.937197', 'data': {'type': 'text', 'response': 'Hello! It looks like you mentioned a couple of topics related to quantum technology and a clinical study on cinnamon and blood pressure management. If you have a specific question about either of these topics,'}}
2025-12-15 16:48:51,982 - [Quantum_e2e_20251215_nova_dll.py:287] - [on_result] - DEBUG - 接收到 in_progress 且类型为text的消息，当前token计数: 39
2025-12-15 16:48:51,983 - [Quantum_e2e_20251215_nova_dll.py:309] - [on_result] - INFO - Got result for job 99: {'job_id': 99, 'status': 'in_progress', 'timestamp': '2025-12-15T16:48:51.983195', 'data': {'type': 'text', 'response': 'Hello! It looks like you mentioned a couple of topics related to quantum technology and a clinical study on cinnamon and blood pressure management. If you have a specific question about either of these topics, feel'}}
2025-12-15 16:48:52,045 - [Quantum_e2e_20251215_nova_dll.py:287] - [on_result] - DEBUG - 接收到 in_progress 且类型为text的消息，当前token计数: 40
2025-12-15 16:48:52,046 - [Quantum_e2e_20251215_nova_dll.py:309] - [on_result] - INFO - Got result for job 99: {'job_id': 99, 'status': 'in_progress', 'timestamp': '2025-12-15T16:48:52.046227', 'data': {'type': 'text', 'response': 'Hello! It looks like you mentioned a couple of topics related to quantum technology and a clinical study on cinnamon and blood pressure management. If you have a specific question about either of these topics, feel free'}}
2025-12-15 16:48:52,092 - [Quantum_e2e_20251215_nova_dll.py:287] - [on_result] - DEBUG - 接收到 in_progress 且类型为text的消息，当前token计数: 41
2025-12-15 16:48:52,093 - [Quantum_e2e_20251215_nova_dll.py:309] - [on_result] - INFO - Got result for job 99: {'job_id': 99, 'status': 'in_progress', 'timestamp': '2025-12-15T16:48:52.093229', 'data': {'type': 'text', 'response': 'Hello! It looks like you mentioned a couple of topics related to quantum technology and a clinical study on cinnamon and blood pressure management. If you have a specific question about either of these topics, feel free to'}}
2025-12-15 16:48:52,153 - [Quantum_e2e_20251215_nova_dll.py:287] - [on_result] - DEBUG - 接收到 in_progress 且类型为text的消息，当前token计数: 42
2025-12-15 16:48:52,154 - [Quantum_e2e_20251215_nova_dll.py:309] - [on_result] - INFO - Got result for job 99: {'job_id': 99, 'status': 'in_progress', 'timestamp': '2025-12-15T16:48:52.154748', 'data': {'type': 'text', 'response': 'Hello! It looks like you mentioned a couple of topics related to quantum technology and a clinical study on cinnamon and blood pressure management. If you have a specific question about either of these topics, feel free to ask'}}
2025-12-15 16:48:52,216 - [Quantum_e2e_20251215_nova_dll.py:287] - [on_result] - DEBUG - 接收到 in_progress 且类型为text的消息，当前token计数: 43
2025-12-15 16:48:52,217 - [Quantum_e2e_20251215_nova_dll.py:309] - [on_result] - INFO - Got result for job 99: {'job_id': 99, 'status': 'in_progress', 'timestamp': '2025-12-15T16:48:52.217748', 'data': {'type': 'text', 'response': 'Hello! It looks like you mentioned a couple of topics related to quantum technology and a clinical study on cinnamon and blood pressure management. If you have a specific question about either of these topics, feel free to ask!'}}
2025-12-15 16:48:52,264 - [Quantum_e2e_20251215_nova_dll.py:287] - [on_result] - DEBUG - 接收到 in_progress 且类型为text的消息，当前token计数: 44
2025-12-15 16:48:52,265 - [Quantum_e2e_20251215_nova_dll.py:309] - [on_result] - INFO - Got result for job 99: {'job_id': 99, 'status': 'in_progress', 'timestamp': '2025-12-15T16:48:52.265216', 'data': {'type': 'text', 'response': 'Hello! It looks like you mentioned a couple of topics related to quantum technology and a clinical study on cinnamon and blood pressure management. If you have a specific question about either of these topics, feel free to ask! Here'}}
2025-12-15 16:48:52,327 - [Quantum_e2e_20251215_nova_dll.py:287] - [on_result] - DEBUG - 接收到 in_progress 且类型为text的消息，当前token计数: 45
2025-12-15 16:48:52,327 - [Quantum_e2e_20251215_nova_dll.py:309] - [on_result] - INFO - Got result for job 99: {'job_id': 99, 'status': 'in_progress', 'timestamp': '2025-12-15T16:48:52.327739', 'data': {'type': 'text', 'response': 'Hello! It looks like you mentioned a couple of topics related to quantum technology and a clinical study on cinnamon and blood pressure management. If you have a specific question about either of these topics, feel free to ask! Here are'}}
2025-12-15 16:48:52,391 - [Quantum_e2e_20251215_nova_dll.py:287] - [on_result] - DEBUG - 接收到 in_progress 且类型为text的消息，当前token计数: 46
2025-12-15 16:48:52,392 - [Quantum_e2e_20251215_nova_dll.py:309] - [on_result] - INFO - Got result for job 99: {'job_id': 99, 'status': 'in_progress', 'timestamp': '2025-12-15T16:48:52.391251', 'data': {'type': 'text', 'response': 'Hello! It looks like you mentioned a couple of topics related to quantum technology and a clinical study on cinnamon and blood pressure management. If you have a specific question about either of these topics, feel free to ask! Here are a'}}
2025-12-15 16:48:52,438 - [Quantum_e2e_20251215_nova_dll.py:287] - [on_result] - DEBUG - 接收到 in_progress 且类型为text的消息，当前token计数: 47
2025-12-15 16:48:52,439 - [Quantum_e2e_20251215_nova_dll.py:309] - [on_result] - INFO - Got result for job 99: {'job_id': 99, 'status': 'in_progress', 'timestamp': '2025-12-15T16:48:52.439765', 'data': {'type': 'text', 'response': 'Hello! It looks like you mentioned a couple of topics related to quantum technology and a clinical study on cinnamon and blood pressure management. If you have a specific question about either of these topics, feel free to ask! Here are a couple'}}
2025-12-15 16:48:52,502 - [Quantum_e2e_20251215_nova_dll.py:287] - [on_result] - DEBUG - 接收到 in_progress 且类型为text的消息，当前token计数: 48
2025-12-15 16:48:52,503 - [Quantum_e2e_20251215_nova_dll.py:309] - [on_result] - INFO - Got result for job 99: {'job_id': 99, 'status': 'in_progress', 'timestamp': '2025-12-15T16:48:52.503277', 'data': {'type': 'text', 'response': 'Hello! It looks like you mentioned a couple of topics related to quantum technology and a clinical study on cinnamon and blood pressure management. If you have a specific question about either of these topics, feel free to ask! Here are a couple of'}}
2025-12-15 16:48:52,550 - [Quantum_e2e_20251215_nova_dll.py:287] - [on_result] - DEBUG - 接收到 in_progress 且类型为text的消息，当前token计数: 49
2025-12-15 16:48:52,551 - [Quantum_e2e_20251215_nova_dll.py:309] - [on_result] - INFO - Got result for job 99: {'job_id': 99, 'status': 'in_progress', 'timestamp': '2025-12-15T16:48:52.551815', 'data': {'type': 'text', 'response': 'Hello! It looks like you mentioned a couple of topics related to quantum technology and a clinical study on cinnamon and blood pressure management. If you have a specific question about either of these topics, feel free to ask! Here are a couple of clar'}}
2025-12-15 16:48:52,614 - [Quantum_e2e_20251215_nova_dll.py:287] - [on_result] - DEBUG - 接收到 in_progress 且类型为text的消息，当前token计数: 50
2025-12-15 16:48:52,615 - [Quantum_e2e_20251215_nova_dll.py:309] - [on_result] - INFO - Got result for job 99: {'job_id': 99, 'status': 'in_progress', 'timestamp': '2025-12-15T16:48:52.615812', 'data': {'type': 'text', 'response': 'Hello! It looks like you mentioned a couple of topics related to quantum technology and a clinical study on cinnamon and blood pressure management. If you have a specific question about either of these topics, feel free to ask! Here are a couple of clarifications'}}
2025-12-15 16:48:52,662 - [Quantum_e2e_20251215_nova_dll.py:287] - [on_result] - DEBUG - 接收到 in_progress 且类型为text的消息，当前token计数: 51
2025-12-15 16:48:52,663 - [Quantum_e2e_20251215_nova_dll.py:309] - [on_result] - INFO - Got result for job 99: {'job_id': 99, 'status': 'in_progress', 'timestamp': '2025-12-15T16:48:52.663925', 'data': {'type': 'text', 'response': 'Hello! It looks like you mentioned a couple of topics related to quantum technology and a clinical study on cinnamon and blood pressure management. If you have a specific question about either of these topics, feel free to ask! Here are a couple of clarifications:\n\n'}}
2025-12-15 16:48:52,726 - [Quantum_e2e_20251215_nova_dll.py:287] - [on_result] - DEBUG - 接收到 in_progress 且类型为text的消息，当前token计数: 52
2025-12-15 16:48:52,727 - [Quantum_e2e_20251215_nova_dll.py:309] - [on_result] - INFO - Got result for job 99: {'job_id': 99, 'status': 'in_progress', 'timestamp': '2025-12-15T16:48:52.727929', 'data': {'type': 'text', 'response': 'Hello! It looks like you mentioned a couple of topics related to quantum technology and a clinical study on cinnamon and blood pressure management. If you have a specific question about either of these topics, feel free to ask! Here are a couple of clarifications:\n\n1'}}
2025-12-15 16:48:52,789 - [Quantum_e2e_20251215_nova_dll.py:287] - [on_result] - DEBUG - 接收到 in_progress 且类型为text的消息，当前token计数: 53
2025-12-15 16:48:52,790 - [Quantum_e2e_20251215_nova_dll.py:309] - [on_result] - INFO - Got result for job 99: {'job_id': 99, 'status': 'in_progress', 'timestamp': '2025-12-15T16:48:52.790452', 'data': {'type': 'text', 'response': 'Hello! It looks like you mentioned a couple of topics related to quantum technology and a clinical study on cinnamon and blood pressure management. If you have a specific question about either of these topics, feel free to ask! Here are a couple of clarifications:\n\n1.'}}
2025-12-15 16:48:52,836 - [Quantum_e2e_20251215_nova_dll.py:287] - [on_result] - DEBUG - 接收到 in_progress 且类型为text的消息，当前token计数: 54
2025-12-15 16:48:52,836 - [Quantum_e2e_20251215_nova_dll.py:309] - [on_result] - INFO - Got result for job 99: {'job_id': 99, 'status': 'in_progress', 'timestamp': '2025-12-15T16:48:52.836479', 'data': {'type': 'text', 'response': 'Hello! It looks like you mentioned a couple of topics related to quantum technology and a clinical study on cinnamon and blood pressure management. If you have a specific question about either of these topics, feel free to ask! Here are a couple of clarifications:\n\n1. **'}}
2025-12-15 16:48:52,899 - [Quantum_e2e_20251215_nova_dll.py:287] - [on_result] - DEBUG - 接收到 in_progress 且类型为text的消息，当前token计数: 55
2025-12-15 16:48:52,900 - [Quantum_e2e_20251215_nova_dll.py:309] - [on_result] - INFO - Got result for job 99: {'job_id': 99, 'status': 'in_progress', 'timestamp': '2025-12-15T16:48:52.900481', 'data': {'type': 'text', 'response': 'Hello! It looks like you mentioned a couple of topics related to quantum technology and a clinical study on cinnamon and blood pressure management. If you have a specific question about either of these topics, feel free to ask! Here are a couple of clarifications:\n\n1. **Quantum'}}
2025-12-15 16:48:52,946 - [Quantum_e2e_20251215_nova_dll.py:287] - [on_result] - DEBUG - 接收到 in_progress 且类型为text的消息，当前token计数: 56
2025-12-15 16:48:52,947 - [Quantum_e2e_20251215_nova_dll.py:309] - [on_result] - INFO - Got result for job 99: {'job_id': 99, 'status': 'in_progress', 'timestamp': '2025-12-15T16:48:52.947018', 'data': {'type': 'text', 'response': 'Hello! It looks like you mentioned a couple of topics related to quantum technology and a clinical study on cinnamon and blood pressure management. If you have a specific question about either of these topics, feel free to ask! Here are a couple of clarifications:\n\n1. **Quantum Technology'}}
2025-12-15 16:48:53,009 - [Quantum_e2e_20251215_nova_dll.py:287] - [on_result] - DEBUG - 接收到 in_progress 且类型为text的消息，当前token计数: 57
2025-12-15 16:48:53,010 - [Quantum_e2e_20251215_nova_dll.py:309] - [on_result] - INFO - Got result for job 99: {'job_id': 99, 'status': 'in_progress', 'timestamp': '2025-12-15T16:48:53.009525', 'data': {'type': 'text', 'response': 'Hello! It looks like you mentioned a couple of topics related to quantum technology and a clinical study on cinnamon and blood pressure management. If you have a specific question about either of these topics, feel free to ask! Here are a couple of clarifications:\n\n1. **Quantum Technology**'}}
2025-12-15 16:48:53,072 - [Quantum_e2e_20251215_nova_dll.py:287] - [on_result] - DEBUG - 接收到 in_progress 且类型为text的消息，当前token计数: 58
2025-12-15 16:48:53,073 - [Quantum_e2e_20251215_nova_dll.py:309] - [on_result] - INFO - Got result for job 99: {'job_id': 99, 'status': 'in_progress', 'timestamp': '2025-12-15T16:48:53.073048', 'data': {'type': 'text', 'response': 'Hello! It looks like you mentioned a couple of topics related to quantum technology and a clinical study on cinnamon and blood pressure management. If you have a specific question about either of these topics, feel free to ask! Here are a couple of clarifications:\n\n1. **Quantum Technology**:'}}
2025-12-15 16:48:53,120 - [Quantum_e2e_20251215_nova_dll.py:287] - [on_result] - DEBUG - 接收到 in_progress 且类型为text的消息，当前token计数: 59
2025-12-15 16:48:53,121 - [Quantum_e2e_20251215_nova_dll.py:309] - [on_result] - INFO - Got result for job 99: {'job_id': 99, 'status': 'in_progress', 'timestamp': '2025-12-15T16:48:53.121046', 'data': {'type': 'text', 'response': 'Hello! It looks like you mentioned a couple of topics related to quantum technology and a clinical study on cinnamon and blood pressure management. If you have a specific question about either of these topics, feel free to ask! Here are a couple of clarifications:\n\n1. **Quantum Technology**:  \n'}}
2025-12-15 16:48:53,183 - [Quantum_e2e_20251215_nova_dll.py:287] - [on_result] - DEBUG - 接收到 in_progress 且类型为text的消息，当前token计数: 60
2025-12-15 16:48:53,184 - [Quantum_e2e_20251215_nova_dll.py:309] - [on_result] - INFO - Got result for job 99: {'job_id': 99, 'status': 'in_progress', 'timestamp': '2025-12-15T16:48:53.184080', 'data': {'type': 'text', 'response': 'Hello! It looks like you mentioned a couple of topics related to quantum technology and a clinical study on cinnamon and blood pressure management. If you have a specific question about either of these topics, feel free to ask! Here are a couple of clarifications:\n\n1. **Quantum Technology**:  \n  '}}
2025-12-15 16:48:53,231 - [Quantum_e2e_20251215_nova_dll.py:287] - [on_result] - DEBUG - 接收到 in_progress 且类型为text的消息，当前token计数: 61
2025-12-15 16:48:53,232 - [Quantum_e2e_20251215_nova_dll.py:309] - [on_result] - INFO - Got result for job 99: {'job_id': 99, 'status': 'in_progress', 'timestamp': '2025-12-15T16:48:53.232084', 'data': {'type': 'text', 'response': 'Hello! It looks like you mentioned a couple of topics related to quantum technology and a clinical study on cinnamon and blood pressure management. If you have a specific question about either of these topics, feel free to ask! Here are a couple of clarifications:\n\n1. **Quantum Technology**:  \n   -'}}
2025-12-15 16:48:53,293 - [Quantum_e2e_20251215_nova_dll.py:287] - [on_result] - DEBUG - 接收到 in_progress 且类型为text的消息，当前token计数: 62
2025-12-15 16:48:53,294 - [Quantum_e2e_20251215_nova_dll.py:309] - [on_result] - INFO - Got result for job 99: {'job_id': 99, 'status': 'in_progress', 'timestamp': '2025-12-15T16:48:53.294262', 'data': {'type': 'text', 'response': 'Hello! It looks like you mentioned a couple of topics related to quantum technology and a clinical study on cinnamon and blood pressure management. If you have a specific question about either of these topics, feel free to ask! Here are a couple of clarifications:\n\n1. **Quantum Technology**:  \n   - **'}}
2025-12-15 16:48:53,356 - [Quantum_e2e_20251215_nova_dll.py:287] - [on_result] - DEBUG - 接收到 in_progress 且类型为text的消息，当前token计数: 63
2025-12-15 16:48:53,356 - [Quantum_e2e_20251215_nova_dll.py:309] - [on_result] - INFO - Got result for job 99: {'job_id': 99, 'status': 'in_progress', 'timestamp': '2025-12-15T16:48:53.356289', 'data': {'type': 'text', 'response': 'Hello! It looks like you mentioned a couple of topics related to quantum technology and a clinical study on cinnamon and blood pressure management. If you have a specific question about either of these topics, feel free to ask! Here are a couple of clarifications:\n\n1. **Quantum Technology**:  \n   - **Quant'}}
2025-12-15 16:48:53,403 - [Quantum_e2e_20251215_nova_dll.py:287] - [on_result] - DEBUG - 接收到 in_progress 且类型为text的消息，当前token计数: 64
2025-12-15 16:48:53,404 - [Quantum_e2e_20251215_nova_dll.py:309] - [on_result] - INFO - Got result for job 99: {'job_id': 99, 'status': 'in_progress', 'timestamp': '2025-12-15T16:48:53.404289', 'data': {'type': 'text', 'response': 'Hello! It looks like you mentioned a couple of topics related to quantum technology and a clinical study on cinnamon and blood pressure management. If you have a specific question about either of these topics, feel free to ask! Here are a couple of clarifications:\n\n1. **Quantum Technology**:  \n   - **QuantFi'}}
2025-12-15 16:48:53,466 - [Quantum_e2e_20251215_nova_dll.py:287] - [on_result] - DEBUG - 接收到 in_progress 且类型为text的消息，当前token计数: 65
2025-12-15 16:48:53,467 - [Quantum_e2e_20251215_nova_dll.py:309] - [on_result] - INFO - Got result for job 99: {'job_id': 99, 'status': 'in_progress', 'timestamp': '2025-12-15T16:48:53.467815', 'data': {'type': 'text', 'response': 'Hello! It looks like you mentioned a couple of topics related to quantum technology and a clinical study on cinnamon and blood pressure management. If you have a specific question about either of these topics, feel free to ask! Here are a couple of clarifications:\n\n1. **Quantum Technology**:  \n   - **QuantFi and'}}
2025-12-15 16:48:53,531 - [Quantum_e2e_20251215_nova_dll.py:287] - [on_result] - DEBUG - 接收到 in_progress 且类型为text的消息，当前token计数: 66
2025-12-15 16:48:53,532 - [Quantum_e2e_20251215_nova_dll.py:309] - [on_result] - INFO - Got result for job 99: {'job_id': 99, 'status': 'in_progress', 'timestamp': '2025-12-15T16:48:53.532328', 'data': {'type': 'text', 'response': 'Hello! It looks like you mentioned a couple of topics related to quantum technology and a clinical study on cinnamon and blood pressure management. If you have a specific question about either of these topics, feel free to ask! Here are a couple of clarifications:\n\n1. **Quantum Technology**:  \n   - **QuantFi and Q'}}
2025-12-15 16:48:53,577 - [Quantum_e2e_20251215_nova_dll.py:287] - [on_result] - DEBUG - 接收到 in_progress 且类型为text的消息，当前token计数: 67
2025-12-15 16:48:53,578 - [Quantum_e2e_20251215_nova_dll.py:309] - [on_result] - INFO - Got result for job 99: {'job_id': 99, 'status': 'in_progress', 'timestamp': '2025-12-15T16:48:53.578835', 'data': {'type': 'text', 'response': 'Hello! It looks like you mentioned a couple of topics related to quantum technology and a clinical study on cinnamon and blood pressure management. If you have a specific question about either of these topics, feel free to ask! Here are a couple of clarifications:\n\n1. **Quantum Technology**:  \n   - **QuantFi and QURE'}}
2025-12-15 16:48:53,640 - [Quantum_e2e_20251215_nova_dll.py:287] - [on_result] - DEBUG - 接收到 in_progress 且类型为text的消息，当前token计数: 68
2025-12-15 16:48:53,641 - [Quantum_e2e_20251215_nova_dll.py:309] - [on_result] - INFO - Got result for job 99: {'job_id': 99, 'status': 'in_progress', 'timestamp': '2025-12-15T16:48:53.641275', 'data': {'type': 'text', 'response': 'Hello! It looks like you mentioned a couple of topics related to quantum technology and a clinical study on cinnamon and blood pressure management. If you have a specific question about either of these topics, feel free to ask! Here are a couple of clarifications:\n\n1. **Quantum Technology**:  \n   - **QuantFi and QURECA'}}
2025-12-15 16:48:53,701 - [Quantum_e2e_20251215_nova_dll.py:287] - [on_result] - DEBUG - 接收到 in_progress 且类型为text的消息，当前token计数: 69
2025-12-15 16:48:53,702 - [Quantum_e2e_20251215_nova_dll.py:309] - [on_result] - INFO - Got result for job 99: {'job_id': 99, 'status': 'in_progress', 'timestamp': '2025-12-15T16:48:53.702786', 'data': {'type': 'text', 'response': 'Hello! It looks like you mentioned a couple of topics related to quantum technology and a clinical study on cinnamon and blood pressure management. If you have a specific question about either of these topics, feel free to ask! Here are a couple of clarifications:\n\n1. **Quantum Technology**:  \n   - **QuantFi and QURECA**'}}
2025-12-15 16:48:53,749 - [Quantum_e2e_20251215_nova_dll.py:287] - [on_result] - DEBUG - 接收到 in_progress 且类型为text的消息，当前token计数: 70
2025-12-15 16:48:53,750 - [Quantum_e2e_20251215_nova_dll.py:309] - [on_result] - INFO - Got result for job 99: {'job_id': 99, 'status': 'in_progress', 'timestamp': '2025-12-15T16:48:53.750302', 'data': {'type': 'text', 'response': 'Hello! It looks like you mentioned a couple of topics related to quantum technology and a clinical study on cinnamon and blood pressure management. If you have a specific question about either of these topics, feel free to ask! Here are a couple of clarifications:\n\n1. **Quantum Technology**:  \n   - **QuantFi and QURECA** are'}}
2025-12-15 16:48:53,811 - [Quantum_e2e_20251215_nova_dll.py:287] - [on_result] - DEBUG - 接收到 in_progress 且类型为text的消息，当前token计数: 71
2025-12-15 16:48:53,812 - [Quantum_e2e_20251215_nova_dll.py:309] - [on_result] - INFO - Got result for job 99: {'job_id': 99, 'status': 'in_progress', 'timestamp': '2025-12-15T16:48:53.812836', 'data': {'type': 'text', 'response': 'Hello! It looks like you mentioned a couple of topics related to quantum technology and a clinical study on cinnamon and blood pressure management. If you have a specific question about either of these topics, feel free to ask! Here are a couple of clarifications:\n\n1. **Quantum Technology**:  \n   - **QuantFi and QURECA** are collaborating'}}
2025-12-15 16:48:53,875 - [Quantum_e2e_20251215_nova_dll.py:287] - [on_result] - DEBUG - 接收到 in_progress 且类型为text的消息，当前token计数: 72
2025-12-15 16:48:53,876 - [Quantum_e2e_20251215_nova_dll.py:309] - [on_result] - INFO - Got result for job 99: {'job_id': 99, 'status': 'in_progress', 'timestamp': '2025-12-15T16:48:53.876352', 'data': {'type': 'text', 'response': 'Hello! It looks like you mentioned a couple of topics related to quantum technology and a clinical study on cinnamon and blood pressure management. If you have a specific question about either of these topics, feel free to ask! Here are a couple of clarifications:\n\n1. **Quantum Technology**:  \n   - **QuantFi and QURECA** are collaborating to'}}
2025-12-15 16:48:53,968 - [Quantum_e2e_20251215_nova_dll.py:287] - [on_result] - DEBUG - 接收到 in_progress 且类型为text的消息，当前token计数: 73
2025-12-15 16:48:53,969 - [Quantum_e2e_20251215_nova_dll.py:309] - [on_result] - INFO - Got result for job 99: {'job_id': 99, 'status': 'in_progress', 'timestamp': '2025-12-15T16:48:53.969867', 'data': {'type': 'text', 'response': 'Hello! It looks like you mentioned a couple of topics related to quantum technology and a clinical study on cinnamon and blood pressure management. If you have a specific question about either of these topics, feel free to ask! Here are a couple of clarifications:\n\n1. **Quantum Technology**:  \n   - **QuantFi and QURECA** are collaborating to create'}}
2025-12-15 16:48:53,999 - [Quantum_e2e_20251215_nova_dll.py:287] - [on_result] - DEBUG - 接收到 in_progress 且类型为text的消息，当前token计数: 74
2025-12-15 16:48:54,000 - [Quantum_e2e_20251215_nova_dll.py:309] - [on_result] - INFO - Got result for job 99: {'job_id': 99, 'status': 'in_progress', 'timestamp': '2025-12-15T16:48:54.000380', 'data': {'type': 'text', 'response': 'Hello! It looks like you mentioned a couple of topics related to quantum technology and a clinical study on cinnamon and blood pressure management. If you have a specific question about either of these topics, feel free to ask! Here are a couple of clarifications:\n\n1. **Quantum Technology**:  \n   - **QuantFi and QURECA** are collaborating to create a'}}
2025-12-15 16:48:54,045 - [Quantum_e2e_20251215_nova_dll.py:287] - [on_result] - DEBUG - 接收到 in_progress 且类型为text的消息，当前token计数: 75
2025-12-15 16:48:54,046 - [Quantum_e2e_20251215_nova_dll.py:309] - [on_result] - INFO - Got result for job 99: {'job_id': 99, 'status': 'in_progress', 'timestamp': '2025-12-15T16:48:54.046900', 'data': {'type': 'text', 'response': 'Hello! It looks like you mentioned a couple of topics related to quantum technology and a clinical study on cinnamon and blood pressure management. If you have a specific question about either of these topics, feel free to ask! Here are a couple of clarifications:\n\n1. **Quantum Technology**:  \n   - **QuantFi and QURECA** are collaborating to create a training'}}
2025-12-15 16:48:54,108 - [Quantum_e2e_20251215_nova_dll.py:287] - [on_result] - DEBUG - 接收到 in_progress 且类型为text的消息，当前token计数: 76
2025-12-15 16:48:54,109 - [Quantum_e2e_20251215_nova_dll.py:309] - [on_result] - INFO - Got result for job 99: {'job_id': 99, 'status': 'in_progress', 'timestamp': '2025-12-15T16:48:54.109904', 'data': {'type': 'text', 'response': 'Hello! It looks like you mentioned a couple of topics related to quantum technology and a clinical study on cinnamon and blood pressure management. If you have a specific question about either of these topics, feel free to ask! Here are a couple of clarifications:\n\n1. **Quantum Technology**:  \n   - **QuantFi and QURECA** are collaborating to create a training course'}}
2025-12-15 16:48:54,171 - [Quantum_e2e_20251215_nova_dll.py:287] - [on_result] - DEBUG - 接收到 in_progress 且类型为text的消息，当前token计数: 77
2025-12-15 16:48:54,172 - [Quantum_e2e_20251215_nova_dll.py:309] - [on_result] - INFO - Got result for job 99: {'job_id': 99, 'status': 'in_progress', 'timestamp': '2025-12-15T16:48:54.172415', 'data': {'type': 'text', 'response': 'Hello! It looks like you mentioned a couple of topics related to quantum technology and a clinical study on cinnamon and blood pressure management. If you have a specific question about either of these topics, feel free to ask! Here are a couple of clarifications:\n\n1. **Quantum Technology**:  \n   - **QuantFi and QURECA** are collaborating to create a training course in'}}
2025-12-15 16:48:54,265 - [Quantum_e2e_20251215_nova_dll.py:287] - [on_result] - DEBUG - 接收到 in_progress 且类型为text的消息，当前token计数: 78
2025-12-15 16:48:54,266 - [Quantum_e2e_20251215_nova_dll.py:309] - [on_result] - INFO - Got result for job 99: {'job_id': 99, 'status': 'in_progress', 'timestamp': '2025-12-15T16:48:54.266517', 'data': {'type': 'text', 'response': 'Hello! It looks like you mentioned a couple of topics related to quantum technology and a clinical study on cinnamon and blood pressure management. If you have a specific question about either of these topics, feel free to ask! Here are a couple of clarifications:\n\n1. **Quantum Technology**:  \n   - **QuantFi and QURECA** are collaborating to create a training course in quantum'}}
2025-12-15 16:48:54,298 - [Quantum_e2e_20251215_nova_dll.py:287] - [on_result] - DEBUG - 接收到 in_progress 且类型为text的消息，当前token计数: 79
2025-12-15 16:48:54,299 - [Quantum_e2e_20251215_nova_dll.py:309] - [on_result] - INFO - Got result for job 99: {'job_id': 99, 'status': 'in_progress', 'timestamp': '2025-12-15T16:48:54.299042', 'data': {'type': 'text', 'response': 'Hello! It looks like you mentioned a couple of topics related to quantum technology and a clinical study on cinnamon and blood pressure management. If you have a specific question about either of these topics, feel free to ask! Here are a couple of clarifications:\n\n1. **Quantum Technology**:  \n   - **QuantFi and QURECA** are collaborating to create a training course in quantum computing'}}
2025-12-15 16:48:54,360 - [Quantum_e2e_20251215_nova_dll.py:287] - [on_result] - DEBUG - 接收到 in_progress 且类型为text的消息，当前token计数: 80
2025-12-15 16:48:54,361 - [Quantum_e2e_20251215_nova_dll.py:309] - [on_result] - INFO - Got result for job 99: {'job_id': 99, 'status': 'in_progress', 'timestamp': '2025-12-15T16:48:54.361554', 'data': {'type': 'text', 'response': 'Hello! It looks like you mentioned a couple of topics related to quantum technology and a clinical study on cinnamon and blood pressure management. If you have a specific question about either of these topics, feel free to ask! Here are a couple of clarifications:\n\n1. **Quantum Technology**:  \n   - **QuantFi and QURECA** are collaborating to create a training course in quantum computing for'}}
2025-12-15 16:48:54,423 - [Quantum_e2e_20251215_nova_dll.py:287] - [on_result] - DEBUG - 接收到 in_progress 且类型为text的消息，当前token计数: 81
2025-12-15 16:48:54,424 - [Quantum_e2e_20251215_nova_dll.py:309] - [on_result] - INFO - Got result for job 99: {'job_id': 99, 'status': 'in_progress', 'timestamp': '2025-12-15T16:48:54.424558', 'data': {'type': 'text', 'response': 'Hello! It looks like you mentioned a couple of topics related to quantum technology and a clinical study on cinnamon and blood pressure management. If you have a specific question about either of these topics, feel free to ask! Here are a couple of clarifications:\n\n1. **Quantum Technology**:  \n   - **QuantFi and QURECA** are collaborating to create a training course in quantum computing for finance'}}
2025-12-15 16:48:54,471 - [Quantum_e2e_20251215_nova_dll.py:287] - [on_result] - DEBUG - 接收到 in_progress 且类型为text的消息，当前token计数: 82
2025-12-15 16:48:54,472 - [Quantum_e2e_20251215_nova_dll.py:309] - [on_result] - INFO - Got result for job 99: {'job_id': 99, 'status': 'in_progress', 'timestamp': '2025-12-15T16:48:54.472070', 'data': {'type': 'text', 'response': 'Hello! It looks like you mentioned a couple of topics related to quantum technology and a clinical study on cinnamon and blood pressure management. If you have a specific question about either of these topics, feel free to ask! Here are a couple of clarifications:\n\n1. **Quantum Technology**:  \n   - **QuantFi and QURECA** are collaborating to create a training course in quantum computing for finance ('}}
2025-12-15 16:48:54,534 - [Quantum_e2e_20251215_nova_dll.py:287] - [on_result] - DEBUG - 接收到 in_progress 且类型为text的消息，当前token计数: 83
2025-12-15 16:48:54,536 - [Quantum_e2e_20251215_nova_dll.py:309] - [on_result] - INFO - Got result for job 99: {'job_id': 99, 'status': 'in_progress', 'timestamp': '2025-12-15T16:48:54.535582', 'data': {'type': 'text', 'response': 'Hello! It looks like you mentioned a couple of topics related to quantum technology and a clinical study on cinnamon and blood pressure management. If you have a specific question about either of these topics, feel free to ask! Here are a couple of clarifications:\n\n1. **Quantum Technology**:  \n   - **QuantFi and QURECA** are collaborating to create a training course in quantum computing for finance (202'}}
2025-12-15 16:48:54,601 - [Quantum_e2e_20251215_nova_dll.py:287] - [on_result] - DEBUG - 接收到 in_progress 且类型为text的消息，当前token计数: 84
2025-12-15 16:49:05,777 - [Quantum_e2e_20251215_nova_dll.py:309] - [on_result] - INFO - Got result for job 99: {'job_id': 99, 'status': 'in_progress', 'timestamp': '2025-12-15T16:49:05.777519', 'data': {'type': 'text', 'response': 'Hello! It looks like you mentioned a couple of topics related to quantum technology and a clinical study on cinnamon and blood pressure management. If you have a specific question about either of these topics, feel free to ask! Here are a couple of clarifications:\n\n1. **Quantum Technology**:  \n   - **QuantFi and QURECA** are collaborating to create a training course in quantum computing for finance (2021'}}
2025-12-15 16:49:05,777 - [Quantum_e2e_20251215_nova_dll.py:287] - [on_result] - DEBUG - 接收到 in_progress 且类型为text的消息，当前token计数: 85
2025-12-15 16:49:05,778 - [Quantum_e2e_20251215_nova_dll.py:309] - [on_result] - INFO - Got result for job 99: {'job_id': 99, 'status': 'in_progress', 'timestamp': '2025-12-15T16:49:05.778519', 'data': {'type': 'text', 'response': 'Hello! It looks like you mentioned a couple of topics related to quantum technology and a clinical study on cinnamon and blood pressure management. If you have a specific question about either of these topics, feel free to ask! Here are a couple of clarifications:\n\n1. **Quantum Technology**:  \n   - **QuantFi and QURECA** are collaborating to create a training course in quantum computing for finance (2021).'}}
2025-12-15 16:49:05,778 - [Quantum_e2e_20251215_nova_dll.py:287] - [on_result] - DEBUG - 接收到 in_progress 且类型为text的消息，当前token计数: 86
2025-12-15 16:49:05,778 - [Quantum_e2e_20251215_nova_dll.py:309] - [on_result] - INFO - Got result for job 99: {'job_id': 99, 'status': 'in_progress', 'timestamp': '2025-12-15T16:49:05.778519', 'data': {'type': 'text', 'response': 'Hello! It looks like you mentioned a couple of topics related to quantum technology and a clinical study on cinnamon and blood pressure management. If you have a specific question about either of these topics, feel free to ask! Here are a couple of clarifications:\n\n1. **Quantum Technology**:  \n   - **QuantFi and QURECA** are collaborating to create a training course in quantum computing for finance (2021).  \n'}}
2025-12-15 16:49:05,779 - [Quantum_e2e_20251215_nova_dll.py:287] - [on_result] - DEBUG - 接收到 in_progress 且类型为text的消息，当前token计数: 87
2025-12-15 16:49:05,779 - [Quantum_e2e_20251215_nova_dll.py:309] - [on_result] - INFO - Got result for job 99: {'job_id': 99, 'status': 'in_progress', 'timestamp': '2025-12-15T16:49:05.779528', 'data': {'type': 'text', 'response': 'Hello! It looks like you mentioned a couple of topics related to quantum technology and a clinical study on cinnamon and blood pressure management. If you have a specific question about either of these topics, feel free to ask! Here are a couple of clarifications:\n\n1. **Quantum Technology**:  \n   - **QuantFi and QURECA** are collaborating to create a training course in quantum computing for finance (2021).  \n  '}}
2025-12-15 16:49:05,779 - [Quantum_e2e_20251215_nova_dll.py:287] - [on_result] - DEBUG - 接收到 in_progress 且类型为text的消息，当前token计数: 88
2025-12-15 16:49:05,779 - [Quantum_e2e_20251215_nova_dll.py:309] - [on_result] - INFO - Got result for job 99: {'job_id': 99, 'status': 'in_progress', 'timestamp': '2025-12-15T16:49:05.779528', 'data': {'type': 'text', 'response': 'Hello! It looks like you mentioned a couple of topics related to quantum technology and a clinical study on cinnamon and blood pressure management. If you have a specific question about either of these topics, feel free to ask! Here are a couple of clarifications:\n\n1. **Quantum Technology**:  \n   - **QuantFi and QURECA** are collaborating to create a training course in quantum computing for finance (2021).  \n   -'}}
2025-12-15 16:49:05,779 - [Quantum_e2e_20251215_nova_dll.py:287] - [on_result] - DEBUG - 接收到 in_progress 且类型为text的消息，当前token计数: 89
2025-12-15 16:49:05,780 - [Quantum_e2e_20251215_nova_dll.py:309] - [on_result] - INFO - Got result for job 99: {'job_id': 99, 'status': 'in_progress', 'timestamp': '2025-12-15T16:49:05.780527', 'data': {'type': 'text', 'response': 'Hello! It looks like you mentioned a couple of topics related to quantum technology and a clinical study on cinnamon and blood pressure management. If you have a specific question about either of these topics, feel free to ask! Here are a couple of clarifications:\n\n1. **Quantum Technology**:  \n   - **QuantFi and QURECA** are collaborating to create a training course in quantum computing for finance (2021).  \n   - Microsoft'}}
2025-12-15 16:49:05,780 - [Quantum_e2e_20251215_nova_dll.py:287] - [on_result] - DEBUG - 接收到 in_progress 且类型为text的消息，当前token计数: 90
2025-12-15 16:49:05,780 - [Quantum_e2e_20251215_nova_dll.py:309] - [on_result] - INFO - Got result for job 99: {'job_id': 99, 'status': 'in_progress', 'timestamp': '2025-12-15T16:49:05.780527', 'data': {'type': 'text', 'response': 'Hello! It looks like you mentioned a couple of topics related to quantum technology and a clinical study on cinnamon and blood pressure management. If you have a specific question about either of these topics, feel free to ask! Here are a couple of clarifications:\n\n1. **Quantum Technology**:  \n   - **QuantFi and QURECA** are collaborating to create a training course in quantum computing for finance (2021).  \n   - Microsoft and'}}
2025-12-15 16:49:05,781 - [Quantum_e2e_20251215_nova_dll.py:287] - [on_result] - DEBUG - 接收到 in_progress 且类型为text的消息，当前token计数: 91
2025-12-15 16:49:05,781 - [Quantum_e2e_20251215_nova_dll.py:309] - [on_result] - INFO - Got result for job 99: {'job_id': 99, 'status': 'in_progress', 'timestamp': '2025-12-15T16:49:05.781527', 'data': {'type': 'text', 'response': 'Hello! It looks like you mentioned a couple of topics related to quantum technology and a clinical study on cinnamon and blood pressure management. If you have a specific question about either of these topics, feel free to ask! Here are a couple of clarifications:\n\n1. **Quantum Technology**:  \n   - **QuantFi and QURECA** are collaborating to create a training course in quantum computing for finance (2021).  \n   - Microsoft and the'}}
2025-12-15 16:49:05,781 - [Quantum_e2e_20251215_nova_dll.py:287] - [on_result] - DEBUG - 接收到 in_progress 且类型为text的消息，当前token计数: 92
2025-12-15 16:49:05,782 - [Quantum_e2e_20251215_nova_dll.py:309] - [on_result] - INFO - Got result for job 99: {'job_id': 99, 'status': 'in_progress', 'timestamp': '2025-12-15T16:49:05.782527', 'data': {'type': 'text', 'response': 'Hello! It looks like you mentioned a couple of topics related to quantum technology and a clinical study on cinnamon and blood pressure management. If you have a specific question about either of these topics, feel free to ask! Here are a couple of clarifications:\n\n1. **Quantum Technology**:  \n   - **QuantFi and QURECA** are collaborating to create a training course in quantum computing for finance (2021).  \n   - Microsoft and the University'}}
2025-12-15 16:49:05,782 - [Quantum_e2e_20251215_nova_dll.py:287] - [on_result] - DEBUG - 接收到 in_progress 且类型为text的消息，当前token计数: 93
2025-12-15 16:49:05,782 - [Quantum_e2e_20251215_nova_dll.py:309] - [on_result] - INFO - Got result for job 99: {'job_id': 99, 'status': 'in_progress', 'timestamp': '2025-12-15T16:49:05.782527', 'data': {'type': 'text', 'response': 'Hello! It looks like you mentioned a couple of topics related to quantum technology and a clinical study on cinnamon and blood pressure management. If you have a specific question about either of these topics, feel free to ask! Here are a couple of clarifications:\n\n1. **Quantum Technology**:  \n   - **QuantFi and QURECA** are collaborating to create a training course in quantum computing for finance (2021).  \n   - Microsoft and the University of'}}
2025-12-15 16:49:05,783 - [Quantum_e2e_20251215_nova_dll.py:287] - [on_result] - DEBUG - 接收到 in_progress 且类型为text的消息，当前token计数: 94
2025-12-15 16:49:05,783 - [Quantum_e2e_20251215_nova_dll.py:309] - [on_result] - INFO - Got result for job 99: {'job_id': 99, 'status': 'in_progress', 'timestamp': '2025-12-15T16:49:05.783529', 'data': {'type': 'text', 'response': 'Hello! It looks like you mentioned a couple of topics related to quantum technology and a clinical study on cinnamon and blood pressure management. If you have a specific question about either of these topics, feel free to ask! Here are a couple of clarifications:\n\n1. **Quantum Technology**:  \n   - **QuantFi and QURECA** are collaborating to create a training course in quantum computing for finance (2021).  \n   - Microsoft and the University of Washington'}}
2025-12-15 16:49:05,783 - [Quantum_e2e_20251215_nova_dll.py:287] - [on_result] - DEBUG - 接收到 in_progress 且类型为text的消息，当前token计数: 95
2025-12-15 16:49:05,784 - [Quantum_e2e_20251215_nova_dll.py:309] - [on_result] - INFO - Got result for job 99: {'job_id': 99, 'status': 'in_progress', 'timestamp': '2025-12-15T16:49:05.783529', 'data': {'type': 'text', 'response': 'Hello! It looks like you mentioned a couple of topics related to quantum technology and a clinical study on cinnamon and blood pressure management. If you have a specific question about either of these topics, feel free to ask! Here are a couple of clarifications:\n\n1. **Quantum Technology**:  \n   - **QuantFi and QURECA** are collaborating to create a training course in quantum computing for finance (2021).  \n   - Microsoft and the University of Washington demonstrated'}}
2025-12-15 16:49:05,784 - [Quantum_e2e_20251215_nova_dll.py:287] - [on_result] - DEBUG - 接收到 in_progress 且类型为text的消息，当前token计数: 96
2025-12-15 16:49:05,784 - [Quantum_e2e_20251215_nova_dll.py:309] - [on_result] - INFO - Got result for job 99: {'job_id': 99, 'status': 'in_progress', 'timestamp': '2025-12-15T16:49:05.784529', 'data': {'type': 'text', 'response': 'Hello! It looks like you mentioned a couple of topics related to quantum technology and a clinical study on cinnamon and blood pressure management. If you have a specific question about either of these topics, feel free to ask! Here are a couple of clarifications:\n\n1. **Quantum Technology**:  \n   - **QuantFi and QURECA** are collaborating to create a training course in quantum computing for finance (2021).  \n   - Microsoft and the University of Washington demonstrated fully'}}
2025-12-15 16:49:05,784 - [Quantum_e2e_20251215_nova_dll.py:287] - [on_result] - DEBUG - 接收到 in_progress 且类型为text的消息，当前token计数: 97
2025-12-15 16:49:05,784 - [Quantum_e2e_20251215_nova_dll.py:309] - [on_result] - INFO - Got result for job 99: {'job_id': 99, 'status': 'in_progress', 'timestamp': '2025-12-15T16:49:05.784529', 'data': {'type': 'text', 'response': 'Hello! It looks like you mentioned a couple of topics related to quantum technology and a clinical study on cinnamon and blood pressure management. If you have a specific question about either of these topics, feel free to ask! Here are a couple of clarifications:\n\n1. **Quantum Technology**:  \n   - **QuantFi and QURECA** are collaborating to create a training course in quantum computing for finance (2021).  \n   - Microsoft and the University of Washington demonstrated fully automated'}}
2025-12-15 16:49:05,785 - [Quantum_e2e_20251215_nova_dll.py:287] - [on_result] - DEBUG - 接收到 in_progress 且类型为text的消息，当前token计数: 98
2025-12-15 16:49:05,785 - [Quantum_e2e_20251215_nova_dll.py:309] - [on_result] - INFO - Got result for job 99: {'job_id': 99, 'status': 'in_progress', 'timestamp': '2025-12-15T16:49:05.785528', 'data': {'type': 'text', 'response': 'Hello! It looks like you mentioned a couple of topics related to quantum technology and a clinical study on cinnamon and blood pressure management. If you have a specific question about either of these topics, feel free to ask! Here are a couple of clarifications:\n\n1. **Quantum Technology**:  \n   - **QuantFi and QURECA** are collaborating to create a training course in quantum computing for finance (2021).  \n   - Microsoft and the University of Washington demonstrated fully automated DNA'}}
2025-12-15 16:49:05,785 - [Quantum_e2e_20251215_nova_dll.py:287] - [on_result] - DEBUG - 接收到 in_progress 且类型为text的消息，当前token计数: 99
2025-12-15 16:49:05,785 - [Quantum_e2e_20251215_nova_dll.py:309] - [on_result] - INFO - Got result for job 99: {'job_id': 99, 'status': 'in_progress', 'timestamp': '2025-12-15T16:49:05.785528', 'data': {'type': 'text', 'response': 'Hello! It looks like you mentioned a couple of topics related to quantum technology and a clinical study on cinnamon and blood pressure management. If you have a specific question about either of these topics, feel free to ask! Here are a couple of clarifications:\n\n1. **Quantum Technology**:  \n   - **QuantFi and QURECA** are collaborating to create a training course in quantum computing for finance (2021).  \n   - Microsoft and the University of Washington demonstrated fully automated DNA data'}}
2025-12-15 16:49:05,786 - [Quantum_e2e_20251215_nova_dll.py:287] - [on_result] - DEBUG - 接收到 in_progress 且类型为text的消息，当前token计数: 100
2025-12-15 16:49:05,786 - [Quantum_e2e_20251215_nova_dll.py:309] - [on_result] - INFO - Got result for job 99: {'job_id': 99, 'status': 'in_progress', 'timestamp': '2025-12-15T16:49:05.786527', 'data': {'type': 'text', 'response': 'Hello! It looks like you mentioned a couple of topics related to quantum technology and a clinical study on cinnamon and blood pressure management. If you have a specific question about either of these topics, feel free to ask! Here are a couple of clarifications:\n\n1. **Quantum Technology**:  \n   - **QuantFi and QURECA** are collaborating to create a training course in quantum computing for finance (2021).  \n   - Microsoft and the University of Washington demonstrated fully automated DNA data storage'}}
2025-12-15 16:49:05,786 - [Quantum_e2e_20251215_nova_dll.py:287] - [on_result] - DEBUG - 接收到 in_progress 且类型为text的消息，当前token计数: 101
2025-12-15 16:49:05,786 - [Quantum_e2e_20251215_nova_dll.py:309] - [on_result] - INFO - Got result for job 99: {'job_id': 99, 'status': 'in_progress', 'timestamp': '2025-12-15T16:49:05.786527', 'data': {'type': 'text', 'response': 'Hello! It looks like you mentioned a couple of topics related to quantum technology and a clinical study on cinnamon and blood pressure management. If you have a specific question about either of these topics, feel free to ask! Here are a couple of clarifications:\n\n1. **Quantum Technology**:  \n   - **QuantFi and QURECA** are collaborating to create a training course in quantum computing for finance (2021).  \n   - Microsoft and the University of Washington demonstrated fully automated DNA data storage ('}}
2025-12-15 16:49:05,787 - [Quantum_e2e_20251215_nova_dll.py:287] - [on_result] - DEBUG - 接收到 in_progress 且类型为text的消息，当前token计数: 102
2025-12-15 16:49:05,787 - [Quantum_e2e_20251215_nova_dll.py:309] - [on_result] - INFO - Got result for job 99: {'job_id': 99, 'status': 'in_progress', 'timestamp': '2025-12-15T16:49:05.787529', 'data': {'type': 'text', 'response': 'Hello! It looks like you mentioned a couple of topics related to quantum technology and a clinical study on cinnamon and blood pressure management. If you have a specific question about either of these topics, feel free to ask! Here are a couple of clarifications:\n\n1. **Quantum Technology**:  \n   - **QuantFi and QURECA** are collaborating to create a training course in quantum computing for finance (2021).  \n   - Microsoft and the University of Washington demonstrated fully automated DNA data storage (201'}}
2025-12-15 16:49:05,787 - [Quantum_e2e_20251215_nova_dll.py:287] - [on_result] - DEBUG - 接收到 in_progress 且类型为text的消息，当前token计数: 103
2025-12-15 16:49:05,788 - [Quantum_e2e_20251215_nova_dll.py:309] - [on_result] - INFO - Got result for job 99: {'job_id': 99, 'status': 'in_progress', 'timestamp': '2025-12-15T16:49:05.788528', 'data': {'type': 'text', 'response': 'Hello! It looks like you mentioned a couple of topics related to quantum technology and a clinical study on cinnamon and blood pressure management. If you have a specific question about either of these topics, feel free to ask! Here are a couple of clarifications:\n\n1. **Quantum Technology**:  \n   - **QuantFi and QURECA** are collaborating to create a training course in quantum computing for finance (2021).  \n   - Microsoft and the University of Washington demonstrated fully automated DNA data storage (2019'}}
2025-12-15 16:49:05,788 - [Quantum_e2e_20251215_nova_dll.py:287] - [on_result] - DEBUG - 接收到 in_progress 且类型为text的消息，当前token计数: 104
2025-12-15 16:49:05,788 - [Quantum_e2e_20251215_nova_dll.py:309] - [on_result] - INFO - Got result for job 99: {'job_id': 99, 'status': 'in_progress', 'timestamp': '2025-12-15T16:49:05.788528', 'data': {'type': 'text', 'response': 'Hello! It looks like you mentioned a couple of topics related to quantum technology and a clinical study on cinnamon and blood pressure management. If you have a specific question about either of these topics, feel free to ask! Here are a couple of clarifications:\n\n1. **Quantum Technology**:  \n   - **QuantFi and QURECA** are collaborating to create a training course in quantum computing for finance (2021).  \n   - Microsoft and the University of Washington demonstrated fully automated DNA data storage (2019).'}}
2025-12-15 16:49:05,789 - [Quantum_e2e_20251215_nova_dll.py:287] - [on_result] - DEBUG - 接收到 in_progress 且类型为text的消息，当前token计数: 105
2025-12-15 16:49:05,789 - [Quantum_e2e_20251215_nova_dll.py:309] - [on_result] - INFO - Got result for job 99: {'job_id': 99, 'status': 'in_progress', 'timestamp': '2025-12-15T16:49:05.789528', 'data': {'type': 'text', 'response': 'Hello! It looks like you mentioned a couple of topics related to quantum technology and a clinical study on cinnamon and blood pressure management. If you have a specific question about either of these topics, feel free to ask! Here are a couple of clarifications:\n\n1. **Quantum Technology**:  \n   - **QuantFi and QURECA** are collaborating to create a training course in quantum computing for finance (2021).  \n   - Microsoft and the University of Washington demonstrated fully automated DNA data storage (2019).  \n'}}
2025-12-15 16:49:05,789 - [Quantum_e2e_20251215_nova_dll.py:287] - [on_result] - DEBUG - 接收到 in_progress 且类型为text的消息，当前token计数: 106
2025-12-15 16:49:05,789 - [Quantum_e2e_20251215_nova_dll.py:309] - [on_result] - INFO - Got result for job 99: {'job_id': 99, 'status': 'in_progress', 'timestamp': '2025-12-15T16:49:05.789528', 'data': {'type': 'text', 'response': 'Hello! It looks like you mentioned a couple of topics related to quantum technology and a clinical study on cinnamon and blood pressure management. If you have a specific question about either of these topics, feel free to ask! Here are a couple of clarifications:\n\n1. **Quantum Technology**:  \n   - **QuantFi and QURECA** are collaborating to create a training course in quantum computing for finance (2021).  \n   - Microsoft and the University of Washington demonstrated fully automated DNA data storage (2019).  \n  '}}
2025-12-15 16:49:05,790 - [Quantum_e2e_20251215_nova_dll.py:287] - [on_result] - DEBUG - 接收到 in_progress 且类型为text的消息，当前token计数: 107
2025-12-15 16:49:05,790 - [Quantum_e2e_20251215_nova_dll.py:309] - [on_result] - INFO - Got result for job 99: {'job_id': 99, 'status': 'in_progress', 'timestamp': '2025-12-15T16:49:05.790528', 'data': {'type': 'text', 'response': 'Hello! It looks like you mentioned a couple of topics related to quantum technology and a clinical study on cinnamon and blood pressure management. If you have a specific question about either of these topics, feel free to ask! Here are a couple of clarifications:\n\n1. **Quantum Technology**:  \n   - **QuantFi and QURECA** are collaborating to create a training course in quantum computing for finance (2021).  \n   - Microsoft and the University of Washington demonstrated fully automated DNA data storage (2019).  \n   -'}}
2025-12-15 16:49:05,790 - [Quantum_e2e_20251215_nova_dll.py:287] - [on_result] - DEBUG - 接收到 in_progress 且类型为text的消息，当前token计数: 108
2025-12-15 16:49:05,790 - [Quantum_e2e_20251215_nova_dll.py:309] - [on_result] - INFO - Got result for job 99: {'job_id': 99, 'status': 'in_progress', 'timestamp': '2025-12-15T16:49:05.790528', 'data': {'type': 'text', 'response': 'Hello! It looks like you mentioned a couple of topics related to quantum technology and a clinical study on cinnamon and blood pressure management. If you have a specific question about either of these topics, feel free to ask! Here are a couple of clarifications:\n\n1. **Quantum Technology**:  \n   - **QuantFi and QURECA** are collaborating to create a training course in quantum computing for finance (2021).  \n   - Microsoft and the University of Washington demonstrated fully automated DNA data storage (2019).  \n   - Euro'}}
2025-12-15 16:49:05,791 - [Quantum_e2e_20251215_nova_dll.py:287] - [on_result] - DEBUG - 接收到 in_progress 且类型为text的消息，当前token计数: 109
2025-12-15 16:49:05,791 - [Quantum_e2e_20251215_nova_dll.py:309] - [on_result] - INFO - Got result for job 99: {'job_id': 99, 'status': 'in_progress', 'timestamp': '2025-12-15T16:49:05.791532', 'data': {'type': 'text', 'response': 'Hello! It looks like you mentioned a couple of topics related to quantum technology and a clinical study on cinnamon and blood pressure management. If you have a specific question about either of these topics, feel free to ask! Here are a couple of clarifications:\n\n1. **Quantum Technology**:  \n   - **QuantFi and QURECA** are collaborating to create a training course in quantum computing for finance (2021).  \n   - Microsoft and the University of Washington demonstrated fully automated DNA data storage (2019).  \n   - EuroH'}}
2025-12-15 16:49:05,791 - [Quantum_e2e_20251215_nova_dll.py:287] - [on_result] - DEBUG - 接收到 in_progress 且类型为text的消息，当前token计数: 110
2025-12-15 16:49:05,791 - [Quantum_e2e_20251215_nova_dll.py:309] - [on_result] - INFO - Got result for job 99: {'job_id': 99, 'status': 'in_progress', 'timestamp': '2025-12-15T16:49:05.791532', 'data': {'type': 'text', 'response': 'Hello! It looks like you mentioned a couple of topics related to quantum technology and a clinical study on cinnamon and blood pressure management. If you have a specific question about either of these topics, feel free to ask! Here are a couple of clarifications:\n\n1. **Quantum Technology**:  \n   - **QuantFi and QURECA** are collaborating to create a training course in quantum computing for finance (2021).  \n   - Microsoft and the University of Washington demonstrated fully automated DNA data storage (2019).  \n   - EuroHPC'}}
2025-12-15 16:49:05,792 - [Quantum_e2e_20251215_nova_dll.py:287] - [on_result] - DEBUG - 接收到 in_progress 且类型为text的消息，当前token计数: 111
2025-12-15 16:49:05,792 - [Quantum_e2e_20251215_nova_dll.py:309] - [on_result] - INFO - Got result for job 99: {'job_id': 99, 'status': 'in_progress', 'timestamp': '2025-12-15T16:49:05.792511', 'data': {'type': 'text', 'response': 'Hello! It looks like you mentioned a couple of topics related to quantum technology and a clinical study on cinnamon and blood pressure management. If you have a specific question about either of these topics, feel free to ask! Here are a couple of clarifications:\n\n1. **Quantum Technology**:  \n   - **QuantFi and QURECA** are collaborating to create a training course in quantum computing for finance (2021).  \n   - Microsoft and the University of Washington demonstrated fully automated DNA data storage (2019).  \n   - EuroHPC is'}}
2025-12-15 16:49:05,793 - [Quantum_e2e_20251215_nova_dll.py:287] - [on_result] - DEBUG - 接收到 in_progress 且类型为text的消息，当前token计数: 112
2025-12-15 16:49:05,793 - [Quantum_e2e_20251215_nova_dll.py:309] - [on_result] - INFO - Got result for job 99: {'job_id': 99, 'status': 'in_progress', 'timestamp': '2025-12-15T16:49:05.793511', 'data': {'type': 'text', 'response': 'Hello! It looks like you mentioned a couple of topics related to quantum technology and a clinical study on cinnamon and blood pressure management. If you have a specific question about either of these topics, feel free to ask! Here are a couple of clarifications:\n\n1. **Quantum Technology**:  \n   - **QuantFi and QURECA** are collaborating to create a training course in quantum computing for finance (2021).  \n   - Microsoft and the University of Washington demonstrated fully automated DNA data storage (2019).  \n   - EuroHPC is a'}}
2025-12-15 16:49:05,794 - [Quantum_e2e_20251215_nova_dll.py:287] - [on_result] - DEBUG - 接收到 in_progress 且类型为text的消息，当前token计数: 113
2025-12-15 16:49:05,794 - [Quantum_e2e_20251215_nova_dll.py:309] - [on_result] - INFO - Got result for job 99: {'job_id': 99, 'status': 'in_progress', 'timestamp': '2025-12-15T16:49:05.794511', 'data': {'type': 'text', 'response': 'Hello! It looks like you mentioned a couple of topics related to quantum technology and a clinical study on cinnamon and blood pressure management. If you have a specific question about either of these topics, feel free to ask! Here are a couple of clarifications:\n\n1. **Quantum Technology**:  \n   - **QuantFi and QURECA** are collaborating to create a training course in quantum computing for finance (2021).  \n   - Microsoft and the University of Washington demonstrated fully automated DNA data storage (2019).  \n   - EuroHPC is a European'}}
2025-12-15 16:49:05,794 - [Quantum_e2e_20251215_nova_dll.py:287] - [on_result] - DEBUG - 接收到 in_progress 且类型为text的消息，当前token计数: 114
2025-12-15 16:49:05,795 - [Quantum_e2e_20251215_nova_dll.py:309] - [on_result] - INFO - Got result for job 99: {'job_id': 99, 'status': 'in_progress', 'timestamp': '2025-12-15T16:49:05.795511', 'data': {'type': 'text', 'response': 'Hello! It looks like you mentioned a couple of topics related to quantum technology and a clinical study on cinnamon and blood pressure management. If you have a specific question about either of these topics, feel free to ask! Here are a couple of clarifications:\n\n1. **Quantum Technology**:  \n   - **QuantFi and QURECA** are collaborating to create a training course in quantum computing for finance (2021).  \n   - Microsoft and the University of Washington demonstrated fully automated DNA data storage (2019).  \n   - EuroHPC is a European project'}}
2025-12-15 16:49:05,795 - [Quantum_e2e_20251215_nova_dll.py:287] - [on_result] - DEBUG - 接收到 in_progress 且类型为text的消息，当前token计数: 115
2025-12-15 16:49:05,795 - [Quantum_e2e_20251215_nova_dll.py:309] - [on_result] - INFO - Got result for job 99: {'job_id': 99, 'status': 'in_progress', 'timestamp': '2025-12-15T16:49:05.795511', 'data': {'type': 'text', 'response': 'Hello! It looks like you mentioned a couple of topics related to quantum technology and a clinical study on cinnamon and blood pressure management. If you have a specific question about either of these topics, feel free to ask! Here are a couple of clarifications:\n\n1. **Quantum Technology**:  \n   - **QuantFi and QURECA** are collaborating to create a training course in quantum computing for finance (2021).  \n   - Microsoft and the University of Washington demonstrated fully automated DNA data storage (2019).  \n   - EuroHPC is a European project related'}}
2025-12-15 16:49:05,796 - [Quantum_e2e_20251215_nova_dll.py:287] - [on_result] - DEBUG - 接收到 in_progress 且类型为text的消息，当前token计数: 116
2025-12-15 16:49:05,796 - [Quantum_e2e_20251215_nova_dll.py:309] - [on_result] - INFO - Got result for job 99: {'job_id': 99, 'status': 'in_progress', 'timestamp': '2025-12-15T16:49:05.796512', 'data': {'type': 'text', 'response': 'Hello! It looks like you mentioned a couple of topics related to quantum technology and a clinical study on cinnamon and blood pressure management. If you have a specific question about either of these topics, feel free to ask! Here are a couple of clarifications:\n\n1. **Quantum Technology**:  \n   - **QuantFi and QURECA** are collaborating to create a training course in quantum computing for finance (2021).  \n   - Microsoft and the University of Washington demonstrated fully automated DNA data storage (2019).  \n   - EuroHPC is a European project related to'}}
2025-12-15 16:49:05,797 - [Quantum_e2e_20251215_nova_dll.py:287] - [on_result] - DEBUG - 接收到 in_progress 且类型为text的消息，当前token计数: 117
2025-12-15 16:49:05,797 - [Quantum_e2e_20251215_nova_dll.py:309] - [on_result] - INFO - Got result for job 99: {'job_id': 99, 'status': 'in_progress', 'timestamp': '2025-12-15T16:49:05.797511', 'data': {'type': 'text', 'response': 'Hello! It looks like you mentioned a couple of topics related to quantum technology and a clinical study on cinnamon and blood pressure management. If you have a specific question about either of these topics, feel free to ask! Here are a couple of clarifications:\n\n1. **Quantum Technology**:  \n   - **QuantFi and QURECA** are collaborating to create a training course in quantum computing for finance (2021).  \n   - Microsoft and the University of Washington demonstrated fully automated DNA data storage (2019).  \n   - EuroHPC is a European project related to high'}}
2025-12-15 16:49:05,798 - [Quantum_e2e_20251215_nova_dll.py:287] - [on_result] - DEBUG - 接收到 in_progress 且类型为text的消息，当前token计数: 118
2025-12-15 16:49:05,798 - [Quantum_e2e_20251215_nova_dll.py:309] - [on_result] - INFO - Got result for job 99: {'job_id': 99, 'status': 'in_progress', 'timestamp': '2025-12-15T16:49:05.798511', 'data': {'type': 'text', 'response': 'Hello! It looks like you mentioned a couple of topics related to quantum technology and a clinical study on cinnamon and blood pressure management. If you have a specific question about either of these topics, feel free to ask! Here are a couple of clarifications:\n\n1. **Quantum Technology**:  \n   - **QuantFi and QURECA** are collaborating to create a training course in quantum computing for finance (2021).  \n   - Microsoft and the University of Washington demonstrated fully automated DNA data storage (2019).  \n   - EuroHPC is a European project related to high-performance'}}
2025-12-15 16:49:05,798 - [Quantum_e2e_20251215_nova_dll.py:287] - [on_result] - DEBUG - 接收到 in_progress 且类型为text的消息，当前token计数: 119
2025-12-15 16:49:05,798 - [Quantum_e2e_20251215_nova_dll.py:309] - [on_result] - INFO - Got result for job 99: {'job_id': 99, 'status': 'in_progress', 'timestamp': '2025-12-15T16:49:05.798511', 'data': {'type': 'text', 'response': 'Hello! It looks like you mentioned a couple of topics related to quantum technology and a clinical study on cinnamon and blood pressure management. If you have a specific question about either of these topics, feel free to ask! Here are a couple of clarifications:\n\n1. **Quantum Technology**:  \n   - **QuantFi and QURECA** are collaborating to create a training course in quantum computing for finance (2021).  \n   - Microsoft and the University of Washington demonstrated fully automated DNA data storage (2019).  \n   - EuroHPC is a European project related to high-performance computing'}}
2025-12-15 16:49:05,799 - [Quantum_e2e_20251215_nova_dll.py:287] - [on_result] - DEBUG - 接收到 in_progress 且类型为text的消息，当前token计数: 120
2025-12-15 16:49:05,799 - [Quantum_e2e_20251215_nova_dll.py:309] - [on_result] - INFO - Got result for job 99: {'job_id': 99, 'status': 'in_progress', 'timestamp': '2025-12-15T16:49:05.799509', 'data': {'type': 'text', 'response': 'Hello! It looks like you mentioned a couple of topics related to quantum technology and a clinical study on cinnamon and blood pressure management. If you have a specific question about either of these topics, feel free to ask! Here are a couple of clarifications:\n\n1. **Quantum Technology**:  \n   - **QuantFi and QURECA** are collaborating to create a training course in quantum computing for finance (2021).  \n   - Microsoft and the University of Washington demonstrated fully automated DNA data storage (2019).  \n   - EuroHPC is a European project related to high-performance computing ('}}
2025-12-15 16:49:05,799 - [Quantum_e2e_20251215_nova_dll.py:287] - [on_result] - DEBUG - 接收到 in_progress 且类型为text的消息，当前token计数: 121
2025-12-15 16:49:05,799 - [Quantum_e2e_20251215_nova_dll.py:309] - [on_result] - INFO - Got result for job 99: {'job_id': 99, 'status': 'in_progress', 'timestamp': '2025-12-15T16:49:05.799509', 'data': {'type': 'text', 'response': 'Hello! It looks like you mentioned a couple of topics related to quantum technology and a clinical study on cinnamon and blood pressure management. If you have a specific question about either of these topics, feel free to ask! Here are a couple of clarifications:\n\n1. **Quantum Technology**:  \n   - **QuantFi and QURECA** are collaborating to create a training course in quantum computing for finance (2021).  \n   - Microsoft and the University of Washington demonstrated fully automated DNA data storage (2019).  \n   - EuroHPC is a European project related to high-performance computing (n'}}
2025-12-15 16:49:05,799 - [Quantum_e2e_20251215_nova_dll.py:287] - [on_result] - DEBUG - 接收到 in_progress 且类型为text的消息，当前token计数: 122
2025-12-15 16:49:05,800 - [Quantum_e2e_20251215_nova_dll.py:309] - [on_result] - INFO - Got result for job 99: {'job_id': 99, 'status': 'in_progress', 'timestamp': '2025-12-15T16:49:05.799509', 'data': {'type': 'text', 'response': 'Hello! It looks like you mentioned a couple of topics related to quantum technology and a clinical study on cinnamon and blood pressure management. If you have a specific question about either of these topics, feel free to ask! Here are a couple of clarifications:\n\n1. **Quantum Technology**:  \n   - **QuantFi and QURECA** are collaborating to create a training course in quantum computing for finance (2021).  \n   - Microsoft and the University of Washington demonstrated fully automated DNA data storage (2019).  \n   - EuroHPC is a European project related to high-performance computing (n.d'}}
2025-12-15 16:49:05,800 - [Quantum_e2e_20251215_nova_dll.py:287] - [on_result] - DEBUG - 接收到 in_progress 且类型为text的消息，当前token计数: 123
2025-12-15 16:49:05,800 - [Quantum_e2e_20251215_nova_dll.py:309] - [on_result] - INFO - Got result for job 99: {'job_id': 99, 'status': 'in_progress', 'timestamp': '2025-12-15T16:49:05.800509', 'data': {'type': 'text', 'response': 'Hello! It looks like you mentioned a couple of topics related to quantum technology and a clinical study on cinnamon and blood pressure management. If you have a specific question about either of these topics, feel free to ask! Here are a couple of clarifications:\n\n1. **Quantum Technology**:  \n   - **QuantFi and QURECA** are collaborating to create a training course in quantum computing for finance (2021).  \n   - Microsoft and the University of Washington demonstrated fully automated DNA data storage (2019).  \n   - EuroHPC is a European project related to high-performance computing (n.d.).'}}
2025-12-15 16:49:05,800 - [Quantum_e2e_20251215_nova_dll.py:287] - [on_result] - DEBUG - 接收到 in_progress 且类型为text的消息，当前token计数: 124
2025-12-15 16:49:05,800 - [Quantum_e2e_20251215_nova_dll.py:309] - [on_result] - INFO - Got result for job 99: {'job_id': 99, 'status': 'in_progress', 'timestamp': '2025-12-15T16:49:05.800509', 'data': {'type': 'text', 'response': 'Hello! It looks like you mentioned a couple of topics related to quantum technology and a clinical study on cinnamon and blood pressure management. If you have a specific question about either of these topics, feel free to ask! Here are a couple of clarifications:\n\n1. **Quantum Technology**:  \n   - **QuantFi and QURECA** are collaborating to create a training course in quantum computing for finance (2021).  \n   - Microsoft and the University of Washington demonstrated fully automated DNA data storage (2019).  \n   - EuroHPC is a European project related to high-performance computing (n.d.).  \n'}}
2025-12-15 16:49:05,801 - [Quantum_e2e_20251215_nova_dll.py:287] - [on_result] - DEBUG - 接收到 in_progress 且类型为text的消息，当前token计数: 125
2025-12-15 16:49:05,801 - [Quantum_e2e_20251215_nova_dll.py:309] - [on_result] - INFO - Got result for job 99: {'job_id': 99, 'status': 'in_progress', 'timestamp': '2025-12-15T16:49:05.801509', 'data': {'type': 'text', 'response': 'Hello! It looks like you mentioned a couple of topics related to quantum technology and a clinical study on cinnamon and blood pressure management. If you have a specific question about either of these topics, feel free to ask! Here are a couple of clarifications:\n\n1. **Quantum Technology**:  \n   - **QuantFi and QURECA** are collaborating to create a training course in quantum computing for finance (2021).  \n   - Microsoft and the University of Washington demonstrated fully automated DNA data storage (2019).  \n   - EuroHPC is a European project related to high-performance computing (n.d.).  \n  '}}
2025-12-15 16:49:05,802 - [Quantum_e2e_20251215_nova_dll.py:287] - [on_result] - DEBUG - 接收到 in_progress 且类型为text的消息，当前token计数: 126
2025-12-15 16:49:05,802 - [Quantum_e2e_20251215_nova_dll.py:309] - [on_result] - INFO - Got result for job 99: {'job_id': 99, 'status': 'in_progress', 'timestamp': '2025-12-15T16:49:05.802511', 'data': {'type': 'text', 'response': 'Hello! It looks like you mentioned a couple of topics related to quantum technology and a clinical study on cinnamon and blood pressure management. If you have a specific question about either of these topics, feel free to ask! Here are a couple of clarifications:\n\n1. **Quantum Technology**:  \n   - **QuantFi and QURECA** are collaborating to create a training course in quantum computing for finance (2021).  \n   - Microsoft and the University of Washington demonstrated fully automated DNA data storage (2019).  \n   - EuroHPC is a European project related to high-performance computing (n.d.).  \n   -'}}
2025-12-15 16:49:05,803 - [Quantum_e2e_20251215_nova_dll.py:287] - [on_result] - DEBUG - 接收到 in_progress 且类型为text的消息，当前token计数: 127
2025-12-15 16:49:05,803 - [Quantum_e2e_20251215_nova_dll.py:309] - [on_result] - INFO - Got result for job 99: {'job_id': 99, 'status': 'in_progress', 'timestamp': '2025-12-15T16:49:05.803512', 'data': {'type': 'text', 'response': 'Hello! It looks like you mentioned a couple of topics related to quantum technology and a clinical study on cinnamon and blood pressure management. If you have a specific question about either of these topics, feel free to ask! Here are a couple of clarifications:\n\n1. **Quantum Technology**:  \n   - **QuantFi and QURECA** are collaborating to create a training course in quantum computing for finance (2021).  \n   - Microsoft and the University of Washington demonstrated fully automated DNA data storage (2019).  \n   - EuroHPC is a European project related to high-performance computing (n.d.).  \n   - There'}}
2025-12-15 16:49:05,803 - [Quantum_e2e_20251215_nova_dll.py:287] - [on_result] - DEBUG - 接收到 in_progress 且类型为text的消息，当前token计数: 128
2025-12-15 16:49:05,804 - [Quantum_e2e_20251215_nova_dll.py:309] - [on_result] - INFO - Got result for job 99: {'job_id': 99, 'status': 'in_progress', 'timestamp': '2025-12-15T16:49:05.804510', 'data': {'type': 'text', 'response': 'Hello! It looks like you mentioned a couple of topics related to quantum technology and a clinical study on cinnamon and blood pressure management. If you have a specific question about either of these topics, feel free to ask! Here are a couple of clarifications:\n\n1. **Quantum Technology**:  \n   - **QuantFi and QURECA** are collaborating to create a training course in quantum computing for finance (2021).  \n   - Microsoft and the University of Washington demonstrated fully automated DNA data storage (2019).  \n   - EuroHPC is a European project related to high-performance computing (n.d.).  \n   - There are'}}
2025-12-15 16:49:05,804 - [Quantum_e2e_20251215_nova_dll.py:287] - [on_result] - DEBUG - 接收到 in_progress 且类型为text的消息，当前token计数: 129
2025-12-15 16:49:05,805 - [Quantum_e2e_20251215_nova_dll.py:309] - [on_result] - INFO - Got result for job 99: {'job_id': 99, 'status': 'in_progress', 'timestamp': '2025-12-15T16:49:05.805509', 'data': {'type': 'text', 'response': 'Hello! It looks like you mentioned a couple of topics related to quantum technology and a clinical study on cinnamon and blood pressure management. If you have a specific question about either of these topics, feel free to ask! Here are a couple of clarifications:\n\n1. **Quantum Technology**:  \n   - **QuantFi and QURECA** are collaborating to create a training course in quantum computing for finance (2021).  \n   - Microsoft and the University of Washington demonstrated fully automated DNA data storage (2019).  \n   - EuroHPC is a European project related to high-performance computing (n.d.).  \n   - There are ongoing'}}
2025-12-15 16:49:05,805 - [Quantum_e2e_20251215_nova_dll.py:287] - [on_result] - DEBUG - 接收到 in_progress 且类型为text的消息，当前token计数: 130
2025-12-15 16:49:05,805 - [Quantum_e2e_20251215_nova_dll.py:309] - [on_result] - INFO - Got result for job 99: {'job_id': 99, 'status': 'in_progress', 'timestamp': '2025-12-15T16:49:05.805509', 'data': {'type': 'text', 'response': 'Hello! It looks like you mentioned a couple of topics related to quantum technology and a clinical study on cinnamon and blood pressure management. If you have a specific question about either of these topics, feel free to ask! Here are a couple of clarifications:\n\n1. **Quantum Technology**:  \n   - **QuantFi and QURECA** are collaborating to create a training course in quantum computing for finance (2021).  \n   - Microsoft and the University of Washington demonstrated fully automated DNA data storage (2019).  \n   - EuroHPC is a European project related to high-performance computing (n.d.).  \n   - There are ongoing demands'}}
2025-12-15 16:49:05,805 - [Quantum_e2e_20251215_nova_dll.py:287] - [on_result] - DEBUG - 接收到 in_progress 且类型为text的消息，当前token计数: 131
2025-12-15 16:49:05,806 - [Quantum_e2e_20251215_nova_dll.py:309] - [on_result] - INFO - Got result for job 99: {'job_id': 99, 'status': 'in_progress', 'timestamp': '2025-12-15T16:49:05.806511', 'data': {'type': 'text', 'response': 'Hello! It looks like you mentioned a couple of topics related to quantum technology and a clinical study on cinnamon and blood pressure management. If you have a specific question about either of these topics, feel free to ask! Here are a couple of clarifications:\n\n1. **Quantum Technology**:  \n   - **QuantFi and QURECA** are collaborating to create a training course in quantum computing for finance (2021).  \n   - Microsoft and the University of Washington demonstrated fully automated DNA data storage (2019).  \n   - EuroHPC is a European project related to high-performance computing (n.d.).  \n   - There are ongoing demands for'}}
2025-12-15 16:49:05,806 - [Quantum_e2e_20251215_nova_dll.py:287] - [on_result] - DEBUG - 接收到 in_progress 且类型为text的消息，当前token计数: 132
2025-12-15 16:49:05,807 - [Quantum_e2e_20251215_nova_dll.py:309] - [on_result] - INFO - Got result for job 99: {'job_id': 99, 'status': 'in_progress', 'timestamp': '2025-12-15T16:49:05.807510', 'data': {'type': 'text', 'response': 'Hello! It looks like you mentioned a couple of topics related to quantum technology and a clinical study on cinnamon and blood pressure management. If you have a specific question about either of these topics, feel free to ask! Here are a couple of clarifications:\n\n1. **Quantum Technology**:  \n   - **QuantFi and QURECA** are collaborating to create a training course in quantum computing for finance (2021).  \n   - Microsoft and the University of Washington demonstrated fully automated DNA data storage (2019).  \n   - EuroHPC is a European project related to high-performance computing (n.d.).  \n   - There are ongoing demands for skills'}}
2025-12-15 16:49:05,807 - [Quantum_e2e_20251215_nova_dll.py:287] - [on_result] - DEBUG - 接收到 in_progress 且类型为text的消息，当前token计数: 133
2025-12-15 16:49:05,807 - [Quantum_e2e_20251215_nova_dll.py:309] - [on_result] - INFO - Got result for job 99: {'job_id': 99, 'status': 'in_progress', 'timestamp': '2025-12-15T16:49:05.807510', 'data': {'type': 'text', 'response': 'Hello! It looks like you mentioned a couple of topics related to quantum technology and a clinical study on cinnamon and blood pressure management. If you have a specific question about either of these topics, feel free to ask! Here are a couple of clarifications:\n\n1. **Quantum Technology**:  \n   - **QuantFi and QURECA** are collaborating to create a training course in quantum computing for finance (2021).  \n   - Microsoft and the University of Washington demonstrated fully automated DNA data storage (2019).  \n   - EuroHPC is a European project related to high-performance computing (n.d.).  \n   - There are ongoing demands for skills development'}}
2025-12-15 16:49:05,807 - [Quantum_e2e_20251215_nova_dll.py:287] - [on_result] - DEBUG - 接收到 in_progress 且类型为text的消息，当前token计数: 134
2025-12-15 16:49:05,808 - [Quantum_e2e_20251215_nova_dll.py:309] - [on_result] - INFO - Got result for job 99: {'job_id': 99, 'status': 'in_progress', 'timestamp': '2025-12-15T16:49:05.808513', 'data': {'type': 'text', 'response': 'Hello! It looks like you mentioned a couple of topics related to quantum technology and a clinical study on cinnamon and blood pressure management. If you have a specific question about either of these topics, feel free to ask! Here are a couple of clarifications:\n\n1. **Quantum Technology**:  \n   - **QuantFi and QURECA** are collaborating to create a training course in quantum computing for finance (2021).  \n   - Microsoft and the University of Washington demonstrated fully automated DNA data storage (2019).  \n   - EuroHPC is a European project related to high-performance computing (n.d.).  \n   - There are ongoing demands for skills development in'}}
2025-12-15 16:49:05,808 - [Quantum_e2e_20251215_nova_dll.py:287] - [on_result] - DEBUG - 接收到 in_progress 且类型为text的消息，当前token计数: 135
2025-12-15 16:49:05,809 - [Quantum_e2e_20251215_nova_dll.py:309] - [on_result] - INFO - Got result for job 99: {'job_id': 99, 'status': 'in_progress', 'timestamp': '2025-12-15T16:49:05.809511', 'data': {'type': 'text', 'response': 'Hello! It looks like you mentioned a couple of topics related to quantum technology and a clinical study on cinnamon and blood pressure management. If you have a specific question about either of these topics, feel free to ask! Here are a couple of clarifications:\n\n1. **Quantum Technology**:  \n   - **QuantFi and QURECA** are collaborating to create a training course in quantum computing for finance (2021).  \n   - Microsoft and the University of Washington demonstrated fully automated DNA data storage (2019).  \n   - EuroHPC is a European project related to high-performance computing (n.d.).  \n   - There are ongoing demands for skills development in high'}}
2025-12-15 16:49:05,809 - [Quantum_e2e_20251215_nova_dll.py:287] - [on_result] - DEBUG - 接收到 in_progress 且类型为text的消息，当前token计数: 136
2025-12-15 16:49:05,809 - [Quantum_e2e_20251215_nova_dll.py:309] - [on_result] - INFO - Got result for job 99: {'job_id': 99, 'status': 'in_progress', 'timestamp': '2025-12-15T16:49:05.809511', 'data': {'type': 'text', 'response': 'Hello! It looks like you mentioned a couple of topics related to quantum technology and a clinical study on cinnamon and blood pressure management. If you have a specific question about either of these topics, feel free to ask! Here are a couple of clarifications:\n\n1. **Quantum Technology**:  \n   - **QuantFi and QURECA** are collaborating to create a training course in quantum computing for finance (2021).  \n   - Microsoft and the University of Washington demonstrated fully automated DNA data storage (2019).  \n   - EuroHPC is a European project related to high-performance computing (n.d.).  \n   - There are ongoing demands for skills development in high-performance'}}
2025-12-15 16:49:05,810 - [Quantum_e2e_20251215_nova_dll.py:287] - [on_result] - DEBUG - 接收到 in_progress 且类型为text的消息，当前token计数: 137
2025-12-15 16:49:05,810 - [Quantum_e2e_20251215_nova_dll.py:309] - [on_result] - INFO - Got result for job 99: {'job_id': 99, 'status': 'in_progress', 'timestamp': '2025-12-15T16:49:05.810509', 'data': {'type': 'text', 'response': 'Hello! It looks like you mentioned a couple of topics related to quantum technology and a clinical study on cinnamon and blood pressure management. If you have a specific question about either of these topics, feel free to ask! Here are a couple of clarifications:\n\n1. **Quantum Technology**:  \n   - **QuantFi and QURECA** are collaborating to create a training course in quantum computing for finance (2021).  \n   - Microsoft and the University of Washington demonstrated fully automated DNA data storage (2019).  \n   - EuroHPC is a European project related to high-performance computing (n.d.).  \n   - There are ongoing demands for skills development in high-performance computing'}}
2025-12-15 16:49:05,810 - [Quantum_e2e_20251215_nova_dll.py:287] - [on_result] - DEBUG - 接收到 in_progress 且类型为text的消息，当前token计数: 138
2025-12-15 16:49:05,811 - [Quantum_e2e_20251215_nova_dll.py:309] - [on_result] - INFO - Got result for job 99: {'job_id': 99, 'status': 'in_progress', 'timestamp': '2025-12-15T16:49:05.811509', 'data': {'type': 'text', 'response': 'Hello! It looks like you mentioned a couple of topics related to quantum technology and a clinical study on cinnamon and blood pressure management. If you have a specific question about either of these topics, feel free to ask! Here are a couple of clarifications:\n\n1. **Quantum Technology**:  \n   - **QuantFi and QURECA** are collaborating to create a training course in quantum computing for finance (2021).  \n   - Microsoft and the University of Washington demonstrated fully automated DNA data storage (2019).  \n   - EuroHPC is a European project related to high-performance computing (n.d.).  \n   - There are ongoing demands for skills development in high-performance computing ('}}
2025-12-15 16:49:05,811 - [Quantum_e2e_20251215_nova_dll.py:287] - [on_result] - DEBUG - 接收到 in_progress 且类型为text的消息，当前token计数: 139
2025-12-15 16:49:05,812 - [Quantum_e2e_20251215_nova_dll.py:309] - [on_result] - INFO - Got result for job 99: {'job_id': 99, 'status': 'in_progress', 'timestamp': '2025-12-15T16:49:05.811509', 'data': {'type': 'text', 'response': 'Hello! It looks like you mentioned a couple of topics related to quantum technology and a clinical study on cinnamon and blood pressure management. If you have a specific question about either of these topics, feel free to ask! Here are a couple of clarifications:\n\n1. **Quantum Technology**:  \n   - **QuantFi and QURECA** are collaborating to create a training course in quantum computing for finance (2021).  \n   - Microsoft and the University of Washington demonstrated fully automated DNA data storage (2019).  \n   - EuroHPC is a European project related to high-performance computing (n.d.).  \n   - There are ongoing demands for skills development in high-performance computing (202'}}
2025-12-15 16:49:05,812 - [Quantum_e2e_20251215_nova_dll.py:287] - [on_result] - DEBUG - 接收到 in_progress 且类型为text的消息，当前token计数: 140
2025-12-15 16:49:05,812 - [Quantum_e2e_20251215_nova_dll.py:309] - [on_result] - INFO - Got result for job 99: {'job_id': 99, 'status': 'in_progress', 'timestamp': '2025-12-15T16:49:05.812509', 'data': {'type': 'text', 'response': 'Hello! It looks like you mentioned a couple of topics related to quantum technology and a clinical study on cinnamon and blood pressure management. If you have a specific question about either of these topics, feel free to ask! Here are a couple of clarifications:\n\n1. **Quantum Technology**:  \n   - **QuantFi and QURECA** are collaborating to create a training course in quantum computing for finance (2021).  \n   - Microsoft and the University of Washington demonstrated fully automated DNA data storage (2019).  \n   - EuroHPC is a European project related to high-performance computing (n.d.).  \n   - There are ongoing demands for skills development in high-performance computing (2021'}}
2025-12-15 16:49:05,813 - [Quantum_e2e_20251215_nova_dll.py:287] - [on_result] - DEBUG - 接收到 in_progress 且类型为text的消息，当前token计数: 141
2025-12-15 16:49:05,813 - [Quantum_e2e_20251215_nova_dll.py:309] - [on_result] - INFO - Got result for job 99: {'job_id': 99, 'status': 'in_progress', 'timestamp': '2025-12-15T16:49:05.813508', 'data': {'type': 'text', 'response': 'Hello! It looks like you mentioned a couple of topics related to quantum technology and a clinical study on cinnamon and blood pressure management. If you have a specific question about either of these topics, feel free to ask! Here are a couple of clarifications:\n\n1. **Quantum Technology**:  \n   - **QuantFi and QURECA** are collaborating to create a training course in quantum computing for finance (2021).  \n   - Microsoft and the University of Washington demonstrated fully automated DNA data storage (2019).  \n   - EuroHPC is a European project related to high-performance computing (n.d.).  \n   - There are ongoing demands for skills development in high-performance computing (2021).'}}
2025-12-15 16:49:05,813 - [Quantum_e2e_20251215_nova_dll.py:287] - [on_result] - DEBUG - 接收到 in_progress 且类型为text的消息，当前token计数: 142
2025-12-15 16:49:05,814 - [Quantum_e2e_20251215_nova_dll.py:309] - [on_result] - INFO - Got result for job 99: {'job_id': 99, 'status': 'in_progress', 'timestamp': '2025-12-15T16:49:05.814509', 'data': {'type': 'text', 'response': 'Hello! It looks like you mentioned a couple of topics related to quantum technology and a clinical study on cinnamon and blood pressure management. If you have a specific question about either of these topics, feel free to ask! Here are a couple of clarifications:\n\n1. **Quantum Technology**:  \n   - **QuantFi and QURECA** are collaborating to create a training course in quantum computing for finance (2021).  \n   - Microsoft and the University of Washington demonstrated fully automated DNA data storage (2019).  \n   - EuroHPC is a European project related to high-performance computing (n.d.).  \n   - There are ongoing demands for skills development in high-performance computing (2021).  \n'}}
2025-12-15 16:49:05,814 - [Quantum_e2e_20251215_nova_dll.py:287] - [on_result] - DEBUG - 接收到 in_progress 且类型为text的消息，当前token计数: 143
2025-12-15 16:49:05,814 - [Quantum_e2e_20251215_nova_dll.py:309] - [on_result] - INFO - Got result for job 99: {'job_id': 99, 'status': 'in_progress', 'timestamp': '2025-12-15T16:49:05.814509', 'data': {'type': 'text', 'response': 'Hello! It looks like you mentioned a couple of topics related to quantum technology and a clinical study on cinnamon and blood pressure management. If you have a specific question about either of these topics, feel free to ask! Here are a couple of clarifications:\n\n1. **Quantum Technology**:  \n   - **QuantFi and QURECA** are collaborating to create a training course in quantum computing for finance (2021).  \n   - Microsoft and the University of Washington demonstrated fully automated DNA data storage (2019).  \n   - EuroHPC is a European project related to high-performance computing (n.d.).  \n   - There are ongoing demands for skills development in high-performance computing (2021).  \n  '}}
2025-12-15 16:49:05,815 - [Quantum_e2e_20251215_nova_dll.py:287] - [on_result] - DEBUG - 接收到 in_progress 且类型为text的消息，当前token计数: 144
2025-12-15 16:49:05,815 - [Quantum_e2e_20251215_nova_dll.py:309] - [on_result] - INFO - Got result for job 99: {'job_id': 99, 'status': 'in_progress', 'timestamp': '2025-12-15T16:49:05.815509', 'data': {'type': 'text', 'response': 'Hello! It looks like you mentioned a couple of topics related to quantum technology and a clinical study on cinnamon and blood pressure management. If you have a specific question about either of these topics, feel free to ask! Here are a couple of clarifications:\n\n1. **Quantum Technology**:  \n   - **QuantFi and QURECA** are collaborating to create a training course in quantum computing for finance (2021).  \n   - Microsoft and the University of Washington demonstrated fully automated DNA data storage (2019).  \n   - EuroHPC is a European project related to high-performance computing (n.d.).  \n   - There are ongoing demands for skills development in high-performance computing (2021).  \n   -'}}
2025-12-15 16:49:05,815 - [Quantum_e2e_20251215_nova_dll.py:287] - [on_result] - DEBUG - 接收到 in_progress 且类型为text的消息，当前token计数: 145
2025-12-15 16:49:05,815 - [Quantum_e2e_20251215_nova_dll.py:309] - [on_result] - INFO - Got result for job 99: {'job_id': 99, 'status': 'in_progress', 'timestamp': '2025-12-15T16:49:05.815509', 'data': {'type': 'text', 'response': 'Hello! It looks like you mentioned a couple of topics related to quantum technology and a clinical study on cinnamon and blood pressure management. If you have a specific question about either of these topics, feel free to ask! Here are a couple of clarifications:\n\n1. **Quantum Technology**:  \n   - **QuantFi and QURECA** are collaborating to create a training course in quantum computing for finance (2021).  \n   - Microsoft and the University of Washington demonstrated fully automated DNA data storage (2019).  \n   - EuroHPC is a European project related to high-performance computing (n.d.).  \n   - There are ongoing demands for skills development in high-performance computing (2021).  \n   - Scott'}}
2025-12-15 16:49:05,815 - [Quantum_e2e_20251215_nova_dll.py:287] - [on_result] - DEBUG - 接收到 in_progress 且类型为text的消息，当前token计数: 146
2025-12-15 16:49:05,816 - [Quantum_e2e_20251215_nova_dll.py:309] - [on_result] - INFO - Got result for job 99: {'job_id': 99, 'status': 'in_progress', 'timestamp': '2025-12-15T16:49:05.816516', 'data': {'type': 'text', 'response': 'Hello! It looks like you mentioned a couple of topics related to quantum technology and a clinical study on cinnamon and blood pressure management. If you have a specific question about either of these topics, feel free to ask! Here are a couple of clarifications:\n\n1. **Quantum Technology**:  \n   - **QuantFi and QURECA** are collaborating to create a training course in quantum computing for finance (2021).  \n   - Microsoft and the University of Washington demonstrated fully automated DNA data storage (2019).  \n   - EuroHPC is a European project related to high-performance computing (n.d.).  \n   - There are ongoing demands for skills development in high-performance computing (2021).  \n   - Scott Aaron'}}
2025-12-15 16:49:05,816 - [Quantum_e2e_20251215_nova_dll.py:287] - [on_result] - DEBUG - 接收到 in_progress 且类型为text的消息，当前token计数: 147
2025-12-15 16:49:05,816 - [Quantum_e2e_20251215_nova_dll.py:309] - [on_result] - INFO - Got result for job 99: {'job_id': 99, 'status': 'in_progress', 'timestamp': '2025-12-15T16:49:05.816516', 'data': {'type': 'text', 'response': 'Hello! It looks like you mentioned a couple of topics related to quantum technology and a clinical study on cinnamon and blood pressure management. If you have a specific question about either of these topics, feel free to ask! Here are a couple of clarifications:\n\n1. **Quantum Technology**:  \n   - **QuantFi and QURECA** are collaborating to create a training course in quantum computing for finance (2021).  \n   - Microsoft and the University of Washington demonstrated fully automated DNA data storage (2019).  \n   - EuroHPC is a European project related to high-performance computing (n.d.).  \n   - There are ongoing demands for skills development in high-performance computing (2021).  \n   - Scott Aaronson'}}
2025-12-15 16:49:05,817 - [Quantum_e2e_20251215_nova_dll.py:287] - [on_result] - DEBUG - 接收到 in_progress 且类型为text的消息，当前token计数: 148
2025-12-15 16:49:05,817 - [Quantum_e2e_20251215_nova_dll.py:309] - [on_result] - INFO - Got result for job 99: {'job_id': 99, 'status': 'in_progress', 'timestamp': '2025-12-15T16:49:05.817527', 'data': {'type': 'text', 'response': 'Hello! It looks like you mentioned a couple of topics related to quantum technology and a clinical study on cinnamon and blood pressure management. If you have a specific question about either of these topics, feel free to ask! Here are a couple of clarifications:\n\n1. **Quantum Technology**:  \n   - **QuantFi and QURECA** are collaborating to create a training course in quantum computing for finance (2021).  \n   - Microsoft and the University of Washington demonstrated fully automated DNA data storage (2019).  \n   - EuroHPC is a European project related to high-performance computing (n.d.).  \n   - There are ongoing demands for skills development in high-performance computing (2021).  \n   - Scott Aaronson has'}}
2025-12-15 16:49:05,818 - [Quantum_e2e_20251215_nova_dll.py:287] - [on_result] - DEBUG - 接收到 in_progress 且类型为text的消息，当前token计数: 149
2025-12-15 16:49:05,818 - [Quantum_e2e_20251215_nova_dll.py:309] - [on_result] - INFO - Got result for job 99: {'job_id': 99, 'status': 'in_progress', 'timestamp': '2025-12-15T16:49:05.818513', 'data': {'type': 'text', 'response': 'Hello! It looks like you mentioned a couple of topics related to quantum technology and a clinical study on cinnamon and blood pressure management. If you have a specific question about either of these topics, feel free to ask! Here are a couple of clarifications:\n\n1. **Quantum Technology**:  \n   - **QuantFi and QURECA** are collaborating to create a training course in quantum computing for finance (2021).  \n   - Microsoft and the University of Washington demonstrated fully automated DNA data storage (2019).  \n   - EuroHPC is a European project related to high-performance computing (n.d.).  \n   - There are ongoing demands for skills development in high-performance computing (2021).  \n   - Scott Aaronson has written'}}
2025-12-15 16:49:05,818 - [Quantum_e2e_20251215_nova_dll.py:287] - [on_result] - DEBUG - 接收到 in_progress 且类型为text的消息，当前token计数: 150
2025-12-15 16:49:05,819 - [Quantum_e2e_20251215_nova_dll.py:309] - [on_result] - INFO - Got result for job 99: {'job_id': 99, 'status': 'in_progress', 'timestamp': '2025-12-15T16:49:05.819509', 'data': {'type': 'text', 'response': 'Hello! It looks like you mentioned a couple of topics related to quantum technology and a clinical study on cinnamon and blood pressure management. If you have a specific question about either of these topics, feel free to ask! Here are a couple of clarifications:\n\n1. **Quantum Technology**:  \n   - **QuantFi and QURECA** are collaborating to create a training course in quantum computing for finance (2021).  \n   - Microsoft and the University of Washington demonstrated fully automated DNA data storage (2019).  \n   - EuroHPC is a European project related to high-performance computing (n.d.).  \n   - There are ongoing demands for skills development in high-performance computing (2021).  \n   - Scott Aaronson has written a'}}
2025-12-15 16:49:05,819 - [Quantum_e2e_20251215_nova_dll.py:287] - [on_result] - DEBUG - 接收到 in_progress 且类型为text的消息，当前token计数: 151
2025-12-15 16:49:05,819 - [Quantum_e2e_20251215_nova_dll.py:309] - [on_result] - INFO - Got result for job 99: {'job_id': 99, 'status': 'in_progress', 'timestamp': '2025-12-15T16:49:05.819509', 'data': {'type': 'text', 'response': 'Hello! It looks like you mentioned a couple of topics related to quantum technology and a clinical study on cinnamon and blood pressure management. If you have a specific question about either of these topics, feel free to ask! Here are a couple of clarifications:\n\n1. **Quantum Technology**:  \n   - **QuantFi and QURECA** are collaborating to create a training course in quantum computing for finance (2021).  \n   - Microsoft and the University of Washington demonstrated fully automated DNA data storage (2019).  \n   - EuroHPC is a European project related to high-performance computing (n.d.).  \n   - There are ongoing demands for skills development in high-performance computing (2021).  \n   - Scott Aaronson has written a FAQ'}}
2025-12-15 16:49:05,820 - [Quantum_e2e_20251215_nova_dll.py:287] - [on_result] - DEBUG - 接收到 in_progress 且类型为text的消息，当前token计数: 152
2025-12-15 16:49:05,820 - [Quantum_e2e_20251215_nova_dll.py:309] - [on_result] - INFO - Got result for job 99: {'job_id': 99, 'status': 'in_progress', 'timestamp': '2025-12-15T16:49:05.820510', 'data': {'type': 'text', 'response': 'Hello! It looks like you mentioned a couple of topics related to quantum technology and a clinical study on cinnamon and blood pressure management. If you have a specific question about either of these topics, feel free to ask! Here are a couple of clarifications:\n\n1. **Quantum Technology**:  \n   - **QuantFi and QURECA** are collaborating to create a training course in quantum computing for finance (2021).  \n   - Microsoft and the University of Washington demonstrated fully automated DNA data storage (2019).  \n   - EuroHPC is a European project related to high-performance computing (n.d.).  \n   - There are ongoing demands for skills development in high-performance computing (2021).  \n   - Scott Aaronson has written a FAQ on'}}
2025-12-15 16:49:05,820 - [Quantum_e2e_20251215_nova_dll.py:287] - [on_result] - DEBUG - 接收到 in_progress 且类型为text的消息，当前token计数: 153
2025-12-15 16:49:05,820 - [Quantum_e2e_20251215_nova_dll.py:309] - [on_result] - INFO - Got result for job 99: {'job_id': 99, 'status': 'in_progress', 'timestamp': '2025-12-15T16:49:05.820510', 'data': {'type': 'text', 'response': 'Hello! It looks like you mentioned a couple of topics related to quantum technology and a clinical study on cinnamon and blood pressure management. If you have a specific question about either of these topics, feel free to ask! Here are a couple of clarifications:\n\n1. **Quantum Technology**:  \n   - **QuantFi and QURECA** are collaborating to create a training course in quantum computing for finance (2021).  \n   - Microsoft and the University of Washington demonstrated fully automated DNA data storage (2019).  \n   - EuroHPC is a European project related to high-performance computing (n.d.).  \n   - There are ongoing demands for skills development in high-performance computing (2021).  \n   - Scott Aaronson has written a FAQ on quantum'}}
2025-12-15 16:49:05,821 - [Quantum_e2e_20251215_nova_dll.py:287] - [on_result] - DEBUG - 接收到 in_progress 且类型为text的消息，当前token计数: 154
2025-12-15 16:49:05,821 - [Quantum_e2e_20251215_nova_dll.py:309] - [on_result] - INFO - Got result for job 99: {'job_id': 99, 'status': 'in_progress', 'timestamp': '2025-12-15T16:49:05.821509', 'data': {'type': 'text', 'response': 'Hello! It looks like you mentioned a couple of topics related to quantum technology and a clinical study on cinnamon and blood pressure management. If you have a specific question about either of these topics, feel free to ask! Here are a couple of clarifications:\n\n1. **Quantum Technology**:  \n   - **QuantFi and QURECA** are collaborating to create a training course in quantum computing for finance (2021).  \n   - Microsoft and the University of Washington demonstrated fully automated DNA data storage (2019).  \n   - EuroHPC is a European project related to high-performance computing (n.d.).  \n   - There are ongoing demands for skills development in high-performance computing (2021).  \n   - Scott Aaronson has written a FAQ on quantum supremacy'}}
2025-12-15 16:49:05,821 - [Quantum_e2e_20251215_nova_dll.py:287] - [on_result] - DEBUG - 接收到 in_progress 且类型为text的消息，当前token计数: 155
2025-12-15 16:49:05,821 - [Quantum_e2e_20251215_nova_dll.py:309] - [on_result] - INFO - Got result for job 99: {'job_id': 99, 'status': 'in_progress', 'timestamp': '2025-12-15T16:49:05.821509', 'data': {'type': 'text', 'response': 'Hello! It looks like you mentioned a couple of topics related to quantum technology and a clinical study on cinnamon and blood pressure management. If you have a specific question about either of these topics, feel free to ask! Here are a couple of clarifications:\n\n1. **Quantum Technology**:  \n   - **QuantFi and QURECA** are collaborating to create a training course in quantum computing for finance (2021).  \n   - Microsoft and the University of Washington demonstrated fully automated DNA data storage (2019).  \n   - EuroHPC is a European project related to high-performance computing (n.d.).  \n   - There are ongoing demands for skills development in high-performance computing (2021).  \n   - Scott Aaronson has written a FAQ on quantum supremacy ('}}
2025-12-15 16:49:05,821 - [Quantum_e2e_20251215_nova_dll.py:287] - [on_result] - DEBUG - 接收到 in_progress 且类型为text的消息，当前token计数: 156
2025-12-15 16:49:05,822 - [Quantum_e2e_20251215_nova_dll.py:309] - [on_result] - INFO - Got result for job 99: {'job_id': 99, 'status': 'in_progress', 'timestamp': '2025-12-15T16:49:05.822509', 'data': {'type': 'text', 'response': 'Hello! It looks like you mentioned a couple of topics related to quantum technology and a clinical study on cinnamon and blood pressure management. If you have a specific question about either of these topics, feel free to ask! Here are a couple of clarifications:\n\n1. **Quantum Technology**:  \n   - **QuantFi and QURECA** are collaborating to create a training course in quantum computing for finance (2021).  \n   - Microsoft and the University of Washington demonstrated fully automated DNA data storage (2019).  \n   - EuroHPC is a European project related to high-performance computing (n.d.).  \n   - There are ongoing demands for skills development in high-performance computing (2021).  \n   - Scott Aaronson has written a FAQ on quantum supremacy (201'}}
2025-12-15 16:49:05,822 - [Quantum_e2e_20251215_nova_dll.py:287] - [on_result] - DEBUG - 接收到 in_progress 且类型为text的消息，当前token计数: 157
2025-12-15 16:49:05,822 - [Quantum_e2e_20251215_nova_dll.py:309] - [on_result] - INFO - Got result for job 99: {'job_id': 99, 'status': 'in_progress', 'timestamp': '2025-12-15T16:49:05.822509', 'data': {'type': 'text', 'response': 'Hello! It looks like you mentioned a couple of topics related to quantum technology and a clinical study on cinnamon and blood pressure management. If you have a specific question about either of these topics, feel free to ask! Here are a couple of clarifications:\n\n1. **Quantum Technology**:  \n   - **QuantFi and QURECA** are collaborating to create a training course in quantum computing for finance (2021).  \n   - Microsoft and the University of Washington demonstrated fully automated DNA data storage (2019).  \n   - EuroHPC is a European project related to high-performance computing (n.d.).  \n   - There are ongoing demands for skills development in high-performance computing (2021).  \n   - Scott Aaronson has written a FAQ on quantum supremacy (2019'}}
2025-12-15 16:49:05,823 - [Quantum_e2e_20251215_nova_dll.py:287] - [on_result] - DEBUG - 接收到 in_progress 且类型为text的消息，当前token计数: 158
2025-12-15 16:49:05,823 - [Quantum_e2e_20251215_nova_dll.py:309] - [on_result] - INFO - Got result for job 99: {'job_id': 99, 'status': 'in_progress', 'timestamp': '2025-12-15T16:49:05.823509', 'data': {'type': 'text', 'response': 'Hello! It looks like you mentioned a couple of topics related to quantum technology and a clinical study on cinnamon and blood pressure management. If you have a specific question about either of these topics, feel free to ask! Here are a couple of clarifications:\n\n1. **Quantum Technology**:  \n   - **QuantFi and QURECA** are collaborating to create a training course in quantum computing for finance (2021).  \n   - Microsoft and the University of Washington demonstrated fully automated DNA data storage (2019).  \n   - EuroHPC is a European project related to high-performance computing (n.d.).  \n   - There are ongoing demands for skills development in high-performance computing (2021).  \n   - Scott Aaronson has written a FAQ on quantum supremacy (2019).'}}
2025-12-15 16:49:05,824 - [Quantum_e2e_20251215_nova_dll.py:287] - [on_result] - DEBUG - 接收到 in_progress 且类型为text的消息，当前token计数: 159
2025-12-15 16:49:05,824 - [Quantum_e2e_20251215_nova_dll.py:309] - [on_result] - INFO - Got result for job 99: {'job_id': 99, 'status': 'in_progress', 'timestamp': '2025-12-15T16:49:05.824512', 'data': {'type': 'text', 'response': 'Hello! It looks like you mentioned a couple of topics related to quantum technology and a clinical study on cinnamon and blood pressure management. If you have a specific question about either of these topics, feel free to ask! Here are a couple of clarifications:\n\n1. **Quantum Technology**:  \n   - **QuantFi and QURECA** are collaborating to create a training course in quantum computing for finance (2021).  \n   - Microsoft and the University of Washington demonstrated fully automated DNA data storage (2019).  \n   - EuroHPC is a European project related to high-performance computing (n.d.).  \n   - There are ongoing demands for skills development in high-performance computing (2021).  \n   - Scott Aaronson has written a FAQ on quantum supremacy (2019).  \n\n'}}
2025-12-15 16:49:05,825 - [Quantum_e2e_20251215_nova_dll.py:287] - [on_result] - DEBUG - 接收到 in_progress 且类型为text的消息，当前token计数: 160
2025-12-15 16:49:05,825 - [Quantum_e2e_20251215_nova_dll.py:309] - [on_result] - INFO - Got result for job 99: {'job_id': 99, 'status': 'in_progress', 'timestamp': '2025-12-15T16:49:05.825510', 'data': {'type': 'text', 'response': 'Hello! It looks like you mentioned a couple of topics related to quantum technology and a clinical study on cinnamon and blood pressure management. If you have a specific question about either of these topics, feel free to ask! Here are a couple of clarifications:\n\n1. **Quantum Technology**:  \n   - **QuantFi and QURECA** are collaborating to create a training course in quantum computing for finance (2021).  \n   - Microsoft and the University of Washington demonstrated fully automated DNA data storage (2019).  \n   - EuroHPC is a European project related to high-performance computing (n.d.).  \n   - There are ongoing demands for skills development in high-performance computing (2021).  \n   - Scott Aaronson has written a FAQ on quantum supremacy (2019).  \n\n2'}}
2025-12-15 16:49:05,825 - [Quantum_e2e_20251215_nova_dll.py:287] - [on_result] - DEBUG - 接收到 in_progress 且类型为text的消息，当前token计数: 161
2025-12-15 16:49:05,826 - [Quantum_e2e_20251215_nova_dll.py:309] - [on_result] - INFO - Got result for job 99: {'job_id': 99, 'status': 'in_progress', 'timestamp': '2025-12-15T16:49:05.826510', 'data': {'type': 'text', 'response': 'Hello! It looks like you mentioned a couple of topics related to quantum technology and a clinical study on cinnamon and blood pressure management. If you have a specific question about either of these topics, feel free to ask! Here are a couple of clarifications:\n\n1. **Quantum Technology**:  \n   - **QuantFi and QURECA** are collaborating to create a training course in quantum computing for finance (2021).  \n   - Microsoft and the University of Washington demonstrated fully automated DNA data storage (2019).  \n   - EuroHPC is a European project related to high-performance computing (n.d.).  \n   - There are ongoing demands for skills development in high-performance computing (2021).  \n   - Scott Aaronson has written a FAQ on quantum supremacy (2019).  \n\n2.'}}
2025-12-15 16:49:05,826 - [Quantum_e2e_20251215_nova_dll.py:287] - [on_result] - DEBUG - 接收到 in_progress 且类型为text的消息，当前token计数: 162
2025-12-15 16:49:05,826 - [Quantum_e2e_20251215_nova_dll.py:309] - [on_result] - INFO - Got result for job 99: {'job_id': 99, 'status': 'in_progress', 'timestamp': '2025-12-15T16:49:05.826510', 'data': {'type': 'text', 'response': 'Hello! It looks like you mentioned a couple of topics related to quantum technology and a clinical study on cinnamon and blood pressure management. If you have a specific question about either of these topics, feel free to ask! Here are a couple of clarifications:\n\n1. **Quantum Technology**:  \n   - **QuantFi and QURECA** are collaborating to create a training course in quantum computing for finance (2021).  \n   - Microsoft and the University of Washington demonstrated fully automated DNA data storage (2019).  \n   - EuroHPC is a European project related to high-performance computing (n.d.).  \n   - There are ongoing demands for skills development in high-performance computing (2021).  \n   - Scott Aaronson has written a FAQ on quantum supremacy (2019).  \n\n2. **'}}
2025-12-15 16:49:05,826 - [Quantum_e2e_20251215_nova_dll.py:287] - [on_result] - DEBUG - 接收到 in_progress 且类型为text的消息，当前token计数: 163
2025-12-15 16:49:05,827 - [Quantum_e2e_20251215_nova_dll.py:309] - [on_result] - INFO - Got result for job 99: {'job_id': 99, 'status': 'in_progress', 'timestamp': '2025-12-15T16:49:05.827517', 'data': {'type': 'text', 'response': 'Hello! It looks like you mentioned a couple of topics related to quantum technology and a clinical study on cinnamon and blood pressure management. If you have a specific question about either of these topics, feel free to ask! Here are a couple of clarifications:\n\n1. **Quantum Technology**:  \n   - **QuantFi and QURECA** are collaborating to create a training course in quantum computing for finance (2021).  \n   - Microsoft and the University of Washington demonstrated fully automated DNA data storage (2019).  \n   - EuroHPC is a European project related to high-performance computing (n.d.).  \n   - There are ongoing demands for skills development in high-performance computing (2021).  \n   - Scott Aaronson has written a FAQ on quantum supremacy (2019).  \n\n2. **C'}}
2025-12-15 16:49:05,827 - [Quantum_e2e_20251215_nova_dll.py:287] - [on_result] - DEBUG - 接收到 in_progress 且类型为text的消息，当前token计数: 164
2025-12-15 16:49:05,827 - [Quantum_e2e_20251215_nova_dll.py:309] - [on_result] - INFO - Got result for job 99: {'job_id': 99, 'status': 'in_progress', 'timestamp': '2025-12-15T16:49:05.827517', 'data': {'type': 'text', 'response': 'Hello! It looks like you mentioned a couple of topics related to quantum technology and a clinical study on cinnamon and blood pressure management. If you have a specific question about either of these topics, feel free to ask! Here are a couple of clarifications:\n\n1. **Quantum Technology**:  \n   - **QuantFi and QURECA** are collaborating to create a training course in quantum computing for finance (2021).  \n   - Microsoft and the University of Washington demonstrated fully automated DNA data storage (2019).  \n   - EuroHPC is a European project related to high-performance computing (n.d.).  \n   - There are ongoing demands for skills development in high-performance computing (2021).  \n   - Scott Aaronson has written a FAQ on quantum supremacy (2019).  \n\n2. **Cinnamon'}}
2025-12-15 16:49:05,828 - [Quantum_e2e_20251215_nova_dll.py:287] - [on_result] - DEBUG - 接收到 in_progress 且类型为text的消息，当前token计数: 165
2025-12-15 16:49:05,828 - [Quantum_e2e_20251215_nova_dll.py:309] - [on_result] - INFO - Got result for job 99: {'job_id': 99, 'status': 'in_progress', 'timestamp': '2025-12-15T16:49:05.828516', 'data': {'type': 'text', 'response': 'Hello! It looks like you mentioned a couple of topics related to quantum technology and a clinical study on cinnamon and blood pressure management. If you have a specific question about either of these topics, feel free to ask! Here are a couple of clarifications:\n\n1. **Quantum Technology**:  \n   - **QuantFi and QURECA** are collaborating to create a training course in quantum computing for finance (2021).  \n   - Microsoft and the University of Washington demonstrated fully automated DNA data storage (2019).  \n   - EuroHPC is a European project related to high-performance computing (n.d.).  \n   - There are ongoing demands for skills development in high-performance computing (2021).  \n   - Scott Aaronson has written a FAQ on quantum supremacy (2019).  \n\n2. **Cinnamon and'}}
2025-12-15 16:49:05,829 - [Quantum_e2e_20251215_nova_dll.py:287] - [on_result] - DEBUG - 接收到 in_progress 且类型为text的消息，当前token计数: 166
2025-12-15 16:49:05,829 - [Quantum_e2e_20251215_nova_dll.py:309] - [on_result] - INFO - Got result for job 99: {'job_id': 99, 'status': 'in_progress', 'timestamp': '2025-12-15T16:49:05.829516', 'data': {'type': 'text', 'response': 'Hello! It looks like you mentioned a couple of topics related to quantum technology and a clinical study on cinnamon and blood pressure management. If you have a specific question about either of these topics, feel free to ask! Here are a couple of clarifications:\n\n1. **Quantum Technology**:  \n   - **QuantFi and QURECA** are collaborating to create a training course in quantum computing for finance (2021).  \n   - Microsoft and the University of Washington demonstrated fully automated DNA data storage (2019).  \n   - EuroHPC is a European project related to high-performance computing (n.d.).  \n   - There are ongoing demands for skills development in high-performance computing (2021).  \n   - Scott Aaronson has written a FAQ on quantum supremacy (2019).  \n\n2. **Cinnamon and Blood'}}
2025-12-15 16:49:05,829 - [Quantum_e2e_20251215_nova_dll.py:287] - [on_result] - DEBUG - 接收到 in_progress 且类型为text的消息，当前token计数: 167
2025-12-15 16:49:05,829 - [Quantum_e2e_20251215_nova_dll.py:309] - [on_result] - INFO - Got result for job 99: {'job_id': 99, 'status': 'in_progress', 'timestamp': '2025-12-15T16:49:05.829516', 'data': {'type': 'text', 'response': 'Hello! It looks like you mentioned a couple of topics related to quantum technology and a clinical study on cinnamon and blood pressure management. If you have a specific question about either of these topics, feel free to ask! Here are a couple of clarifications:\n\n1. **Quantum Technology**:  \n   - **QuantFi and QURECA** are collaborating to create a training course in quantum computing for finance (2021).  \n   - Microsoft and the University of Washington demonstrated fully automated DNA data storage (2019).  \n   - EuroHPC is a European project related to high-performance computing (n.d.).  \n   - There are ongoing demands for skills development in high-performance computing (2021).  \n   - Scott Aaronson has written a FAQ on quantum supremacy (2019).  \n\n2. **Cinnamon and Blood Pressure'}}
2025-12-15 16:49:05,830 - [Quantum_e2e_20251215_nova_dll.py:287] - [on_result] - DEBUG - 接收到 in_progress 且类型为text的消息，当前token计数: 168
2025-12-15 16:49:05,830 - [Quantum_e2e_20251215_nova_dll.py:309] - [on_result] - INFO - Got result for job 99: {'job_id': 99, 'status': 'in_progress', 'timestamp': '2025-12-15T16:49:05.830515', 'data': {'type': 'text', 'response': 'Hello! It looks like you mentioned a couple of topics related to quantum technology and a clinical study on cinnamon and blood pressure management. If you have a specific question about either of these topics, feel free to ask! Here are a couple of clarifications:\n\n1. **Quantum Technology**:  \n   - **QuantFi and QURECA** are collaborating to create a training course in quantum computing for finance (2021).  \n   - Microsoft and the University of Washington demonstrated fully automated DNA data storage (2019).  \n   - EuroHPC is a European project related to high-performance computing (n.d.).  \n   - There are ongoing demands for skills development in high-performance computing (2021).  \n   - Scott Aaronson has written a FAQ on quantum supremacy (2019).  \n\n2. **Cinnamon and Blood Pressure**'}}
2025-12-15 16:49:05,830 - [Quantum_e2e_20251215_nova_dll.py:287] - [on_result] - DEBUG - 接收到 in_progress 且类型为text的消息，当前token计数: 169
2025-12-15 16:49:05,831 - [Quantum_e2e_20251215_nova_dll.py:309] - [on_result] - INFO - Got result for job 99: {'job_id': 99, 'status': 'in_progress', 'timestamp': '2025-12-15T16:49:05.831516', 'data': {'type': 'text', 'response': 'Hello! It looks like you mentioned a couple of topics related to quantum technology and a clinical study on cinnamon and blood pressure management. If you have a specific question about either of these topics, feel free to ask! Here are a couple of clarifications:\n\n1. **Quantum Technology**:  \n   - **QuantFi and QURECA** are collaborating to create a training course in quantum computing for finance (2021).  \n   - Microsoft and the University of Washington demonstrated fully automated DNA data storage (2019).  \n   - EuroHPC is a European project related to high-performance computing (n.d.).  \n   - There are ongoing demands for skills development in high-performance computing (2021).  \n   - Scott Aaronson has written a FAQ on quantum supremacy (2019).  \n\n2. **Cinnamon and Blood Pressure**:'}}
2025-12-15 16:49:05,831 - [Quantum_e2e_20251215_nova_dll.py:287] - [on_result] - DEBUG - 接收到 in_progress 且类型为text的消息，当前token计数: 170
2025-12-15 16:49:05,831 - [Quantum_e2e_20251215_nova_dll.py:309] - [on_result] - INFO - Got result for job 99: {'job_id': 99, 'status': 'in_progress', 'timestamp': '2025-12-15T16:49:05.831516', 'data': {'type': 'text', 'response': 'Hello! It looks like you mentioned a couple of topics related to quantum technology and a clinical study on cinnamon and blood pressure management. If you have a specific question about either of these topics, feel free to ask! Here are a couple of clarifications:\n\n1. **Quantum Technology**:  \n   - **QuantFi and QURECA** are collaborating to create a training course in quantum computing for finance (2021).  \n   - Microsoft and the University of Washington demonstrated fully automated DNA data storage (2019).  \n   - EuroHPC is a European project related to high-performance computing (n.d.).  \n   - There are ongoing demands for skills development in high-performance computing (2021).  \n   - Scott Aaronson has written a FAQ on quantum supremacy (2019).  \n\n2. **Cinnamon and Blood Pressure**:  \n'}}
2025-12-15 16:49:05,832 - [Quantum_e2e_20251215_nova_dll.py:287] - [on_result] - DEBUG - 接收到 in_progress 且类型为text的消息，当前token计数: 171
2025-12-15 16:49:05,832 - [Quantum_e2e_20251215_nova_dll.py:309] - [on_result] - INFO - Got result for job 99: {'job_id': 99, 'status': 'in_progress', 'timestamp': '2025-12-15T16:49:05.832517', 'data': {'type': 'text', 'response': 'Hello! It looks like you mentioned a couple of topics related to quantum technology and a clinical study on cinnamon and blood pressure management. If you have a specific question about either of these topics, feel free to ask! Here are a couple of clarifications:\n\n1. **Quantum Technology**:  \n   - **QuantFi and QURECA** are collaborating to create a training course in quantum computing for finance (2021).  \n   - Microsoft and the University of Washington demonstrated fully automated DNA data storage (2019).  \n   - EuroHPC is a European project related to high-performance computing (n.d.).  \n   - There are ongoing demands for skills development in high-performance computing (2021).  \n   - Scott Aaronson has written a FAQ on quantum supremacy (2019).  \n\n2. **Cinnamon and Blood Pressure**:  \n  '}}
2025-12-15 16:49:05,839 - [Quantum_e2e_20251215_nova_dll.py:287] - [on_result] - DEBUG - 接收到 in_progress 且类型为text的消息，当前token计数: 172
2025-12-15 16:49:05,840 - [Quantum_e2e_20251215_nova_dll.py:309] - [on_result] - INFO - Got result for job 99: {'job_id': 99, 'status': 'in_progress', 'timestamp': '2025-12-15T16:49:05.840518', 'data': {'type': 'text', 'response': 'Hello! It looks like you mentioned a couple of topics related to quantum technology and a clinical study on cinnamon and blood pressure management. If you have a specific question about either of these topics, feel free to ask! Here are a couple of clarifications:\n\n1. **Quantum Technology**:  \n   - **QuantFi and QURECA** are collaborating to create a training course in quantum computing for finance (2021).  \n   - Microsoft and the University of Washington demonstrated fully automated DNA data storage (2019).  \n   - EuroHPC is a European project related to high-performance computing (n.d.).  \n   - There are ongoing demands for skills development in high-performance computing (2021).  \n   - Scott Aaronson has written a FAQ on quantum supremacy (2019).  \n\n2. **Cinnamon and Blood Pressure**:  \n   -'}}
2025-12-15 16:49:05,855 - [Quantum_e2e_20251215_nova_dll.py:287] - [on_result] - DEBUG - 接收到 in_progress 且类型为text的消息，当前token计数: 173
2025-12-15 16:49:05,855 - [Quantum_e2e_20251215_nova_dll.py:309] - [on_result] - INFO - Got result for job 99: {'job_id': 99, 'status': 'in_progress', 'timestamp': '2025-12-15T16:49:05.855031', 'data': {'type': 'text', 'response': 'Hello! It looks like you mentioned a couple of topics related to quantum technology and a clinical study on cinnamon and blood pressure management. If you have a specific question about either of these topics, feel free to ask! Here are a couple of clarifications:\n\n1. **Quantum Technology**:  \n   - **QuantFi and QURECA** are collaborating to create a training course in quantum computing for finance (2021).  \n   - Microsoft and the University of Washington demonstrated fully automated DNA data storage (2019).  \n   - EuroHPC is a European project related to high-performance computing (n.d.).  \n   - There are ongoing demands for skills development in high-performance computing (2021).  \n   - Scott Aaronson has written a FAQ on quantum supremacy (2019).  \n\n2. **Cinnamon and Blood Pressure**:  \n   - There'}}
2025-12-15 16:49:05,871 - [Quantum_e2e_20251215_nova_dll.py:287] - [on_result] - DEBUG - 接收到 in_progress 且类型为text的消息，当前token计数: 174
2025-12-15 16:49:05,872 - [Quantum_e2e_20251215_nova_dll.py:309] - [on_result] - INFO - Got result for job 99: {'job_id': 99, 'status': 'in_progress', 'timestamp': '2025-12-15T16:49:05.872032', 'data': {'type': 'text', 'response': 'Hello! It looks like you mentioned a couple of topics related to quantum technology and a clinical study on cinnamon and blood pressure management. If you have a specific question about either of these topics, feel free to ask! Here are a couple of clarifications:\n\n1. **Quantum Technology**:  \n   - **QuantFi and QURECA** are collaborating to create a training course in quantum computing for finance (2021).  \n   - Microsoft and the University of Washington demonstrated fully automated DNA data storage (2019).  \n   - EuroHPC is a European project related to high-performance computing (n.d.).  \n   - There are ongoing demands for skills development in high-performance computing (2021).  \n   - Scott Aaronson has written a FAQ on quantum supremacy (2019).  \n\n2. **Cinnamon and Blood Pressure**:  \n   - There is'}}
2025-12-15 16:49:05,887 - [Quantum_e2e_20251215_nova_dll.py:287] - [on_result] - DEBUG - 接收到 in_progress 且类型为text的消息，当前token计数: 175
2025-12-15 16:49:05,888 - [Quantum_e2e_20251215_nova_dll.py:309] - [on_result] - INFO - Got result for job 99: {'job_id': 99, 'status': 'in_progress', 'timestamp': '2025-12-15T16:49:05.888047', 'data': {'type': 'text', 'response': 'Hello! It looks like you mentioned a couple of topics related to quantum technology and a clinical study on cinnamon and blood pressure management. If you have a specific question about either of these topics, feel free to ask! Here are a couple of clarifications:\n\n1. **Quantum Technology**:  \n   - **QuantFi and QURECA** are collaborating to create a training course in quantum computing for finance (2021).  \n   - Microsoft and the University of Washington demonstrated fully automated DNA data storage (2019).  \n   - EuroHPC is a European project related to high-performance computing (n.d.).  \n   - There are ongoing demands for skills development in high-performance computing (2021).  \n   - Scott Aaronson has written a FAQ on quantum supremacy (2019).  \n\n2. **Cinnamon and Blood Pressure**:  \n   - There is a'}}
2025-12-15 16:49:05,903 - [Quantum_e2e_20251215_nova_dll.py:287] - [on_result] - DEBUG - 接收到 in_progress 且类型为text的消息，当前token计数: 176
2025-12-15 16:49:05,903 - [Quantum_e2e_20251215_nova_dll.py:309] - [on_result] - INFO - Got result for job 99: {'job_id': 99, 'status': 'in_progress', 'timestamp': '2025-12-15T16:49:05.903052', 'data': {'type': 'text', 'response': 'Hello! It looks like you mentioned a couple of topics related to quantum technology and a clinical study on cinnamon and blood pressure management. If you have a specific question about either of these topics, feel free to ask! Here are a couple of clarifications:\n\n1. **Quantum Technology**:  \n   - **QuantFi and QURECA** are collaborating to create a training course in quantum computing for finance (2021).  \n   - Microsoft and the University of Washington demonstrated fully automated DNA data storage (2019).  \n   - EuroHPC is a European project related to high-performance computing (n.d.).  \n   - There are ongoing demands for skills development in high-performance computing (2021).  \n   - Scott Aaronson has written a FAQ on quantum supremacy (2019).  \n\n2. **Cinnamon and Blood Pressure**:  \n   - There is a study'}}
2025-12-15 16:49:05,919 - [Quantum_e2e_20251215_nova_dll.py:287] - [on_result] - DEBUG - 接收到 in_progress 且类型为text的消息，当前token计数: 177
2025-12-15 16:49:05,920 - [Quantum_e2e_20251215_nova_dll.py:309] - [on_result] - INFO - Got result for job 99: {'job_id': 99, 'status': 'in_progress', 'timestamp': '2025-12-15T16:49:05.920030', 'data': {'type': 'text', 'response': 'Hello! It looks like you mentioned a couple of topics related to quantum technology and a clinical study on cinnamon and blood pressure management. If you have a specific question about either of these topics, feel free to ask! Here are a couple of clarifications:\n\n1. **Quantum Technology**:  \n   - **QuantFi and QURECA** are collaborating to create a training course in quantum computing for finance (2021).  \n   - Microsoft and the University of Washington demonstrated fully automated DNA data storage (2019).  \n   - EuroHPC is a European project related to high-performance computing (n.d.).  \n   - There are ongoing demands for skills development in high-performance computing (2021).  \n   - Scott Aaronson has written a FAQ on quantum supremacy (2019).  \n\n2. **Cinnamon and Blood Pressure**:  \n   - There is a study on'}}
2025-12-15 16:49:05,935 - [Quantum_e2e_20251215_nova_dll.py:287] - [on_result] - DEBUG - 接收到 in_progress 且类型为text的消息，当前token计数: 178
2025-12-15 16:49:05,936 - [Quantum_e2e_20251215_nova_dll.py:309] - [on_result] - INFO - Got result for job 99: {'job_id': 99, 'status': 'in_progress', 'timestamp': '2025-12-15T16:49:05.936040', 'data': {'type': 'text', 'response': 'Hello! It looks like you mentioned a couple of topics related to quantum technology and a clinical study on cinnamon and blood pressure management. If you have a specific question about either of these topics, feel free to ask! Here are a couple of clarifications:\n\n1. **Quantum Technology**:  \n   - **QuantFi and QURECA** are collaborating to create a training course in quantum computing for finance (2021).  \n   - Microsoft and the University of Washington demonstrated fully automated DNA data storage (2019).  \n   - EuroHPC is a European project related to high-performance computing (n.d.).  \n   - There are ongoing demands for skills development in high-performance computing (2021).  \n   - Scott Aaronson has written a FAQ on quantum supremacy (2019).  \n\n2. **Cinnamon and Blood Pressure**:  \n   - There is a study on the'}}
2025-12-15 16:49:05,950 - [Quantum_e2e_20251215_nova_dll.py:287] - [on_result] - DEBUG - 接收到 in_progress 且类型为text的消息，当前token计数: 179
2025-12-15 16:49:05,951 - [Quantum_e2e_20251215_nova_dll.py:309] - [on_result] - INFO - Got result for job 99: {'job_id': 99, 'status': 'in_progress', 'timestamp': '2025-12-15T16:49:05.951452', 'data': {'type': 'text', 'response': 'Hello! It looks like you mentioned a couple of topics related to quantum technology and a clinical study on cinnamon and blood pressure management. If you have a specific question about either of these topics, feel free to ask! Here are a couple of clarifications:\n\n1. **Quantum Technology**:  \n   - **QuantFi and QURECA** are collaborating to create a training course in quantum computing for finance (2021).  \n   - Microsoft and the University of Washington demonstrated fully automated DNA data storage (2019).  \n   - EuroHPC is a European project related to high-performance computing (n.d.).  \n   - There are ongoing demands for skills development in high-performance computing (2021).  \n   - Scott Aaronson has written a FAQ on quantum supremacy (2019).  \n\n2. **Cinnamon and Blood Pressure**:  \n   - There is a study on the effects'}}
2025-12-15 16:49:05,966 - [Quantum_e2e_20251215_nova_dll.py:287] - [on_result] - DEBUG - 接收到 in_progress 且类型为text的消息，当前token计数: 180
2025-12-15 16:49:05,967 - [Quantum_e2e_20251215_nova_dll.py:309] - [on_result] - INFO - Got result for job 99: {'job_id': 99, 'status': 'in_progress', 'timestamp': '2025-12-15T16:49:05.967462', 'data': {'type': 'text', 'response': 'Hello! It looks like you mentioned a couple of topics related to quantum technology and a clinical study on cinnamon and blood pressure management. If you have a specific question about either of these topics, feel free to ask! Here are a couple of clarifications:\n\n1. **Quantum Technology**:  \n   - **QuantFi and QURECA** are collaborating to create a training course in quantum computing for finance (2021).  \n   - Microsoft and the University of Washington demonstrated fully automated DNA data storage (2019).  \n   - EuroHPC is a European project related to high-performance computing (n.d.).  \n   - There are ongoing demands for skills development in high-performance computing (2021).  \n   - Scott Aaronson has written a FAQ on quantum supremacy (2019).  \n\n2. **Cinnamon and Blood Pressure**:  \n   - There is a study on the effects of'}}
2025-12-15 16:49:05,982 - [Quantum_e2e_20251215_nova_dll.py:287] - [on_result] - DEBUG - 接收到 in_progress 且类型为text的消息，当前token计数: 181
2025-12-15 16:49:05,983 - [Quantum_e2e_20251215_nova_dll.py:309] - [on_result] - INFO - Got result for job 99: {'job_id': 99, 'status': 'in_progress', 'timestamp': '2025-12-15T16:49:05.983464', 'data': {'type': 'text', 'response': 'Hello! It looks like you mentioned a couple of topics related to quantum technology and a clinical study on cinnamon and blood pressure management. If you have a specific question about either of these topics, feel free to ask! Here are a couple of clarifications:\n\n1. **Quantum Technology**:  \n   - **QuantFi and QURECA** are collaborating to create a training course in quantum computing for finance (2021).  \n   - Microsoft and the University of Washington demonstrated fully automated DNA data storage (2019).  \n   - EuroHPC is a European project related to high-performance computing (n.d.).  \n   - There are ongoing demands for skills development in high-performance computing (2021).  \n   - Scott Aaronson has written a FAQ on quantum supremacy (2019).  \n\n2. **Cinnamon and Blood Pressure**:  \n   - There is a study on the effects of cinnamon'}}
2025-12-15 16:49:05,997 - [Quantum_e2e_20251215_nova_dll.py:287] - [on_result] - DEBUG - 接收到 in_progress 且类型为text的消息，当前token计数: 182
2025-12-15 16:49:05,998 - [Quantum_e2e_20251215_nova_dll.py:309] - [on_result] - INFO - Got result for job 99: {'job_id': 99, 'status': 'in_progress', 'timestamp': '2025-12-15T16:49:05.998977', 'data': {'type': 'text', 'response': 'Hello! It looks like you mentioned a couple of topics related to quantum technology and a clinical study on cinnamon and blood pressure management. If you have a specific question about either of these topics, feel free to ask! Here are a couple of clarifications:\n\n1. **Quantum Technology**:  \n   - **QuantFi and QURECA** are collaborating to create a training course in quantum computing for finance (2021).  \n   - Microsoft and the University of Washington demonstrated fully automated DNA data storage (2019).  \n   - EuroHPC is a European project related to high-performance computing (n.d.).  \n   - There are ongoing demands for skills development in high-performance computing (2021).  \n   - Scott Aaronson has written a FAQ on quantum supremacy (2019).  \n\n2. **Cinnamon and Blood Pressure**:  \n   - There is a study on the effects of cinnamon supplementation'}}
2025-12-15 16:49:06,013 - [Quantum_e2e_20251215_nova_dll.py:287] - [on_result] - DEBUG - 接收到 in_progress 且类型为text的消息，当前token计数: 183
2025-12-15 16:49:06,014 - [Quantum_e2e_20251215_nova_dll.py:309] - [on_result] - INFO - Got result for job 99: {'job_id': 99, 'status': 'in_progress', 'timestamp': '2025-12-15T16:49:06.014978', 'data': {'type': 'text', 'response': 'Hello! It looks like you mentioned a couple of topics related to quantum technology and a clinical study on cinnamon and blood pressure management. If you have a specific question about either of these topics, feel free to ask! Here are a couple of clarifications:\n\n1. **Quantum Technology**:  \n   - **QuantFi and QURECA** are collaborating to create a training course in quantum computing for finance (2021).  \n   - Microsoft and the University of Washington demonstrated fully automated DNA data storage (2019).  \n   - EuroHPC is a European project related to high-performance computing (n.d.).  \n   - There are ongoing demands for skills development in high-performance computing (2021).  \n   - Scott Aaronson has written a FAQ on quantum supremacy (2019).  \n\n2. **Cinnamon and Blood Pressure**:  \n   - There is a study on the effects of cinnamon supplementation on'}}
2025-12-15 16:49:06,028 - [Quantum_e2e_20251215_nova_dll.py:287] - [on_result] - DEBUG - 接收到 in_progress 且类型为text的消息，当前token计数: 184
2025-12-15 16:49:06,029 - [Quantum_e2e_20251215_nova_dll.py:309] - [on_result] - INFO - Got result for job 99: {'job_id': 99, 'status': 'in_progress', 'timestamp': '2025-12-15T16:49:06.029983', 'data': {'type': 'text', 'response': 'Hello! It looks like you mentioned a couple of topics related to quantum technology and a clinical study on cinnamon and blood pressure management. If you have a specific question about either of these topics, feel free to ask! Here are a couple of clarifications:\n\n1. **Quantum Technology**:  \n   - **QuantFi and QURECA** are collaborating to create a training course in quantum computing for finance (2021).  \n   - Microsoft and the University of Washington demonstrated fully automated DNA data storage (2019).  \n   - EuroHPC is a European project related to high-performance computing (n.d.).  \n   - There are ongoing demands for skills development in high-performance computing (2021).  \n   - Scott Aaronson has written a FAQ on quantum supremacy (2019).  \n\n2. **Cinnamon and Blood Pressure**:  \n   - There is a study on the effects of cinnamon supplementation on gly'}}
2025-12-15 16:49:06,044 - [Quantum_e2e_20251215_nova_dll.py:287] - [on_result] - DEBUG - 接收到 in_progress 且类型为text的消息，当前token计数: 185
2025-12-15 16:49:06,044 - [Quantum_e2e_20251215_nova_dll.py:309] - [on_result] - INFO - Got result for job 99: {'job_id': 99, 'status': 'in_progress', 'timestamp': '2025-12-15T16:49:06.044496', 'data': {'type': 'text', 'response': 'Hello! It looks like you mentioned a couple of topics related to quantum technology and a clinical study on cinnamon and blood pressure management. If you have a specific question about either of these topics, feel free to ask! Here are a couple of clarifications:\n\n1. **Quantum Technology**:  \n   - **QuantFi and QURECA** are collaborating to create a training course in quantum computing for finance (2021).  \n   - Microsoft and the University of Washington demonstrated fully automated DNA data storage (2019).  \n   - EuroHPC is a European project related to high-performance computing (n.d.).  \n   - There are ongoing demands for skills development in high-performance computing (2021).  \n   - Scott Aaronson has written a FAQ on quantum supremacy (2019).  \n\n2. **Cinnamon and Blood Pressure**:  \n   - There is a study on the effects of cinnamon supplementation on glyca'}}
2025-12-15 16:49:06,059 - [Quantum_e2e_20251215_nova_dll.py:287] - [on_result] - DEBUG - 接收到 in_progress 且类型为text的消息，当前token计数: 186
2025-12-15 16:49:06,060 - [Quantum_e2e_20251215_nova_dll.py:309] - [on_result] - INFO - Got result for job 99: {'job_id': 99, 'status': 'in_progress', 'timestamp': '2025-12-15T16:49:06.060502', 'data': {'type': 'text', 'response': 'Hello! It looks like you mentioned a couple of topics related to quantum technology and a clinical study on cinnamon and blood pressure management. If you have a specific question about either of these topics, feel free to ask! Here are a couple of clarifications:\n\n1. **Quantum Technology**:  \n   - **QuantFi and QURECA** are collaborating to create a training course in quantum computing for finance (2021).  \n   - Microsoft and the University of Washington demonstrated fully automated DNA data storage (2019).  \n   - EuroHPC is a European project related to high-performance computing (n.d.).  \n   - There are ongoing demands for skills development in high-performance computing (2021).  \n   - Scott Aaronson has written a FAQ on quantum supremacy (2019).  \n\n2. **Cinnamon and Blood Pressure**:  \n   - There is a study on the effects of cinnamon supplementation on glycaemic'}}
2025-12-15 16:49:06,075 - [Quantum_e2e_20251215_nova_dll.py:287] - [on_result] - DEBUG - 接收到 in_progress 且类型为text的消息，当前token计数: 187
2025-12-15 16:49:06,076 - [Quantum_e2e_20251215_nova_dll.py:309] - [on_result] - INFO - Got result for job 99: {'job_id': 99, 'status': 'in_progress', 'timestamp': '2025-12-15T16:49:06.076507', 'data': {'type': 'text', 'response': 'Hello! It looks like you mentioned a couple of topics related to quantum technology and a clinical study on cinnamon and blood pressure management. If you have a specific question about either of these topics, feel free to ask! Here are a couple of clarifications:\n\n1. **Quantum Technology**:  \n   - **QuantFi and QURECA** are collaborating to create a training course in quantum computing for finance (2021).  \n   - Microsoft and the University of Washington demonstrated fully automated DNA data storage (2019).  \n   - EuroHPC is a European project related to high-performance computing (n.d.).  \n   - There are ongoing demands for skills development in high-performance computing (2021).  \n   - Scott Aaronson has written a FAQ on quantum supremacy (2019).  \n\n2. **Cinnamon and Blood Pressure**:  \n   - There is a study on the effects of cinnamon supplementation on glycaemic outcomes'}}
2025-12-15 16:49:06,091 - [Quantum_e2e_20251215_nova_dll.py:287] - [on_result] - DEBUG - 接收到 in_progress 且类型为text的消息，当前token计数: 188
2025-12-15 16:49:06,092 - [Quantum_e2e_20251215_nova_dll.py:309] - [on_result] - INFO - Got result for job 99: {'job_id': 99, 'status': 'in_progress', 'timestamp': '2025-12-15T16:49:06.092502', 'data': {'type': 'text', 'response': 'Hello! It looks like you mentioned a couple of topics related to quantum technology and a clinical study on cinnamon and blood pressure management. If you have a specific question about either of these topics, feel free to ask! Here are a couple of clarifications:\n\n1. **Quantum Technology**:  \n   - **QuantFi and QURECA** are collaborating to create a training course in quantum computing for finance (2021).  \n   - Microsoft and the University of Washington demonstrated fully automated DNA data storage (2019).  \n   - EuroHPC is a European project related to high-performance computing (n.d.).  \n   - There are ongoing demands for skills development in high-performance computing (2021).  \n   - Scott Aaronson has written a FAQ on quantum supremacy (2019).  \n\n2. **Cinnamon and Blood Pressure**:  \n   - There is a study on the effects of cinnamon supplementation on glycaemic outcomes in'}}
2025-12-15 16:49:06,106 - [Quantum_e2e_20251215_nova_dll.py:287] - [on_result] - DEBUG - 接收到 in_progress 且类型为text的消息，当前token计数: 189
2025-12-15 16:49:06,107 - [Quantum_e2e_20251215_nova_dll.py:309] - [on_result] - INFO - Got result for job 99: {'job_id': 99, 'status': 'in_progress', 'timestamp': '2025-12-15T16:49:06.107498', 'data': {'type': 'text', 'response': 'Hello! It looks like you mentioned a couple of topics related to quantum technology and a clinical study on cinnamon and blood pressure management. If you have a specific question about either of these topics, feel free to ask! Here are a couple of clarifications:\n\n1. **Quantum Technology**:  \n   - **QuantFi and QURECA** are collaborating to create a training course in quantum computing for finance (2021).  \n   - Microsoft and the University of Washington demonstrated fully automated DNA data storage (2019).  \n   - EuroHPC is a European project related to high-performance computing (n.d.).  \n   - There are ongoing demands for skills development in high-performance computing (2021).  \n   - Scott Aaronson has written a FAQ on quantum supremacy (2019).  \n\n2. **Cinnamon and Blood Pressure**:  \n   - There is a study on the effects of cinnamon supplementation on glycaemic outcomes in patients'}}
2025-12-15 16:49:06,122 - [Quantum_e2e_20251215_nova_dll.py:287] - [on_result] - DEBUG - 接收到 in_progress 且类型为text的消息，当前token计数: 190
2025-12-15 16:49:06,123 - [Quantum_e2e_20251215_nova_dll.py:309] - [on_result] - INFO - Got result for job 99: {'job_id': 99, 'status': 'in_progress', 'timestamp': '2025-12-15T16:49:06.122496', 'data': {'type': 'text', 'response': 'Hello! It looks like you mentioned a couple of topics related to quantum technology and a clinical study on cinnamon and blood pressure management. If you have a specific question about either of these topics, feel free to ask! Here are a couple of clarifications:\n\n1. **Quantum Technology**:  \n   - **QuantFi and QURECA** are collaborating to create a training course in quantum computing for finance (2021).  \n   - Microsoft and the University of Washington demonstrated fully automated DNA data storage (2019).  \n   - EuroHPC is a European project related to high-performance computing (n.d.).  \n   - There are ongoing demands for skills development in high-performance computing (2021).  \n   - Scott Aaronson has written a FAQ on quantum supremacy (2019).  \n\n2. **Cinnamon and Blood Pressure**:  \n   - There is a study on the effects of cinnamon supplementation on glycaemic outcomes in patients with'}}
2025-12-15 16:49:06,137 - [Quantum_e2e_20251215_nova_dll.py:287] - [on_result] - DEBUG - 接收到 in_progress 且类型为text的消息，当前token计数: 191
2025-12-15 16:49:06,138 - [Quantum_e2e_20251215_nova_dll.py:309] - [on_result] - INFO - Got result for job 99: {'job_id': 99, 'status': 'in_progress', 'timestamp': '2025-12-15T16:49:06.138503', 'data': {'type': 'text', 'response': 'Hello! It looks like you mentioned a couple of topics related to quantum technology and a clinical study on cinnamon and blood pressure management. If you have a specific question about either of these topics, feel free to ask! Here are a couple of clarifications:\n\n1. **Quantum Technology**:  \n   - **QuantFi and QURECA** are collaborating to create a training course in quantum computing for finance (2021).  \n   - Microsoft and the University of Washington demonstrated fully automated DNA data storage (2019).  \n   - EuroHPC is a European project related to high-performance computing (n.d.).  \n   - There are ongoing demands for skills development in high-performance computing (2021).  \n   - Scott Aaronson has written a FAQ on quantum supremacy (2019).  \n\n2. **Cinnamon and Blood Pressure**:  \n   - There is a study on the effects of cinnamon supplementation on glycaemic outcomes in patients with hypertension'}}
2025-12-15 16:49:06,153 - [Quantum_e2e_20251215_nova_dll.py:287] - [on_result] - DEBUG - 接收到 in_progress 且类型为text的消息，当前token计数: 192
2025-12-15 16:49:06,154 - [Quantum_e2e_20251215_nova_dll.py:309] - [on_result] - INFO - Got result for job 99: {'job_id': 99, 'status': 'in_progress', 'timestamp': '2025-12-15T16:49:06.154016', 'data': {'type': 'text', 'response': 'Hello! It looks like you mentioned a couple of topics related to quantum technology and a clinical study on cinnamon and blood pressure management. If you have a specific question about either of these topics, feel free to ask! Here are a couple of clarifications:\n\n1. **Quantum Technology**:  \n   - **QuantFi and QURECA** are collaborating to create a training course in quantum computing for finance (2021).  \n   - Microsoft and the University of Washington demonstrated fully automated DNA data storage (2019).  \n   - EuroHPC is a European project related to high-performance computing (n.d.).  \n   - There are ongoing demands for skills development in high-performance computing (2021).  \n   - Scott Aaronson has written a FAQ on quantum supremacy (2019).  \n\n2. **Cinnamon and Blood Pressure**:  \n   - There is a study on the effects of cinnamon supplementation on glycaemic outcomes in patients with hypertension ('}}
2025-12-15 16:49:06,168 - [Quantum_e2e_20251215_nova_dll.py:287] - [on_result] - DEBUG - 接收到 in_progress 且类型为text的消息，当前token计数: 193
2025-12-15 16:49:06,168 - [Quantum_e2e_20251215_nova_dll.py:309] - [on_result] - INFO - Got result for job 99: {'job_id': 99, 'status': 'in_progress', 'timestamp': '2025-12-15T16:49:06.168014', 'data': {'type': 'text', 'response': 'Hello! It looks like you mentioned a couple of topics related to quantum technology and a clinical study on cinnamon and blood pressure management. If you have a specific question about either of these topics, feel free to ask! Here are a couple of clarifications:\n\n1. **Quantum Technology**:  \n   - **QuantFi and QURECA** are collaborating to create a training course in quantum computing for finance (2021).  \n   - Microsoft and the University of Washington demonstrated fully automated DNA data storage (2019).  \n   - EuroHPC is a European project related to high-performance computing (n.d.).  \n   - There are ongoing demands for skills development in high-performance computing (2021).  \n   - Scott Aaronson has written a FAQ on quantum supremacy (2019).  \n\n2. **Cinnamon and Blood Pressure**:  \n   - There is a study on the effects of cinnamon supplementation on glycaemic outcomes in patients with hypertension (random'}}
2025-12-15 16:49:06,184 - [Quantum_e2e_20251215_nova_dll.py:287] - [on_result] - DEBUG - 接收到 in_progress 且类型为text的消息，当前token计数: 194
2025-12-15 16:49:06,185 - [Quantum_e2e_20251215_nova_dll.py:309] - [on_result] - INFO - Got result for job 99: {'job_id': 99, 'status': 'in_progress', 'timestamp': '2025-12-15T16:49:06.185019', 'data': {'type': 'text', 'response': 'Hello! It looks like you mentioned a couple of topics related to quantum technology and a clinical study on cinnamon and blood pressure management. If you have a specific question about either of these topics, feel free to ask! Here are a couple of clarifications:\n\n1. **Quantum Technology**:  \n   - **QuantFi and QURECA** are collaborating to create a training course in quantum computing for finance (2021).  \n   - Microsoft and the University of Washington demonstrated fully automated DNA data storage (2019).  \n   - EuroHPC is a European project related to high-performance computing (n.d.).  \n   - There are ongoing demands for skills development in high-performance computing (2021).  \n   - Scott Aaronson has written a FAQ on quantum supremacy (2019).  \n\n2. **Cinnamon and Blood Pressure**:  \n   - There is a study on the effects of cinnamon supplementation on glycaemic outcomes in patients with hypertension (randomized'}}
2025-12-15 16:49:06,200 - [Quantum_e2e_20251215_nova_dll.py:287] - [on_result] - DEBUG - 接收到 in_progress 且类型为text的消息，当前token计数: 195
2025-12-15 16:49:06,201 - [Quantum_e2e_20251215_nova_dll.py:309] - [on_result] - INFO - Got result for job 99: {'job_id': 99, 'status': 'in_progress', 'timestamp': '2025-12-15T16:49:06.201019', 'data': {'type': 'text', 'response': 'Hello! It looks like you mentioned a couple of topics related to quantum technology and a clinical study on cinnamon and blood pressure management. If you have a specific question about either of these topics, feel free to ask! Here are a couple of clarifications:\n\n1. **Quantum Technology**:  \n   - **QuantFi and QURECA** are collaborating to create a training course in quantum computing for finance (2021).  \n   - Microsoft and the University of Washington demonstrated fully automated DNA data storage (2019).  \n   - EuroHPC is a European project related to high-performance computing (n.d.).  \n   - There are ongoing demands for skills development in high-performance computing (2021).  \n   - Scott Aaronson has written a FAQ on quantum supremacy (2019).  \n\n2. **Cinnamon and Blood Pressure**:  \n   - There is a study on the effects of cinnamon supplementation on glycaemic outcomes in patients with hypertension (randomized clinical'}}
2025-12-15 16:49:06,216 - [Quantum_e2e_20251215_nova_dll.py:287] - [on_result] - DEBUG - 接收到 in_progress 且类型为text的消息，当前token计数: 196
2025-12-15 16:49:06,217 - [Quantum_e2e_20251215_nova_dll.py:309] - [on_result] - INFO - Got result for job 99: {'job_id': 99, 'status': 'in_progress', 'timestamp': '2025-12-15T16:49:06.217016', 'data': {'type': 'text', 'response': 'Hello! It looks like you mentioned a couple of topics related to quantum technology and a clinical study on cinnamon and blood pressure management. If you have a specific question about either of these topics, feel free to ask! Here are a couple of clarifications:\n\n1. **Quantum Technology**:  \n   - **QuantFi and QURECA** are collaborating to create a training course in quantum computing for finance (2021).  \n   - Microsoft and the University of Washington demonstrated fully automated DNA data storage (2019).  \n   - EuroHPC is a European project related to high-performance computing (n.d.).  \n   - There are ongoing demands for skills development in high-performance computing (2021).  \n   - Scott Aaronson has written a FAQ on quantum supremacy (2019).  \n\n2. **Cinnamon and Blood Pressure**:  \n   - There is a study on the effects of cinnamon supplementation on glycaemic outcomes in patients with hypertension (randomized clinical diet'}}
2025-12-15 16:49:06,232 - [Quantum_e2e_20251215_nova_dll.py:287] - [on_result] - DEBUG - 接收到 in_progress 且类型为text的消息，当前token计数: 197
2025-12-15 16:49:06,233 - [Quantum_e2e_20251215_nova_dll.py:309] - [on_result] - INFO - Got result for job 99: {'job_id': 99, 'status': 'in_progress', 'timestamp': '2025-12-15T16:49:06.233022', 'data': {'type': 'text', 'response': 'Hello! It looks like you mentioned a couple of topics related to quantum technology and a clinical study on cinnamon and blood pressure management. If you have a specific question about either of these topics, feel free to ask! Here are a couple of clarifications:\n\n1. **Quantum Technology**:  \n   - **QuantFi and QURECA** are collaborating to create a training course in quantum computing for finance (2021).  \n   - Microsoft and the University of Washington demonstrated fully automated DNA data storage (2019).  \n   - EuroHPC is a European project related to high-performance computing (n.d.).  \n   - There are ongoing demands for skills development in high-performance computing (2021).  \n   - Scott Aaronson has written a FAQ on quantum supremacy (2019).  \n\n2. **Cinnamon and Blood Pressure**:  \n   - There is a study on the effects of cinnamon supplementation on glycaemic outcomes in patients with hypertension (randomized clinical diet study'}}
2025-12-15 16:49:06,247 - [Quantum_e2e_20251215_nova_dll.py:287] - [on_result] - DEBUG - 接收到 in_progress 且类型为text的消息，当前token计数: 198
2025-12-15 16:49:06,248 - [Quantum_e2e_20251215_nova_dll.py:309] - [on_result] - INFO - Got result for job 99: {'job_id': 99, 'status': 'in_progress', 'timestamp': '2025-12-15T16:49:06.248532', 'data': {'type': 'text', 'response': 'Hello! It looks like you mentioned a couple of topics related to quantum technology and a clinical study on cinnamon and blood pressure management. If you have a specific question about either of these topics, feel free to ask! Here are a couple of clarifications:\n\n1. **Quantum Technology**:  \n   - **QuantFi and QURECA** are collaborating to create a training course in quantum computing for finance (2021).  \n   - Microsoft and the University of Washington demonstrated fully automated DNA data storage (2019).  \n   - EuroHPC is a European project related to high-performance computing (n.d.).  \n   - There are ongoing demands for skills development in high-performance computing (2021).  \n   - Scott Aaronson has written a FAQ on quantum supremacy (2019).  \n\n2. **Cinnamon and Blood Pressure**:  \n   - There is a study on the effects of cinnamon supplementation on glycaemic outcomes in patients with hypertension (randomized clinical diet study).\n\n'}}
2025-12-15 16:49:06,263 - [Quantum_e2e_20251215_nova_dll.py:287] - [on_result] - DEBUG - 接收到 in_progress 且类型为text的消息，当前token计数: 199
2025-12-15 16:49:06,264 - [Quantum_e2e_20251215_nova_dll.py:309] - [on_result] - INFO - Got result for job 99: {'job_id': 99, 'status': 'in_progress', 'timestamp': '2025-12-15T16:49:06.264541', 'data': {'type': 'text', 'response': 'Hello! It looks like you mentioned a couple of topics related to quantum technology and a clinical study on cinnamon and blood pressure management. If you have a specific question about either of these topics, feel free to ask! Here are a couple of clarifications:\n\n1. **Quantum Technology**:  \n   - **QuantFi and QURECA** are collaborating to create a training course in quantum computing for finance (2021).  \n   - Microsoft and the University of Washington demonstrated fully automated DNA data storage (2019).  \n   - EuroHPC is a European project related to high-performance computing (n.d.).  \n   - There are ongoing demands for skills development in high-performance computing (2021).  \n   - Scott Aaronson has written a FAQ on quantum supremacy (2019).  \n\n2. **Cinnamon and Blood Pressure**:  \n   - There is a study on the effects of cinnamon supplementation on glycaemic outcomes in patients with hypertension (randomized clinical diet study).\n\nIf'}}
2025-12-15 16:49:06,279 - [Quantum_e2e_20251215_nova_dll.py:287] - [on_result] - DEBUG - 接收到 in_progress 且类型为text的消息，当前token计数: 200
2025-12-15 16:49:06,280 - [Quantum_e2e_20251215_nova_dll.py:309] - [on_result] - INFO - Got result for job 99: {'job_id': 99, 'status': 'in_progress', 'timestamp': '2025-12-15T16:49:06.280534', 'data': {'type': 'text', 'response': 'Hello! It looks like you mentioned a couple of topics related to quantum technology and a clinical study on cinnamon and blood pressure management. If you have a specific question about either of these topics, feel free to ask! Here are a couple of clarifications:\n\n1. **Quantum Technology**:  \n   - **QuantFi and QURECA** are collaborating to create a training course in quantum computing for finance (2021).  \n   - Microsoft and the University of Washington demonstrated fully automated DNA data storage (2019).  \n   - EuroHPC is a European project related to high-performance computing (n.d.).  \n   - There are ongoing demands for skills development in high-performance computing (2021).  \n   - Scott Aaronson has written a FAQ on quantum supremacy (2019).  \n\n2. **Cinnamon and Blood Pressure**:  \n   - There is a study on the effects of cinnamon supplementation on glycaemic outcomes in patients with hypertension (randomized clinical diet study).\n\nIf you'}}
2025-12-15 16:49:06,295 - [Quantum_e2e_20251215_nova_dll.py:287] - [on_result] - DEBUG - 接收到 in_progress 且类型为text的消息，当前token计数: 201
2025-12-15 16:49:06,296 - [Quantum_e2e_20251215_nova_dll.py:309] - [on_result] - INFO - Got result for job 99: {'job_id': 99, 'status': 'in_progress', 'timestamp': '2025-12-15T16:49:06.296534', 'data': {'type': 'text', 'response': 'Hello! It looks like you mentioned a couple of topics related to quantum technology and a clinical study on cinnamon and blood pressure management. If you have a specific question about either of these topics, feel free to ask! Here are a couple of clarifications:\n\n1. **Quantum Technology**:  \n   - **QuantFi and QURECA** are collaborating to create a training course in quantum computing for finance (2021).  \n   - Microsoft and the University of Washington demonstrated fully automated DNA data storage (2019).  \n   - EuroHPC is a European project related to high-performance computing (n.d.).  \n   - There are ongoing demands for skills development in high-performance computing (2021).  \n   - Scott Aaronson has written a FAQ on quantum supremacy (2019).  \n\n2. **Cinnamon and Blood Pressure**:  \n   - There is a study on the effects of cinnamon supplementation on glycaemic outcomes in patients with hypertension (randomized clinical diet study).\n\nIf you need'}}
2025-12-15 16:49:06,311 - [Quantum_e2e_20251215_nova_dll.py:287] - [on_result] - DEBUG - 接收到 in_progress 且类型为text的消息，当前token计数: 202
2025-12-15 16:49:06,312 - [Quantum_e2e_20251215_nova_dll.py:309] - [on_result] - INFO - Got result for job 99: {'job_id': 99, 'status': 'in_progress', 'timestamp': '2025-12-15T16:49:06.312534', 'data': {'type': 'text', 'response': 'Hello! It looks like you mentioned a couple of topics related to quantum technology and a clinical study on cinnamon and blood pressure management. If you have a specific question about either of these topics, feel free to ask! Here are a couple of clarifications:\n\n1. **Quantum Technology**:  \n   - **QuantFi and QURECA** are collaborating to create a training course in quantum computing for finance (2021).  \n   - Microsoft and the University of Washington demonstrated fully automated DNA data storage (2019).  \n   - EuroHPC is a European project related to high-performance computing (n.d.).  \n   - There are ongoing demands for skills development in high-performance computing (2021).  \n   - Scott Aaronson has written a FAQ on quantum supremacy (2019).  \n\n2. **Cinnamon and Blood Pressure**:  \n   - There is a study on the effects of cinnamon supplementation on glycaemic outcomes in patients with hypertension (randomized clinical diet study).\n\nIf you need more'}}
2025-12-15 16:49:06,326 - [Quantum_e2e_20251215_nova_dll.py:287] - [on_result] - DEBUG - 接收到 in_progress 且类型为text的消息，当前token计数: 203
2025-12-15 16:49:06,327 - [Quantum_e2e_20251215_nova_dll.py:309] - [on_result] - INFO - Got result for job 99: {'job_id': 99, 'status': 'in_progress', 'timestamp': '2025-12-15T16:49:06.327540', 'data': {'type': 'text', 'response': 'Hello! It looks like you mentioned a couple of topics related to quantum technology and a clinical study on cinnamon and blood pressure management. If you have a specific question about either of these topics, feel free to ask! Here are a couple of clarifications:\n\n1. **Quantum Technology**:  \n   - **QuantFi and QURECA** are collaborating to create a training course in quantum computing for finance (2021).  \n   - Microsoft and the University of Washington demonstrated fully automated DNA data storage (2019).  \n   - EuroHPC is a European project related to high-performance computing (n.d.).  \n   - There are ongoing demands for skills development in high-performance computing (2021).  \n   - Scott Aaronson has written a FAQ on quantum supremacy (2019).  \n\n2. **Cinnamon and Blood Pressure**:  \n   - There is a study on the effects of cinnamon supplementation on glycaemic outcomes in patients with hypertension (randomized clinical diet study).\n\nIf you need more information'}}
2025-12-15 16:49:06,341 - [Quantum_e2e_20251215_nova_dll.py:287] - [on_result] - DEBUG - 接收到 in_progress 且类型为text的消息，当前token计数: 204
2025-12-15 16:49:06,342 - [Quantum_e2e_20251215_nova_dll.py:309] - [on_result] - INFO - Got result for job 99: {'job_id': 99, 'status': 'in_progress', 'timestamp': '2025-12-15T16:49:06.341536', 'data': {'type': 'text', 'response': 'Hello! It looks like you mentioned a couple of topics related to quantum technology and a clinical study on cinnamon and blood pressure management. If you have a specific question about either of these topics, feel free to ask! Here are a couple of clarifications:\n\n1. **Quantum Technology**:  \n   - **QuantFi and QURECA** are collaborating to create a training course in quantum computing for finance (2021).  \n   - Microsoft and the University of Washington demonstrated fully automated DNA data storage (2019).  \n   - EuroHPC is a European project related to high-performance computing (n.d.).  \n   - There are ongoing demands for skills development in high-performance computing (2021).  \n   - Scott Aaronson has written a FAQ on quantum supremacy (2019).  \n\n2. **Cinnamon and Blood Pressure**:  \n   - There is a study on the effects of cinnamon supplementation on glycaemic outcomes in patients with hypertension (randomized clinical diet study).\n\nIf you need more information on'}}
2025-12-15 16:49:06,356 - [Quantum_e2e_20251215_nova_dll.py:287] - [on_result] - DEBUG - 接收到 in_progress 且类型为text的消息，当前token计数: 205
2025-12-15 16:49:06,358 - [Quantum_e2e_20251215_nova_dll.py:309] - [on_result] - INFO - Got result for job 99: {'job_id': 99, 'status': 'in_progress', 'timestamp': '2025-12-15T16:49:06.358782', 'data': {'type': 'text', 'response': 'Hello! It looks like you mentioned a couple of topics related to quantum technology and a clinical study on cinnamon and blood pressure management. If you have a specific question about either of these topics, feel free to ask! Here are a couple of clarifications:\n\n1. **Quantum Technology**:  \n   - **QuantFi and QURECA** are collaborating to create a training course in quantum computing for finance (2021).  \n   - Microsoft and the University of Washington demonstrated fully automated DNA data storage (2019).  \n   - EuroHPC is a European project related to high-performance computing (n.d.).  \n   - There are ongoing demands for skills development in high-performance computing (2021).  \n   - Scott Aaronson has written a FAQ on quantum supremacy (2019).  \n\n2. **Cinnamon and Blood Pressure**:  \n   - There is a study on the effects of cinnamon supplementation on glycaemic outcomes in patients with hypertension (randomized clinical diet study).\n\nIf you need more information on either'}}
2025-12-15 16:49:06,373 - [Quantum_e2e_20251215_nova_dll.py:287] - [on_result] - DEBUG - 接收到 in_progress 且类型为text的消息，当前token计数: 206
2025-12-15 16:49:06,373 - [Quantum_e2e_20251215_nova_dll.py:309] - [on_result] - INFO - Got result for job 99: {'job_id': 99, 'status': 'in_progress', 'timestamp': '2025-12-15T16:49:06.373665', 'data': {'type': 'text', 'response': 'Hello! It looks like you mentioned a couple of topics related to quantum technology and a clinical study on cinnamon and blood pressure management. If you have a specific question about either of these topics, feel free to ask! Here are a couple of clarifications:\n\n1. **Quantum Technology**:  \n   - **QuantFi and QURECA** are collaborating to create a training course in quantum computing for finance (2021).  \n   - Microsoft and the University of Washington demonstrated fully automated DNA data storage (2019).  \n   - EuroHPC is a European project related to high-performance computing (n.d.).  \n   - There are ongoing demands for skills development in high-performance computing (2021).  \n   - Scott Aaronson has written a FAQ on quantum supremacy (2019).  \n\n2. **Cinnamon and Blood Pressure**:  \n   - There is a study on the effects of cinnamon supplementation on glycaemic outcomes in patients with hypertension (randomized clinical diet study).\n\nIf you need more information on either of'}}
2025-12-15 16:49:06,387 - [Quantum_e2e_20251215_nova_dll.py:287] - [on_result] - DEBUG - 接收到 in_progress 且类型为text的消息，当前token计数: 207
2025-12-15 16:49:06,387 - [Quantum_e2e_20251215_nova_dll.py:309] - [on_result] - INFO - Got result for job 99: {'job_id': 99, 'status': 'in_progress', 'timestamp': '2025-12-15T16:49:06.387694', 'data': {'type': 'text', 'response': 'Hello! It looks like you mentioned a couple of topics related to quantum technology and a clinical study on cinnamon and blood pressure management. If you have a specific question about either of these topics, feel free to ask! Here are a couple of clarifications:\n\n1. **Quantum Technology**:  \n   - **QuantFi and QURECA** are collaborating to create a training course in quantum computing for finance (2021).  \n   - Microsoft and the University of Washington demonstrated fully automated DNA data storage (2019).  \n   - EuroHPC is a European project related to high-performance computing (n.d.).  \n   - There are ongoing demands for skills development in high-performance computing (2021).  \n   - Scott Aaronson has written a FAQ on quantum supremacy (2019).  \n\n2. **Cinnamon and Blood Pressure**:  \n   - There is a study on the effects of cinnamon supplementation on glycaemic outcomes in patients with hypertension (randomized clinical diet study).\n\nIf you need more information on either of these'}}
2025-12-15 16:49:06,403 - [Quantum_e2e_20251215_nova_dll.py:287] - [on_result] - DEBUG - 接收到 in_progress 且类型为text的消息，当前token计数: 208
2025-12-15 16:49:06,404 - [Quantum_e2e_20251215_nova_dll.py:309] - [on_result] - INFO - Got result for job 99: {'job_id': 99, 'status': 'in_progress', 'timestamp': '2025-12-15T16:49:06.404694', 'data': {'type': 'text', 'response': 'Hello! It looks like you mentioned a couple of topics related to quantum technology and a clinical study on cinnamon and blood pressure management. If you have a specific question about either of these topics, feel free to ask! Here are a couple of clarifications:\n\n1. **Quantum Technology**:  \n   - **QuantFi and QURECA** are collaborating to create a training course in quantum computing for finance (2021).  \n   - Microsoft and the University of Washington demonstrated fully automated DNA data storage (2019).  \n   - EuroHPC is a European project related to high-performance computing (n.d.).  \n   - There are ongoing demands for skills development in high-performance computing (2021).  \n   - Scott Aaronson has written a FAQ on quantum supremacy (2019).  \n\n2. **Cinnamon and Blood Pressure**:  \n   - There is a study on the effects of cinnamon supplementation on glycaemic outcomes in patients with hypertension (randomized clinical diet study).\n\nIf you need more information on either of these topics'}}
2025-12-15 16:49:06,419 - [Quantum_e2e_20251215_nova_dll.py:287] - [on_result] - DEBUG - 接收到 in_progress 且类型为text的消息，当前token计数: 209
2025-12-15 16:49:06,419 - [Quantum_e2e_20251215_nova_dll.py:309] - [on_result] - INFO - Got result for job 99: {'job_id': 99, 'status': 'in_progress', 'timestamp': '2025-12-15T16:49:06.419690', 'data': {'type': 'text', 'response': 'Hello! It looks like you mentioned a couple of topics related to quantum technology and a clinical study on cinnamon and blood pressure management. If you have a specific question about either of these topics, feel free to ask! Here are a couple of clarifications:\n\n1. **Quantum Technology**:  \n   - **QuantFi and QURECA** are collaborating to create a training course in quantum computing for finance (2021).  \n   - Microsoft and the University of Washington demonstrated fully automated DNA data storage (2019).  \n   - EuroHPC is a European project related to high-performance computing (n.d.).  \n   - There are ongoing demands for skills development in high-performance computing (2021).  \n   - Scott Aaronson has written a FAQ on quantum supremacy (2019).  \n\n2. **Cinnamon and Blood Pressure**:  \n   - There is a study on the effects of cinnamon supplementation on glycaemic outcomes in patients with hypertension (randomized clinical diet study).\n\nIf you need more information on either of these topics,'}}
2025-12-15 16:49:06,435 - [Quantum_e2e_20251215_nova_dll.py:287] - [on_result] - DEBUG - 接收到 in_progress 且类型为text的消息，当前token计数: 210
2025-12-15 16:49:06,436 - [Quantum_e2e_20251215_nova_dll.py:309] - [on_result] - INFO - Got result for job 99: {'job_id': 99, 'status': 'in_progress', 'timestamp': '2025-12-15T16:49:06.436698', 'data': {'type': 'text', 'response': 'Hello! It looks like you mentioned a couple of topics related to quantum technology and a clinical study on cinnamon and blood pressure management. If you have a specific question about either of these topics, feel free to ask! Here are a couple of clarifications:\n\n1. **Quantum Technology**:  \n   - **QuantFi and QURECA** are collaborating to create a training course in quantum computing for finance (2021).  \n   - Microsoft and the University of Washington demonstrated fully automated DNA data storage (2019).  \n   - EuroHPC is a European project related to high-performance computing (n.d.).  \n   - There are ongoing demands for skills development in high-performance computing (2021).  \n   - Scott Aaronson has written a FAQ on quantum supremacy (2019).  \n\n2. **Cinnamon and Blood Pressure**:  \n   - There is a study on the effects of cinnamon supplementation on glycaemic outcomes in patients with hypertension (randomized clinical diet study).\n\nIf you need more information on either of these topics, or'}}
2025-12-15 16:49:06,451 - [Quantum_e2e_20251215_nova_dll.py:287] - [on_result] - DEBUG - 接收到 in_progress 且类型为text的消息，当前token计数: 211
2025-12-15 16:49:06,452 - [Quantum_e2e_20251215_nova_dll.py:309] - [on_result] - INFO - Got result for job 99: {'job_id': 99, 'status': 'in_progress', 'timestamp': '2025-12-15T16:49:06.452210', 'data': {'type': 'text', 'response': 'Hello! It looks like you mentioned a couple of topics related to quantum technology and a clinical study on cinnamon and blood pressure management. If you have a specific question about either of these topics, feel free to ask! Here are a couple of clarifications:\n\n1. **Quantum Technology**:  \n   - **QuantFi and QURECA** are collaborating to create a training course in quantum computing for finance (2021).  \n   - Microsoft and the University of Washington demonstrated fully automated DNA data storage (2019).  \n   - EuroHPC is a European project related to high-performance computing (n.d.).  \n   - There are ongoing demands for skills development in high-performance computing (2021).  \n   - Scott Aaronson has written a FAQ on quantum supremacy (2019).  \n\n2. **Cinnamon and Blood Pressure**:  \n   - There is a study on the effects of cinnamon supplementation on glycaemic outcomes in patients with hypertension (randomized clinical diet study).\n\nIf you need more information on either of these topics, or if'}}
2025-12-15 16:49:06,467 - [Quantum_e2e_20251215_nova_dll.py:287] - [on_result] - DEBUG - 接收到 in_progress 且类型为text的消息，当前token计数: 212
2025-12-15 16:49:06,468 - [Quantum_e2e_20251215_nova_dll.py:309] - [on_result] - INFO - Got result for job 99: {'job_id': 99, 'status': 'in_progress', 'timestamp': '2025-12-15T16:49:06.468212', 'data': {'type': 'text', 'response': 'Hello! It looks like you mentioned a couple of topics related to quantum technology and a clinical study on cinnamon and blood pressure management. If you have a specific question about either of these topics, feel free to ask! Here are a couple of clarifications:\n\n1. **Quantum Technology**:  \n   - **QuantFi and QURECA** are collaborating to create a training course in quantum computing for finance (2021).  \n   - Microsoft and the University of Washington demonstrated fully automated DNA data storage (2019).  \n   - EuroHPC is a European project related to high-performance computing (n.d.).  \n   - There are ongoing demands for skills development in high-performance computing (2021).  \n   - Scott Aaronson has written a FAQ on quantum supremacy (2019).  \n\n2. **Cinnamon and Blood Pressure**:  \n   - There is a study on the effects of cinnamon supplementation on glycaemic outcomes in patients with hypertension (randomized clinical diet study).\n\nIf you need more information on either of these topics, or if you'}}
2025-12-15 16:49:06,484 - [Quantum_e2e_20251215_nova_dll.py:287] - [on_result] - DEBUG - 接收到 in_progress 且类型为text的消息，当前token计数: 213
2025-12-15 16:49:06,484 - [Quantum_e2e_20251215_nova_dll.py:309] - [on_result] - INFO - Got result for job 99: {'job_id': 99, 'status': 'in_progress', 'timestamp': '2025-12-15T16:49:06.484214', 'data': {'type': 'text', 'response': 'Hello! It looks like you mentioned a couple of topics related to quantum technology and a clinical study on cinnamon and blood pressure management. If you have a specific question about either of these topics, feel free to ask! Here are a couple of clarifications:\n\n1. **Quantum Technology**:  \n   - **QuantFi and QURECA** are collaborating to create a training course in quantum computing for finance (2021).  \n   - Microsoft and the University of Washington demonstrated fully automated DNA data storage (2019).  \n   - EuroHPC is a European project related to high-performance computing (n.d.).  \n   - There are ongoing demands for skills development in high-performance computing (2021).  \n   - Scott Aaronson has written a FAQ on quantum supremacy (2019).  \n\n2. **Cinnamon and Blood Pressure**:  \n   - There is a study on the effects of cinnamon supplementation on glycaemic outcomes in patients with hypertension (randomized clinical diet study).\n\nIf you need more information on either of these topics, or if you have'}}
2025-12-15 16:49:06,498 - [Quantum_e2e_20251215_nova_dll.py:287] - [on_result] - DEBUG - 接收到 in_progress 且类型为text的消息，当前token计数: 214
2025-12-15 16:49:06,499 - [Quantum_e2e_20251215_nova_dll.py:309] - [on_result] - INFO - Got result for job 99: {'job_id': 99, 'status': 'in_progress', 'timestamp': '2025-12-15T16:49:06.498719', 'data': {'type': 'text', 'response': 'Hello! It looks like you mentioned a couple of topics related to quantum technology and a clinical study on cinnamon and blood pressure management. If you have a specific question about either of these topics, feel free to ask! Here are a couple of clarifications:\n\n1. **Quantum Technology**:  \n   - **QuantFi and QURECA** are collaborating to create a training course in quantum computing for finance (2021).  \n   - Microsoft and the University of Washington demonstrated fully automated DNA data storage (2019).  \n   - EuroHPC is a European project related to high-performance computing (n.d.).  \n   - There are ongoing demands for skills development in high-performance computing (2021).  \n   - Scott Aaronson has written a FAQ on quantum supremacy (2019).  \n\n2. **Cinnamon and Blood Pressure**:  \n   - There is a study on the effects of cinnamon supplementation on glycaemic outcomes in patients with hypertension (randomized clinical diet study).\n\nIf you need more information on either of these topics, or if you have a'}}
2025-12-15 16:49:06,514 - [Quantum_e2e_20251215_nova_dll.py:287] - [on_result] - DEBUG - 接收到 in_progress 且类型为text的消息，当前token计数: 215
2025-12-15 16:49:06,515 - [Quantum_e2e_20251215_nova_dll.py:309] - [on_result] - INFO - Got result for job 99: {'job_id': 99, 'status': 'in_progress', 'timestamp': '2025-12-15T16:49:06.515721', 'data': {'type': 'text', 'response': 'Hello! It looks like you mentioned a couple of topics related to quantum technology and a clinical study on cinnamon and blood pressure management. If you have a specific question about either of these topics, feel free to ask! Here are a couple of clarifications:\n\n1. **Quantum Technology**:  \n   - **QuantFi and QURECA** are collaborating to create a training course in quantum computing for finance (2021).  \n   - Microsoft and the University of Washington demonstrated fully automated DNA data storage (2019).  \n   - EuroHPC is a European project related to high-performance computing (n.d.).  \n   - There are ongoing demands for skills development in high-performance computing (2021).  \n   - Scott Aaronson has written a FAQ on quantum supremacy (2019).  \n\n2. **Cinnamon and Blood Pressure**:  \n   - There is a study on the effects of cinnamon supplementation on glycaemic outcomes in patients with hypertension (randomized clinical diet study).\n\nIf you need more information on either of these topics, or if you have a specific'}}
2025-12-15 16:49:06,530 - [Quantum_e2e_20251215_nova_dll.py:287] - [on_result] - DEBUG - 接收到 in_progress 且类型为text的消息，当前token计数: 216
2025-12-15 16:49:06,530 - [Quantum_e2e_20251215_nova_dll.py:309] - [on_result] - INFO - Got result for job 99: {'job_id': 99, 'status': 'in_progress', 'timestamp': '2025-12-15T16:49:06.530726', 'data': {'type': 'text', 'response': 'Hello! It looks like you mentioned a couple of topics related to quantum technology and a clinical study on cinnamon and blood pressure management. If you have a specific question about either of these topics, feel free to ask! Here are a couple of clarifications:\n\n1. **Quantum Technology**:  \n   - **QuantFi and QURECA** are collaborating to create a training course in quantum computing for finance (2021).  \n   - Microsoft and the University of Washington demonstrated fully automated DNA data storage (2019).  \n   - EuroHPC is a European project related to high-performance computing (n.d.).  \n   - There are ongoing demands for skills development in high-performance computing (2021).  \n   - Scott Aaronson has written a FAQ on quantum supremacy (2019).  \n\n2. **Cinnamon and Blood Pressure**:  \n   - There is a study on the effects of cinnamon supplementation on glycaemic outcomes in patients with hypertension (randomized clinical diet study).\n\nIf you need more information on either of these topics, or if you have a specific question'}}
2025-12-15 16:49:06,546 - [Quantum_e2e_20251215_nova_dll.py:287] - [on_result] - DEBUG - 接收到 in_progress 且类型为text的消息，当前token计数: 217
2025-12-15 16:49:06,547 - [Quantum_e2e_20251215_nova_dll.py:309] - [on_result] - INFO - Got result for job 99: {'job_id': 99, 'status': 'in_progress', 'timestamp': '2025-12-15T16:49:06.546235', 'data': {'type': 'text', 'response': 'Hello! It looks like you mentioned a couple of topics related to quantum technology and a clinical study on cinnamon and blood pressure management. If you have a specific question about either of these topics, feel free to ask! Here are a couple of clarifications:\n\n1. **Quantum Technology**:  \n   - **QuantFi and QURECA** are collaborating to create a training course in quantum computing for finance (2021).  \n   - Microsoft and the University of Washington demonstrated fully automated DNA data storage (2019).  \n   - EuroHPC is a European project related to high-performance computing (n.d.).  \n   - There are ongoing demands for skills development in high-performance computing (2021).  \n   - Scott Aaronson has written a FAQ on quantum supremacy (2019).  \n\n2. **Cinnamon and Blood Pressure**:  \n   - There is a study on the effects of cinnamon supplementation on glycaemic outcomes in patients with hypertension (randomized clinical diet study).\n\nIf you need more information on either of these topics, or if you have a specific question ('}}
2025-12-15 16:49:06,562 - [Quantum_e2e_20251215_nova_dll.py:287] - [on_result] - DEBUG - 接收到 in_progress 且类型为text的消息，当前token计数: 218
2025-12-15 16:49:06,563 - [Quantum_e2e_20251215_nova_dll.py:309] - [on_result] - INFO - Got result for job 99: {'job_id': 99, 'status': 'in_progress', 'timestamp': '2025-12-15T16:49:06.563245', 'data': {'type': 'text', 'response': 'Hello! It looks like you mentioned a couple of topics related to quantum technology and a clinical study on cinnamon and blood pressure management. If you have a specific question about either of these topics, feel free to ask! Here are a couple of clarifications:\n\n1. **Quantum Technology**:  \n   - **QuantFi and QURECA** are collaborating to create a training course in quantum computing for finance (2021).  \n   - Microsoft and the University of Washington demonstrated fully automated DNA data storage (2019).  \n   - EuroHPC is a European project related to high-performance computing (n.d.).  \n   - There are ongoing demands for skills development in high-performance computing (2021).  \n   - Scott Aaronson has written a FAQ on quantum supremacy (2019).  \n\n2. **Cinnamon and Blood Pressure**:  \n   - There is a study on the effects of cinnamon supplementation on glycaemic outcomes in patients with hypertension (randomized clinical diet study).\n\nIf you need more information on either of these topics, or if you have a specific question (e'}}
2025-12-15 16:49:06,578 - [Quantum_e2e_20251215_nova_dll.py:287] - [on_result] - DEBUG - 接收到 in_progress 且类型为text的消息，当前token计数: 219
2025-12-15 16:49:06,579 - [Quantum_e2e_20251215_nova_dll.py:309] - [on_result] - INFO - Got result for job 99: {'job_id': 99, 'status': 'in_progress', 'timestamp': '2025-12-15T16:49:06.579236', 'data': {'type': 'text', 'response': 'Hello! It looks like you mentioned a couple of topics related to quantum technology and a clinical study on cinnamon and blood pressure management. If you have a specific question about either of these topics, feel free to ask! Here are a couple of clarifications:\n\n1. **Quantum Technology**:  \n   - **QuantFi and QURECA** are collaborating to create a training course in quantum computing for finance (2021).  \n   - Microsoft and the University of Washington demonstrated fully automated DNA data storage (2019).  \n   - EuroHPC is a European project related to high-performance computing (n.d.).  \n   - There are ongoing demands for skills development in high-performance computing (2021).  \n   - Scott Aaronson has written a FAQ on quantum supremacy (2019).  \n\n2. **Cinnamon and Blood Pressure**:  \n   - There is a study on the effects of cinnamon supplementation on glycaemic outcomes in patients with hypertension (randomized clinical diet study).\n\nIf you need more information on either of these topics, or if you have a specific question (e.g'}}
2025-12-15 16:49:06,594 - [Quantum_e2e_20251215_nova_dll.py:287] - [on_result] - DEBUG - 接收到 in_progress 且类型为text的消息，当前token计数: 220
2025-12-15 16:49:06,594 - [Quantum_e2e_20251215_nova_dll.py:309] - [on_result] - INFO - Got result for job 99: {'job_id': 99, 'status': 'in_progress', 'timestamp': '2025-12-15T16:49:06.594240', 'data': {'type': 'text', 'response': 'Hello! It looks like you mentioned a couple of topics related to quantum technology and a clinical study on cinnamon and blood pressure management. If you have a specific question about either of these topics, feel free to ask! Here are a couple of clarifications:\n\n1. **Quantum Technology**:  \n   - **QuantFi and QURECA** are collaborating to create a training course in quantum computing for finance (2021).  \n   - Microsoft and the University of Washington demonstrated fully automated DNA data storage (2019).  \n   - EuroHPC is a European project related to high-performance computing (n.d.).  \n   - There are ongoing demands for skills development in high-performance computing (2021).  \n   - Scott Aaronson has written a FAQ on quantum supremacy (2019).  \n\n2. **Cinnamon and Blood Pressure**:  \n   - There is a study on the effects of cinnamon supplementation on glycaemic outcomes in patients with hypertension (randomized clinical diet study).\n\nIf you need more information on either of these topics, or if you have a specific question (e.g.,'}}
2025-12-15 16:49:06,610 - [Quantum_e2e_20251215_nova_dll.py:287] - [on_result] - DEBUG - 接收到 in_progress 且类型为text的消息，当前token计数: 221
2025-12-15 16:49:06,611 - [Quantum_e2e_20251215_nova_dll.py:309] - [on_result] - INFO - Got result for job 99: {'job_id': 99, 'status': 'in_progress', 'timestamp': '2025-12-15T16:49:06.611246', 'data': {'type': 'text', 'response': 'Hello! It looks like you mentioned a couple of topics related to quantum technology and a clinical study on cinnamon and blood pressure management. If you have a specific question about either of these topics, feel free to ask! Here are a couple of clarifications:\n\n1. **Quantum Technology**:  \n   - **QuantFi and QURECA** are collaborating to create a training course in quantum computing for finance (2021).  \n   - Microsoft and the University of Washington demonstrated fully automated DNA data storage (2019).  \n   - EuroHPC is a European project related to high-performance computing (n.d.).  \n   - There are ongoing demands for skills development in high-performance computing (2021).  \n   - Scott Aaronson has written a FAQ on quantum supremacy (2019).  \n\n2. **Cinnamon and Blood Pressure**:  \n   - There is a study on the effects of cinnamon supplementation on glycaemic outcomes in patients with hypertension (randomized clinical diet study).\n\nIf you need more information on either of these topics, or if you have a specific question (e.g., "'}}
2025-12-15 16:49:06,626 - [Quantum_e2e_20251215_nova_dll.py:287] - [on_result] - DEBUG - 接收到 in_progress 且类型为text的消息，当前token计数: 222
2025-12-15 16:49:06,627 - [Quantum_e2e_20251215_nova_dll.py:309] - [on_result] - INFO - Got result for job 99: {'job_id': 99, 'status': 'in_progress', 'timestamp': '2025-12-15T16:49:06.627256', 'data': {'type': 'text', 'response': 'Hello! It looks like you mentioned a couple of topics related to quantum technology and a clinical study on cinnamon and blood pressure management. If you have a specific question about either of these topics, feel free to ask! Here are a couple of clarifications:\n\n1. **Quantum Technology**:  \n   - **QuantFi and QURECA** are collaborating to create a training course in quantum computing for finance (2021).  \n   - Microsoft and the University of Washington demonstrated fully automated DNA data storage (2019).  \n   - EuroHPC is a European project related to high-performance computing (n.d.).  \n   - There are ongoing demands for skills development in high-performance computing (2021).  \n   - Scott Aaronson has written a FAQ on quantum supremacy (2019).  \n\n2. **Cinnamon and Blood Pressure**:  \n   - There is a study on the effects of cinnamon supplementation on glycaemic outcomes in patients with hypertension (randomized clinical diet study).\n\nIf you need more information on either of these topics, or if you have a specific question (e.g., "What'}}
2025-12-15 16:49:06,641 - [Quantum_e2e_20251215_nova_dll.py:287] - [on_result] - DEBUG - 接收到 in_progress 且类型为text的消息，当前token计数: 223
2025-12-15 16:49:06,642 - [Quantum_e2e_20251215_nova_dll.py:309] - [on_result] - INFO - Got result for job 99: {'job_id': 99, 'status': 'in_progress', 'timestamp': '2025-12-15T16:49:06.642769', 'data': {'type': 'text', 'response': 'Hello! It looks like you mentioned a couple of topics related to quantum technology and a clinical study on cinnamon and blood pressure management. If you have a specific question about either of these topics, feel free to ask! Here are a couple of clarifications:\n\n1. **Quantum Technology**:  \n   - **QuantFi and QURECA** are collaborating to create a training course in quantum computing for finance (2021).  \n   - Microsoft and the University of Washington demonstrated fully automated DNA data storage (2019).  \n   - EuroHPC is a European project related to high-performance computing (n.d.).  \n   - There are ongoing demands for skills development in high-performance computing (2021).  \n   - Scott Aaronson has written a FAQ on quantum supremacy (2019).  \n\n2. **Cinnamon and Blood Pressure**:  \n   - There is a study on the effects of cinnamon supplementation on glycaemic outcomes in patients with hypertension (randomized clinical diet study).\n\nIf you need more information on either of these topics, or if you have a specific question (e.g., "What is'}}
2025-12-15 16:49:06,656 - [Quantum_e2e_20251215_nova_dll.py:287] - [on_result] - DEBUG - 接收到 in_progress 且类型为text的消息，当前token计数: 224
2025-12-15 16:49:06,657 - [Quantum_e2e_20251215_nova_dll.py:309] - [on_result] - INFO - Got result for job 99: {'job_id': 99, 'status': 'in_progress', 'timestamp': '2025-12-15T16:49:06.657769', 'data': {'type': 'text', 'response': 'Hello! It looks like you mentioned a couple of topics related to quantum technology and a clinical study on cinnamon and blood pressure management. If you have a specific question about either of these topics, feel free to ask! Here are a couple of clarifications:\n\n1. **Quantum Technology**:  \n   - **QuantFi and QURECA** are collaborating to create a training course in quantum computing for finance (2021).  \n   - Microsoft and the University of Washington demonstrated fully automated DNA data storage (2019).  \n   - EuroHPC is a European project related to high-performance computing (n.d.).  \n   - There are ongoing demands for skills development in high-performance computing (2021).  \n   - Scott Aaronson has written a FAQ on quantum supremacy (2019).  \n\n2. **Cinnamon and Blood Pressure**:  \n   - There is a study on the effects of cinnamon supplementation on glycaemic outcomes in patients with hypertension (randomized clinical diet study).\n\nIf you need more information on either of these topics, or if you have a specific question (e.g., "What is quantum'}}
2025-12-15 16:49:06,672 - [Quantum_e2e_20251215_nova_dll.py:287] - [on_result] - DEBUG - 接收到 in_progress 且类型为text的消息，当前token计数: 225
2025-12-15 16:49:06,673 - [Quantum_e2e_20251215_nova_dll.py:309] - [on_result] - INFO - Got result for job 99: {'job_id': 99, 'status': 'in_progress', 'timestamp': '2025-12-15T16:49:06.673769', 'data': {'type': 'text', 'response': 'Hello! It looks like you mentioned a couple of topics related to quantum technology and a clinical study on cinnamon and blood pressure management. If you have a specific question about either of these topics, feel free to ask! Here are a couple of clarifications:\n\n1. **Quantum Technology**:  \n   - **QuantFi and QURECA** are collaborating to create a training course in quantum computing for finance (2021).  \n   - Microsoft and the University of Washington demonstrated fully automated DNA data storage (2019).  \n   - EuroHPC is a European project related to high-performance computing (n.d.).  \n   - There are ongoing demands for skills development in high-performance computing (2021).  \n   - Scott Aaronson has written a FAQ on quantum supremacy (2019).  \n\n2. **Cinnamon and Blood Pressure**:  \n   - There is a study on the effects of cinnamon supplementation on glycaemic outcomes in patients with hypertension (randomized clinical diet study).\n\nIf you need more information on either of these topics, or if you have a specific question (e.g., "What is quantum supremacy'}}
2025-12-15 16:49:06,688 - [Quantum_e2e_20251215_nova_dll.py:287] - [on_result] - DEBUG - 接收到 in_progress 且类型为text的消息，当前token计数: 226
2025-12-15 16:49:06,689 - [Quantum_e2e_20251215_nova_dll.py:309] - [on_result] - INFO - Got result for job 99: {'job_id': 99, 'status': 'in_progress', 'timestamp': '2025-12-15T16:49:06.689769', 'data': {'type': 'text', 'response': 'Hello! It looks like you mentioned a couple of topics related to quantum technology and a clinical study on cinnamon and blood pressure management. If you have a specific question about either of these topics, feel free to ask! Here are a couple of clarifications:\n\n1. **Quantum Technology**:  \n   - **QuantFi and QURECA** are collaborating to create a training course in quantum computing for finance (2021).  \n   - Microsoft and the University of Washington demonstrated fully automated DNA data storage (2019).  \n   - EuroHPC is a European project related to high-performance computing (n.d.).  \n   - There are ongoing demands for skills development in high-performance computing (2021).  \n   - Scott Aaronson has written a FAQ on quantum supremacy (2019).  \n\n2. **Cinnamon and Blood Pressure**:  \n   - There is a study on the effects of cinnamon supplementation on glycaemic outcomes in patients with hypertension (randomized clinical diet study).\n\nIf you need more information on either of these topics, or if you have a specific question (e.g., "What is quantum supremacy?"'}}
2025-12-15 16:49:06,704 - [Quantum_e2e_20251215_nova_dll.py:287] - [on_result] - DEBUG - 接收到 in_progress 且类型为text的消息，当前token计数: 227
2025-12-15 16:49:06,705 - [Quantum_e2e_20251215_nova_dll.py:309] - [on_result] - INFO - Got result for job 99: {'job_id': 99, 'status': 'in_progress', 'timestamp': '2025-12-15T16:49:06.705767', 'data': {'type': 'text', 'response': 'Hello! It looks like you mentioned a couple of topics related to quantum technology and a clinical study on cinnamon and blood pressure management. If you have a specific question about either of these topics, feel free to ask! Here are a couple of clarifications:\n\n1. **Quantum Technology**:  \n   - **QuantFi and QURECA** are collaborating to create a training course in quantum computing for finance (2021).  \n   - Microsoft and the University of Washington demonstrated fully automated DNA data storage (2019).  \n   - EuroHPC is a European project related to high-performance computing (n.d.).  \n   - There are ongoing demands for skills development in high-performance computing (2021).  \n   - Scott Aaronson has written a FAQ on quantum supremacy (2019).  \n\n2. **Cinnamon and Blood Pressure**:  \n   - There is a study on the effects of cinnamon supplementation on glycaemic outcomes in patients with hypertension (randomized clinical diet study).\n\nIf you need more information on either of these topics, or if you have a specific question (e.g., "What is quantum supremacy?" or'}}
2025-12-15 16:49:06,720 - [Quantum_e2e_20251215_nova_dll.py:287] - [on_result] - DEBUG - 接收到 in_progress 且类型为text的消息，当前token计数: 228
2025-12-15 16:49:06,721 - [Quantum_e2e_20251215_nova_dll.py:309] - [on_result] - INFO - Got result for job 99: {'job_id': 99, 'status': 'in_progress', 'timestamp': '2025-12-15T16:49:06.721766', 'data': {'type': 'text', 'response': 'Hello! It looks like you mentioned a couple of topics related to quantum technology and a clinical study on cinnamon and blood pressure management. If you have a specific question about either of these topics, feel free to ask! Here are a couple of clarifications:\n\n1. **Quantum Technology**:  \n   - **QuantFi and QURECA** are collaborating to create a training course in quantum computing for finance (2021).  \n   - Microsoft and the University of Washington demonstrated fully automated DNA data storage (2019).  \n   - EuroHPC is a European project related to high-performance computing (n.d.).  \n   - There are ongoing demands for skills development in high-performance computing (2021).  \n   - Scott Aaronson has written a FAQ on quantum supremacy (2019).  \n\n2. **Cinnamon and Blood Pressure**:  \n   - There is a study on the effects of cinnamon supplementation on glycaemic outcomes in patients with hypertension (randomized clinical diet study).\n\nIf you need more information on either of these topics, or if you have a specific question (e.g., "What is quantum supremacy?" or "'}}
2025-12-15 16:49:06,736 - [Quantum_e2e_20251215_nova_dll.py:287] - [on_result] - DEBUG - 接收到 in_progress 且类型为text的消息，当前token计数: 229
2025-12-15 16:49:06,737 - [Quantum_e2e_20251215_nova_dll.py:309] - [on_result] - INFO - Got result for job 99: {'job_id': 99, 'status': 'in_progress', 'timestamp': '2025-12-15T16:49:06.737775', 'data': {'type': 'text', 'response': 'Hello! It looks like you mentioned a couple of topics related to quantum technology and a clinical study on cinnamon and blood pressure management. If you have a specific question about either of these topics, feel free to ask! Here are a couple of clarifications:\n\n1. **Quantum Technology**:  \n   - **QuantFi and QURECA** are collaborating to create a training course in quantum computing for finance (2021).  \n   - Microsoft and the University of Washington demonstrated fully automated DNA data storage (2019).  \n   - EuroHPC is a European project related to high-performance computing (n.d.).  \n   - There are ongoing demands for skills development in high-performance computing (2021).  \n   - Scott Aaronson has written a FAQ on quantum supremacy (2019).  \n\n2. **Cinnamon and Blood Pressure**:  \n   - There is a study on the effects of cinnamon supplementation on glycaemic outcomes in patients with hypertension (randomized clinical diet study).\n\nIf you need more information on either of these topics, or if you have a specific question (e.g., "What is quantum supremacy?" or "What'}}
2025-12-15 16:49:06,752 - [Quantum_e2e_20251215_nova_dll.py:287] - [on_result] - DEBUG - 接收到 in_progress 且类型为text的消息，当前token计数: 230
2025-12-15 16:49:06,752 - [Quantum_e2e_20251215_nova_dll.py:309] - [on_result] - INFO - Got result for job 99: {'job_id': 99, 'status': 'in_progress', 'timestamp': '2025-12-15T16:49:06.752284', 'data': {'type': 'text', 'response': 'Hello! It looks like you mentioned a couple of topics related to quantum technology and a clinical study on cinnamon and blood pressure management. If you have a specific question about either of these topics, feel free to ask! Here are a couple of clarifications:\n\n1. **Quantum Technology**:  \n   - **QuantFi and QURECA** are collaborating to create a training course in quantum computing for finance (2021).  \n   - Microsoft and the University of Washington demonstrated fully automated DNA data storage (2019).  \n   - EuroHPC is a European project related to high-performance computing (n.d.).  \n   - There are ongoing demands for skills development in high-performance computing (2021).  \n   - Scott Aaronson has written a FAQ on quantum supremacy (2019).  \n\n2. **Cinnamon and Blood Pressure**:  \n   - There is a study on the effects of cinnamon supplementation on glycaemic outcomes in patients with hypertension (randomized clinical diet study).\n\nIf you need more information on either of these topics, or if you have a specific question (e.g., "What is quantum supremacy?" or "What are'}}
2025-12-15 16:49:06,768 - [Quantum_e2e_20251215_nova_dll.py:287] - [on_result] - DEBUG - 接收到 in_progress 且类型为text的消息，当前token计数: 231
2025-12-15 16:49:06,769 - [Quantum_e2e_20251215_nova_dll.py:309] - [on_result] - INFO - Got result for job 99: {'job_id': 99, 'status': 'in_progress', 'timestamp': '2025-12-15T16:49:06.769286', 'data': {'type': 'text', 'response': 'Hello! It looks like you mentioned a couple of topics related to quantum technology and a clinical study on cinnamon and blood pressure management. If you have a specific question about either of these topics, feel free to ask! Here are a couple of clarifications:\n\n1. **Quantum Technology**:  \n   - **QuantFi and QURECA** are collaborating to create a training course in quantum computing for finance (2021).  \n   - Microsoft and the University of Washington demonstrated fully automated DNA data storage (2019).  \n   - EuroHPC is a European project related to high-performance computing (n.d.).  \n   - There are ongoing demands for skills development in high-performance computing (2021).  \n   - Scott Aaronson has written a FAQ on quantum supremacy (2019).  \n\n2. **Cinnamon and Blood Pressure**:  \n   - There is a study on the effects of cinnamon supplementation on glycaemic outcomes in patients with hypertension (randomized clinical diet study).\n\nIf you need more information on either of these topics, or if you have a specific question (e.g., "What is quantum supremacy?" or "What are the'}}
2025-12-15 16:49:06,784 - [Quantum_e2e_20251215_nova_dll.py:287] - [on_result] - DEBUG - 接收到 in_progress 且类型为text的消息，当前token计数: 232
2025-12-15 16:49:06,785 - [Quantum_e2e_20251215_nova_dll.py:309] - [on_result] - INFO - Got result for job 99: {'job_id': 99, 'status': 'in_progress', 'timestamp': '2025-12-15T16:49:06.785289', 'data': {'type': 'text', 'response': 'Hello! It looks like you mentioned a couple of topics related to quantum technology and a clinical study on cinnamon and blood pressure management. If you have a specific question about either of these topics, feel free to ask! Here are a couple of clarifications:\n\n1. **Quantum Technology**:  \n   - **QuantFi and QURECA** are collaborating to create a training course in quantum computing for finance (2021).  \n   - Microsoft and the University of Washington demonstrated fully automated DNA data storage (2019).  \n   - EuroHPC is a European project related to high-performance computing (n.d.).  \n   - There are ongoing demands for skills development in high-performance computing (2021).  \n   - Scott Aaronson has written a FAQ on quantum supremacy (2019).  \n\n2. **Cinnamon and Blood Pressure**:  \n   - There is a study on the effects of cinnamon supplementation on glycaemic outcomes in patients with hypertension (randomized clinical diet study).\n\nIf you need more information on either of these topics, or if you have a specific question (e.g., "What is quantum supremacy?" or "What are the findings'}}
2025-12-15 16:49:06,800 - [Quantum_e2e_20251215_nova_dll.py:287] - [on_result] - DEBUG - 接收到 in_progress 且类型为text的消息，当前token计数: 233
2025-12-15 16:49:06,801 - [Quantum_e2e_20251215_nova_dll.py:309] - [on_result] - INFO - Got result for job 99: {'job_id': 99, 'status': 'in_progress', 'timestamp': '2025-12-15T16:49:06.801286', 'data': {'type': 'text', 'response': 'Hello! It looks like you mentioned a couple of topics related to quantum technology and a clinical study on cinnamon and blood pressure management. If you have a specific question about either of these topics, feel free to ask! Here are a couple of clarifications:\n\n1. **Quantum Technology**:  \n   - **QuantFi and QURECA** are collaborating to create a training course in quantum computing for finance (2021).  \n   - Microsoft and the University of Washington demonstrated fully automated DNA data storage (2019).  \n   - EuroHPC is a European project related to high-performance computing (n.d.).  \n   - There are ongoing demands for skills development in high-performance computing (2021).  \n   - Scott Aaronson has written a FAQ on quantum supremacy (2019).  \n\n2. **Cinnamon and Blood Pressure**:  \n   - There is a study on the effects of cinnamon supplementation on glycaemic outcomes in patients with hypertension (randomized clinical diet study).\n\nIf you need more information on either of these topics, or if you have a specific question (e.g., "What is quantum supremacy?" or "What are the findings of'}}
2025-12-15 16:49:06,816 - [Quantum_e2e_20251215_nova_dll.py:287] - [on_result] - DEBUG - 接收到 in_progress 且类型为text的消息，当前token计数: 234
2025-12-15 16:49:06,817 - [Quantum_e2e_20251215_nova_dll.py:309] - [on_result] - INFO - Got result for job 99: {'job_id': 99, 'status': 'in_progress', 'timestamp': '2025-12-15T16:49:06.817287', 'data': {'type': 'text', 'response': 'Hello! It looks like you mentioned a couple of topics related to quantum technology and a clinical study on cinnamon and blood pressure management. If you have a specific question about either of these topics, feel free to ask! Here are a couple of clarifications:\n\n1. **Quantum Technology**:  \n   - **QuantFi and QURECA** are collaborating to create a training course in quantum computing for finance (2021).  \n   - Microsoft and the University of Washington demonstrated fully automated DNA data storage (2019).  \n   - EuroHPC is a European project related to high-performance computing (n.d.).  \n   - There are ongoing demands for skills development in high-performance computing (2021).  \n   - Scott Aaronson has written a FAQ on quantum supremacy (2019).  \n\n2. **Cinnamon and Blood Pressure**:  \n   - There is a study on the effects of cinnamon supplementation on glycaemic outcomes in patients with hypertension (randomized clinical diet study).\n\nIf you need more information on either of these topics, or if you have a specific question (e.g., "What is quantum supremacy?" or "What are the findings of the'}}
2025-12-15 16:49:06,832 - [Quantum_e2e_20251215_nova_dll.py:287] - [on_result] - DEBUG - 接收到 in_progress 且类型为text的消息，当前token计数: 235
2025-12-15 16:49:06,833 - [Quantum_e2e_20251215_nova_dll.py:309] - [on_result] - INFO - Got result for job 99: {'job_id': 99, 'status': 'in_progress', 'timestamp': '2025-12-15T16:49:06.833291', 'data': {'type': 'text', 'response': 'Hello! It looks like you mentioned a couple of topics related to quantum technology and a clinical study on cinnamon and blood pressure management. If you have a specific question about either of these topics, feel free to ask! Here are a couple of clarifications:\n\n1. **Quantum Technology**:  \n   - **QuantFi and QURECA** are collaborating to create a training course in quantum computing for finance (2021).  \n   - Microsoft and the University of Washington demonstrated fully automated DNA data storage (2019).  \n   - EuroHPC is a European project related to high-performance computing (n.d.).  \n   - There are ongoing demands for skills development in high-performance computing (2021).  \n   - Scott Aaronson has written a FAQ on quantum supremacy (2019).  \n\n2. **Cinnamon and Blood Pressure**:  \n   - There is a study on the effects of cinnamon supplementation on glycaemic outcomes in patients with hypertension (randomized clinical diet study).\n\nIf you need more information on either of these topics, or if you have a specific question (e.g., "What is quantum supremacy?" or "What are the findings of the cinnamon'}}
2025-12-15 16:49:06,847 - [Quantum_e2e_20251215_nova_dll.py:287] - [on_result] - DEBUG - 接收到 in_progress 且类型为text的消息，当前token计数: 236
2025-12-15 16:49:06,848 - [Quantum_e2e_20251215_nova_dll.py:309] - [on_result] - INFO - Got result for job 99: {'job_id': 99, 'status': 'in_progress', 'timestamp': '2025-12-15T16:49:06.847809', 'data': {'type': 'text', 'response': 'Hello! It looks like you mentioned a couple of topics related to quantum technology and a clinical study on cinnamon and blood pressure management. If you have a specific question about either of these topics, feel free to ask! Here are a couple of clarifications:\n\n1. **Quantum Technology**:  \n   - **QuantFi and QURECA** are collaborating to create a training course in quantum computing for finance (2021).  \n   - Microsoft and the University of Washington demonstrated fully automated DNA data storage (2019).  \n   - EuroHPC is a European project related to high-performance computing (n.d.).  \n   - There are ongoing demands for skills development in high-performance computing (2021).  \n   - Scott Aaronson has written a FAQ on quantum supremacy (2019).  \n\n2. **Cinnamon and Blood Pressure**:  \n   - There is a study on the effects of cinnamon supplementation on glycaemic outcomes in patients with hypertension (randomized clinical diet study).\n\nIf you need more information on either of these topics, or if you have a specific question (e.g., "What is quantum supremacy?" or "What are the findings of the cinnamon study'}}
2025-12-15 16:49:06,863 - [Quantum_e2e_20251215_nova_dll.py:287] - [on_result] - DEBUG - 接收到 in_progress 且类型为text的消息，当前token计数: 237
2025-12-15 16:49:06,864 - [Quantum_e2e_20251215_nova_dll.py:309] - [on_result] - INFO - Got result for job 99: {'job_id': 99, 'status': 'in_progress', 'timestamp': '2025-12-15T16:49:06.863808', 'data': {'type': 'text', 'response': 'Hello! It looks like you mentioned a couple of topics related to quantum technology and a clinical study on cinnamon and blood pressure management. If you have a specific question about either of these topics, feel free to ask! Here are a couple of clarifications:\n\n1. **Quantum Technology**:  \n   - **QuantFi and QURECA** are collaborating to create a training course in quantum computing for finance (2021).  \n   - Microsoft and the University of Washington demonstrated fully automated DNA data storage (2019).  \n   - EuroHPC is a European project related to high-performance computing (n.d.).  \n   - There are ongoing demands for skills development in high-performance computing (2021).  \n   - Scott Aaronson has written a FAQ on quantum supremacy (2019).  \n\n2. **Cinnamon and Blood Pressure**:  \n   - There is a study on the effects of cinnamon supplementation on glycaemic outcomes in patients with hypertension (randomized clinical diet study).\n\nIf you need more information on either of these topics, or if you have a specific question (e.g., "What is quantum supremacy?" or "What are the findings of the cinnamon study?'}}
2025-12-15 16:49:06,879 - [Quantum_e2e_20251215_nova_dll.py:287] - [on_result] - DEBUG - 接收到 in_progress 且类型为text的消息，当前token计数: 238
2025-12-15 16:49:06,879 - [Quantum_e2e_20251215_nova_dll.py:309] - [on_result] - INFO - Got result for job 99: {'job_id': 99, 'status': 'in_progress', 'timestamp': '2025-12-15T16:49:06.879132', 'data': {'type': 'text', 'response': 'Hello! It looks like you mentioned a couple of topics related to quantum technology and a clinical study on cinnamon and blood pressure management. If you have a specific question about either of these topics, feel free to ask! Here are a couple of clarifications:\n\n1. **Quantum Technology**:  \n   - **QuantFi and QURECA** are collaborating to create a training course in quantum computing for finance (2021).  \n   - Microsoft and the University of Washington demonstrated fully automated DNA data storage (2019).  \n   - EuroHPC is a European project related to high-performance computing (n.d.).  \n   - There are ongoing demands for skills development in high-performance computing (2021).  \n   - Scott Aaronson has written a FAQ on quantum supremacy (2019).  \n\n2. **Cinnamon and Blood Pressure**:  \n   - There is a study on the effects of cinnamon supplementation on glycaemic outcomes in patients with hypertension (randomized clinical diet study).\n\nIf you need more information on either of these topics, or if you have a specific question (e.g., "What is quantum supremacy?" or "What are the findings of the cinnamon study?"),'}}
2025-12-15 16:49:06,894 - [Quantum_e2e_20251215_nova_dll.py:287] - [on_result] - DEBUG - 接收到 in_progress 且类型为text的消息，当前token计数: 239
2025-12-15 16:49:06,895 - [Quantum_e2e_20251215_nova_dll.py:309] - [on_result] - INFO - Got result for job 99: {'job_id': 99, 'status': 'in_progress', 'timestamp': '2025-12-15T16:49:06.895332', 'data': {'type': 'text', 'response': 'Hello! It looks like you mentioned a couple of topics related to quantum technology and a clinical study on cinnamon and blood pressure management. If you have a specific question about either of these topics, feel free to ask! Here are a couple of clarifications:\n\n1. **Quantum Technology**:  \n   - **QuantFi and QURECA** are collaborating to create a training course in quantum computing for finance (2021).  \n   - Microsoft and the University of Washington demonstrated fully automated DNA data storage (2019).  \n   - EuroHPC is a European project related to high-performance computing (n.d.).  \n   - There are ongoing demands for skills development in high-performance computing (2021).  \n   - Scott Aaronson has written a FAQ on quantum supremacy (2019).  \n\n2. **Cinnamon and Blood Pressure**:  \n   - There is a study on the effects of cinnamon supplementation on glycaemic outcomes in patients with hypertension (randomized clinical diet study).\n\nIf you need more information on either of these topics, or if you have a specific question (e.g., "What is quantum supremacy?" or "What are the findings of the cinnamon study?"), please'}}
2025-12-15 16:49:06,909 - [Quantum_e2e_20251215_nova_dll.py:287] - [on_result] - DEBUG - 接收到 in_progress 且类型为text的消息，当前token计数: 240
2025-12-15 16:49:06,909 - [Quantum_e2e_20251215_nova_dll.py:309] - [on_result] - INFO - Got result for job 99: {'job_id': 99, 'status': 'in_progress', 'timestamp': '2025-12-15T16:49:06.909329', 'data': {'type': 'text', 'response': 'Hello! It looks like you mentioned a couple of topics related to quantum technology and a clinical study on cinnamon and blood pressure management. If you have a specific question about either of these topics, feel free to ask! Here are a couple of clarifications:\n\n1. **Quantum Technology**:  \n   - **QuantFi and QURECA** are collaborating to create a training course in quantum computing for finance (2021).  \n   - Microsoft and the University of Washington demonstrated fully automated DNA data storage (2019).  \n   - EuroHPC is a European project related to high-performance computing (n.d.).  \n   - There are ongoing demands for skills development in high-performance computing (2021).  \n   - Scott Aaronson has written a FAQ on quantum supremacy (2019).  \n\n2. **Cinnamon and Blood Pressure**:  \n   - There is a study on the effects of cinnamon supplementation on glycaemic outcomes in patients with hypertension (randomized clinical diet study).\n\nIf you need more information on either of these topics, or if you have a specific question (e.g., "What is quantum supremacy?" or "What are the findings of the cinnamon study?"), please let'}}
2025-12-15 16:49:06,924 - [Quantum_e2e_20251215_nova_dll.py:287] - [on_result] - DEBUG - 接收到 in_progress 且类型为text的消息，当前token计数: 241
2025-12-15 16:49:06,925 - [Quantum_e2e_20251215_nova_dll.py:309] - [on_result] - INFO - Got result for job 99: {'job_id': 99, 'status': 'in_progress', 'timestamp': '2025-12-15T16:49:06.925333', 'data': {'type': 'text', 'response': 'Hello! It looks like you mentioned a couple of topics related to quantum technology and a clinical study on cinnamon and blood pressure management. If you have a specific question about either of these topics, feel free to ask! Here are a couple of clarifications:\n\n1. **Quantum Technology**:  \n   - **QuantFi and QURECA** are collaborating to create a training course in quantum computing for finance (2021).  \n   - Microsoft and the University of Washington demonstrated fully automated DNA data storage (2019).  \n   - EuroHPC is a European project related to high-performance computing (n.d.).  \n   - There are ongoing demands for skills development in high-performance computing (2021).  \n   - Scott Aaronson has written a FAQ on quantum supremacy (2019).  \n\n2. **Cinnamon and Blood Pressure**:  \n   - There is a study on the effects of cinnamon supplementation on glycaemic outcomes in patients with hypertension (randomized clinical diet study).\n\nIf you need more information on either of these topics, or if you have a specific question (e.g., "What is quantum supremacy?" or "What are the findings of the cinnamon study?"), please let me'}}
2025-12-15 16:49:06,939 - [Quantum_e2e_20251215_nova_dll.py:287] - [on_result] - DEBUG - 接收到 in_progress 且类型为text的消息，当前token计数: 242
2025-12-15 16:49:06,940 - [Quantum_e2e_20251215_nova_dll.py:309] - [on_result] - INFO - Got result for job 99: {'job_id': 99, 'status': 'in_progress', 'timestamp': '2025-12-15T16:49:06.940340', 'data': {'type': 'text', 'response': 'Hello! It looks like you mentioned a couple of topics related to quantum technology and a clinical study on cinnamon and blood pressure management. If you have a specific question about either of these topics, feel free to ask! Here are a couple of clarifications:\n\n1. **Quantum Technology**:  \n   - **QuantFi and QURECA** are collaborating to create a training course in quantum computing for finance (2021).  \n   - Microsoft and the University of Washington demonstrated fully automated DNA data storage (2019).  \n   - EuroHPC is a European project related to high-performance computing (n.d.).  \n   - There are ongoing demands for skills development in high-performance computing (2021).  \n   - Scott Aaronson has written a FAQ on quantum supremacy (2019).  \n\n2. **Cinnamon and Blood Pressure**:  \n   - There is a study on the effects of cinnamon supplementation on glycaemic outcomes in patients with hypertension (randomized clinical diet study).\n\nIf you need more information on either of these topics, or if you have a specific question (e.g., "What is quantum supremacy?" or "What are the findings of the cinnamon study?"), please let me know'}}
2025-12-15 16:49:06,954 - [Quantum_e2e_20251215_nova_dll.py:287] - [on_result] - DEBUG - 接收到 in_progress 且类型为text的消息，当前token计数: 243
2025-12-15 16:49:06,955 - [Quantum_e2e_20251215_nova_dll.py:309] - [on_result] - INFO - Got result for job 99: {'job_id': 99, 'status': 'in_progress', 'timestamp': '2025-12-15T16:49:06.955854', 'data': {'type': 'text', 'response': 'Hello! It looks like you mentioned a couple of topics related to quantum technology and a clinical study on cinnamon and blood pressure management. If you have a specific question about either of these topics, feel free to ask! Here are a couple of clarifications:\n\n1. **Quantum Technology**:  \n   - **QuantFi and QURECA** are collaborating to create a training course in quantum computing for finance (2021).  \n   - Microsoft and the University of Washington demonstrated fully automated DNA data storage (2019).  \n   - EuroHPC is a European project related to high-performance computing (n.d.).  \n   - There are ongoing demands for skills development in high-performance computing (2021).  \n   - Scott Aaronson has written a FAQ on quantum supremacy (2019).  \n\n2. **Cinnamon and Blood Pressure**:  \n   - There is a study on the effects of cinnamon supplementation on glycaemic outcomes in patients with hypertension (randomized clinical diet study).\n\nIf you need more information on either of these topics, or if you have a specific question (e.g., "What is quantum supremacy?" or "What are the findings of the cinnamon study?"), please let me know!'}}
2025-12-15 16:49:06,970 - [Quantum_e2e_20251215_nova_dll.py:287] - [on_result] - DEBUG - 接收到 in_progress 且类型为text的消息，当前token计数: 244
2025-12-15 16:49:06,971 - [Quantum_e2e_20251215_nova_dll.py:309] - [on_result] - INFO - Got result for job 99: {'job_id': 99, 'status': 'in_progress', 'timestamp': '2025-12-15T16:49:06.971854', 'data': {'type': 'text', 'response': 'Hello! It looks like you mentioned a couple of topics related to quantum technology and a clinical study on cinnamon and blood pressure management. If you have a specific question about either of these topics, feel free to ask! Here are a couple of clarifications:\n\n1. **Quantum Technology**:  \n   - **QuantFi and QURECA** are collaborating to create a training course in quantum computing for finance (2021).  \n   - Microsoft and the University of Washington demonstrated fully automated DNA data storage (2019).  \n   - EuroHPC is a European project related to high-performance computing (n.d.).  \n   - There are ongoing demands for skills development in high-performance computing (2021).  \n   - Scott Aaronson has written a FAQ on quantum supremacy (2019).  \n\n2. **Cinnamon and Blood Pressure**:  \n   - There is a study on the effects of cinnamon supplementation on glycaemic outcomes in patients with hypertension (randomized clinical diet study).\n\nIf you need more information on either of these topics, or if you have a specific question (e.g., "What is quantum supremacy?" or "What are the findings of the cinnamon study?"), please let me know!'}}
2025-12-15 16:49:06,987 - [Quantum_e2e_20251215_nova_dll.py:309] - [on_result] - INFO - Got result for job 99: {'job_id': 99, 'status': 'in_progress', 'timestamp': '2025-12-15T16:49:06.987376', 'data': {'type': 'timings', 'response': '{"check_pending_elicitation":{"startTimestamp":1765788526549,"endTimestamp":1765788526549},"update_chat_history":{"startTimestamp":1765788526549,"endTimestamp":1765788526554},"select_handler":{"startTimestamp":1765788526555,"endTimestamp":1765788526571},"load_agent":{"startTimestamp":1765788526571,"endTimestamp":1765788526594},"load_session":{"startTimestamp":1765788526594,"endTimestamp":-1},"first_token":{"startTimestamp":1765788526602,"endTimestamp":1765788526958},"device_connection":{"startTimestamp":1765788526602,"endTimestamp":1765788546975},"DomainClassifierNode":{"startTimestamp":1765788526604,"endTimestamp":1765788526839},"RewriteJudgeNode":{"startTimestamp":1765788526840,"endTimestamp":1765788526956},"LocalTaskPlaningNode":{"startTimestamp":1765788526958,"endTimestamp":1765788526959},"IntentMappingNode":{"startTimestamp":1765788526961,"endTimestamp":1765788527884},"GeneralGenerationNode":{"startTimestamp":1765788527885,"endTimestamp":1765788546971}}'}}
2025-12-15 16:49:07,033 - [Quantum_e2e_20251215_nova_dll.py:309] - [on_result] - INFO - Got result for job 99: {'job_id': 99, 'status': 'complete', 'timestamp': '2025-12-15T16:49:07.033368', 'data': {'type': 'text', 'response': 'Hello! It looks like you mentioned a couple of topics related to quantum technology and a clinical study on cinnamon and blood pressure management. If you have a specific question about either of these topics, feel free to ask! Here are a couple of clarifications:\n\n1. **Quantum Technology**:  \n   - **QuantFi and QURECA** are collaborating to create a training course in quantum computing for finance (2021).  \n   - Microsoft and the University of Washington demonstrated fully automated DNA data storage (2019).  \n   - EuroHPC is a European project related to high-performance computing (n.d.).  \n   - There are ongoing demands for skills development in high-performance computing (2021).  \n   - Scott Aaronson has written a FAQ on quantum supremacy (2019).  \n\n2. **Cinnamon and Blood Pressure**:  \n   - There is a study on the effects of cinnamon supplementation on glycaemic outcomes in patients with hypertension (randomized clinical diet study).\n\nIf you need more information on either of these topics, or if you have a specific question (e.g., "What is quantum supremacy?" or "What are the findings of the cinnamon study?"), please let me know!'}}
2025-12-15 16:49:07,034 - [Quantum_e2e_20251215_nova_dll.py:320] - [on_result] - INFO - 响应时间: 20.50秒
2025-12-15 16:49:07,035 - [Quantum_e2e_20251215_nova_dll.py:321] - [on_result] - INFO - 结束时间: 2025-12-15 16:49:07.034
2025-12-15 16:49:07,035 - [Quantum_e2e_20251215_nova_dll.py:329] - [on_result] - INFO - TTFT (Time To First Token): 3.293秒
2025-12-15 16:49:07,035 - [Quantum_e2e_20251215_nova_dll.py:337] - [on_result] - INFO - 性能指标:
2025-12-15 16:49:07,035 - [Quantum_e2e_20251215_nova_dll.py:338] - [on_result] - INFO -   - 首字时间: 2025-12-15 16:48:49.830
2025-12-15 16:49:07,035 - [Quantum_e2e_20251215_nova_dll.py:339] - [on_result] - INFO -   - TTFT (Time To First Token): 3.293秒
2025-12-15 16:49:07,035 - [Quantum_e2e_20251215_nova_dll.py:340] - [on_result] - INFO -   - Token数量: 244
2025-12-15 16:49:07,035 - [Quantum_e2e_20251215_nova_dll.py:341] - [on_result] - INFO -   - 生成速度: 14.18 tokens/秒
2025-12-15 16:49:07,036 - [Quantum_e2e_20251215_nova_dll.py:342] - [on_result] - INFO -   - 生成时间: 17.203秒
2025-12-15 16:49:07,036 - [Quantum_e2e_20251215_nova_dll.py:1271] - [run_query_only] - INFO - 最终结果: Hello! It looks like you mentioned a couple of topics related to quantum technology and a clinical study on cinnamon and blood pressure management. If you have a specific question about either of these topics, feel free to ask! Here are a couple of clarifications:

1. **Quantum Technology**:  
   - **QuantFi and QURECA** are collaborating to create a training course in quantum computing for finance (2021).  
   - Microsoft and the University of Washington demonstrated fully automated DNA data storage (2019).  
   - EuroHPC is a European project related to high-performance computing (n.d.).  
   - There are ongoing demands for skills development in high-performance computing (2021).  
   - Scott Aaronson has written a FAQ on quantum supremacy (2019).  

2. **Cinnamon and Blood Pressure**:  
   - There is a study on the effects of cinnamon supplementation on glycaemic outcomes in patients with hypertension (randomized clinical diet study).

If you need more information on either of these topics, or if you have a specific question (e.g., "What is quantum supremacy?" or "What are the findings of the cinnamon study?"), please let me know!
2025-12-15 16:49:07,039 - [Quantum_e2e_20251215_nova_dll.py:1542] - [process_main_excel_only] - INFO - 第 2 行处理成功，结果长度: 1151，响应时间: 20.50秒
2025-12-15 16:49:07,125 - [Quantum_e2e_20251215_nova_dll.py:1581] - [process_main_excel_only] - INFO - 第 2 行结果已保存
2025-12-15 16:49:07,126 - [Quantum_e2e_20251215_nova_dll.py:1477] - [process_main_excel_only] - INFO - 该case不需要附件输入
2025-12-15 16:49:07,126 - [Quantum_e2e_20251215_nova_dll.py:1479] - [process_main_excel_only] - INFO - 
=== 正在处理第 3 行 ===
2025-12-15 16:49:07,127 - [Quantum_e2e_20251215_nova_dll.py:1480] - [process_main_excel_only] - INFO - Question: What is the user’s dream destination?
2025-12-15 16:49:07,127 - [Quantum_e2e_20251215_nova_dll.py:1481] - [process_main_excel_only] - INFO - Pathlist: []
2025-12-15 16:49:07,127 - [Quantum_e2e_20251215_nova_dll.py:1482] - [process_main_excel_only] - INFO - New Session: Y
2025-12-15 16:49:07,127 - [Quantum_e2e_20251215_nova_dll.py:429] - [send_model_call] - INFO - Sending session call with payload: {"action": "create"}
2025-12-15 16:49:07,127 - [Quantum_e2e_20251215_nova_dll.py:458] - [send_model_call] - INFO - quantum_send_command start
2025-12-15 16:49:07,196 - [Quantum_e2e_20251215_nova_dll.py:460] - [send_model_call] - INFO - quantum_send_command end
2025-12-15 16:49:07,196 - [Quantum_e2e_20251215_nova_dll.py:470] - [send_model_call] - INFO - Sent session call, job ID: 100
2025-12-15 16:49:07,247 - [Quantum_e2e_20251215_nova_dll.py:242] - [on_result] - WARNING - 无法识别模式，使用默认模式: local_brain
2025-12-15 16:49:07,248 - [Quantum_e2e_20251215_nova_dll.py:309] - [on_result] - INFO - Got result for job 100: {'job_id': 100, 'status': 'complete', 'timestamp': '2025-12-15T16:49:07.248944', 'data': {'sessionID': '208d0397-26f2-4691-b406-a8b6c2acde56'}}
2025-12-15 16:49:07,248 - [Quantum_e2e_20251215_nova_dll.py:683] - [create_session] - INFO - 成功创建会话，session_id: 208d0397-26f2-4691-b406-a8b6c2acde56, job_id: 100
2025-12-15 16:49:07,248 - [Quantum_e2e_20251215_nova_dll.py:1154] - [send_query_with_image] - INFO - 发送查询请求: {"query": "What is the user\u2019s dream destination?", "handler": "nova", "sessionID": "208d0397-26f2-4691-b406-a8b6c2acde56"}
2025-12-15 16:49:07,249 - [Quantum_e2e_20251215_nova_dll.py:429] - [send_model_call] - INFO - Sending query call with payload: {"query": "What is the user\u2019s dream destination?", "handler": "nova", "sessionID": "208d0397-26f2-4691-b406-a8b6c2acde56"}
2025-12-15 16:49:07,249 - [Quantum_e2e_20251215_nova_dll.py:458] - [send_model_call] - INFO - quantum_send_command start
2025-12-15 16:49:07,303 - [Quantum_e2e_20251215_nova_dll.py:460] - [send_model_call] - INFO - quantum_send_command end
2025-12-15 16:49:07,304 - [Quantum_e2e_20251215_nova_dll.py:470] - [send_model_call] - INFO - Sent query call, job ID: 101
2025-12-15 16:49:07,304 - [Quantum_e2e_20251215_nova_dll.py:1178] - [send_query_with_image] - INFO - 开始时间: 2025-12-15 16:49:07.304
2025-12-15 16:49:07,304 - [Quantum_e2e_20251215_nova_dll.py:1182] - [send_query_with_image] - INFO - 任务ID: 101
2025-12-15 16:49:07,336 - [Quantum_e2e_20251215_nova_dll.py:218] - [on_result] - INFO - 检测到 Azure Agent 模式
2025-12-15 16:49:07,337 - [Quantum_e2e_20251215_nova_dll.py:309] - [on_result] - INFO - Got result for job 101: {'job_id': 101, 'status': 'in_progress', 'timestamp': '2025-12-15T16:49:07.337956', 'data': {'response': 'Azure Agent', 'compact': False, 'type': 'handler'}}
2025-12-15 16:49:07,365 - [Quantum_e2e_20251215_nova_dll.py:214] - [on_result] - INFO - 检测到 Local Brain 模式，更新处理模式
2025-12-15 16:49:07,366 - [Quantum_e2e_20251215_nova_dll.py:309] - [on_result] - INFO - Got result for job 101: {'job_id': 101, 'status': 'in_progress', 'timestamp': '2025-12-15T16:49:07.366087', 'data': {'response': 'Local Brain with AMD Ryzen AI 9 165 w/ Radeon 870M              ', 'compact': False, 'type': 'handler'}}
2025-12-15 16:49:10,017 - [Quantum_e2e_20251215_nova_dll.py:273] - [on_result] - INFO - 第一个text响应时间: 2025-12-15 16:49:10.017
2025-12-15 16:49:10,018 - [Quantum_e2e_20251215_nova_dll.py:309] - [on_result] - INFO - Got result for job 101: {'job_id': 101, 'status': 'in_progress', 'timestamp': '2025-12-15T16:49:10.018946', 'data': {'type': 'text', 'response': 'What is the user’s dream destination?'}}
2025-12-15 16:49:25,413 - [Quantum_e2e_20251215_nova_dll.py:265] - [on_result] - INFO - 首字时间 (text类型): 2025-12-15 16:49:25.413
2025-12-15 16:49:25,414 - [Quantum_e2e_20251215_nova_dll.py:287] - [on_result] - DEBUG - 接收到 in_progress 且类型为text的消息，当前token计数: 1
2025-12-15 16:49:25,415 - [Quantum_e2e_20251215_nova_dll.py:309] - [on_result] - INFO - Got result for job 101: {'job_id': 101, 'status': 'in_progress', 'timestamp': '2025-12-15T16:49:25.415093', 'data': {'type': 'text', 'response': 'Based'}}
2025-12-15 16:49:25,415 - [Quantum_e2e_20251215_nova_dll.py:287] - [on_result] - DEBUG - 接收到 in_progress 且类型为text的消息，当前token计数: 2
2025-12-15 16:49:25,416 - [Quantum_e2e_20251215_nova_dll.py:309] - [on_result] - INFO - Got result for job 101: {'job_id': 101, 'status': 'in_progress', 'timestamp': '2025-12-15T16:49:25.416092', 'data': {'type': 'text', 'response': 'Based on'}}
2025-12-15 16:49:25,416 - [Quantum_e2e_20251215_nova_dll.py:287] - [on_result] - DEBUG - 接收到 in_progress 且类型为text的消息，当前token计数: 3
2025-12-15 16:49:25,416 - [Quantum_e2e_20251215_nova_dll.py:309] - [on_result] - INFO - Got result for job 101: {'job_id': 101, 'status': 'in_progress', 'timestamp': '2025-12-15T16:49:25.416092', 'data': {'type': 'text', 'response': 'Based on the'}}
2025-12-15 16:49:25,417 - [Quantum_e2e_20251215_nova_dll.py:287] - [on_result] - DEBUG - 接收到 in_progress 且类型为text的消息，当前token计数: 4
2025-12-15 16:49:25,417 - [Quantum_e2e_20251215_nova_dll.py:309] - [on_result] - INFO - Got result for job 101: {'job_id': 101, 'status': 'in_progress', 'timestamp': '2025-12-15T16:49:25.417093', 'data': {'type': 'text', 'response': 'Based on the provided'}}
2025-12-15 16:49:25,417 - [Quantum_e2e_20251215_nova_dll.py:287] - [on_result] - DEBUG - 接收到 in_progress 且类型为text的消息，当前token计数: 5
2025-12-15 16:49:25,417 - [Quantum_e2e_20251215_nova_dll.py:309] - [on_result] - INFO - Got result for job 101: {'job_id': 101, 'status': 'in_progress', 'timestamp': '2025-12-15T16:49:25.417093', 'data': {'type': 'text', 'response': 'Based on the provided context'}}
2025-12-15 16:49:25,418 - [Quantum_e2e_20251215_nova_dll.py:287] - [on_result] - DEBUG - 接收到 in_progress 且类型为text的消息，当前token计数: 6
2025-12-15 16:49:25,418 - [Quantum_e2e_20251215_nova_dll.py:309] - [on_result] - INFO - Got result for job 101: {'job_id': 101, 'status': 'in_progress', 'timestamp': '2025-12-15T16:49:25.418093', 'data': {'type': 'text', 'response': 'Based on the provided context,'}}
2025-12-15 16:49:25,418 - [Quantum_e2e_20251215_nova_dll.py:287] - [on_result] - DEBUG - 接收到 in_progress 且类型为text的消息，当前token计数: 7
2025-12-15 16:49:25,419 - [Quantum_e2e_20251215_nova_dll.py:309] - [on_result] - INFO - Got result for job 101: {'job_id': 101, 'status': 'in_progress', 'timestamp': '2025-12-15T16:49:25.419092', 'data': {'type': 'text', 'response': 'Based on the provided context, there'}}
2025-12-15 16:49:25,419 - [Quantum_e2e_20251215_nova_dll.py:287] - [on_result] - DEBUG - 接收到 in_progress 且类型为text的消息，当前token计数: 8
2025-12-15 16:49:25,419 - [Quantum_e2e_20251215_nova_dll.py:309] - [on_result] - INFO - Got result for job 101: {'job_id': 101, 'status': 'in_progress', 'timestamp': '2025-12-15T16:49:25.419092', 'data': {'type': 'text', 'response': 'Based on the provided context, there is'}}
2025-12-15 16:49:25,420 - [Quantum_e2e_20251215_nova_dll.py:287] - [on_result] - DEBUG - 接收到 in_progress 且类型为text的消息，当前token计数: 9
2025-12-15 16:49:25,420 - [Quantum_e2e_20251215_nova_dll.py:309] - [on_result] - INFO - Got result for job 101: {'job_id': 101, 'status': 'in_progress', 'timestamp': '2025-12-15T16:49:25.420092', 'data': {'type': 'text', 'response': 'Based on the provided context, there is no'}}
2025-12-15 16:49:25,421 - [Quantum_e2e_20251215_nova_dll.py:287] - [on_result] - DEBUG - 接收到 in_progress 且类型为text的消息，当前token计数: 10
2025-12-15 16:49:25,421 - [Quantum_e2e_20251215_nova_dll.py:309] - [on_result] - INFO - Got result for job 101: {'job_id': 101, 'status': 'in_progress', 'timestamp': '2025-12-15T16:49:25.421092', 'data': {'type': 'text', 'response': 'Based on the provided context, there is no specific'}}
2025-12-15 16:49:25,421 - [Quantum_e2e_20251215_nova_dll.py:287] - [on_result] - DEBUG - 接收到 in_progress 且类型为text的消息，当前token计数: 11
2025-12-15 16:49:25,422 - [Quantum_e2e_20251215_nova_dll.py:309] - [on_result] - INFO - Got result for job 101: {'job_id': 101, 'status': 'in_progress', 'timestamp': '2025-12-15T16:49:25.422092', 'data': {'type': 'text', 'response': 'Based on the provided context, there is no specific mention'}}
2025-12-15 16:49:25,422 - [Quantum_e2e_20251215_nova_dll.py:287] - [on_result] - DEBUG - 接收到 in_progress 且类型为text的消息，当前token计数: 12
2025-12-15 16:49:25,422 - [Quantum_e2e_20251215_nova_dll.py:309] - [on_result] - INFO - Got result for job 101: {'job_id': 101, 'status': 'in_progress', 'timestamp': '2025-12-15T16:49:25.422092', 'data': {'type': 'text', 'response': 'Based on the provided context, there is no specific mention of'}}
2025-12-15 16:49:25,423 - [Quantum_e2e_20251215_nova_dll.py:287] - [on_result] - DEBUG - 接收到 in_progress 且类型为text的消息，当前token计数: 13
2025-12-15 16:49:25,423 - [Quantum_e2e_20251215_nova_dll.py:309] - [on_result] - INFO - Got result for job 101: {'job_id': 101, 'status': 'in_progress', 'timestamp': '2025-12-15T16:49:25.423092', 'data': {'type': 'text', 'response': 'Based on the provided context, there is no specific mention of a'}}
2025-12-15 16:49:25,424 - [Quantum_e2e_20251215_nova_dll.py:287] - [on_result] - DEBUG - 接收到 in_progress 且类型为text的消息，当前token计数: 14
2025-12-15 16:49:25,424 - [Quantum_e2e_20251215_nova_dll.py:309] - [on_result] - INFO - Got result for job 101: {'job_id': 101, 'status': 'in_progress', 'timestamp': '2025-12-15T16:49:25.424092', 'data': {'type': 'text', 'response': "Based on the provided context, there is no specific mention of a user's"}}
2025-12-15 16:49:25,424 - [Quantum_e2e_20251215_nova_dll.py:287] - [on_result] - DEBUG - 接收到 in_progress 且类型为text的消息，当前token计数: 15
2025-12-15 16:49:25,425 - [Quantum_e2e_20251215_nova_dll.py:309] - [on_result] - INFO - Got result for job 101: {'job_id': 101, 'status': 'in_progress', 'timestamp': '2025-12-15T16:49:25.425095', 'data': {'type': 'text', 'response': "Based on the provided context, there is no specific mention of a user's dream"}}
2025-12-15 16:49:25,425 - [Quantum_e2e_20251215_nova_dll.py:287] - [on_result] - DEBUG - 接收到 in_progress 且类型为text的消息，当前token计数: 16
2025-12-15 16:49:25,426 - [Quantum_e2e_20251215_nova_dll.py:309] - [on_result] - INFO - Got result for job 101: {'job_id': 101, 'status': 'in_progress', 'timestamp': '2025-12-15T16:49:25.426095', 'data': {'type': 'text', 'response': "Based on the provided context, there is no specific mention of a user's dream destination"}}
2025-12-15 16:49:25,426 - [Quantum_e2e_20251215_nova_dll.py:287] - [on_result] - DEBUG - 接收到 in_progress 且类型为text的消息，当前token计数: 17
2025-12-15 16:49:25,426 - [Quantum_e2e_20251215_nova_dll.py:309] - [on_result] - INFO - Got result for job 101: {'job_id': 101, 'status': 'in_progress', 'timestamp': '2025-12-15T16:49:25.426095', 'data': {'type': 'text', 'response': "Based on the provided context, there is no specific mention of a user's dream destination."}}
2025-12-15 16:49:25,427 - [Quantum_e2e_20251215_nova_dll.py:287] - [on_result] - DEBUG - 接收到 in_progress 且类型为text的消息，当前token计数: 18
2025-12-15 16:49:25,427 - [Quantum_e2e_20251215_nova_dll.py:309] - [on_result] - INFO - Got result for job 101: {'job_id': 101, 'status': 'in_progress', 'timestamp': '2025-12-15T16:49:25.427094', 'data': {'type': 'text', 'response': "Based on the provided context, there is no specific mention of a user's dream destination. The"}}
2025-12-15 16:49:25,428 - [Quantum_e2e_20251215_nova_dll.py:287] - [on_result] - DEBUG - 接收到 in_progress 且类型为text的消息，当前token计数: 19
2025-12-15 16:49:25,428 - [Quantum_e2e_20251215_nova_dll.py:309] - [on_result] - INFO - Got result for job 101: {'job_id': 101, 'status': 'in_progress', 'timestamp': '2025-12-15T16:49:25.428093', 'data': {'type': 'text', 'response': "Based on the provided context, there is no specific mention of a user's dream destination. The scenarios"}}
2025-12-15 16:49:25,429 - [Quantum_e2e_20251215_nova_dll.py:287] - [on_result] - DEBUG - 接收到 in_progress 且类型为text的消息，当前token计数: 20
2025-12-15 16:49:25,429 - [Quantum_e2e_20251215_nova_dll.py:309] - [on_result] - INFO - Got result for job 101: {'job_id': 101, 'status': 'in_progress', 'timestamp': '2025-12-15T16:49:25.429093', 'data': {'type': 'text', 'response': "Based on the provided context, there is no specific mention of a user's dream destination. The scenarios depicted"}}
2025-12-15 16:49:25,429 - [Quantum_e2e_20251215_nova_dll.py:287] - [on_result] - DEBUG - 接收到 in_progress 且类型为text的消息，当前token计数: 21
2025-12-15 16:49:25,430 - [Quantum_e2e_20251215_nova_dll.py:309] - [on_result] - INFO - Got result for job 101: {'job_id': 101, 'status': 'in_progress', 'timestamp': '2025-12-15T16:49:25.430095', 'data': {'type': 'text', 'response': "Based on the provided context, there is no specific mention of a user's dream destination. The scenarios depicted involve"}}
2025-12-15 16:49:25,430 - [Quantum_e2e_20251215_nova_dll.py:287] - [on_result] - DEBUG - 接收到 in_progress 且类型为text的消息，当前token计数: 22
2025-12-15 16:49:25,430 - [Quantum_e2e_20251215_nova_dll.py:309] - [on_result] - INFO - Got result for job 101: {'job_id': 101, 'status': 'in_progress', 'timestamp': '2025-12-15T16:49:25.430095', 'data': {'type': 'text', 'response': "Based on the provided context, there is no specific mention of a user's dream destination. The scenarios depicted involve a"}}
2025-12-15 16:49:25,431 - [Quantum_e2e_20251215_nova_dll.py:287] - [on_result] - DEBUG - 接收到 in_progress 且类型为text的消息，当前token计数: 23
2025-12-15 16:49:25,431 - [Quantum_e2e_20251215_nova_dll.py:309] - [on_result] - INFO - Got result for job 101: {'job_id': 101, 'status': 'in_progress', 'timestamp': '2025-12-15T16:49:25.431093', 'data': {'type': 'text', 'response': "Based on the provided context, there is no specific mention of a user's dream destination. The scenarios depicted involve a construction"}}
2025-12-15 16:49:25,432 - [Quantum_e2e_20251215_nova_dll.py:287] - [on_result] - DEBUG - 接收到 in_progress 且类型为text的消息，当前token计数: 24
2025-12-15 16:49:25,432 - [Quantum_e2e_20251215_nova_dll.py:309] - [on_result] - INFO - Got result for job 101: {'job_id': 101, 'status': 'in_progress', 'timestamp': '2025-12-15T16:49:25.432093', 'data': {'type': 'text', 'response': "Based on the provided context, there is no specific mention of a user's dream destination. The scenarios depicted involve a construction fore"}}
2025-12-15 16:49:25,432 - [Quantum_e2e_20251215_nova_dll.py:287] - [on_result] - DEBUG - 接收到 in_progress 且类型为text的消息，当前token计数: 25
2025-12-15 16:49:25,433 - [Quantum_e2e_20251215_nova_dll.py:309] - [on_result] - INFO - Got result for job 101: {'job_id': 101, 'status': 'in_progress', 'timestamp': '2025-12-15T16:49:25.433092', 'data': {'type': 'text', 'response': "Based on the provided context, there is no specific mention of a user's dream destination. The scenarios depicted involve a construction forewoman"}}
2025-12-15 16:49:25,433 - [Quantum_e2e_20251215_nova_dll.py:287] - [on_result] - DEBUG - 接收到 in_progress 且类型为text的消息，当前token计数: 26
2025-12-15 16:49:25,433 - [Quantum_e2e_20251215_nova_dll.py:309] - [on_result] - INFO - Got result for job 101: {'job_id': 101, 'status': 'in_progress', 'timestamp': '2025-12-15T16:49:25.433092', 'data': {'type': 'text', 'response': "Based on the provided context, there is no specific mention of a user's dream destination. The scenarios depicted involve a construction forewoman using"}}
2025-12-15 16:49:25,434 - [Quantum_e2e_20251215_nova_dll.py:287] - [on_result] - DEBUG - 接收到 in_progress 且类型为text的消息，当前token计数: 27
2025-12-15 16:49:25,434 - [Quantum_e2e_20251215_nova_dll.py:309] - [on_result] - INFO - Got result for job 101: {'job_id': 101, 'status': 'in_progress', 'timestamp': '2025-12-15T16:49:25.434092', 'data': {'type': 'text', 'response': "Based on the provided context, there is no specific mention of a user's dream destination. The scenarios depicted involve a construction forewoman using virtual"}}
2025-12-15 16:49:25,434 - [Quantum_e2e_20251215_nova_dll.py:287] - [on_result] - DEBUG - 接收到 in_progress 且类型为text的消息，当前token计数: 28
2025-12-15 16:49:25,434 - [Quantum_e2e_20251215_nova_dll.py:309] - [on_result] - INFO - Got result for job 101: {'job_id': 101, 'status': 'in_progress', 'timestamp': '2025-12-15T16:49:25.434092', 'data': {'type': 'text', 'response': "Based on the provided context, there is no specific mention of a user's dream destination. The scenarios depicted involve a construction forewoman using virtual reality"}}
2025-12-15 16:49:25,435 - [Quantum_e2e_20251215_nova_dll.py:287] - [on_result] - DEBUG - 接收到 in_progress 且类型为text的消息，当前token计数: 29
2025-12-15 16:49:25,435 - [Quantum_e2e_20251215_nova_dll.py:309] - [on_result] - INFO - Got result for job 101: {'job_id': 101, 'status': 'in_progress', 'timestamp': '2025-12-15T16:49:25.435092', 'data': {'type': 'text', 'response': "Based on the provided context, there is no specific mention of a user's dream destination. The scenarios depicted involve a construction forewoman using virtual reality ("}}
2025-12-15 16:49:25,436 - [Quantum_e2e_20251215_nova_dll.py:287] - [on_result] - DEBUG - 接收到 in_progress 且类型为text的消息，当前token计数: 30
2025-12-15 16:49:25,436 - [Quantum_e2e_20251215_nova_dll.py:309] - [on_result] - INFO - Got result for job 101: {'job_id': 101, 'status': 'in_progress', 'timestamp': '2025-12-15T16:49:25.436092', 'data': {'type': 'text', 'response': "Based on the provided context, there is no specific mention of a user's dream destination. The scenarios depicted involve a construction forewoman using virtual reality (VR"}}
2025-12-15 16:49:25,436 - [Quantum_e2e_20251215_nova_dll.py:287] - [on_result] - DEBUG - 接收到 in_progress 且类型为text的消息，当前token计数: 31
2025-12-15 16:49:25,437 - [Quantum_e2e_20251215_nova_dll.py:309] - [on_result] - INFO - Got result for job 101: {'job_id': 101, 'status': 'in_progress', 'timestamp': '2025-12-15T16:49:25.437092', 'data': {'type': 'text', 'response': "Based on the provided context, there is no specific mention of a user's dream destination. The scenarios depicted involve a construction forewoman using virtual reality (VR)"}}
2025-12-15 16:49:25,437 - [Quantum_e2e_20251215_nova_dll.py:287] - [on_result] - DEBUG - 接收到 in_progress 且类型为text的消息，当前token计数: 32
2025-12-15 16:49:25,437 - [Quantum_e2e_20251215_nova_dll.py:309] - [on_result] - INFO - Got result for job 101: {'job_id': 101, 'status': 'in_progress', 'timestamp': '2025-12-15T16:49:25.437092', 'data': {'type': 'text', 'response': "Based on the provided context, there is no specific mention of a user's dream destination. The scenarios depicted involve a construction forewoman using virtual reality (VR) and"}}
2025-12-15 16:49:25,438 - [Quantum_e2e_20251215_nova_dll.py:287] - [on_result] - DEBUG - 接收到 in_progress 且类型为text的消息，当前token计数: 33
2025-12-15 16:49:25,438 - [Quantum_e2e_20251215_nova_dll.py:309] - [on_result] - INFO - Got result for job 101: {'job_id': 101, 'status': 'in_progress', 'timestamp': '2025-12-15T16:49:25.438092', 'data': {'type': 'text', 'response': "Based on the provided context, there is no specific mention of a user's dream destination. The scenarios depicted involve a construction forewoman using virtual reality (VR) and augmented"}}
2025-12-15 16:49:25,439 - [Quantum_e2e_20251215_nova_dll.py:287] - [on_result] - DEBUG - 接收到 in_progress 且类型为text的消息，当前token计数: 34
2025-12-15 16:49:25,439 - [Quantum_e2e_20251215_nova_dll.py:309] - [on_result] - INFO - Got result for job 101: {'job_id': 101, 'status': 'in_progress', 'timestamp': '2025-12-15T16:49:25.439093', 'data': {'type': 'text', 'response': "Based on the provided context, there is no specific mention of a user's dream destination. The scenarios depicted involve a construction forewoman using virtual reality (VR) and augmented reality"}}
2025-12-15 16:49:25,439 - [Quantum_e2e_20251215_nova_dll.py:287] - [on_result] - DEBUG - 接收到 in_progress 且类型为text的消息，当前token计数: 35
2025-12-15 16:49:25,440 - [Quantum_e2e_20251215_nova_dll.py:309] - [on_result] - INFO - Got result for job 101: {'job_id': 101, 'status': 'in_progress', 'timestamp': '2025-12-15T16:49:25.440092', 'data': {'type': 'text', 'response': "Based on the provided context, there is no specific mention of a user's dream destination. The scenarios depicted involve a construction forewoman using virtual reality (VR) and augmented reality ("}}
2025-12-15 16:49:25,440 - [Quantum_e2e_20251215_nova_dll.py:287] - [on_result] - DEBUG - 接收到 in_progress 且类型为text的消息，当前token计数: 36
2025-12-15 16:49:25,440 - [Quantum_e2e_20251215_nova_dll.py:309] - [on_result] - INFO - Got result for job 101: {'job_id': 101, 'status': 'in_progress', 'timestamp': '2025-12-15T16:49:25.440092', 'data': {'type': 'text', 'response': "Based on the provided context, there is no specific mention of a user's dream destination. The scenarios depicted involve a construction forewoman using virtual reality (VR) and augmented reality (AR"}}
2025-12-15 16:49:25,441 - [Quantum_e2e_20251215_nova_dll.py:287] - [on_result] - DEBUG - 接收到 in_progress 且类型为text的消息，当前token计数: 37
2025-12-15 16:49:25,441 - [Quantum_e2e_20251215_nova_dll.py:309] - [on_result] - INFO - Got result for job 101: {'job_id': 101, 'status': 'in_progress', 'timestamp': '2025-12-15T16:49:25.441092', 'data': {'type': 'text', 'response': "Based on the provided context, there is no specific mention of a user's dream destination. The scenarios depicted involve a construction forewoman using virtual reality (VR) and augmented reality (AR)"}}
2025-12-15 16:49:25,441 - [Quantum_e2e_20251215_nova_dll.py:287] - [on_result] - DEBUG - 接收到 in_progress 且类型为text的消息，当前token计数: 38
2025-12-15 16:49:25,442 - [Quantum_e2e_20251215_nova_dll.py:309] - [on_result] - INFO - Got result for job 101: {'job_id': 101, 'status': 'in_progress', 'timestamp': '2025-12-15T16:49:25.442095', 'data': {'type': 'text', 'response': "Based on the provided context, there is no specific mention of a user's dream destination. The scenarios depicted involve a construction forewoman using virtual reality (VR) and augmented reality (AR) in"}}
2025-12-15 16:49:25,442 - [Quantum_e2e_20251215_nova_dll.py:287] - [on_result] - DEBUG - 接收到 in_progress 且类型为text的消息，当前token计数: 39
2025-12-15 16:49:25,443 - [Quantum_e2e_20251215_nova_dll.py:309] - [on_result] - INFO - Got result for job 101: {'job_id': 101, 'status': 'in_progress', 'timestamp': '2025-12-15T16:49:25.443092', 'data': {'type': 'text', 'response': "Based on the provided context, there is no specific mention of a user's dream destination. The scenarios depicted involve a construction forewoman using virtual reality (VR) and augmented reality (AR) in her"}}
2025-12-15 16:49:25,443 - [Quantum_e2e_20251215_nova_dll.py:287] - [on_result] - DEBUG - 接收到 in_progress 且类型为text的消息，当前token计数: 40
2025-12-15 16:49:25,443 - [Quantum_e2e_20251215_nova_dll.py:309] - [on_result] - INFO - Got result for job 101: {'job_id': 101, 'status': 'in_progress', 'timestamp': '2025-12-15T16:49:25.443092', 'data': {'type': 'text', 'response': "Based on the provided context, there is no specific mention of a user's dream destination. The scenarios depicted involve a construction forewoman using virtual reality (VR) and augmented reality (AR) in her work"}}
2025-12-15 16:49:25,444 - [Quantum_e2e_20251215_nova_dll.py:287] - [on_result] - DEBUG - 接收到 in_progress 且类型为text的消息，当前token计数: 41
2025-12-15 16:49:25,444 - [Quantum_e2e_20251215_nova_dll.py:309] - [on_result] - INFO - Got result for job 101: {'job_id': 101, 'status': 'in_progress', 'timestamp': '2025-12-15T16:49:25.444092', 'data': {'type': 'text', 'response': "Based on the provided context, there is no specific mention of a user's dream destination. The scenarios depicted involve a construction forewoman using virtual reality (VR) and augmented reality (AR) in her work,"}}
2025-12-15 16:49:25,445 - [Quantum_e2e_20251215_nova_dll.py:287] - [on_result] - DEBUG - 接收到 in_progress 且类型为text的消息，当前token计数: 42
2025-12-15 16:49:25,445 - [Quantum_e2e_20251215_nova_dll.py:309] - [on_result] - INFO - Got result for job 101: {'job_id': 101, 'status': 'in_progress', 'timestamp': '2025-12-15T16:49:25.445092', 'data': {'type': 'text', 'response': "Based on the provided context, there is no specific mention of a user's dream destination. The scenarios depicted involve a construction forewoman using virtual reality (VR) and augmented reality (AR) in her work, such"}}
2025-12-15 16:49:25,446 - [Quantum_e2e_20251215_nova_dll.py:287] - [on_result] - DEBUG - 接收到 in_progress 且类型为text的消息，当前token计数: 43
2025-12-15 16:49:25,446 - [Quantum_e2e_20251215_nova_dll.py:309] - [on_result] - INFO - Got result for job 101: {'job_id': 101, 'status': 'in_progress', 'timestamp': '2025-12-15T16:49:25.446096', 'data': {'type': 'text', 'response': "Based on the provided context, there is no specific mention of a user's dream destination. The scenarios depicted involve a construction forewoman using virtual reality (VR) and augmented reality (AR) in her work, such as"}}
2025-12-15 16:49:25,446 - [Quantum_e2e_20251215_nova_dll.py:287] - [on_result] - DEBUG - 接收到 in_progress 且类型为text的消息，当前token计数: 44
2025-12-15 16:49:25,447 - [Quantum_e2e_20251215_nova_dll.py:309] - [on_result] - INFO - Got result for job 101: {'job_id': 101, 'status': 'in_progress', 'timestamp': '2025-12-15T16:49:25.447092', 'data': {'type': 'text', 'response': "Based on the provided context, there is no specific mention of a user's dream destination. The scenarios depicted involve a construction forewoman using virtual reality (VR) and augmented reality (AR) in her work, such as meeting"}}
2025-12-15 16:49:25,447 - [Quantum_e2e_20251215_nova_dll.py:287] - [on_result] - DEBUG - 接收到 in_progress 且类型为text的消息，当前token计数: 45
2025-12-15 16:49:25,447 - [Quantum_e2e_20251215_nova_dll.py:309] - [on_result] - INFO - Got result for job 101: {'job_id': 101, 'status': 'in_progress', 'timestamp': '2025-12-15T16:49:25.447092', 'data': {'type': 'text', 'response': "Based on the provided context, there is no specific mention of a user's dream destination. The scenarios depicted involve a construction forewoman using virtual reality (VR) and augmented reality (AR) in her work, such as meeting with"}}
2025-12-15 16:49:25,448 - [Quantum_e2e_20251215_nova_dll.py:287] - [on_result] - DEBUG - 接收到 in_progress 且类型为text的消息，当前token计数: 46
2025-12-15 16:49:25,448 - [Quantum_e2e_20251215_nova_dll.py:309] - [on_result] - INFO - Got result for job 101: {'job_id': 101, 'status': 'in_progress', 'timestamp': '2025-12-15T16:49:25.448092', 'data': {'type': 'text', 'response': "Based on the provided context, there is no specific mention of a user's dream destination. The scenarios depicted involve a construction forewoman using virtual reality (VR) and augmented reality (AR) in her work, such as meeting with a"}}
2025-12-15 16:49:25,448 - [Quantum_e2e_20251215_nova_dll.py:287] - [on_result] - DEBUG - 接收到 in_progress 且类型为text的消息，当前token计数: 47
2025-12-15 16:49:25,449 - [Quantum_e2e_20251215_nova_dll.py:309] - [on_result] - INFO - Got result for job 101: {'job_id': 101, 'status': 'in_progress', 'timestamp': '2025-12-15T16:49:25.449092', 'data': {'type': 'text', 'response': "Based on the provided context, there is no specific mention of a user's dream destination. The scenarios depicted involve a construction forewoman using virtual reality (VR) and augmented reality (AR) in her work, such as meeting with a city"}}
2025-12-15 16:49:25,449 - [Quantum_e2e_20251215_nova_dll.py:287] - [on_result] - DEBUG - 接收到 in_progress 且类型为text的消息，当前token计数: 48
2025-12-15 16:49:25,449 - [Quantum_e2e_20251215_nova_dll.py:309] - [on_result] - INFO - Got result for job 101: {'job_id': 101, 'status': 'in_progress', 'timestamp': '2025-12-15T16:49:25.449092', 'data': {'type': 'text', 'response': "Based on the provided context, there is no specific mention of a user's dream destination. The scenarios depicted involve a construction forewoman using virtual reality (VR) and augmented reality (AR) in her work, such as meeting with a city inspector"}}
2025-12-15 16:49:25,450 - [Quantum_e2e_20251215_nova_dll.py:287] - [on_result] - DEBUG - 接收到 in_progress 且类型为text的消息，当前token计数: 49
2025-12-15 16:49:25,450 - [Quantum_e2e_20251215_nova_dll.py:309] - [on_result] - INFO - Got result for job 101: {'job_id': 101, 'status': 'in_progress', 'timestamp': '2025-12-15T16:49:25.450092', 'data': {'type': 'text', 'response': "Based on the provided context, there is no specific mention of a user's dream destination. The scenarios depicted involve a construction forewoman using virtual reality (VR) and augmented reality (AR) in her work, such as meeting with a city inspector in"}}
2025-12-15 16:49:25,450 - [Quantum_e2e_20251215_nova_dll.py:287] - [on_result] - DEBUG - 接收到 in_progress 且类型为text的消息，当前token计数: 50
2025-12-15 16:49:25,451 - [Quantum_e2e_20251215_nova_dll.py:309] - [on_result] - INFO - Got result for job 101: {'job_id': 101, 'status': 'in_progress', 'timestamp': '2025-12-15T16:49:25.451093', 'data': {'type': 'text', 'response': "Based on the provided context, there is no specific mention of a user's dream destination. The scenarios depicted involve a construction forewoman using virtual reality (VR) and augmented reality (AR) in her work, such as meeting with a city inspector in a"}}
2025-12-15 16:49:25,451 - [Quantum_e2e_20251215_nova_dll.py:287] - [on_result] - DEBUG - 接收到 in_progress 且类型为text的消息，当前token计数: 51
2025-12-15 16:49:25,451 - [Quantum_e2e_20251215_nova_dll.py:309] - [on_result] - INFO - Got result for job 101: {'job_id': 101, 'status': 'in_progress', 'timestamp': '2025-12-15T16:49:25.451093', 'data': {'type': 'text', 'response': "Based on the provided context, there is no specific mention of a user's dream destination. The scenarios depicted involve a construction forewoman using virtual reality (VR) and augmented reality (AR) in her work, such as meeting with a city inspector in a virtual"}}
2025-12-15 16:49:25,452 - [Quantum_e2e_20251215_nova_dll.py:287] - [on_result] - DEBUG - 接收到 in_progress 且类型为text的消息，当前token计数: 52
2025-12-15 16:49:25,452 - [Quantum_e2e_20251215_nova_dll.py:309] - [on_result] - INFO - Got result for job 101: {'job_id': 101, 'status': 'in_progress', 'timestamp': '2025-12-15T16:49:25.452092', 'data': {'type': 'text', 'response': "Based on the provided context, there is no specific mention of a user's dream destination. The scenarios depicted involve a construction forewoman using virtual reality (VR) and augmented reality (AR) in her work, such as meeting with a city inspector in a virtual space"}}
2025-12-15 16:49:25,453 - [Quantum_e2e_20251215_nova_dll.py:287] - [on_result] - DEBUG - 接收到 in_progress 且类型为text的消息，当前token计数: 53
2025-12-15 16:49:25,453 - [Quantum_e2e_20251215_nova_dll.py:309] - [on_result] - INFO - Got result for job 101: {'job_id': 101, 'status': 'in_progress', 'timestamp': '2025-12-15T16:49:25.453092', 'data': {'type': 'text', 'response': "Based on the provided context, there is no specific mention of a user's dream destination. The scenarios depicted involve a construction forewoman using virtual reality (VR) and augmented reality (AR) in her work, such as meeting with a city inspector in a virtual space and"}}
2025-12-15 16:49:25,453 - [Quantum_e2e_20251215_nova_dll.py:287] - [on_result] - DEBUG - 接收到 in_progress 且类型为text的消息，当前token计数: 54
2025-12-15 16:49:25,454 - [Quantum_e2e_20251215_nova_dll.py:309] - [on_result] - INFO - Got result for job 101: {'job_id': 101, 'status': 'in_progress', 'timestamp': '2025-12-15T16:49:25.454092', 'data': {'type': 'text', 'response': "Based on the provided context, there is no specific mention of a user's dream destination. The scenarios depicted involve a construction forewoman using virtual reality (VR) and augmented reality (AR) in her work, such as meeting with a city inspector in a virtual space and using"}}
2025-12-15 16:49:25,454 - [Quantum_e2e_20251215_nova_dll.py:287] - [on_result] - DEBUG - 接收到 in_progress 且类型为text的消息，当前token计数: 55
2025-12-15 16:49:25,454 - [Quantum_e2e_20251215_nova_dll.py:309] - [on_result] - INFO - Got result for job 101: {'job_id': 101, 'status': 'in_progress', 'timestamp': '2025-12-15T16:49:25.454092', 'data': {'type': 'text', 'response': "Based on the provided context, there is no specific mention of a user's dream destination. The scenarios depicted involve a construction forewoman using virtual reality (VR) and augmented reality (AR) in her work, such as meeting with a city inspector in a virtual space and using AI"}}
2025-12-15 16:49:25,455 - [Quantum_e2e_20251215_nova_dll.py:287] - [on_result] - DEBUG - 接收到 in_progress 且类型为text的消息，当前token计数: 56
2025-12-15 16:49:25,455 - [Quantum_e2e_20251215_nova_dll.py:309] - [on_result] - INFO - Got result for job 101: {'job_id': 101, 'status': 'in_progress', 'timestamp': '2025-12-15T16:49:25.455097', 'data': {'type': 'text', 'response': "Based on the provided context, there is no specific mention of a user's dream destination. The scenarios depicted involve a construction forewoman using virtual reality (VR) and augmented reality (AR) in her work, such as meeting with a city inspector in a virtual space and using AI to"}}
2025-12-15 16:49:25,455 - [Quantum_e2e_20251215_nova_dll.py:287] - [on_result] - DEBUG - 接收到 in_progress 且类型为text的消息，当前token计数: 57
2025-12-15 16:49:25,456 - [Quantum_e2e_20251215_nova_dll.py:309] - [on_result] - INFO - Got result for job 101: {'job_id': 101, 'status': 'in_progress', 'timestamp': '2025-12-15T16:49:25.456097', 'data': {'type': 'text', 'response': "Based on the provided context, there is no specific mention of a user's dream destination. The scenarios depicted involve a construction forewoman using virtual reality (VR) and augmented reality (AR) in her work, such as meeting with a city inspector in a virtual space and using AI to assist"}}
2025-12-15 16:49:25,456 - [Quantum_e2e_20251215_nova_dll.py:287] - [on_result] - DEBUG - 接收到 in_progress 且类型为text的消息，当前token计数: 58
2025-12-15 16:49:25,457 - [Quantum_e2e_20251215_nova_dll.py:309] - [on_result] - INFO - Got result for job 101: {'job_id': 101, 'status': 'in_progress', 'timestamp': '2025-12-15T16:49:25.457096', 'data': {'type': 'text', 'response': "Based on the provided context, there is no specific mention of a user's dream destination. The scenarios depicted involve a construction forewoman using virtual reality (VR) and augmented reality (AR) in her work, such as meeting with a city inspector in a virtual space and using AI to assist her"}}
2025-12-15 16:49:25,457 - [Quantum_e2e_20251215_nova_dll.py:287] - [on_result] - DEBUG - 接收到 in_progress 且类型为text的消息，当前token计数: 59
2025-12-15 16:49:25,458 - [Quantum_e2e_20251215_nova_dll.py:309] - [on_result] - INFO - Got result for job 101: {'job_id': 101, 'status': 'in_progress', 'timestamp': '2025-12-15T16:49:25.458097', 'data': {'type': 'text', 'response': "Based on the provided context, there is no specific mention of a user's dream destination. The scenarios depicted involve a construction forewoman using virtual reality (VR) and augmented reality (AR) in her work, such as meeting with a city inspector in a virtual space and using AI to assist her on"}}
2025-12-15 16:49:25,458 - [Quantum_e2e_20251215_nova_dll.py:287] - [on_result] - DEBUG - 接收到 in_progress 且类型为text的消息，当前token计数: 60
2025-12-15 16:49:25,459 - [Quantum_e2e_20251215_nova_dll.py:309] - [on_result] - INFO - Got result for job 101: {'job_id': 101, 'status': 'in_progress', 'timestamp': '2025-12-15T16:49:25.459097', 'data': {'type': 'text', 'response': "Based on the provided context, there is no specific mention of a user's dream destination. The scenarios depicted involve a construction forewoman using virtual reality (VR) and augmented reality (AR) in her work, such as meeting with a city inspector in a virtual space and using AI to assist her on a"}}
2025-12-15 16:49:25,459 - [Quantum_e2e_20251215_nova_dll.py:287] - [on_result] - DEBUG - 接收到 in_progress 且类型为text的消息，当前token计数: 61
2025-12-15 16:49:25,460 - [Quantum_e2e_20251215_nova_dll.py:309] - [on_result] - INFO - Got result for job 101: {'job_id': 101, 'status': 'in_progress', 'timestamp': '2025-12-15T16:49:25.459097', 'data': {'type': 'text', 'response': "Based on the provided context, there is no specific mention of a user's dream destination. The scenarios depicted involve a construction forewoman using virtual reality (VR) and augmented reality (AR) in her work, such as meeting with a city inspector in a virtual space and using AI to assist her on a construction"}}
2025-12-15 16:49:25,460 - [Quantum_e2e_20251215_nova_dll.py:287] - [on_result] - DEBUG - 接收到 in_progress 且类型为text的消息，当前token计数: 62
2025-12-15 16:49:25,461 - [Quantum_e2e_20251215_nova_dll.py:309] - [on_result] - INFO - Got result for job 101: {'job_id': 101, 'status': 'in_progress', 'timestamp': '2025-12-15T16:49:25.461099', 'data': {'type': 'text', 'response': "Based on the provided context, there is no specific mention of a user's dream destination. The scenarios depicted involve a construction forewoman using virtual reality (VR) and augmented reality (AR) in her work, such as meeting with a city inspector in a virtual space and using AI to assist her on a construction site"}}
2025-12-15 16:49:25,461 - [Quantum_e2e_20251215_nova_dll.py:287] - [on_result] - DEBUG - 接收到 in_progress 且类型为text的消息，当前token计数: 63
2025-12-15 16:49:25,461 - [Quantum_e2e_20251215_nova_dll.py:309] - [on_result] - INFO - Got result for job 101: {'job_id': 101, 'status': 'in_progress', 'timestamp': '2025-12-15T16:49:25.461099', 'data': {'type': 'text', 'response': "Based on the provided context, there is no specific mention of a user's dream destination. The scenarios depicted involve a construction forewoman using virtual reality (VR) and augmented reality (AR) in her work, such as meeting with a city inspector in a virtual space and using AI to assist her on a construction site."}}
2025-12-15 16:49:25,462 - [Quantum_e2e_20251215_nova_dll.py:287] - [on_result] - DEBUG - 接收到 in_progress 且类型为text的消息，当前token计数: 64
2025-12-15 16:49:25,462 - [Quantum_e2e_20251215_nova_dll.py:309] - [on_result] - INFO - Got result for job 101: {'job_id': 101, 'status': 'in_progress', 'timestamp': '2025-12-15T16:49:25.462097', 'data': {'type': 'text', 'response': "Based on the provided context, there is no specific mention of a user's dream destination. The scenarios depicted involve a construction forewoman using virtual reality (VR) and augmented reality (AR) in her work, such as meeting with a city inspector in a virtual space and using AI to assist her on a construction site. There"}}
2025-12-15 16:49:25,462 - [Quantum_e2e_20251215_nova_dll.py:287] - [on_result] - DEBUG - 接收到 in_progress 且类型为text的消息，当前token计数: 65
2025-12-15 16:49:25,463 - [Quantum_e2e_20251215_nova_dll.py:309] - [on_result] - INFO - Got result for job 101: {'job_id': 101, 'status': 'in_progress', 'timestamp': '2025-12-15T16:49:25.463096', 'data': {'type': 'text', 'response': "Based on the provided context, there is no specific mention of a user's dream destination. The scenarios depicted involve a construction forewoman using virtual reality (VR) and augmented reality (AR) in her work, such as meeting with a city inspector in a virtual space and using AI to assist her on a construction site. There is"}}
2025-12-15 16:49:25,463 - [Quantum_e2e_20251215_nova_dll.py:287] - [on_result] - DEBUG - 接收到 in_progress 且类型为text的消息，当前token计数: 66
2025-12-15 16:49:25,463 - [Quantum_e2e_20251215_nova_dll.py:309] - [on_result] - INFO - Got result for job 101: {'job_id': 101, 'status': 'in_progress', 'timestamp': '2025-12-15T16:49:25.463096', 'data': {'type': 'text', 'response': "Based on the provided context, there is no specific mention of a user's dream destination. The scenarios depicted involve a construction forewoman using virtual reality (VR) and augmented reality (AR) in her work, such as meeting with a city inspector in a virtual space and using AI to assist her on a construction site. There is no"}}
2025-12-15 16:49:25,464 - [Quantum_e2e_20251215_nova_dll.py:287] - [on_result] - DEBUG - 接收到 in_progress 且类型为text的消息，当前token计数: 67
2025-12-15 16:49:25,464 - [Quantum_e2e_20251215_nova_dll.py:309] - [on_result] - INFO - Got result for job 101: {'job_id': 101, 'status': 'in_progress', 'timestamp': '2025-12-15T16:49:25.464097', 'data': {'type': 'text', 'response': "Based on the provided context, there is no specific mention of a user's dream destination. The scenarios depicted involve a construction forewoman using virtual reality (VR) and augmented reality (AR) in her work, such as meeting with a city inspector in a virtual space and using AI to assist her on a construction site. There is no direct"}}
2025-12-15 16:49:25,464 - [Quantum_e2e_20251215_nova_dll.py:287] - [on_result] - DEBUG - 接收到 in_progress 且类型为text的消息，当前token计数: 68
2025-12-15 16:49:25,465 - [Quantum_e2e_20251215_nova_dll.py:309] - [on_result] - INFO - Got result for job 101: {'job_id': 101, 'status': 'in_progress', 'timestamp': '2025-12-15T16:49:25.465096', 'data': {'type': 'text', 'response': "Based on the provided context, there is no specific mention of a user's dream destination. The scenarios depicted involve a construction forewoman using virtual reality (VR) and augmented reality (AR) in her work, such as meeting with a city inspector in a virtual space and using AI to assist her on a construction site. There is no direct reference"}}
2025-12-15 16:49:25,465 - [Quantum_e2e_20251215_nova_dll.py:287] - [on_result] - DEBUG - 接收到 in_progress 且类型为text的消息，当前token计数: 69
2025-12-15 16:49:25,465 - [Quantum_e2e_20251215_nova_dll.py:309] - [on_result] - INFO - Got result for job 101: {'job_id': 101, 'status': 'in_progress', 'timestamp': '2025-12-15T16:49:25.465096', 'data': {'type': 'text', 'response': "Based on the provided context, there is no specific mention of a user's dream destination. The scenarios depicted involve a construction forewoman using virtual reality (VR) and augmented reality (AR) in her work, such as meeting with a city inspector in a virtual space and using AI to assist her on a construction site. There is no direct reference to"}}
2025-12-15 16:49:25,466 - [Quantum_e2e_20251215_nova_dll.py:287] - [on_result] - DEBUG - 接收到 in_progress 且类型为text的消息，当前token计数: 70
2025-12-15 16:49:25,466 - [Quantum_e2e_20251215_nova_dll.py:309] - [on_result] - INFO - Got result for job 101: {'job_id': 101, 'status': 'in_progress', 'timestamp': '2025-12-15T16:49:25.466096', 'data': {'type': 'text', 'response': "Based on the provided context, there is no specific mention of a user's dream destination. The scenarios depicted involve a construction forewoman using virtual reality (VR) and augmented reality (AR) in her work, such as meeting with a city inspector in a virtual space and using AI to assist her on a construction site. There is no direct reference to a"}}
2025-12-15 16:49:25,466 - [Quantum_e2e_20251215_nova_dll.py:287] - [on_result] - DEBUG - 接收到 in_progress 且类型为text的消息，当前token计数: 71
2025-12-15 16:49:25,467 - [Quantum_e2e_20251215_nova_dll.py:309] - [on_result] - INFO - Got result for job 101: {'job_id': 101, 'status': 'in_progress', 'timestamp': '2025-12-15T16:49:25.467096', 'data': {'type': 'text', 'response': "Based on the provided context, there is no specific mention of a user's dream destination. The scenarios depicted involve a construction forewoman using virtual reality (VR) and augmented reality (AR) in her work, such as meeting with a city inspector in a virtual space and using AI to assist her on a construction site. There is no direct reference to a dream"}}
2025-12-15 16:49:25,467 - [Quantum_e2e_20251215_nova_dll.py:287] - [on_result] - DEBUG - 接收到 in_progress 且类型为text的消息，当前token计数: 72
2025-12-15 16:49:25,467 - [Quantum_e2e_20251215_nova_dll.py:309] - [on_result] - INFO - Got result for job 101: {'job_id': 101, 'status': 'in_progress', 'timestamp': '2025-12-15T16:49:25.467096', 'data': {'type': 'text', 'response': "Based on the provided context, there is no specific mention of a user's dream destination. The scenarios depicted involve a construction forewoman using virtual reality (VR) and augmented reality (AR) in her work, such as meeting with a city inspector in a virtual space and using AI to assist her on a construction site. There is no direct reference to a dream destination"}}
2025-12-15 16:49:25,468 - [Quantum_e2e_20251215_nova_dll.py:287] - [on_result] - DEBUG - 接收到 in_progress 且类型为text的消息，当前token计数: 73
2025-12-15 16:49:25,468 - [Quantum_e2e_20251215_nova_dll.py:309] - [on_result] - INFO - Got result for job 101: {'job_id': 101, 'status': 'in_progress', 'timestamp': '2025-12-15T16:49:25.468097', 'data': {'type': 'text', 'response': "Based on the provided context, there is no specific mention of a user's dream destination. The scenarios depicted involve a construction forewoman using virtual reality (VR) and augmented reality (AR) in her work, such as meeting with a city inspector in a virtual space and using AI to assist her on a construction site. There is no direct reference to a dream destination for"}}
2025-12-15 16:49:25,468 - [Quantum_e2e_20251215_nova_dll.py:287] - [on_result] - DEBUG - 接收到 in_progress 且类型为text的消息，当前token计数: 74
2025-12-15 16:49:25,468 - [Quantum_e2e_20251215_nova_dll.py:309] - [on_result] - INFO - Got result for job 101: {'job_id': 101, 'status': 'in_progress', 'timestamp': '2025-12-15T16:49:25.468097', 'data': {'type': 'text', 'response': "Based on the provided context, there is no specific mention of a user's dream destination. The scenarios depicted involve a construction forewoman using virtual reality (VR) and augmented reality (AR) in her work, such as meeting with a city inspector in a virtual space and using AI to assist her on a construction site. There is no direct reference to a dream destination for a"}}
2025-12-15 16:49:25,469 - [Quantum_e2e_20251215_nova_dll.py:287] - [on_result] - DEBUG - 接收到 in_progress 且类型为text的消息，当前token计数: 75
2025-12-15 16:49:25,469 - [Quantum_e2e_20251215_nova_dll.py:309] - [on_result] - INFO - Got result for job 101: {'job_id': 101, 'status': 'in_progress', 'timestamp': '2025-12-15T16:49:25.469096', 'data': {'type': 'text', 'response': "Based on the provided context, there is no specific mention of a user's dream destination. The scenarios depicted involve a construction forewoman using virtual reality (VR) and augmented reality (AR) in her work, such as meeting with a city inspector in a virtual space and using AI to assist her on a construction site. There is no direct reference to a dream destination for a user"}}
2025-12-15 16:49:25,469 - [Quantum_e2e_20251215_nova_dll.py:287] - [on_result] - DEBUG - 接收到 in_progress 且类型为text的消息，当前token计数: 76
2025-12-15 16:49:25,469 - [Quantum_e2e_20251215_nova_dll.py:309] - [on_result] - INFO - Got result for job 101: {'job_id': 101, 'status': 'in_progress', 'timestamp': '2025-12-15T16:49:25.469602', 'data': {'type': 'text', 'response': "Based on the provided context, there is no specific mention of a user's dream destination. The scenarios depicted involve a construction forewoman using virtual reality (VR) and augmented reality (AR) in her work, such as meeting with a city inspector in a virtual space and using AI to assist her on a construction site. There is no direct reference to a dream destination for a user in"}}
2025-12-15 16:49:25,470 - [Quantum_e2e_20251215_nova_dll.py:287] - [on_result] - DEBUG - 接收到 in_progress 且类型为text的消息，当前token计数: 77
2025-12-15 16:49:25,470 - [Quantum_e2e_20251215_nova_dll.py:309] - [on_result] - INFO - Got result for job 101: {'job_id': 101, 'status': 'in_progress', 'timestamp': '2025-12-15T16:49:25.470607', 'data': {'type': 'text', 'response': "Based on the provided context, there is no specific mention of a user's dream destination. The scenarios depicted involve a construction forewoman using virtual reality (VR) and augmented reality (AR) in her work, such as meeting with a city inspector in a virtual space and using AI to assist her on a construction site. There is no direct reference to a dream destination for a user in the"}}
2025-12-15 16:49:25,470 - [Quantum_e2e_20251215_nova_dll.py:287] - [on_result] - DEBUG - 接收到 in_progress 且类型为text的消息，当前token计数: 78
2025-12-15 16:49:25,471 - [Quantum_e2e_20251215_nova_dll.py:309] - [on_result] - INFO - Got result for job 101: {'job_id': 101, 'status': 'in_progress', 'timestamp': '2025-12-15T16:49:25.471608', 'data': {'type': 'text', 'response': "Based on the provided context, there is no specific mention of a user's dream destination. The scenarios depicted involve a construction forewoman using virtual reality (VR) and augmented reality (AR) in her work, such as meeting with a city inspector in a virtual space and using AI to assist her on a construction site. There is no direct reference to a dream destination for a user in the given"}}
2025-12-15 16:49:25,471 - [Quantum_e2e_20251215_nova_dll.py:287] - [on_result] - DEBUG - 接收到 in_progress 且类型为text的消息，当前token计数: 79
2025-12-15 16:49:25,471 - [Quantum_e2e_20251215_nova_dll.py:309] - [on_result] - INFO - Got result for job 101: {'job_id': 101, 'status': 'in_progress', 'timestamp': '2025-12-15T16:49:25.471608', 'data': {'type': 'text', 'response': "Based on the provided context, there is no specific mention of a user's dream destination. The scenarios depicted involve a construction forewoman using virtual reality (VR) and augmented reality (AR) in her work, such as meeting with a city inspector in a virtual space and using AI to assist her on a construction site. There is no direct reference to a dream destination for a user in the given text"}}
2025-12-15 16:49:25,472 - [Quantum_e2e_20251215_nova_dll.py:287] - [on_result] - DEBUG - 接收到 in_progress 且类型为text的消息，当前token计数: 80
2025-12-15 16:49:25,472 - [Quantum_e2e_20251215_nova_dll.py:309] - [on_result] - INFO - Got result for job 101: {'job_id': 101, 'status': 'in_progress', 'timestamp': '2025-12-15T16:49:25.472607', 'data': {'type': 'text', 'response': "Based on the provided context, there is no specific mention of a user's dream destination. The scenarios depicted involve a construction forewoman using virtual reality (VR) and augmented reality (AR) in her work, such as meeting with a city inspector in a virtual space and using AI to assist her on a construction site. There is no direct reference to a dream destination for a user in the given text."}}
2025-12-15 16:49:25,473 - [Quantum_e2e_20251215_nova_dll.py:287] - [on_result] - DEBUG - 接收到 in_progress 且类型为text的消息，当前token计数: 81
2025-12-15 16:49:25,473 - [Quantum_e2e_20251215_nova_dll.py:309] - [on_result] - INFO - Got result for job 101: {'job_id': 101, 'status': 'in_progress', 'timestamp': '2025-12-15T16:49:25.473608', 'data': {'type': 'text', 'response': "Based on the provided context, there is no specific mention of a user's dream destination. The scenarios depicted involve a construction forewoman using virtual reality (VR) and augmented reality (AR) in her work, such as meeting with a city inspector in a virtual space and using AI to assist her on a construction site. There is no direct reference to a dream destination for a user in the given text."}}
2025-12-15 16:49:25,473 - [Quantum_e2e_20251215_nova_dll.py:309] - [on_result] - INFO - Got result for job 101: {'job_id': 101, 'status': 'in_progress', 'timestamp': '2025-12-15T16:49:25.473608', 'data': {'type': 'timings', 'response': '{"check_pending_elicitation":{"startTimestamp":1765788547315,"endTimestamp":1765788547315},"update_chat_history":{"startTimestamp":1765788547315,"endTimestamp":1765788547319},"select_handler":{"startTimestamp":1765788547319,"endTimestamp":1765788547335},"load_agent":{"startTimestamp":1765788547336,"endTimestamp":1765788547361},"load_session":{"startTimestamp":1765788547361,"endTimestamp":-1},"first_token":{"startTimestamp":1765788547369,"endTimestamp":1765788550016},"device_connection":{"startTimestamp":1765788547369,"endTimestamp":1765788559680},"DomainClassifierNode":{"startTimestamp":1765788547371,"endTimestamp":1765788547611},"RewriteJudgeNode":{"startTimestamp":1765788547612,"endTimestamp":1765788547749},"RewriteNode":{"startTimestamp":1765788547751,"endTimestamp":1765788550014},"LocalTaskPlaningNode":{"startTimestamp":1765788550016,"endTimestamp":1765788550017},"IntentMappingNode":{"startTimestamp":1765788550018,"endTimestamp":1765788550943},"GeneralGenerationNode":{"startTimestamp":1765788550945,"endTimestamp":1765788559678}}'}}
2025-12-15 16:49:25,474 - [Quantum_e2e_20251215_nova_dll.py:309] - [on_result] - INFO - Got result for job 101: {'job_id': 101, 'status': 'complete', 'timestamp': '2025-12-15T16:49:25.474608', 'data': {'type': 'text', 'response': "Based on the provided context, there is no specific mention of a user's dream destination. The scenarios depicted involve a construction forewoman using virtual reality (VR) and augmented reality (AR) in her work, such as meeting with a city inspector in a virtual space and using AI to assist her on a construction site. There is no direct reference to a dream destination for a user in the given text."}}
2025-12-15 16:49:25,474 - [Quantum_e2e_20251215_nova_dll.py:320] - [on_result] - INFO - 响应时间: 18.17秒
2025-12-15 16:49:25,474 - [Quantum_e2e_20251215_nova_dll.py:321] - [on_result] - INFO - 结束时间: 2025-12-15 16:49:25.474
2025-12-15 16:49:25,475 - [Quantum_e2e_20251215_nova_dll.py:329] - [on_result] - INFO - TTFT (Time To First Token): 18.108秒
2025-12-15 16:49:25,476 - [Quantum_e2e_20251215_nova_dll.py:337] - [on_result] - INFO - 性能指标:
2025-12-15 16:49:25,476 - [Quantum_e2e_20251215_nova_dll.py:338] - [on_result] - INFO -   - 首字时间: 2025-12-15 16:49:25.413
2025-12-15 16:49:25,477 - [Quantum_e2e_20251215_nova_dll.py:339] - [on_result] - INFO -   - TTFT (Time To First Token): 18.108秒
2025-12-15 16:49:25,477 - [Quantum_e2e_20251215_nova_dll.py:340] - [on_result] - INFO -   - Token数量: 81
2025-12-15 16:49:25,477 - [Quantum_e2e_20251215_nova_dll.py:341] - [on_result] - INFO -   - 生成速度: 1316.73 tokens/秒
2025-12-15 16:49:25,477 - [Quantum_e2e_20251215_nova_dll.py:342] - [on_result] - INFO -   - 生成时间: 0.062秒
2025-12-15 16:49:25,478 - [Quantum_e2e_20251215_nova_dll.py:1271] - [run_query_only] - INFO - 最终结果: Based on the provided context, there is no specific mention of a user's dream destination. The scenarios depicted involve a construction forewoman using virtual reality (VR) and augmented reality (AR) in her work, such as meeting with a city inspector in a virtual space and using AI to assist her on a construction site. There is no direct reference to a dream destination for a user in the given text.
2025-12-15 16:49:25,479 - [Quantum_e2e_20251215_nova_dll.py:1542] - [process_main_excel_only] - INFO - 第 3 行处理成功，结果长度: 403，响应时间: 18.17秒
2025-12-15 16:49:25,595 - [Quantum_e2e_20251215_nova_dll.py:1581] - [process_main_excel_only] - INFO - 第 3 行结果已保存
2025-12-15 16:49:25,596 - [Quantum_e2e_20251215_nova_dll.py:1585] - [process_main_excel_only] - INFO - 
第 1 轮循环完成，结果已保存至: c:\Users\obe\Desktop\LRIA_llm_eval\eval\Quantum_e2e_v20251215_nova_dll\testresult\test_results_test_20251215_164814_cycle1.xlsx
2025-12-15 16:49:25,596 - [Quantum_e2e_20251215_nova_dll.py:1587] - [process_main_excel_only] - INFO - 
所有 1 轮循环已完成
2025-12-15 16:49:25,597 - [Quantum_e2e_20251215_nova_dll.py:1981] - [run_quantum_e2e_process] - INFO - 文件 test.xlsx 处理完成
2025-12-15 16:49:32,620 - [monitor_util.py:167] - [stop_monitoring_resource] - INFO - Monitor thread stopped: False
2025-12-15 16:49:32,657 - [Quantum_e2e_20251215_nova_dll.py:1903] - [add_resource_data_to_results] - INFO - 资源监控数据已保存到 c:\Users\obe\Desktop\LRIA_llm_eval\eval\Quantum_e2e_v20251215_nova_dll\testresult\test_results_test_20251215_164814_cycle1.xlsx 的 resource sheet中
2025-12-15 16:49:32,657 - [Quantum_e2e_20251215_nova_dll.py:2124] - [<module>] - INFO - 所有流程成功完成！
2025-12-15 16:49:32,658 - [Quantum_e2e_20251215_nova_dll.py:2125] - [<module>] - INFO - 生成了 1 个输出文件:
2025-12-15 16:49:32,658 - [Quantum_e2e_20251215_nova_dll.py:2126] - [<module>] - INFO - ['c:\\Users\\obe\\Desktop\\LRIA_llm_eval\\eval\\Quantum_e2e_v20251215_nova_dll\\testresult\\test_results_test_20251215_164814_cycle1.xlsx']
2025-12-15 16:49:32,658 - [Quantum_e2e_20251215_nova_dll.py:2128] - [<module>] - INFO -   1. c:\Users\obe\Desktop\LRIA_llm_eval\eval\Quantum_e2e_v20251215_nova_dll\testresult\test_results_test_20251215_164814_cycle1.xlsx
2025-12-15 16:49:32,658 - [Quantum_e2e_20251215_nova_dll.py:2132] - [<module>] - INFO - 开始自动判断...
2025-12-15 16:49:32,659 - [Quantum_e2e_20251215_nova_dll.py:2134] - [<module>] - INFO - 开始自动判断...
2025-12-15 16:49:32,698 - [connectionpool.py:1051] - [_new_conn] - DEBUG - Starting new HTTPS connection (1): 10.110.158.101:443
2025-12-15 16:49:36,879 - [connectionpool.py:546] - [_make_request] - DEBUG - https://10.110.158.101:443 "POST /service-large-600-1754878213350/llm/v1/chat/completions HTTP/11" 200 981
2025-12-15 16:49:36,880 - [Auto_Judge.py:82] - [verify_answer_consistency] - INFO - 第1条数据处理完成，模型响应: 分数: 0
判断原因: 回答未提及“Egypt”，而是说明文档未提供用户的梦想目的地信息，核心含义与真实答案不符。
2025-12-15 16:49:36,929 - [connectionpool.py:1051] - [_new_conn] - DEBUG - Starting new HTTPS connection (1): 10.110.158.101:443
2025-12-15 16:49:40,656 - [connectionpool.py:546] - [_make_request] - DEBUG - https://10.110.158.101:443 "POST /service-large-600-1754878213350/llm/v1/chat/completions HTTP/11" 200 931
2025-12-15 16:49:40,656 - [Auto_Judge.py:82] - [verify_answer_consistency] - INFO - 第2条数据处理完成，模型响应: 分数: 0
判断原因: response的内容与real_answer“Egypt”完全不相关，未提供相同的核心信息，且与question“hello”也无对应，故不一致。
2025-12-15 16:49:40,692 - [connectionpool.py:1051] - [_new_conn] - DEBUG - Starting new HTTPS connection (1): 10.110.158.101:443
2025-12-15 16:49:44,746 - [connectionpool.py:546] - [_make_request] - DEBUG - https://10.110.158.101:443 "POST /service-large-600-1754878213350/llm/v1/chat/completions HTTP/11" 200 969
2025-12-15 16:49:44,747 - [Auto_Judge.py:82] - [verify_answer_consistency] - INFO - 第3条数据处理完成，模型响应: 分数: 0
判断原因: 回答未提供“Egypt”，而是说明没有提及用户的梦想目的地，核心含义与真实答案不符。
2025-12-15 16:49:44,919 - [Quantum_e2e_20251215_nova_dll.py:2146] - [<module>] - INFO - 清理量子客户端资源...
2025-12-15 16:49:44,920 - [Quantum_e2e_20251215_nova_dll.py:569] - [cleanup] - INFO - Disconnecting...
2025-12-15 16:49:44,925 - [Quantum_e2e_20251215_nova_dll.py:161] - [on_connection_status] - INFO - Connection status: Disconnected
2025-12-15 16:49:44,925 - [Quantum_e2e_20251215_nova_dll.py:574] - [cleanup] - INFO - Cleanup completed
