2025-12-15 17:19:57,538 - [Quantum_e2e_20251215_nova_dll.py:47] - [<module>] - INFO - 日志系统初始化完成
2025-12-15 17:19:57,547 - [Quantum_e2e_20251215_nova_dll.py:2033] - [<module>] - INFO - 程序启动参数: dll_path=C:\Users\obe\quantum-sdk-1.0.8.dll, excel_dir=C:\Users\obe\Desktop\LRIA_llm_eval\eval\Quantum_e2e_v20251215_nova_dll\dataset1126\test.xlsx, image_dir=C:\Users\obe\Desktop\LRIA_llm_eval\eval\Quantum_e2e_v20251210_nova\Image, doc_dir=C:\Users\obe\Desktop\LRIA_llm_eval\eval\Quantum_e2e_v20251209_nova\files1114\all, memory_excel=C:\Users\obe\Desktop\LRIA_llm_eval\eval\Quantum_e2e_v20251215_nova_dll\test.xlsx, process_memory=True, process_document=False, process_main=True, process_all=False, cycle=1, gpu_type=aGPU, test_mode=cloud
2025-12-15 17:19:57,554 - [Quantum_e2e_20251215_nova_dll.py:2178] - [<module>] - INFO - 初始化量子客户端...
2025-12-15 17:19:57,555 - [Quantum_e2e_20251215_nova_dll.py:372] - [initialize] - INFO - quantum_get_client start
2025-12-15 17:19:57,561 - [Quantum_e2e_20251215_nova_dll.py:374] - [initialize] - INFO - quantum_get_client end
2025-12-15 17:19:57,561 - [Quantum_e2e_20251215_nova_dll.py:379] - [initialize] - INFO - Client initialized successfully
2025-12-15 17:19:57,561 - [Quantum_e2e_20251215_nova_dll.py:386] - [initialize] - INFO - quantum_connect start
2025-12-15 17:19:57,567 - [Quantum_e2e_20251215_nova_dll.py:393] - [initialize] - INFO - quantum_connect end
2025-12-15 17:19:57,569 - [Quantum_e2e_20251215_nova_dll.py:163] - [on_connection_status] - INFO - Connection status: Connected
2025-12-15 17:19:57,569 - [Quantum_e2e_20251215_nova_dll.py:406] - [initialize] - INFO - Connected to quantum service
2025-12-15 17:19:57,571 - [Quantum_e2e_20251215_nova_dll.py:1930] - [run_quantum_e2e_process] - INFO - 处理指定的Excel文件: test.xlsx
2025-12-15 17:19:57,571 - [Quantum_e2e_20251215_nova_dll.py:1941] - [run_quantum_e2e_process] - INFO - 
正在处理文件: test.xlsx
2025-12-15 17:19:58,007 - [monitor_util.py:135] - [start_monitoring_resource] - INFO - c:\Users\obe\Desktop\LRIA_llm_eval\eval\Quantum_e2e_v20251215_nova_dll\resource\resource_20251215_171957.csv
2025-12-15 17:19:58,008 - [monitor_util.py:136] - [start_monitoring_resource] - INFO - Detected GPU type: aGPU
2025-12-15 17:19:58,334 - [monitor_util.py:147] - [start_monitoring_resource] - INFO - Selected monitor method: monitor_aGPU
2025-12-15 17:19:58,336 - [monitor_util.py:150] - [start_monitoring_resource] - INFO - Monitor thread started: True
2025-12-15 17:19:58,336 - [Quantum_e2e_20251215_nova_dll.py:1963] - [run_quantum_e2e_process] - INFO - 开始处理Memory数据...
2025-12-15 17:19:58,337 - [Quantum_e2e_20251215_nova_dll.py:1804] - [process_memory_data_only] - INFO - 开始处理Memory数据...
2025-12-15 17:19:58,362 - [Quantum_e2e_20251215_nova_dll.py:1611] - [process_memory_data] - INFO - 成功读取Memory Excel文件，共有 2 行数据
2025-12-15 17:19:58,362 - [Quantum_e2e_20251215_nova_dll.py:1622] - [process_memory_data] - INFO - 找到 1 个包含'user_content'的列: ['user_content_1']
2025-12-15 17:19:58,507 - [Quantum_e2e_20251215_nova_dll.py:1649] - [process_memory_data] - INFO - 
处理Memory第 1 行...
2025-12-15 17:19:58,508 - [Quantum_e2e_20251215_nova_dll.py:431] - [send_model_call] - INFO - Sending session call with payload: {"action": "create"}
2025-12-15 17:19:58,508 - [Quantum_e2e_20251215_nova_dll.py:460] - [send_model_call] - INFO - quantum_send_command start
2025-12-15 17:19:58,572 - [Quantum_e2e_20251215_nova_dll.py:462] - [send_model_call] - INFO - quantum_send_command end
2025-12-15 17:19:58,573 - [Quantum_e2e_20251215_nova_dll.py:472] - [send_model_call] - INFO - Sent session call, job ID: 105
2025-12-15 17:19:58,622 - [Quantum_e2e_20251215_nova_dll.py:244] - [on_result] - WARNING - 无法识别模式，使用默认模式: local_brain
2025-12-15 17:19:58,623 - [Quantum_e2e_20251215_nova_dll.py:311] - [on_result] - INFO - Got result for job 105: {'job_id': 105, 'status': 'complete', 'timestamp': '2025-12-15T17:19:58.623094', 'data': {'sessionID': '9ce1e607-a63a-4cb5-a286-60b969d2fcd5'}}
2025-12-15 17:19:58,624 - [Quantum_e2e_20251215_nova_dll.py:685] - [create_session] - INFO - 成功创建会话，session_id: 9ce1e607-a63a-4cb5-a286-60b969d2fcd5, job_id: 105
2025-12-15 17:19:58,624 - [Quantum_e2e_20251215_nova_dll.py:1684] - [process_memory_data] - INFO - 处理第 1 行, 列 'user_content_1'...
2025-12-15 17:19:58,624 - [Quantum_e2e_20251215_nova_dll.py:1732] - [process_memory_data] - INFO - 第 1 行, 列 'user_content_1' user_content不为空
2025-12-15 17:19:58,625 - [Quantum_e2e_20251215_nova_dll.py:1736] - [process_memory_data] - INFO - 第 1 行, 列 'user_content_1' user_content不为空但无图片，仅发送文本
2025-12-15 17:19:58,625 - [Quantum_e2e_20251215_nova_dll.py:1156] - [send_query_with_image] - INFO - 发送查询请求: {"query": "Remember that I\u2019ve always wanted to see the pyramids in Egypt.", "handler": "nova", "sessionID": "9ce1e607-a63a-4cb5-a286-60b969d2fcd5"}
2025-12-15 17:19:58,625 - [Quantum_e2e_20251215_nova_dll.py:431] - [send_model_call] - INFO - Sending query call with payload: {"query": "Remember that I\u2019ve always wanted to see the pyramids in Egypt.", "handler": "nova", "sessionID": "9ce1e607-a63a-4cb5-a286-60b969d2fcd5"}
2025-12-15 17:19:58,626 - [Quantum_e2e_20251215_nova_dll.py:460] - [send_model_call] - INFO - quantum_send_command start
2025-12-15 17:19:58,683 - [Quantum_e2e_20251215_nova_dll.py:462] - [send_model_call] - INFO - quantum_send_command end
2025-12-15 17:19:58,684 - [Quantum_e2e_20251215_nova_dll.py:472] - [send_model_call] - INFO - Sent query call, job ID: 106
2025-12-15 17:19:58,684 - [Quantum_e2e_20251215_nova_dll.py:1180] - [send_query_with_image] - INFO - 开始时间: 2025-12-15 17:19:58.684
2025-12-15 17:19:58,684 - [Quantum_e2e_20251215_nova_dll.py:1184] - [send_query_with_image] - INFO - 任务ID: 106
2025-12-15 17:19:58,705 - [Quantum_e2e_20251215_nova_dll.py:220] - [on_result] - INFO - 检测到 Azure Agent 模式
2025-12-15 17:19:58,705 - [Quantum_e2e_20251215_nova_dll.py:311] - [on_result] - INFO - Got result for job 106: {'job_id': 106, 'status': 'in_progress', 'timestamp': '2025-12-15T17:19:58.705472', 'data': {'response': 'Azure Agent', 'compact': False, 'type': 'handler'}}
2025-12-15 17:19:58,801 - [Quantum_e2e_20251215_nova_dll.py:216] - [on_result] - INFO - 检测到 Local Brain 模式，更新处理模式
2025-12-15 17:19:58,802 - [Quantum_e2e_20251215_nova_dll.py:311] - [on_result] - INFO - Got result for job 106: {'job_id': 106, 'status': 'in_progress', 'timestamp': '2025-12-15T17:19:58.802131', 'data': {'response': 'Local Brain with AMD Ryzen AI 9 165 w/ Radeon 870M              ', 'compact': False, 'type': 'handler'}}
2025-12-15 17:20:11,224 - [Quantum_e2e_20251215_nova_dll.py:275] - [on_result] - INFO - 第一个text响应时间: 2025-12-15 17:20:11.224
2025-12-15 17:20:11,225 - [Quantum_e2e_20251215_nova_dll.py:311] - [on_result] - INFO - Got result for job 106: {'job_id': 106, 'status': 'in_progress', 'timestamp': '2025-12-15T17:20:11.225163', 'data': {'type': 'text', 'response': 'Remember that I’ve always wanted to see the pyramids in Egypt.'}}
2025-12-15 17:20:11,766 - [Quantum_e2e_20251215_nova_dll.py:267] - [on_result] - INFO - 首字时间 (text类型): 2025-12-15 17:20:11.766
2025-12-15 17:20:11,767 - [Quantum_e2e_20251215_nova_dll.py:289] - [on_result] - DEBUG - 接收到 in_progress 且类型为text的消息，当前token计数: 1
2025-12-15 17:20:11,767 - [Quantum_e2e_20251215_nova_dll.py:311] - [on_result] - INFO - Got result for job 106: {'job_id': 106, 'status': 'in_progress', 'timestamp': '2025-12-15T17:20:11.767915', 'data': {'type': 'text', 'response': 'That sounds'}}
2025-12-15 17:20:11,872 - [Quantum_e2e_20251215_nova_dll.py:289] - [on_result] - DEBUG - 接收到 in_progress 且类型为text的消息，当前token计数: 2
2025-12-15 17:20:11,873 - [Quantum_e2e_20251215_nova_dll.py:311] - [on_result] - INFO - Got result for job 106: {'job_id': 106, 'status': 'in_progress', 'timestamp': '2025-12-15T17:20:11.873428', 'data': {'type': 'text', 'response': 'That sounds'}}
2025-12-15 17:20:12,267 - [Quantum_e2e_20251215_nova_dll.py:289] - [on_result] - DEBUG - 接收到 in_progress 且类型为text的消息，当前token计数: 3
2025-12-15 17:20:12,268 - [Quantum_e2e_20251215_nova_dll.py:311] - [on_result] - INFO - Got result for job 106: {'job_id': 106, 'status': 'in_progress', 'timestamp': '2025-12-15T17:20:12.268681', 'data': {'type': 'text', 'response': 'That sounds like'}}
2025-12-15 17:20:12,735 - [Quantum_e2e_20251215_nova_dll.py:289] - [on_result] - DEBUG - 接收到 in_progress 且类型为text的消息，当前token计数: 4
2025-12-15 17:20:12,735 - [Quantum_e2e_20251215_nova_dll.py:311] - [on_result] - INFO - Got result for job 106: {'job_id': 106, 'status': 'in_progress', 'timestamp': '2025-12-15T17:20:12.735135', 'data': {'type': 'text', 'response': 'That sounds like a wonderful'}}
2025-12-15 17:20:12,767 - [Quantum_e2e_20251215_nova_dll.py:289] - [on_result] - DEBUG - 接收到 in_progress 且类型为text的消息，当前token计数: 5
2025-12-15 17:20:12,767 - [Quantum_e2e_20251215_nova_dll.py:311] - [on_result] - INFO - Got result for job 106: {'job_id': 106, 'status': 'in_progress', 'timestamp': '2025-12-15T17:20:12.767781', 'data': {'type': 'text', 'response': 'That sounds like a wonderful'}}
2025-12-15 17:20:12,873 - [Quantum_e2e_20251215_nova_dll.py:289] - [on_result] - DEBUG - 接收到 in_progress 且类型为text的消息，当前token计数: 6
2025-12-15 17:20:12,874 - [Quantum_e2e_20251215_nova_dll.py:311] - [on_result] - INFO - Got result for job 106: {'job_id': 106, 'status': 'in_progress', 'timestamp': '2025-12-15T17:20:12.874297', 'data': {'type': 'text', 'response': 'That sounds like a wonderful idea! Visiting the pyramids'}}
2025-12-15 17:20:13,268 - [Quantum_e2e_20251215_nova_dll.py:289] - [on_result] - DEBUG - 接收到 in_progress 且类型为text的消息，当前token计数: 7
2025-12-15 17:20:13,268 - [Quantum_e2e_20251215_nova_dll.py:311] - [on_result] - INFO - Got result for job 106: {'job_id': 106, 'status': 'in_progress', 'timestamp': '2025-12-15T17:20:13.268298', 'data': {'type': 'text', 'response': 'That sounds like a wonderful idea! Visiting the pyramids'}}
2025-12-15 17:20:13,373 - [Quantum_e2e_20251215_nova_dll.py:289] - [on_result] - DEBUG - 接收到 in_progress 且类型为text的消息，当前token计数: 8
2025-12-15 17:20:13,373 - [Quantum_e2e_20251215_nova_dll.py:311] - [on_result] - INFO - Got result for job 106: {'job_id': 106, 'status': 'in_progress', 'timestamp': '2025-12-15T17:20:13.373807', 'data': {'type': 'text', 'response': 'That sounds like a wonderful idea! Visiting the pyramids'}}
2025-12-15 17:20:13,768 - [Quantum_e2e_20251215_nova_dll.py:289] - [on_result] - DEBUG - 接收到 in_progress 且类型为text的消息，当前token计数: 9
2025-12-15 17:20:13,768 - [Quantum_e2e_20251215_nova_dll.py:311] - [on_result] - INFO - Got result for job 106: {'job_id': 106, 'status': 'in_progress', 'timestamp': '2025-12-15T17:20:13.768750', 'data': {'type': 'text', 'response': 'That sounds like a wonderful idea! Visiting the pyramids'}}
2025-12-15 17:20:13,874 - [Quantum_e2e_20251215_nova_dll.py:289] - [on_result] - DEBUG - 接收到 in_progress 且类型为text的消息，当前token计数: 10
2025-12-15 17:20:13,875 - [Quantum_e2e_20251215_nova_dll.py:311] - [on_result] - INFO - Got result for job 106: {'job_id': 106, 'status': 'in_progress', 'timestamp': '2025-12-15T17:20:13.875699', 'data': {'type': 'text', 'response': 'That sounds like a wonderful idea! Visiting the pyramids'}}
2025-12-15 17:20:14,269 - [Quantum_e2e_20251215_nova_dll.py:289] - [on_result] - DEBUG - 接收到 in_progress 且类型为text的消息，当前token计数: 11
2025-12-15 17:20:14,270 - [Quantum_e2e_20251215_nova_dll.py:311] - [on_result] - INFO - Got result for job 106: {'job_id': 106, 'status': 'in_progress', 'timestamp': '2025-12-15T17:20:14.270534', 'data': {'type': 'text', 'response': 'That sounds like a wonderful idea! Visiting the pyramids'}}
2025-12-15 17:20:14,375 - [Quantum_e2e_20251215_nova_dll.py:289] - [on_result] - DEBUG - 接收到 in_progress 且类型为text的消息，当前token计数: 12
2025-12-15 17:20:14,376 - [Quantum_e2e_20251215_nova_dll.py:311] - [on_result] - INFO - Got result for job 106: {'job_id': 106, 'status': 'in_progress', 'timestamp': '2025-12-15T17:20:14.376369', 'data': {'type': 'text', 'response': 'That sounds like a wonderful idea! Visiting the pyramids in Egypt'}}
2025-12-15 17:20:14,770 - [Quantum_e2e_20251215_nova_dll.py:289] - [on_result] - DEBUG - 接收到 in_progress 且类型为text的消息，当前token计数: 13
2025-12-15 17:20:14,770 - [Quantum_e2e_20251215_nova_dll.py:311] - [on_result] - INFO - Got result for job 106: {'job_id': 106, 'status': 'in_progress', 'timestamp': '2025-12-15T17:20:14.770423', 'data': {'type': 'text', 'response': 'That sounds like a wonderful idea! Visiting the pyramids in Egypt'}}
2025-12-15 17:20:14,807 - [Quantum_e2e_20251215_nova_dll.py:289] - [on_result] - DEBUG - 接收到 in_progress 且类型为text的消息，当前token计数: 14
2025-12-15 17:20:14,808 - [Quantum_e2e_20251215_nova_dll.py:311] - [on_result] - INFO - Got result for job 106: {'job_id': 106, 'status': 'in_progress', 'timestamp': '2025-12-15T17:20:14.807627', 'data': {'type': 'text', 'response': 'That sounds like a wonderful idea! Visiting the pyramids in Egypt would be a remarkable experience.'}}
2025-12-15 17:20:14,876 - [Quantum_e2e_20251215_nova_dll.py:289] - [on_result] - DEBUG - 接收到 in_progress 且类型为text的消息，当前token计数: 15
2025-12-15 17:20:14,876 - [Quantum_e2e_20251215_nova_dll.py:311] - [on_result] - INFO - Got result for job 106: {'job_id': 106, 'status': 'in_progress', 'timestamp': '2025-12-15T17:20:14.876129', 'data': {'type': 'text', 'response': 'That sounds like a wonderful idea! Visiting the pyramids in Egypt would be a remarkable experience.'}}
2025-12-15 17:20:15,271 - [Quantum_e2e_20251215_nova_dll.py:289] - [on_result] - DEBUG - 接收到 in_progress 且类型为text的消息，当前token计数: 16
2025-12-15 17:20:15,272 - [Quantum_e2e_20251215_nova_dll.py:311] - [on_result] - INFO - Got result for job 106: {'job_id': 106, 'status': 'in_progress', 'timestamp': '2025-12-15T17:20:15.271170', 'data': {'type': 'text', 'response': 'That sounds like a wonderful idea! Visiting the pyramids in Egypt would be a remarkable experience.'}}
2025-12-15 17:20:15,376 - [Quantum_e2e_20251215_nova_dll.py:289] - [on_result] - DEBUG - 接收到 in_progress 且类型为text的消息，当前token计数: 17
2025-12-15 17:20:15,377 - [Quantum_e2e_20251215_nova_dll.py:311] - [on_result] - INFO - Got result for job 106: {'job_id': 106, 'status': 'in_progress', 'timestamp': '2025-12-15T17:20:15.377748', 'data': {'type': 'text', 'response': 'That sounds like a wonderful idea! Visiting the pyramids in Egypt would be a remarkable experience.'}}
2025-12-15 17:20:15,771 - [Quantum_e2e_20251215_nova_dll.py:289] - [on_result] - DEBUG - 接收到 in_progress 且类型为text的消息，当前token计数: 18
2025-12-15 17:20:15,771 - [Quantum_e2e_20251215_nova_dll.py:311] - [on_result] - INFO - Got result for job 106: {'job_id': 106, 'status': 'in_progress', 'timestamp': '2025-12-15T17:20:15.771489', 'data': {'type': 'text', 'response': 'That sounds like a wonderful idea! Visiting the pyramids in Egypt would be a remarkable experience.'}}
2025-12-15 17:20:15,877 - [Quantum_e2e_20251215_nova_dll.py:289] - [on_result] - DEBUG - 接收到 in_progress 且类型为text的消息，当前token计数: 19
2025-12-15 17:20:15,877 - [Quantum_e2e_20251215_nova_dll.py:311] - [on_result] - INFO - Got result for job 106: {'job_id': 106, 'status': 'in_progress', 'timestamp': '2025-12-15T17:20:15.877012', 'data': {'type': 'text', 'response': 'That sounds like a wonderful idea! Visiting the pyramids in Egypt would be a remarkable experience.'}}
2025-12-15 17:20:16,272 - [Quantum_e2e_20251215_nova_dll.py:289] - [on_result] - DEBUG - 接收到 in_progress 且类型为text的消息，当前token计数: 20
2025-12-15 17:20:16,272 - [Quantum_e2e_20251215_nova_dll.py:311] - [on_result] - INFO - Got result for job 106: {'job_id': 106, 'status': 'in_progress', 'timestamp': '2025-12-15T17:20:16.272822', 'data': {'type': 'text', 'response': 'That sounds like a wonderful idea! Visiting the pyramids in Egypt would be a remarkable experience. You can'}}
2025-12-15 17:20:16,377 - [Quantum_e2e_20251215_nova_dll.py:289] - [on_result] - DEBUG - 接收到 in_progress 且类型为text的消息，当前token计数: 21
2025-12-15 17:20:16,377 - [Quantum_e2e_20251215_nova_dll.py:311] - [on_result] - INFO - Got result for job 106: {'job_id': 106, 'status': 'in_progress', 'timestamp': '2025-12-15T17:20:16.377415', 'data': {'type': 'text', 'response': 'That sounds like a wonderful idea! Visiting the pyramids in Egypt would be a remarkable experience. You can'}}
2025-12-15 17:20:16,771 - [Quantum_e2e_20251215_nova_dll.py:289] - [on_result] - DEBUG - 接收到 in_progress 且类型为text的消息，当前token计数: 22
2025-12-15 17:20:16,772 - [Quantum_e2e_20251215_nova_dll.py:311] - [on_result] - INFO - Got result for job 106: {'job_id': 106, 'status': 'in_progress', 'timestamp': '2025-12-15T17:20:16.772970', 'data': {'type': 'text', 'response': 'That sounds like a wonderful idea! Visiting the pyramids in Egypt would be a remarkable experience. You can explore the Great Pyramid of Giza'}}
2025-12-15 17:20:16,878 - [Quantum_e2e_20251215_nova_dll.py:289] - [on_result] - DEBUG - 接收到 in_progress 且类型为text的消息，当前token计数: 23
2025-12-15 17:20:16,879 - [Quantum_e2e_20251215_nova_dll.py:311] - [on_result] - INFO - Got result for job 106: {'job_id': 106, 'status': 'in_progress', 'timestamp': '2025-12-15T17:20:16.878277', 'data': {'type': 'text', 'response': 'That sounds like a wonderful idea! Visiting the pyramids in Egypt would be a remarkable experience. You can explore the Great Pyramid of Giza'}}
2025-12-15 17:20:17,272 - [Quantum_e2e_20251215_nova_dll.py:289] - [on_result] - DEBUG - 接收到 in_progress 且类型为text的消息，当前token计数: 24
2025-12-15 17:20:17,272 - [Quantum_e2e_20251215_nova_dll.py:311] - [on_result] - INFO - Got result for job 106: {'job_id': 106, 'status': 'in_progress', 'timestamp': '2025-12-15T17:20:17.272570', 'data': {'type': 'text', 'response': 'That sounds like a wonderful idea! Visiting the pyramids in Egypt would be a remarkable experience. You can explore the Great Pyramid of Giza'}}
2025-12-15 17:20:17,379 - [Quantum_e2e_20251215_nova_dll.py:289] - [on_result] - DEBUG - 接收到 in_progress 且类型为text的消息，当前token计数: 25
2025-12-15 17:20:17,380 - [Quantum_e2e_20251215_nova_dll.py:311] - [on_result] - INFO - Got result for job 106: {'job_id': 106, 'status': 'in_progress', 'timestamp': '2025-12-15T17:20:17.379096', 'data': {'type': 'text', 'response': 'That sounds like a wonderful idea! Visiting the pyramids in Egypt would be a remarkable experience. You can explore the Great Pyramid of Giza'}}
2025-12-15 17:20:17,773 - [Quantum_e2e_20251215_nova_dll.py:289] - [on_result] - DEBUG - 接收到 in_progress 且类型为text的消息，当前token计数: 26
2025-12-15 17:20:17,774 - [Quantum_e2e_20251215_nova_dll.py:311] - [on_result] - INFO - Got result for job 106: {'job_id': 106, 'status': 'in_progress', 'timestamp': '2025-12-15T17:20:17.774263', 'data': {'type': 'text', 'response': 'That sounds like a wonderful idea! Visiting the pyramids in Egypt would be a remarkable experience. You can explore the Great Pyramid of Giza'}}
2025-12-15 17:20:17,879 - [Quantum_e2e_20251215_nova_dll.py:289] - [on_result] - DEBUG - 接收到 in_progress 且类型为text的消息，当前token计数: 27
2025-12-15 17:20:17,880 - [Quantum_e2e_20251215_nova_dll.py:311] - [on_result] - INFO - Got result for job 106: {'job_id': 106, 'status': 'in_progress', 'timestamp': '2025-12-15T17:20:17.880781', 'data': {'type': 'text', 'response': 'That sounds like a wonderful idea! Visiting the pyramids in Egypt would be a remarkable experience. You can explore the Great Pyramid of Giza'}}
2025-12-15 17:20:18,240 - [Quantum_e2e_20251215_nova_dll.py:289] - [on_result] - DEBUG - 接收到 in_progress 且类型为text的消息，当前token计数: 28
2025-12-15 17:20:18,241 - [Quantum_e2e_20251215_nova_dll.py:311] - [on_result] - INFO - Got result for job 106: {'job_id': 106, 'status': 'in_progress', 'timestamp': '2025-12-15T17:20:18.241073', 'data': {'type': 'text', 'response': 'That sounds like a wonderful idea! Visiting the pyramids in Egypt would be a remarkable experience. You can explore the Great Pyramid of Giza'}}
2025-12-15 17:20:18,273 - [Quantum_e2e_20251215_nova_dll.py:289] - [on_result] - DEBUG - 接收到 in_progress 且类型为text的消息，当前token计数: 29
2025-12-15 17:20:18,274 - [Quantum_e2e_20251215_nova_dll.py:311] - [on_result] - INFO - Got result for job 106: {'job_id': 106, 'status': 'in_progress', 'timestamp': '2025-12-15T17:20:18.274590', 'data': {'type': 'text', 'response': 'That sounds like a wonderful idea! Visiting the pyramids in Egypt would be a remarkable experience. You can explore the Great Pyramid of Giza, the'}}
2025-12-15 17:20:18,380 - [Quantum_e2e_20251215_nova_dll.py:289] - [on_result] - DEBUG - 接收到 in_progress 且类型为text的消息，当前token计数: 30
2025-12-15 17:20:18,381 - [Quantum_e2e_20251215_nova_dll.py:311] - [on_result] - INFO - Got result for job 106: {'job_id': 106, 'status': 'in_progress', 'timestamp': '2025-12-15T17:20:18.381279', 'data': {'type': 'text', 'response': 'That sounds like a wonderful idea! Visiting the pyramids in Egypt would be a remarkable experience. You can explore the Great Pyramid of Giza, the'}}
2025-12-15 17:20:18,740 - [Quantum_e2e_20251215_nova_dll.py:289] - [on_result] - DEBUG - 接收到 in_progress 且类型为text的消息，当前token计数: 31
2025-12-15 17:20:18,741 - [Quantum_e2e_20251215_nova_dll.py:311] - [on_result] - INFO - Got result for job 106: {'job_id': 106, 'status': 'in_progress', 'timestamp': '2025-12-15T17:20:18.740111', 'data': {'type': 'text', 'response': 'That sounds like a wonderful idea! Visiting the pyramids in Egypt would be a remarkable experience. You can explore the Great Pyramid of Giza, the Sphinx, and the surrounding'}}
2025-12-15 17:20:18,773 - [Quantum_e2e_20251215_nova_dll.py:289] - [on_result] - DEBUG - 接收到 in_progress 且类型为text的消息，当前token计数: 32
2025-12-15 17:20:18,773 - [Quantum_e2e_20251215_nova_dll.py:311] - [on_result] - INFO - Got result for job 106: {'job_id': 106, 'status': 'in_progress', 'timestamp': '2025-12-15T17:20:18.773629', 'data': {'type': 'text', 'response': 'That sounds like a wonderful idea! Visiting the pyramids in Egypt would be a remarkable experience. You can explore the Great Pyramid of Giza, the Sphinx, and the surrounding'}}
2025-12-15 17:20:18,880 - [Quantum_e2e_20251215_nova_dll.py:289] - [on_result] - DEBUG - 接收到 in_progress 且类型为text的消息，当前token计数: 33
2025-12-15 17:20:18,881 - [Quantum_e2e_20251215_nova_dll.py:311] - [on_result] - INFO - Got result for job 106: {'job_id': 106, 'status': 'in_progress', 'timestamp': '2025-12-15T17:20:18.881662', 'data': {'type': 'text', 'response': 'That sounds like a wonderful idea! Visiting the pyramids in Egypt would be a remarkable experience. You can explore the Great Pyramid of Giza, the Sphinx, and the surrounding'}}
2025-12-15 17:20:18,935 - [Quantum_e2e_20251215_nova_dll.py:289] - [on_result] - DEBUG - 接收到 in_progress 且类型为text的消息，当前token计数: 34
2025-12-15 17:20:18,936 - [Quantum_e2e_20251215_nova_dll.py:311] - [on_result] - INFO - Got result for job 106: {'job_id': 106, 'status': 'in_progress', 'timestamp': '2025-12-15T17:20:18.936669', 'data': {'type': 'text', 'response': 'That sounds like a wonderful idea! Visiting the pyramids in Egypt would be a remarkable experience. You can explore the Great Pyramid of Giza, the Sphinx, and the surrounding'}}
2025-12-15 17:20:19,240 - [Quantum_e2e_20251215_nova_dll.py:289] - [on_result] - DEBUG - 接收到 in_progress 且类型为text的消息，当前token计数: 35
2025-12-15 17:20:19,241 - [Quantum_e2e_20251215_nova_dll.py:311] - [on_result] - INFO - Got result for job 106: {'job_id': 106, 'status': 'in_progress', 'timestamp': '2025-12-15T17:20:19.241268', 'data': {'type': 'text', 'response': 'That sounds like a wonderful idea! Visiting the pyramids in Egypt would be a remarkable experience. You can explore the Great Pyramid of Giza, the Sphinx, and the surrounding'}}
2025-12-15 17:20:19,273 - [Quantum_e2e_20251215_nova_dll.py:289] - [on_result] - DEBUG - 接收到 in_progress 且类型为text的消息，当前token计数: 36
2025-12-15 17:20:19,274 - [Quantum_e2e_20251215_nova_dll.py:311] - [on_result] - INFO - Got result for job 106: {'job_id': 106, 'status': 'in_progress', 'timestamp': '2025-12-15T17:20:19.274780', 'data': {'type': 'text', 'response': 'That sounds like a wonderful idea! Visiting the pyramids in Egypt would be a remarkable experience. You can explore the Great Pyramid of Giza, the Sphinx, and the surrounding'}}
2025-12-15 17:20:19,381 - [Quantum_e2e_20251215_nova_dll.py:289] - [on_result] - DEBUG - 接收到 in_progress 且类型为text的消息，当前token计数: 37
2025-12-15 17:20:19,382 - [Quantum_e2e_20251215_nova_dll.py:311] - [on_result] - INFO - Got result for job 106: {'job_id': 106, 'status': 'in_progress', 'timestamp': '2025-12-15T17:20:19.382296', 'data': {'type': 'text', 'response': 'That sounds like a wonderful idea! Visiting the pyramids in Egypt would be a remarkable experience. You can explore the Great Pyramid of Giza, the Sphinx, and the surrounding archaeological sites'}}
2025-12-15 17:20:30,644 - [Quantum_e2e_20251215_nova_dll.py:289] - [on_result] - DEBUG - 接收到 in_progress 且类型为text的消息，当前token计数: 38
2025-12-15 17:20:30,645 - [Quantum_e2e_20251215_nova_dll.py:311] - [on_result] - INFO - Got result for job 106: {'job_id': 106, 'status': 'in_progress', 'timestamp': '2025-12-15T17:20:30.645076', 'data': {'type': 'text', 'response': 'That sounds like a wonderful idea! Visiting the pyramids in Egypt would be a remarkable experience. You can explore the Great Pyramid of Giza, the Sphinx, and the surrounding archaeological sites'}}
2025-12-15 17:20:30,645 - [Quantum_e2e_20251215_nova_dll.py:289] - [on_result] - DEBUG - 接收到 in_progress 且类型为text的消息，当前token计数: 39
2025-12-15 17:20:30,646 - [Quantum_e2e_20251215_nova_dll.py:311] - [on_result] - INFO - Got result for job 106: {'job_id': 106, 'status': 'in_progress', 'timestamp': '2025-12-15T17:20:30.646072', 'data': {'type': 'text', 'response': 'That sounds like a wonderful idea! Visiting the pyramids in Egypt would be a remarkable experience. You can explore the Great Pyramid of Giza, the Sphinx, and the surrounding archaeological sites. Each site offers a unique glimpse'}}
2025-12-15 17:20:30,646 - [Quantum_e2e_20251215_nova_dll.py:289] - [on_result] - DEBUG - 接收到 in_progress 且类型为text的消息，当前token计数: 40
2025-12-15 17:20:30,646 - [Quantum_e2e_20251215_nova_dll.py:311] - [on_result] - INFO - Got result for job 106: {'job_id': 106, 'status': 'in_progress', 'timestamp': '2025-12-15T17:20:30.646072', 'data': {'type': 'text', 'response': 'That sounds like a wonderful idea! Visiting the pyramids in Egypt would be a remarkable experience. You can explore the Great Pyramid of Giza, the Sphinx, and the surrounding archaeological sites. Each site offers a unique glimpse'}}
2025-12-15 17:20:30,646 - [Quantum_e2e_20251215_nova_dll.py:289] - [on_result] - DEBUG - 接收到 in_progress 且类型为text的消息，当前token计数: 41
2025-12-15 17:20:30,646 - [Quantum_e2e_20251215_nova_dll.py:311] - [on_result] - INFO - Got result for job 106: {'job_id': 106, 'status': 'in_progress', 'timestamp': '2025-12-15T17:20:30.646072', 'data': {'type': 'text', 'response': 'That sounds like a wonderful idea! Visiting the pyramids in Egypt would be a remarkable experience. You can explore the Great Pyramid of Giza, the Sphinx, and the surrounding archaeological sites. Each site offers a unique glimpse'}}
2025-12-15 17:20:30,647 - [Quantum_e2e_20251215_nova_dll.py:289] - [on_result] - DEBUG - 接收到 in_progress 且类型为text的消息，当前token计数: 42
2025-12-15 17:20:30,647 - [Quantum_e2e_20251215_nova_dll.py:311] - [on_result] - INFO - Got result for job 106: {'job_id': 106, 'status': 'in_progress', 'timestamp': '2025-12-15T17:20:30.647073', 'data': {'type': 'text', 'response': 'That sounds like a wonderful idea! Visiting the pyramids in Egypt would be a remarkable experience. You can explore the Great Pyramid of Giza, the Sphinx, and the surrounding archaeological sites. Each site offers a unique glimpse'}}
2025-12-15 17:20:30,647 - [Quantum_e2e_20251215_nova_dll.py:289] - [on_result] - DEBUG - 接收到 in_progress 且类型为text的消息，当前token计数: 43
2025-12-15 17:20:30,648 - [Quantum_e2e_20251215_nova_dll.py:311] - [on_result] - INFO - Got result for job 106: {'job_id': 106, 'status': 'in_progress', 'timestamp': '2025-12-15T17:20:30.648072', 'data': {'type': 'text', 'response': 'That sounds like a wonderful idea! Visiting the pyramids in Egypt would be a remarkable experience. You can explore the Great Pyramid of Giza, the Sphinx, and the surrounding archaeological sites. Each site offers a unique glimpse'}}
2025-12-15 17:20:30,648 - [Quantum_e2e_20251215_nova_dll.py:289] - [on_result] - DEBUG - 接收到 in_progress 且类型为text的消息，当前token计数: 44
2025-12-15 17:20:30,648 - [Quantum_e2e_20251215_nova_dll.py:311] - [on_result] - INFO - Got result for job 106: {'job_id': 106, 'status': 'in_progress', 'timestamp': '2025-12-15T17:20:30.648072', 'data': {'type': 'text', 'response': 'That sounds like a wonderful idea! Visiting the pyramids in Egypt would be a remarkable experience. You can explore the Great Pyramid of Giza, the Sphinx, and the surrounding archaeological sites. Each site offers a unique glimpse'}}
2025-12-15 17:20:30,648 - [Quantum_e2e_20251215_nova_dll.py:289] - [on_result] - DEBUG - 接收到 in_progress 且类型为text的消息，当前token计数: 45
2025-12-15 17:20:30,649 - [Quantum_e2e_20251215_nova_dll.py:311] - [on_result] - INFO - Got result for job 106: {'job_id': 106, 'status': 'in_progress', 'timestamp': '2025-12-15T17:20:30.649073', 'data': {'type': 'text', 'response': 'That sounds like a wonderful idea! Visiting the pyramids in Egypt would be a remarkable experience. You can explore the Great Pyramid of Giza, the Sphinx, and the surrounding archaeological sites. Each site offers a unique glimpse'}}
2025-12-15 17:20:30,649 - [Quantum_e2e_20251215_nova_dll.py:289] - [on_result] - DEBUG - 接收到 in_progress 且类型为text的消息，当前token计数: 46
2025-12-15 17:20:30,649 - [Quantum_e2e_20251215_nova_dll.py:311] - [on_result] - INFO - Got result for job 106: {'job_id': 106, 'status': 'in_progress', 'timestamp': '2025-12-15T17:20:30.649073', 'data': {'type': 'text', 'response': 'That sounds like a wonderful idea! Visiting the pyramids in Egypt would be a remarkable experience. You can explore the Great Pyramid of Giza, the Sphinx, and the surrounding archaeological sites. Each site offers a unique glimpse into'}}
2025-12-15 17:20:30,649 - [Quantum_e2e_20251215_nova_dll.py:289] - [on_result] - DEBUG - 接收到 in_progress 且类型为text的消息，当前token计数: 47
2025-12-15 17:20:30,650 - [Quantum_e2e_20251215_nova_dll.py:311] - [on_result] - INFO - Got result for job 106: {'job_id': 106, 'status': 'in_progress', 'timestamp': '2025-12-15T17:20:30.650076', 'data': {'type': 'text', 'response': 'That sounds like a wonderful idea! Visiting the pyramids in Egypt would be a remarkable experience. You can explore the Great Pyramid of Giza, the Sphinx, and the surrounding archaeological sites. Each site offers a unique glimpse into ancient history and culture. Make sure'}}
2025-12-15 17:20:30,650 - [Quantum_e2e_20251215_nova_dll.py:289] - [on_result] - DEBUG - 接收到 in_progress 且类型为text的消息，当前token计数: 48
2025-12-15 17:20:30,651 - [Quantum_e2e_20251215_nova_dll.py:311] - [on_result] - INFO - Got result for job 106: {'job_id': 106, 'status': 'in_progress', 'timestamp': '2025-12-15T17:20:30.651075', 'data': {'type': 'text', 'response': 'That sounds like a wonderful idea! Visiting the pyramids in Egypt would be a remarkable experience. You can explore the Great Pyramid of Giza, the Sphinx, and the surrounding archaeological sites. Each site offers a unique glimpse into ancient history and culture. Make sure'}}
2025-12-15 17:20:30,651 - [Quantum_e2e_20251215_nova_dll.py:289] - [on_result] - DEBUG - 接收到 in_progress 且类型为text的消息，当前token计数: 49
2025-12-15 17:20:30,651 - [Quantum_e2e_20251215_nova_dll.py:311] - [on_result] - INFO - Got result for job 106: {'job_id': 106, 'status': 'in_progress', 'timestamp': '2025-12-15T17:20:30.651075', 'data': {'type': 'text', 'response': 'That sounds like a wonderful idea! Visiting the pyramids in Egypt would be a remarkable experience. You can explore the Great Pyramid of Giza, the Sphinx, and the surrounding archaeological sites. Each site offers a unique glimpse into ancient history and culture. Make sure'}}
2025-12-15 17:20:30,652 - [Quantum_e2e_20251215_nova_dll.py:289] - [on_result] - DEBUG - 接收到 in_progress 且类型为text的消息，当前token计数: 50
2025-12-15 17:20:30,652 - [Quantum_e2e_20251215_nova_dll.py:311] - [on_result] - INFO - Got result for job 106: {'job_id': 106, 'status': 'in_progress', 'timestamp': '2025-12-15T17:20:30.652075', 'data': {'type': 'text', 'response': 'That sounds like a wonderful idea! Visiting the pyramids in Egypt would be a remarkable experience. You can explore the Great Pyramid of Giza, the Sphinx, and the surrounding archaeological sites. Each site offers a unique glimpse into ancient history and culture. Make sure'}}
2025-12-15 17:20:30,652 - [Quantum_e2e_20251215_nova_dll.py:289] - [on_result] - DEBUG - 接收到 in_progress 且类型为text的消息，当前token计数: 51
2025-12-15 17:20:30,652 - [Quantum_e2e_20251215_nova_dll.py:311] - [on_result] - INFO - Got result for job 106: {'job_id': 106, 'status': 'in_progress', 'timestamp': '2025-12-15T17:20:30.652075', 'data': {'type': 'text', 'response': 'That sounds like a wonderful idea! Visiting the pyramids in Egypt would be a remarkable experience. You can explore the Great Pyramid of Giza, the Sphinx, and the surrounding archaeological sites. Each site offers a unique glimpse into ancient history and culture. Make sure'}}
2025-12-15 17:20:30,652 - [Quantum_e2e_20251215_nova_dll.py:289] - [on_result] - DEBUG - 接收到 in_progress 且类型为text的消息，当前token计数: 52
2025-12-15 17:20:30,652 - [Quantum_e2e_20251215_nova_dll.py:311] - [on_result] - INFO - Got result for job 106: {'job_id': 106, 'status': 'in_progress', 'timestamp': '2025-12-15T17:20:30.652075', 'data': {'type': 'text', 'response': 'That sounds like a wonderful idea! Visiting the pyramids in Egypt would be a remarkable experience. You can explore the Great Pyramid of Giza, the Sphinx, and the surrounding archaeological sites. Each site offers a unique glimpse into ancient history and culture. Make sure'}}
2025-12-15 17:20:30,652 - [Quantum_e2e_20251215_nova_dll.py:289] - [on_result] - DEBUG - 接收到 in_progress 且类型为text的消息，当前token计数: 53
2025-12-15 17:20:30,653 - [Quantum_e2e_20251215_nova_dll.py:311] - [on_result] - INFO - Got result for job 106: {'job_id': 106, 'status': 'in_progress', 'timestamp': '2025-12-15T17:20:30.653071', 'data': {'type': 'text', 'response': 'That sounds like a wonderful idea! Visiting the pyramids in Egypt would be a remarkable experience. You can explore the Great Pyramid of Giza, the Sphinx, and the surrounding archaeological sites. Each site offers a unique glimpse into ancient history and culture. Make sure'}}
2025-12-15 17:20:30,653 - [Quantum_e2e_20251215_nova_dll.py:289] - [on_result] - DEBUG - 接收到 in_progress 且类型为text的消息，当前token计数: 54
2025-12-15 17:20:30,653 - [Quantum_e2e_20251215_nova_dll.py:311] - [on_result] - INFO - Got result for job 106: {'job_id': 106, 'status': 'in_progress', 'timestamp': '2025-12-15T17:20:30.653071', 'data': {'type': 'text', 'response': 'That sounds like a wonderful idea! Visiting the pyramids in Egypt would be a remarkable experience. You can explore the Great Pyramid of Giza, the Sphinx, and the surrounding archaeological sites. Each site offers a unique glimpse into ancient history and culture. Make sure to plan'}}
2025-12-15 17:20:30,654 - [Quantum_e2e_20251215_nova_dll.py:289] - [on_result] - DEBUG - 接收到 in_progress 且类型为text的消息，当前token计数: 55
2025-12-15 17:20:30,654 - [Quantum_e2e_20251215_nova_dll.py:311] - [on_result] - INFO - Got result for job 106: {'job_id': 106, 'status': 'in_progress', 'timestamp': '2025-12-15T17:20:30.654073', 'data': {'type': 'text', 'response': 'That sounds like a wonderful idea! Visiting the pyramids in Egypt would be a remarkable experience. You can explore the Great Pyramid of Giza, the Sphinx, and the surrounding archaeological sites. Each site offers a unique glimpse into ancient history and culture. Make sure to plan'}}
2025-12-15 17:20:30,654 - [Quantum_e2e_20251215_nova_dll.py:289] - [on_result] - DEBUG - 接收到 in_progress 且类型为text的消息，当前token计数: 56
2025-12-15 17:20:30,654 - [Quantum_e2e_20251215_nova_dll.py:311] - [on_result] - INFO - Got result for job 106: {'job_id': 106, 'status': 'in_progress', 'timestamp': '2025-12-15T17:20:30.654073', 'data': {'type': 'text', 'response': 'That sounds like a wonderful idea! Visiting the pyramids in Egypt would be a remarkable experience. You can explore the Great Pyramid of Giza, the Sphinx, and the surrounding archaeological sites. Each site offers a unique glimpse into ancient history and culture. Make sure to plan your trip to visit during a'}}
2025-12-15 17:20:30,655 - [Quantum_e2e_20251215_nova_dll.py:289] - [on_result] - DEBUG - 接收到 in_progress 且类型为text的消息，当前token计数: 57
2025-12-15 17:20:30,655 - [Quantum_e2e_20251215_nova_dll.py:311] - [on_result] - INFO - Got result for job 106: {'job_id': 106, 'status': 'in_progress', 'timestamp': '2025-12-15T17:20:30.655073', 'data': {'type': 'text', 'response': 'That sounds like a wonderful idea! Visiting the pyramids in Egypt would be a remarkable experience. You can explore the Great Pyramid of Giza, the Sphinx, and the surrounding archaeological sites. Each site offers a unique glimpse into ancient history and culture. Make sure to plan your trip to visit during a'}}
2025-12-15 17:20:30,655 - [Quantum_e2e_20251215_nova_dll.py:289] - [on_result] - DEBUG - 接收到 in_progress 且类型为text的消息，当前token计数: 58
2025-12-15 17:20:30,655 - [Quantum_e2e_20251215_nova_dll.py:311] - [on_result] - INFO - Got result for job 106: {'job_id': 106, 'status': 'in_progress', 'timestamp': '2025-12-15T17:20:30.655073', 'data': {'type': 'text', 'response': 'That sounds like a wonderful idea! Visiting the pyramids in Egypt would be a remarkable experience. You can explore the Great Pyramid of Giza, the Sphinx, and the surrounding archaeological sites. Each site offers a unique glimpse into ancient history and culture. Make sure to plan your trip to visit during a'}}
2025-12-15 17:20:30,656 - [Quantum_e2e_20251215_nova_dll.py:289] - [on_result] - DEBUG - 接收到 in_progress 且类型为text的消息，当前token计数: 59
2025-12-15 17:20:30,656 - [Quantum_e2e_20251215_nova_dll.py:311] - [on_result] - INFO - Got result for job 106: {'job_id': 106, 'status': 'in_progress', 'timestamp': '2025-12-15T17:20:30.656073', 'data': {'type': 'text', 'response': 'That sounds like a wonderful idea! Visiting the pyramids in Egypt would be a remarkable experience. You can explore the Great Pyramid of Giza, the Sphinx, and the surrounding archaeological sites. Each site offers a unique glimpse into ancient history and culture. Make sure to plan your trip to visit during a'}}
2025-12-15 17:20:30,656 - [Quantum_e2e_20251215_nova_dll.py:289] - [on_result] - DEBUG - 接收到 in_progress 且类型为text的消息，当前token计数: 60
2025-12-15 17:20:30,656 - [Quantum_e2e_20251215_nova_dll.py:311] - [on_result] - INFO - Got result for job 106: {'job_id': 106, 'status': 'in_progress', 'timestamp': '2025-12-15T17:20:30.656073', 'data': {'type': 'text', 'response': 'That sounds like a wonderful idea! Visiting the pyramids in Egypt would be a remarkable experience. You can explore the Great Pyramid of Giza, the Sphinx, and the surrounding archaeological sites. Each site offers a unique glimpse into ancient history and culture. Make sure to plan your trip to visit during a'}}
2025-12-15 17:20:30,657 - [Quantum_e2e_20251215_nova_dll.py:289] - [on_result] - DEBUG - 接收到 in_progress 且类型为text的消息，当前token计数: 61
2025-12-15 17:20:30,657 - [Quantum_e2e_20251215_nova_dll.py:311] - [on_result] - INFO - Got result for job 106: {'job_id': 106, 'status': 'in_progress', 'timestamp': '2025-12-15T17:20:30.657075', 'data': {'type': 'text', 'response': 'That sounds like a wonderful idea! Visiting the pyramids in Egypt would be a remarkable experience. You can explore the Great Pyramid of Giza, the Sphinx, and the surrounding archaeological sites. Each site offers a unique glimpse into ancient history and culture. Make sure to plan your trip to visit during a'}}
2025-12-15 17:20:30,657 - [Quantum_e2e_20251215_nova_dll.py:289] - [on_result] - DEBUG - 接收到 in_progress 且类型为text的消息，当前token计数: 62
2025-12-15 17:20:30,658 - [Quantum_e2e_20251215_nova_dll.py:311] - [on_result] - INFO - Got result for job 106: {'job_id': 106, 'status': 'in_progress', 'timestamp': '2025-12-15T17:20:30.657075', 'data': {'type': 'text', 'response': 'That sounds like a wonderful idea! Visiting the pyramids in Egypt would be a remarkable experience. You can explore the Great Pyramid of Giza, the Sphinx, and the surrounding archaeological sites. Each site offers a unique glimpse into ancient history and culture. Make sure to plan your trip to visit during a good season'}}
2025-12-15 17:20:30,658 - [Quantum_e2e_20251215_nova_dll.py:289] - [on_result] - DEBUG - 接收到 in_progress 且类型为text的消息，当前token计数: 63
2025-12-15 17:20:30,658 - [Quantum_e2e_20251215_nova_dll.py:311] - [on_result] - INFO - Got result for job 106: {'job_id': 106, 'status': 'in_progress', 'timestamp': '2025-12-15T17:20:30.658075', 'data': {'type': 'text', 'response': 'That sounds like a wonderful idea! Visiting the pyramids in Egypt would be a remarkable experience. You can explore the Great Pyramid of Giza, the Sphinx, and the surrounding archaeological sites. Each site offers a unique glimpse into ancient history and culture. Make sure to plan your trip to visit during a good season'}}
2025-12-15 17:20:30,659 - [Quantum_e2e_20251215_nova_dll.py:289] - [on_result] - DEBUG - 接收到 in_progress 且类型为text的消息，当前token计数: 64
2025-12-15 17:20:30,659 - [Quantum_e2e_20251215_nova_dll.py:311] - [on_result] - INFO - Got result for job 106: {'job_id': 106, 'status': 'in_progress', 'timestamp': '2025-12-15T17:20:30.659073', 'data': {'type': 'text', 'response': 'That sounds like a wonderful idea! Visiting the pyramids in Egypt would be a remarkable experience. You can explore the Great Pyramid of Giza, the Sphinx, and the surrounding archaeological sites. Each site offers a unique glimpse into ancient history and culture. Make sure to plan your trip to visit during a good season to avoid extreme heat and to'}}
2025-12-15 17:20:30,659 - [Quantum_e2e_20251215_nova_dll.py:289] - [on_result] - DEBUG - 接收到 in_progress 且类型为text的消息，当前token计数: 65
2025-12-15 17:20:30,659 - [Quantum_e2e_20251215_nova_dll.py:311] - [on_result] - INFO - Got result for job 106: {'job_id': 106, 'status': 'in_progress', 'timestamp': '2025-12-15T17:20:30.659073', 'data': {'type': 'text', 'response': 'That sounds like a wonderful idea! Visiting the pyramids in Egypt would be a remarkable experience. You can explore the Great Pyramid of Giza, the Sphinx, and the surrounding archaeological sites. Each site offers a unique glimpse into ancient history and culture. Make sure to plan your trip to visit during a good season to avoid extreme heat and to'}}
2025-12-15 17:20:30,660 - [Quantum_e2e_20251215_nova_dll.py:289] - [on_result] - DEBUG - 接收到 in_progress 且类型为text的消息，当前token计数: 66
2025-12-15 17:20:30,660 - [Quantum_e2e_20251215_nova_dll.py:311] - [on_result] - INFO - Got result for job 106: {'job_id': 106, 'status': 'in_progress', 'timestamp': '2025-12-15T17:20:30.660071', 'data': {'type': 'text', 'response': 'That sounds like a wonderful idea! Visiting the pyramids in Egypt would be a remarkable experience. You can explore the Great Pyramid of Giza, the Sphinx, and the surrounding archaeological sites. Each site offers a unique glimpse into ancient history and culture. Make sure to plan your trip to visit during a good season to avoid extreme heat and to'}}
2025-12-15 17:20:30,661 - [Quantum_e2e_20251215_nova_dll.py:289] - [on_result] - DEBUG - 接收到 in_progress 且类型为text的消息，当前token计数: 67
2025-12-15 17:20:30,661 - [Quantum_e2e_20251215_nova_dll.py:311] - [on_result] - INFO - Got result for job 106: {'job_id': 106, 'status': 'in_progress', 'timestamp': '2025-12-15T17:20:30.661074', 'data': {'type': 'text', 'response': 'That sounds like a wonderful idea! Visiting the pyramids in Egypt would be a remarkable experience. You can explore the Great Pyramid of Giza, the Sphinx, and the surrounding archaeological sites. Each site offers a unique glimpse into ancient history and culture. Make sure to plan your trip to visit during a good season to avoid extreme heat and to'}}
2025-12-15 17:20:30,661 - [Quantum_e2e_20251215_nova_dll.py:289] - [on_result] - DEBUG - 接收到 in_progress 且类型为text的消息，当前token计数: 68
2025-12-15 17:20:30,661 - [Quantum_e2e_20251215_nova_dll.py:311] - [on_result] - INFO - Got result for job 106: {'job_id': 106, 'status': 'in_progress', 'timestamp': '2025-12-15T17:20:30.661074', 'data': {'type': 'text', 'response': 'That sounds like a wonderful idea! Visiting the pyramids in Egypt would be a remarkable experience. You can explore the Great Pyramid of Giza, the Sphinx, and the surrounding archaeological sites. Each site offers a unique glimpse into ancient history and culture. Make sure to plan your trip to visit during a good season to avoid extreme heat and to'}}
2025-12-15 17:20:30,661 - [Quantum_e2e_20251215_nova_dll.py:289] - [on_result] - DEBUG - 接收到 in_progress 且类型为text的消息，当前token计数: 69
2025-12-15 17:20:30,661 - [Quantum_e2e_20251215_nova_dll.py:311] - [on_result] - INFO - Got result for job 106: {'job_id': 106, 'status': 'in_progress', 'timestamp': '2025-12-15T17:20:30.661074', 'data': {'type': 'text', 'response': 'That sounds like a wonderful idea! Visiting the pyramids in Egypt would be a remarkable experience. You can explore the Great Pyramid of Giza, the Sphinx, and the surrounding archaeological sites. Each site offers a unique glimpse into ancient history and culture. Make sure to plan your trip to visit during a good season to avoid extreme heat and to'}}
2025-12-15 17:20:30,662 - [Quantum_e2e_20251215_nova_dll.py:289] - [on_result] - DEBUG - 接收到 in_progress 且类型为text的消息，当前token计数: 70
2025-12-15 17:20:30,662 - [Quantum_e2e_20251215_nova_dll.py:311] - [on_result] - INFO - Got result for job 106: {'job_id': 106, 'status': 'in_progress', 'timestamp': '2025-12-15T17:20:30.662072', 'data': {'type': 'text', 'response': 'That sounds like a wonderful idea! Visiting the pyramids in Egypt would be a remarkable experience. You can explore the Great Pyramid of Giza, the Sphinx, and the surrounding archaeological sites. Each site offers a unique glimpse into ancient history and culture. Make sure to plan your trip to visit during a good season to avoid extreme heat and to fully enjoy'}}
2025-12-15 17:20:30,662 - [Quantum_e2e_20251215_nova_dll.py:289] - [on_result] - DEBUG - 接收到 in_progress 且类型为text的消息，当前token计数: 71
2025-12-15 17:20:30,662 - [Quantum_e2e_20251215_nova_dll.py:311] - [on_result] - INFO - Got result for job 106: {'job_id': 106, 'status': 'in_progress', 'timestamp': '2025-12-15T17:20:30.662072', 'data': {'type': 'text', 'response': 'That sounds like a wonderful idea! Visiting the pyramids in Egypt would be a remarkable experience. You can explore the Great Pyramid of Giza, the Sphinx, and the surrounding archaeological sites. Each site offers a unique glimpse into ancient history and culture. Make sure to plan your trip to visit during a good season to avoid extreme heat and to fully enjoy'}}
2025-12-15 17:20:30,662 - [Quantum_e2e_20251215_nova_dll.py:289] - [on_result] - DEBUG - 接收到 in_progress 且类型为text的消息，当前token计数: 72
2025-12-15 17:20:30,663 - [Quantum_e2e_20251215_nova_dll.py:311] - [on_result] - INFO - Got result for job 106: {'job_id': 106, 'status': 'in_progress', 'timestamp': '2025-12-15T17:20:30.663076', 'data': {'type': 'text', 'response': 'That sounds like a wonderful idea! Visiting the pyramids in Egypt would be a remarkable experience. You can explore the Great Pyramid of Giza, the Sphinx, and the surrounding archaeological sites. Each site offers a unique glimpse into ancient history and culture. Make sure to plan your trip to visit during a good season to avoid extreme heat and to fully enjoy your visit to these incredible landmarks.'}}
2025-12-15 17:20:30,663 - [Quantum_e2e_20251215_nova_dll.py:289] - [on_result] - DEBUG - 接收到 in_progress 且类型为text的消息，当前token计数: 73
2025-12-15 17:20:30,663 - [Quantum_e2e_20251215_nova_dll.py:311] - [on_result] - INFO - Got result for job 106: {'job_id': 106, 'status': 'in_progress', 'timestamp': '2025-12-15T17:20:30.663076', 'data': {'type': 'text', 'response': 'That sounds like a wonderful idea! Visiting the pyramids in Egypt would be a remarkable experience. You can explore the Great Pyramid of Giza, the Sphinx, and the surrounding archaeological sites. Each site offers a unique glimpse into ancient history and culture. Make sure to plan your trip to visit during a good season to avoid extreme heat and to fully enjoy your visit to these incredible landmarks.'}}
2025-12-15 17:20:30,663 - [Quantum_e2e_20251215_nova_dll.py:289] - [on_result] - DEBUG - 接收到 in_progress 且类型为text的消息，当前token计数: 74
2025-12-15 17:20:30,663 - [Quantum_e2e_20251215_nova_dll.py:311] - [on_result] - INFO - Got result for job 106: {'job_id': 106, 'status': 'in_progress', 'timestamp': '2025-12-15T17:20:30.663076', 'data': {'type': 'text', 'response': 'That sounds like a wonderful idea! Visiting the pyramids in Egypt would be a remarkable experience. You can explore the Great Pyramid of Giza, the Sphinx, and the surrounding archaeological sites. Each site offers a unique glimpse into ancient history and culture. Make sure to plan your trip to visit during a good season to avoid extreme heat and to fully enjoy your visit to these incredible landmarks.'}}
2025-12-15 17:20:30,663 - [Quantum_e2e_20251215_nova_dll.py:289] - [on_result] - DEBUG - 接收到 in_progress 且类型为text的消息，当前token计数: 75
2025-12-15 17:20:30,664 - [Quantum_e2e_20251215_nova_dll.py:311] - [on_result] - INFO - Got result for job 106: {'job_id': 106, 'status': 'in_progress', 'timestamp': '2025-12-15T17:20:30.664081', 'data': {'type': 'text', 'response': 'That sounds like a wonderful idea! Visiting the pyramids in Egypt would be a remarkable experience. You can explore the Great Pyramid of Giza, the Sphinx, and the surrounding archaeological sites. Each site offers a unique glimpse into ancient history and culture. Make sure to plan your trip to visit during a good season to avoid extreme heat and to fully enjoy your visit to these incredible landmarks.'}}
2025-12-15 17:20:30,664 - [Quantum_e2e_20251215_nova_dll.py:289] - [on_result] - DEBUG - 接收到 in_progress 且类型为text的消息，当前token计数: 76
2025-12-15 17:20:30,664 - [Quantum_e2e_20251215_nova_dll.py:311] - [on_result] - INFO - Got result for job 106: {'job_id': 106, 'status': 'in_progress', 'timestamp': '2025-12-15T17:20:30.664081', 'data': {'type': 'text', 'response': 'That sounds like a wonderful idea! Visiting the pyramids in Egypt would be a remarkable experience. You can explore the Great Pyramid of Giza, the Sphinx, and the surrounding archaeological sites. Each site offers a unique glimpse into ancient history and culture. Make sure to plan your trip to visit during a good season to avoid extreme heat and to fully enjoy your visit to these incredible landmarks.'}}
2025-12-15 17:20:30,664 - [Quantum_e2e_20251215_nova_dll.py:289] - [on_result] - DEBUG - 接收到 in_progress 且类型为text的消息，当前token计数: 77
2025-12-15 17:20:30,664 - [Quantum_e2e_20251215_nova_dll.py:311] - [on_result] - INFO - Got result for job 106: {'job_id': 106, 'status': 'in_progress', 'timestamp': '2025-12-15T17:20:30.664081', 'data': {'type': 'text', 'response': 'That sounds like a wonderful idea! Visiting the pyramids in Egypt would be a remarkable experience. You can explore the Great Pyramid of Giza, the Sphinx, and the surrounding archaeological sites. Each site offers a unique glimpse into ancient history and culture. Make sure to plan your trip to visit during a good season to avoid extreme heat and to fully enjoy your visit to these incredible landmarks.'}}
2025-12-15 17:20:30,664 - [Quantum_e2e_20251215_nova_dll.py:289] - [on_result] - DEBUG - 接收到 in_progress 且类型为text的消息，当前token计数: 78
2025-12-15 17:20:30,665 - [Quantum_e2e_20251215_nova_dll.py:311] - [on_result] - INFO - Got result for job 106: {'job_id': 106, 'status': 'in_progress', 'timestamp': '2025-12-15T17:20:30.665087', 'data': {'type': 'text', 'response': 'That sounds like a wonderful idea! Visiting the pyramids in Egypt would be a remarkable experience. You can explore the Great Pyramid of Giza, the Sphinx, and the surrounding archaeological sites. Each site offers a unique glimpse into ancient history and culture. Make sure to plan your trip to visit during a good season to avoid extreme heat and to fully enjoy your visit to these incredible landmarks.'}}
2025-12-15 17:20:30,665 - [Quantum_e2e_20251215_nova_dll.py:289] - [on_result] - DEBUG - 接收到 in_progress 且类型为text的消息，当前token计数: 79
2025-12-15 17:20:30,666 - [Quantum_e2e_20251215_nova_dll.py:311] - [on_result] - INFO - Got result for job 106: {'job_id': 106, 'status': 'in_progress', 'timestamp': '2025-12-15T17:20:30.666083', 'data': {'type': 'text', 'response': 'That sounds like a wonderful idea! Visiting the pyramids in Egypt would be a remarkable experience. You can explore the Great Pyramid of Giza, the Sphinx, and the surrounding archaeological sites. Each site offers a unique glimpse into ancient history and culture. Make sure to plan your trip to visit during a good season to avoid extreme heat and to fully enjoy your visit to these incredible landmarks. If'}}
2025-12-15 17:20:30,666 - [Quantum_e2e_20251215_nova_dll.py:289] - [on_result] - DEBUG - 接收到 in_progress 且类型为text的消息，当前token计数: 80
2025-12-15 17:20:30,667 - [Quantum_e2e_20251215_nova_dll.py:311] - [on_result] - INFO - Got result for job 106: {'job_id': 106, 'status': 'in_progress', 'timestamp': '2025-12-15T17:20:30.667083', 'data': {'type': 'text', 'response': 'That sounds like a wonderful idea! Visiting the pyramids in Egypt would be a remarkable experience. You can explore the Great Pyramid of Giza, the Sphinx, and the surrounding archaeological sites. Each site offers a unique glimpse into ancient history and culture. Make sure to plan your trip to visit during a good season to avoid extreme heat and to fully enjoy your visit to these incredible landmarks. If you have any specific questions about Egypt'}}
2025-12-15 17:20:30,667 - [Quantum_e2e_20251215_nova_dll.py:289] - [on_result] - DEBUG - 接收到 in_progress 且类型为text的消息，当前token计数: 81
2025-12-15 17:20:30,667 - [Quantum_e2e_20251215_nova_dll.py:311] - [on_result] - INFO - Got result for job 106: {'job_id': 106, 'status': 'in_progress', 'timestamp': '2025-12-15T17:20:30.667083', 'data': {'type': 'text', 'response': 'That sounds like a wonderful idea! Visiting the pyramids in Egypt would be a remarkable experience. You can explore the Great Pyramid of Giza, the Sphinx, and the surrounding archaeological sites. Each site offers a unique glimpse into ancient history and culture. Make sure to plan your trip to visit during a good season to avoid extreme heat and to fully enjoy your visit to these incredible landmarks. If you have any specific questions about Egypt'}}
2025-12-15 17:20:30,667 - [Quantum_e2e_20251215_nova_dll.py:289] - [on_result] - DEBUG - 接收到 in_progress 且类型为text的消息，当前token计数: 82
2025-12-15 17:20:30,668 - [Quantum_e2e_20251215_nova_dll.py:311] - [on_result] - INFO - Got result for job 106: {'job_id': 106, 'status': 'in_progress', 'timestamp': '2025-12-15T17:20:30.668080', 'data': {'type': 'text', 'response': 'That sounds like a wonderful idea! Visiting the pyramids in Egypt would be a remarkable experience. You can explore the Great Pyramid of Giza, the Sphinx, and the surrounding archaeological sites. Each site offers a unique glimpse into ancient history and culture. Make sure to plan your trip to visit during a good season to avoid extreme heat and to fully enjoy your visit to these incredible landmarks. If you have any specific questions about Egypt'}}
2025-12-15 17:20:30,668 - [Quantum_e2e_20251215_nova_dll.py:289] - [on_result] - DEBUG - 接收到 in_progress 且类型为text的消息，当前token计数: 83
2025-12-15 17:20:30,668 - [Quantum_e2e_20251215_nova_dll.py:311] - [on_result] - INFO - Got result for job 106: {'job_id': 106, 'status': 'in_progress', 'timestamp': '2025-12-15T17:20:30.668080', 'data': {'type': 'text', 'response': 'That sounds like a wonderful idea! Visiting the pyramids in Egypt would be a remarkable experience. You can explore the Great Pyramid of Giza, the Sphinx, and the surrounding archaeological sites. Each site offers a unique glimpse into ancient history and culture. Make sure to plan your trip to visit during a good season to avoid extreme heat and to fully enjoy your visit to these incredible landmarks. If you have any specific questions about Egypt'}}
2025-12-15 17:20:30,668 - [Quantum_e2e_20251215_nova_dll.py:289] - [on_result] - DEBUG - 接收到 in_progress 且类型为text的消息，当前token计数: 84
2025-12-15 17:20:30,669 - [Quantum_e2e_20251215_nova_dll.py:311] - [on_result] - INFO - Got result for job 106: {'job_id': 106, 'status': 'in_progress', 'timestamp': '2025-12-15T17:20:30.669076', 'data': {'type': 'text', 'response': 'That sounds like a wonderful idea! Visiting the pyramids in Egypt would be a remarkable experience. You can explore the Great Pyramid of Giza, the Sphinx, and the surrounding archaeological sites. Each site offers a unique glimpse into ancient history and culture. Make sure to plan your trip to visit during a good season to avoid extreme heat and to fully enjoy your visit to these incredible landmarks. If you have any specific questions about Egypt'}}
2025-12-15 17:20:30,669 - [Quantum_e2e_20251215_nova_dll.py:289] - [on_result] - DEBUG - 接收到 in_progress 且类型为text的消息，当前token计数: 85
2025-12-15 17:20:30,669 - [Quantum_e2e_20251215_nova_dll.py:311] - [on_result] - INFO - Got result for job 106: {'job_id': 106, 'status': 'in_progress', 'timestamp': '2025-12-15T17:20:30.669076', 'data': {'type': 'text', 'response': 'That sounds like a wonderful idea! Visiting the pyramids in Egypt would be a remarkable experience. You can explore the Great Pyramid of Giza, the Sphinx, and the surrounding archaeological sites. Each site offers a unique glimpse into ancient history and culture. Make sure to plan your trip to visit during a good season to avoid extreme heat and to fully enjoy your visit to these incredible landmarks. If you have any specific questions about Egypt'}}
2025-12-15 17:20:30,669 - [Quantum_e2e_20251215_nova_dll.py:289] - [on_result] - DEBUG - 接收到 in_progress 且类型为text的消息，当前token计数: 86
2025-12-15 17:20:30,670 - [Quantum_e2e_20251215_nova_dll.py:311] - [on_result] - INFO - Got result for job 106: {'job_id': 106, 'status': 'in_progress', 'timestamp': '2025-12-15T17:20:30.669076', 'data': {'type': 'text', 'response': 'That sounds like a wonderful idea! Visiting the pyramids in Egypt would be a remarkable experience. You can explore the Great Pyramid of Giza, the Sphinx, and the surrounding archaeological sites. Each site offers a unique glimpse into ancient history and culture. Make sure to plan your trip to visit during a good season to avoid extreme heat and to fully enjoy your visit to these incredible landmarks. If you have any specific questions about Egypt'}}
2025-12-15 17:20:30,670 - [Quantum_e2e_20251215_nova_dll.py:289] - [on_result] - DEBUG - 接收到 in_progress 且类型为text的消息，当前token计数: 87
2025-12-15 17:20:30,670 - [Quantum_e2e_20251215_nova_dll.py:311] - [on_result] - INFO - Got result for job 106: {'job_id': 106, 'status': 'in_progress', 'timestamp': '2025-12-15T17:20:30.670079', 'data': {'type': 'text', 'response': 'That sounds like a wonderful idea! Visiting the pyramids in Egypt would be a remarkable experience. You can explore the Great Pyramid of Giza, the Sphinx, and the surrounding archaeological sites. Each site offers a unique glimpse into ancient history and culture. Make sure to plan your trip to visit during a good season to avoid extreme heat and to fully enjoy your visit to these incredible landmarks. If you have any specific questions about Egypt or planning'}}
2025-12-15 17:20:30,670 - [Quantum_e2e_20251215_nova_dll.py:289] - [on_result] - DEBUG - 接收到 in_progress 且类型为text的消息，当前token计数: 88
2025-12-15 17:20:30,671 - [Quantum_e2e_20251215_nova_dll.py:311] - [on_result] - INFO - Got result for job 106: {'job_id': 106, 'status': 'in_progress', 'timestamp': '2025-12-15T17:20:30.671077', 'data': {'type': 'text', 'response': 'That sounds like a wonderful idea! Visiting the pyramids in Egypt would be a remarkable experience. You can explore the Great Pyramid of Giza, the Sphinx, and the surrounding archaeological sites. Each site offers a unique glimpse into ancient history and culture. Make sure to plan your trip to visit during a good season to avoid extreme heat and to fully enjoy your visit to these incredible landmarks. If you have any specific questions about Egypt or planning'}}
2025-12-15 17:20:30,671 - [Quantum_e2e_20251215_nova_dll.py:289] - [on_result] - DEBUG - 接收到 in_progress 且类型为text的消息，当前token计数: 89
2025-12-15 17:20:30,671 - [Quantum_e2e_20251215_nova_dll.py:311] - [on_result] - INFO - Got result for job 106: {'job_id': 106, 'status': 'in_progress', 'timestamp': '2025-12-15T17:20:30.671077', 'data': {'type': 'text', 'response': 'That sounds like a wonderful idea! Visiting the pyramids in Egypt would be a remarkable experience. You can explore the Great Pyramid of Giza, the Sphinx, and the surrounding archaeological sites. Each site offers a unique glimpse into ancient history and culture. Make sure to plan your trip to visit during a good season to avoid extreme heat and to fully enjoy your visit to these incredible landmarks. If you have any specific questions about Egypt or planning your trip, feel free to ask'}}
2025-12-15 17:20:30,671 - [Quantum_e2e_20251215_nova_dll.py:289] - [on_result] - DEBUG - 接收到 in_progress 且类型为text的消息，当前token计数: 90
2025-12-15 17:20:30,671 - [Quantum_e2e_20251215_nova_dll.py:311] - [on_result] - INFO - Got result for job 106: {'job_id': 106, 'status': 'in_progress', 'timestamp': '2025-12-15T17:20:30.671077', 'data': {'type': 'text', 'response': 'That sounds like a wonderful idea! Visiting the pyramids in Egypt would be a remarkable experience. You can explore the Great Pyramid of Giza, the Sphinx, and the surrounding archaeological sites. Each site offers a unique glimpse into ancient history and culture. Make sure to plan your trip to visit during a good season to avoid extreme heat and to fully enjoy your visit to these incredible landmarks. If you have any specific questions about Egypt or planning your trip, feel free to ask'}}
2025-12-15 17:20:30,672 - [Quantum_e2e_20251215_nova_dll.py:289] - [on_result] - DEBUG - 接收到 in_progress 且类型为text的消息，当前token计数: 91
2025-12-15 17:20:30,672 - [Quantum_e2e_20251215_nova_dll.py:311] - [on_result] - INFO - Got result for job 106: {'job_id': 106, 'status': 'in_progress', 'timestamp': '2025-12-15T17:20:30.672077', 'data': {'type': 'text', 'response': 'That sounds like a wonderful idea! Visiting the pyramids in Egypt would be a remarkable experience. You can explore the Great Pyramid of Giza, the Sphinx, and the surrounding archaeological sites. Each site offers a unique glimpse into ancient history and culture. Make sure to plan your trip to visit during a good season to avoid extreme heat and to fully enjoy your visit to these incredible landmarks. If you have any specific questions about Egypt or planning your trip, feel free to ask'}}
2025-12-15 17:20:30,672 - [Quantum_e2e_20251215_nova_dll.py:289] - [on_result] - DEBUG - 接收到 in_progress 且类型为text的消息，当前token计数: 92
2025-12-15 17:20:30,672 - [Quantum_e2e_20251215_nova_dll.py:311] - [on_result] - INFO - Got result for job 106: {'job_id': 106, 'status': 'in_progress', 'timestamp': '2025-12-15T17:20:30.672077', 'data': {'type': 'text', 'response': 'That sounds like a wonderful idea! Visiting the pyramids in Egypt would be a remarkable experience. You can explore the Great Pyramid of Giza, the Sphinx, and the surrounding archaeological sites. Each site offers a unique glimpse into ancient history and culture. Make sure to plan your trip to visit during a good season to avoid extreme heat and to fully enjoy your visit to these incredible landmarks. If you have any specific questions about Egypt or planning your trip, feel free to ask'}}
2025-12-15 17:20:30,672 - [Quantum_e2e_20251215_nova_dll.py:289] - [on_result] - DEBUG - 接收到 in_progress 且类型为text的消息，当前token计数: 93
2025-12-15 17:20:30,672 - [Quantum_e2e_20251215_nova_dll.py:311] - [on_result] - INFO - Got result for job 106: {'job_id': 106, 'status': 'in_progress', 'timestamp': '2025-12-15T17:20:30.672077', 'data': {'type': 'text', 'response': 'That sounds like a wonderful idea! Visiting the pyramids in Egypt would be a remarkable experience. You can explore the Great Pyramid of Giza, the Sphinx, and the surrounding archaeological sites. Each site offers a unique glimpse into ancient history and culture. Make sure to plan your trip to visit during a good season to avoid extreme heat and to fully enjoy your visit to these incredible landmarks. If you have any specific questions about Egypt or planning your trip, feel free to ask'}}
2025-12-15 17:20:30,673 - [Quantum_e2e_20251215_nova_dll.py:289] - [on_result] - DEBUG - 接收到 in_progress 且类型为text的消息，当前token计数: 94
2025-12-15 17:20:30,673 - [Quantum_e2e_20251215_nova_dll.py:311] - [on_result] - INFO - Got result for job 106: {'job_id': 106, 'status': 'in_progress', 'timestamp': '2025-12-15T17:20:30.673077', 'data': {'type': 'text', 'response': 'That sounds like a wonderful idea! Visiting the pyramids in Egypt would be a remarkable experience. You can explore the Great Pyramid of Giza, the Sphinx, and the surrounding archaeological sites. Each site offers a unique glimpse into ancient history and culture. Make sure to plan your trip to visit during a good season to avoid extreme heat and to fully enjoy your visit to these incredible landmarks. If you have any specific questions about Egypt or planning your trip, feel free to ask'}}
2025-12-15 17:20:30,673 - [Quantum_e2e_20251215_nova_dll.py:289] - [on_result] - DEBUG - 接收到 in_progress 且类型为text的消息，当前token计数: 95
2025-12-15 17:20:30,673 - [Quantum_e2e_20251215_nova_dll.py:311] - [on_result] - INFO - Got result for job 106: {'job_id': 106, 'status': 'in_progress', 'timestamp': '2025-12-15T17:20:30.673077', 'data': {'type': 'text', 'response': 'That sounds like a wonderful idea! Visiting the pyramids in Egypt would be a remarkable experience. You can explore the Great Pyramid of Giza, the Sphinx, and the surrounding archaeological sites. Each site offers a unique glimpse into ancient history and culture. Make sure to plan your trip to visit during a good season to avoid extreme heat and to fully enjoy your visit to these incredible landmarks. If you have any specific questions about Egypt or planning your trip, feel free to ask'}}
2025-12-15 17:20:30,673 - [Quantum_e2e_20251215_nova_dll.py:289] - [on_result] - DEBUG - 接收到 in_progress 且类型为text的消息，当前token计数: 96
2025-12-15 17:20:30,674 - [Quantum_e2e_20251215_nova_dll.py:311] - [on_result] - INFO - Got result for job 106: {'job_id': 106, 'status': 'in_progress', 'timestamp': '2025-12-15T17:20:30.674078', 'data': {'type': 'text', 'response': 'That sounds like a wonderful idea! Visiting the pyramids in Egypt would be a remarkable experience. You can explore the Great Pyramid of Giza, the Sphinx, and the surrounding archaeological sites. Each site offers a unique glimpse into ancient history and culture. Make sure to plan your trip to visit during a good season to avoid extreme heat and to fully enjoy your visit to these incredible landmarks. If you have any specific questions about Egypt or planning your trip, feel free to ask!'}}
2025-12-15 17:20:30,674 - [Quantum_e2e_20251215_nova_dll.py:289] - [on_result] - DEBUG - 接收到 in_progress 且类型为text的消息，当前token计数: 97
2025-12-15 17:20:30,674 - [Quantum_e2e_20251215_nova_dll.py:311] - [on_result] - INFO - Got result for job 106: {'job_id': 106, 'status': 'in_progress', 'timestamp': '2025-12-15T17:20:30.674078', 'data': {'type': 'text', 'response': 'That sounds like a wonderful idea! Visiting the pyramids in Egypt would be a remarkable experience. You can explore the Great Pyramid of Giza, the Sphinx, and the surrounding archaeological sites. Each site offers a unique glimpse into ancient history and culture. Make sure to plan your trip to visit during a good season to avoid extreme heat and to fully enjoy your visit to these incredible landmarks. If you have any specific questions about Egypt or planning your trip, feel free to ask!'}}
2025-12-15 17:20:30,675 - [Quantum_e2e_20251215_nova_dll.py:311] - [on_result] - INFO - Got result for job 106: {'job_id': 106, 'status': 'in_progress', 'timestamp': '2025-12-15T17:20:30.675081', 'data': {'type': 'timings', 'response': '{"check_pending_elicitation":{"startTimestamp":1765790398685,"endTimestamp":1765790398685},"update_chat_history":{"startTimestamp":1765790398685,"endTimestamp":1765790398689},"select_handler":{"startTimestamp":1765790398690,"endTimestamp":1765790398704},"load_agent":{"startTimestamp":1765790398705,"endTimestamp":1765790398796},"load_session":{"startTimestamp":1765790398796,"endTimestamp":-1},"first_token":{"startTimestamp":1765790398805,"endTimestamp":1765790400547},"device_connection":{"startTimestamp":1765790398805,"endTimestamp":1765790429252},"DomainClassifierNode":{"startTimestamp":1765790398810,"endTimestamp":1765790400215},"RewriteJudgeNode":{"startTimestamp":1765790400216,"endTimestamp":1765790400545},"LocalTaskPlaningNode":{"startTimestamp":1765790400547,"endTimestamp":1765790400548},"IntentMappingNode":{"startTimestamp":1765790400549,"endTimestamp":1765790405997},"GeneralGenerationNode":{"startTimestamp":1765790405999,"endTimestamp":1765790429250}}'}}
2025-12-15 17:20:30,675 - [Quantum_e2e_20251215_nova_dll.py:311] - [on_result] - INFO - Got result for job 106: {'job_id': 106, 'status': 'complete', 'timestamp': '2025-12-15T17:20:30.675081', 'data': {'type': 'text', 'response': 'That sounds like a wonderful idea! Visiting the pyramids in Egypt would be a remarkable experience. You can explore the Great Pyramid of Giza, the Sphinx, and the surrounding archaeological sites. Each site offers a unique glimpse into ancient history and culture. Make sure to plan your trip to visit during a good season to avoid extreme heat and to fully enjoy your visit to these incredible landmarks. If you have any specific questions about Egypt or planning your trip, feel free to ask!'}}
2025-12-15 17:20:30,676 - [Quantum_e2e_20251215_nova_dll.py:322] - [on_result] - INFO - 响应时间: 31.99秒
2025-12-15 17:20:30,676 - [Quantum_e2e_20251215_nova_dll.py:323] - [on_result] - INFO - 结束时间: 2025-12-15 17:20:30.676
2025-12-15 17:20:30,676 - [Quantum_e2e_20251215_nova_dll.py:331] - [on_result] - INFO - TTFT (Time To First Token): 13.082秒
2025-12-15 17:20:30,676 - [Quantum_e2e_20251215_nova_dll.py:339] - [on_result] - INFO - 性能指标:
2025-12-15 17:20:30,676 - [Quantum_e2e_20251215_nova_dll.py:340] - [on_result] - INFO -   - 首字时间: 2025-12-15 17:20:11.766
2025-12-15 17:20:30,676 - [Quantum_e2e_20251215_nova_dll.py:341] - [on_result] - INFO -   - TTFT (Time To First Token): 13.082秒
2025-12-15 17:20:30,676 - [Quantum_e2e_20251215_nova_dll.py:342] - [on_result] - INFO -   - Token数量: 97
2025-12-15 17:20:30,676 - [Quantum_e2e_20251215_nova_dll.py:343] - [on_result] - INFO -   - 生成速度: 5.13 tokens/秒
2025-12-15 17:20:30,677 - [Quantum_e2e_20251215_nova_dll.py:344] - [on_result] - INFO -   - 生成时间: 18.909秒
2025-12-15 17:20:30,677 - [Quantum_e2e_20251215_nova_dll.py:1772] - [process_memory_data] - INFO - 第 1 行, 列 'user_content_1' 处理完成
2025-12-15 17:20:30,700 - [Quantum_e2e_20251215_nova_dll.py:1784] - [process_memory_data] - INFO - 第 1 行结果已保存
2025-12-15 17:20:30,700 - [Quantum_e2e_20251215_nova_dll.py:1649] - [process_memory_data] - INFO - 
处理Memory第 2 行...
2025-12-15 17:20:30,701 - [Quantum_e2e_20251215_nova_dll.py:431] - [send_model_call] - INFO - Sending session call with payload: {"action": "create"}
2025-12-15 17:20:30,701 - [Quantum_e2e_20251215_nova_dll.py:460] - [send_model_call] - INFO - quantum_send_command start
2025-12-15 17:20:30,756 - [Quantum_e2e_20251215_nova_dll.py:462] - [send_model_call] - INFO - quantum_send_command end
2025-12-15 17:20:30,757 - [Quantum_e2e_20251215_nova_dll.py:472] - [send_model_call] - INFO - Sent session call, job ID: 107
2025-12-15 17:20:30,832 - [Quantum_e2e_20251215_nova_dll.py:244] - [on_result] - WARNING - 无法识别模式，使用默认模式: local_brain
2025-12-15 17:20:30,833 - [Quantum_e2e_20251215_nova_dll.py:311] - [on_result] - INFO - Got result for job 107: {'job_id': 107, 'status': 'complete', 'timestamp': '2025-12-15T17:20:30.833243', 'data': {'sessionID': 'a242b8e2-ed1a-469c-bbba-256bbb2c2a5c'}}
2025-12-15 17:20:30,833 - [Quantum_e2e_20251215_nova_dll.py:685] - [create_session] - INFO - 成功创建会话，session_id: a242b8e2-ed1a-469c-bbba-256bbb2c2a5c, job_id: 107
2025-12-15 17:20:30,834 - [Quantum_e2e_20251215_nova_dll.py:1684] - [process_memory_data] - INFO - 处理第 2 行, 列 'user_content_1'...
2025-12-15 17:20:30,835 - [Quantum_e2e_20251215_nova_dll.py:1716] - [process_memory_data] - INFO - 在目录 C:\Users\obe\Desktop\LRIA_llm_eval\eval\Quantum_e2e_v20251210_nova\Image 中未找到图片文件: 1 (2).jpg
2025-12-15 17:20:30,836 - [Quantum_e2e_20251215_nova_dll.py:1732] - [process_memory_data] - INFO - 第 2 行, 列 'user_content_1' user_content不为空
2025-12-15 17:20:30,836 - [Quantum_e2e_20251215_nova_dll.py:1736] - [process_memory_data] - INFO - 第 2 行, 列 'user_content_1' user_content不为空但无图片，仅发送文本
2025-12-15 17:20:30,836 - [Quantum_e2e_20251215_nova_dll.py:1740] - [process_memory_data] - INFO - 第 2 行, 列 'user_content_1' 所有图片都未找到，跳过执行
2025-12-15 17:20:30,849 - [Quantum_e2e_20251215_nova_dll.py:1748] - [process_memory_data] - INFO - 第 2 行结果已保存
2025-12-15 17:20:30,859 - [Quantum_e2e_20251215_nova_dll.py:1794] - [process_memory_data] - INFO - 
所有Memory数据处理完成，结果已保存到: c:\Users\obe\Desktop\LRIA_llm_eval\eval\Quantum_e2e_v20251215_nova_dll\Memory_data_with_responses_20251215_171958.xlsx
2025-12-15 17:20:30,859 - [Quantum_e2e_20251215_nova_dll.py:1807] - [process_memory_data_only] - INFO - Memory数据处理完成
2025-12-15 17:20:30,860 - [Quantum_e2e_20251215_nova_dll.py:1969] - [run_quantum_e2e_process] - INFO - Memory数据处理完成
2025-12-15 17:20:30,860 - [Quantum_e2e_20251215_nova_dll.py:1359] - [process_main_excel_only] - INFO - 开始处理主Excel文件，循环轮数: 1
2025-12-15 17:20:30,860 - [Quantum_e2e_20251215_nova_dll.py:1362] - [process_main_excel_only] - INFO - 开始执行第 1/1 轮循环
2025-12-15 17:20:30,880 - [Quantum_e2e_20251215_nova_dll.py:1366] - [process_main_excel_only] - INFO - 成功加载 Excel，共 3 行数据
2025-12-15 17:20:30,957 - [Quantum_e2e_20251215_nova_dll.py:1394] - [process_main_excel_only] - INFO - 创建新的输出文件: c:\Users\obe\Desktop\LRIA_llm_eval\eval\Quantum_e2e_v20251215_nova_dll\testresult\test_results_test_20251215_171958_cycle1.xlsx
2025-12-15 17:20:30,957 - [Quantum_e2e_20251215_nova_dll.py:1411] - [process_main_excel_only] - INFO - 从第 1 行开始处理
2025-12-15 17:20:30,958 - [Quantum_e2e_20251215_nova_dll.py:1479] - [process_main_excel_only] - INFO - 该case不需要附件输入
2025-12-15 17:20:30,958 - [Quantum_e2e_20251215_nova_dll.py:1481] - [process_main_excel_only] - INFO - 
=== 正在处理第 1 行 ===
2025-12-15 17:20:30,958 - [Quantum_e2e_20251215_nova_dll.py:1482] - [process_main_excel_only] - INFO - Question: What is the user’s dream destination?
2025-12-15 17:20:30,958 - [Quantum_e2e_20251215_nova_dll.py:1483] - [process_main_excel_only] - INFO - Pathlist: []
2025-12-15 17:20:30,959 - [Quantum_e2e_20251215_nova_dll.py:1484] - [process_main_excel_only] - INFO - New Session: Y
2025-12-15 17:20:30,959 - [Quantum_e2e_20251215_nova_dll.py:431] - [send_model_call] - INFO - Sending session call with payload: {"action": "create"}
2025-12-15 17:20:30,959 - [Quantum_e2e_20251215_nova_dll.py:460] - [send_model_call] - INFO - quantum_send_command start
2025-12-15 17:20:31,012 - [Quantum_e2e_20251215_nova_dll.py:462] - [send_model_call] - INFO - quantum_send_command end
2025-12-15 17:20:31,013 - [Quantum_e2e_20251215_nova_dll.py:472] - [send_model_call] - INFO - Sent session call, job ID: 108
2025-12-15 17:20:31,299 - [Quantum_e2e_20251215_nova_dll.py:244] - [on_result] - WARNING - 无法识别模式，使用默认模式: local_brain
2025-12-15 17:20:31,300 - [Quantum_e2e_20251215_nova_dll.py:311] - [on_result] - INFO - Got result for job 108: {'job_id': 108, 'status': 'complete', 'timestamp': '2025-12-15T17:20:31.300004', 'data': {'sessionID': '79c3e17e-4123-4079-ab13-ff780ff6aa88'}}
2025-12-15 17:20:31,300 - [Quantum_e2e_20251215_nova_dll.py:685] - [create_session] - INFO - 成功创建会话，session_id: 79c3e17e-4123-4079-ab13-ff780ff6aa88, job_id: 108
2025-12-15 17:20:31,300 - [Quantum_e2e_20251215_nova_dll.py:1156] - [send_query_with_image] - INFO - 发送查询请求: {"query": "What is the user\u2019s dream destination?", "handler": "nova", "sessionID": "79c3e17e-4123-4079-ab13-ff780ff6aa88"}
2025-12-15 17:20:31,301 - [Quantum_e2e_20251215_nova_dll.py:431] - [send_model_call] - INFO - Sending query call with payload: {"query": "What is the user\u2019s dream destination?", "handler": "nova", "sessionID": "79c3e17e-4123-4079-ab13-ff780ff6aa88"}
2025-12-15 17:20:31,301 - [Quantum_e2e_20251215_nova_dll.py:460] - [send_model_call] - INFO - quantum_send_command start
2025-12-15 17:20:31,354 - [Quantum_e2e_20251215_nova_dll.py:462] - [send_model_call] - INFO - quantum_send_command end
2025-12-15 17:20:31,354 - [Quantum_e2e_20251215_nova_dll.py:472] - [send_model_call] - INFO - Sent query call, job ID: 109
2025-12-15 17:20:31,355 - [Quantum_e2e_20251215_nova_dll.py:1180] - [send_query_with_image] - INFO - 开始时间: 2025-12-15 17:20:31.355
2025-12-15 17:20:31,355 - [Quantum_e2e_20251215_nova_dll.py:1184] - [send_query_with_image] - INFO - 任务ID: 109
2025-12-15 17:20:31,414 - [Quantum_e2e_20251215_nova_dll.py:220] - [on_result] - INFO - 检测到 Azure Agent 模式
2025-12-15 17:20:31,415 - [Quantum_e2e_20251215_nova_dll.py:311] - [on_result] - INFO - Got result for job 109: {'job_id': 109, 'status': 'in_progress', 'timestamp': '2025-12-15T17:20:31.415778', 'data': {'response': 'Azure Agent', 'compact': False, 'type': 'handler'}}
2025-12-15 17:20:31,810 - [Quantum_e2e_20251215_nova_dll.py:216] - [on_result] - INFO - 检测到 Local Brain 模式，更新处理模式
2025-12-15 17:20:31,811 - [Quantum_e2e_20251215_nova_dll.py:311] - [on_result] - INFO - Got result for job 109: {'job_id': 109, 'status': 'in_progress', 'timestamp': '2025-12-15T17:20:31.811692', 'data': {'response': 'Local Brain with AMD Ryzen AI 9 165 w/ Radeon 870M              ', 'compact': False, 'type': 'handler'}}
2025-12-15 17:20:35,790 - [Quantum_e2e_20251215_nova_dll.py:275] - [on_result] - INFO - 第一个text响应时间: 2025-12-15 17:20:35.790
2025-12-15 17:20:35,791 - [Quantum_e2e_20251215_nova_dll.py:311] - [on_result] - INFO - Got result for job 109: {'job_id': 109, 'status': 'in_progress', 'timestamp': '2025-12-15T17:20:35.791870', 'data': {'type': 'text', 'response': "What is the user's dream destination?"}}
2025-12-15 17:20:50,088 - [Quantum_e2e_20251215_nova_dll.py:267] - [on_result] - INFO - 首字时间 (text类型): 2025-12-15 17:20:50.088
2025-12-15 17:20:50,089 - [Quantum_e2e_20251215_nova_dll.py:289] - [on_result] - DEBUG - 接收到 in_progress 且类型为text的消息，当前token计数: 1
2025-12-15 17:20:50,089 - [Quantum_e2e_20251215_nova_dll.py:311] - [on_result] - INFO - Got result for job 109: {'job_id': 109, 'status': 'in_progress', 'timestamp': '2025-12-15T17:20:50.089404', 'data': {'type': 'text', 'response': 'The document'}}
2025-12-15 17:20:50,090 - [Quantum_e2e_20251215_nova_dll.py:289] - [on_result] - DEBUG - 接收到 in_progress 且类型为text的消息，当前token计数: 2
2025-12-15 17:20:50,090 - [Quantum_e2e_20251215_nova_dll.py:311] - [on_result] - INFO - Got result for job 109: {'job_id': 109, 'status': 'in_progress', 'timestamp': '2025-12-15T17:20:50.090411', 'data': {'type': 'text', 'response': 'The document'}}
2025-12-15 17:20:50,091 - [Quantum_e2e_20251215_nova_dll.py:289] - [on_result] - DEBUG - 接收到 in_progress 且类型为text的消息，当前token计数: 3
2025-12-15 17:20:50,091 - [Quantum_e2e_20251215_nova_dll.py:311] - [on_result] - INFO - Got result for job 109: {'job_id': 109, 'status': 'in_progress', 'timestamp': '2025-12-15T17:20:50.091406', 'data': {'type': 'text', 'response': 'The document does not provide'}}
2025-12-15 17:20:50,092 - [Quantum_e2e_20251215_nova_dll.py:289] - [on_result] - DEBUG - 接收到 in_progress 且类型为text的消息，当前token计数: 4
2025-12-15 17:20:50,092 - [Quantum_e2e_20251215_nova_dll.py:311] - [on_result] - INFO - Got result for job 109: {'job_id': 109, 'status': 'in_progress', 'timestamp': '2025-12-15T17:20:50.092405', 'data': {'type': 'text', 'response': 'The document does not provide specific information about'}}
2025-12-15 17:20:50,092 - [Quantum_e2e_20251215_nova_dll.py:289] - [on_result] - DEBUG - 接收到 in_progress 且类型为text的消息，当前token计数: 5
2025-12-15 17:20:50,092 - [Quantum_e2e_20251215_nova_dll.py:311] - [on_result] - INFO - Got result for job 109: {'job_id': 109, 'status': 'in_progress', 'timestamp': '2025-12-15T17:20:50.092405', 'data': {'type': 'text', 'response': 'The document does not provide specific information about'}}
2025-12-15 17:20:50,093 - [Quantum_e2e_20251215_nova_dll.py:289] - [on_result] - DEBUG - 接收到 in_progress 且类型为text的消息，当前token计数: 6
2025-12-15 17:20:50,093 - [Quantum_e2e_20251215_nova_dll.py:311] - [on_result] - INFO - Got result for job 109: {'job_id': 109, 'status': 'in_progress', 'timestamp': '2025-12-15T17:20:50.093407', 'data': {'type': 'text', 'response': 'The document does not provide specific information about'}}
2025-12-15 17:20:50,094 - [Quantum_e2e_20251215_nova_dll.py:289] - [on_result] - DEBUG - 接收到 in_progress 且类型为text的消息，当前token计数: 7
2025-12-15 17:20:50,094 - [Quantum_e2e_20251215_nova_dll.py:311] - [on_result] - INFO - Got result for job 109: {'job_id': 109, 'status': 'in_progress', 'timestamp': '2025-12-15T17:20:50.094406', 'data': {'type': 'text', 'response': 'The document does not provide specific information about'}}
2025-12-15 17:20:50,094 - [Quantum_e2e_20251215_nova_dll.py:289] - [on_result] - DEBUG - 接收到 in_progress 且类型为text的消息，当前token计数: 8
2025-12-15 17:20:50,094 - [Quantum_e2e_20251215_nova_dll.py:311] - [on_result] - INFO - Got result for job 109: {'job_id': 109, 'status': 'in_progress', 'timestamp': '2025-12-15T17:20:50.094406', 'data': {'type': 'text', 'response': 'The document does not provide specific information about'}}
2025-12-15 17:20:50,095 - [Quantum_e2e_20251215_nova_dll.py:289] - [on_result] - DEBUG - 接收到 in_progress 且类型为text的消息，当前token计数: 9
2025-12-15 17:20:50,095 - [Quantum_e2e_20251215_nova_dll.py:311] - [on_result] - INFO - Got result for job 109: {'job_id': 109, 'status': 'in_progress', 'timestamp': '2025-12-15T17:20:50.095406', 'data': {'type': 'text', 'response': "The document does not provide specific information about a user's dream"}}
2025-12-15 17:20:50,095 - [Quantum_e2e_20251215_nova_dll.py:289] - [on_result] - DEBUG - 接收到 in_progress 且类型为text的消息，当前token计数: 10
2025-12-15 17:20:50,096 - [Quantum_e2e_20251215_nova_dll.py:311] - [on_result] - INFO - Got result for job 109: {'job_id': 109, 'status': 'in_progress', 'timestamp': '2025-12-15T17:20:50.096406', 'data': {'type': 'text', 'response': "The document does not provide specific information about a user's dream"}}
2025-12-15 17:20:50,096 - [Quantum_e2e_20251215_nova_dll.py:289] - [on_result] - DEBUG - 接收到 in_progress 且类型为text的消息，当前token计数: 11
2025-12-15 17:20:50,096 - [Quantum_e2e_20251215_nova_dll.py:311] - [on_result] - INFO - Got result for job 109: {'job_id': 109, 'status': 'in_progress', 'timestamp': '2025-12-15T17:20:50.096406', 'data': {'type': 'text', 'response': "The document does not provide specific information about a user's dream"}}
2025-12-15 17:20:50,097 - [Quantum_e2e_20251215_nova_dll.py:289] - [on_result] - DEBUG - 接收到 in_progress 且类型为text的消息，当前token计数: 12
2025-12-15 17:20:50,097 - [Quantum_e2e_20251215_nova_dll.py:311] - [on_result] - INFO - Got result for job 109: {'job_id': 109, 'status': 'in_progress', 'timestamp': '2025-12-15T17:20:50.097404', 'data': {'type': 'text', 'response': "The document does not provide specific information about a user's dream destination. It discusses general scenarios"}}
2025-12-15 17:20:50,098 - [Quantum_e2e_20251215_nova_dll.py:289] - [on_result] - DEBUG - 接收到 in_progress 且类型为text的消息，当前token计数: 13
2025-12-15 17:20:50,098 - [Quantum_e2e_20251215_nova_dll.py:311] - [on_result] - INFO - Got result for job 109: {'job_id': 109, 'status': 'in_progress', 'timestamp': '2025-12-15T17:20:50.098406', 'data': {'type': 'text', 'response': "The document does not provide specific information about a user's dream destination. It discusses general scenarios"}}
2025-12-15 17:20:50,098 - [Quantum_e2e_20251215_nova_dll.py:289] - [on_result] - DEBUG - 接收到 in_progress 且类型为text的消息，当前token计数: 14
2025-12-15 17:20:50,099 - [Quantum_e2e_20251215_nova_dll.py:311] - [on_result] - INFO - Got result for job 109: {'job_id': 109, 'status': 'in_progress', 'timestamp': '2025-12-15T17:20:50.099406', 'data': {'type': 'text', 'response': "The document does not provide specific information about a user's dream destination. It discusses general scenarios"}}
2025-12-15 17:20:50,099 - [Quantum_e2e_20251215_nova_dll.py:289] - [on_result] - DEBUG - 接收到 in_progress 且类型为text的消息，当前token计数: 15
2025-12-15 17:20:50,099 - [Quantum_e2e_20251215_nova_dll.py:311] - [on_result] - INFO - Got result for job 109: {'job_id': 109, 'status': 'in_progress', 'timestamp': '2025-12-15T17:20:50.099406', 'data': {'type': 'text', 'response': "The document does not provide specific information about a user's dream destination. It discusses general scenarios"}}
2025-12-15 17:20:50,100 - [Quantum_e2e_20251215_nova_dll.py:289] - [on_result] - DEBUG - 接收到 in_progress 且类型为text的消息，当前token计数: 16
2025-12-15 17:20:50,100 - [Quantum_e2e_20251215_nova_dll.py:311] - [on_result] - INFO - Got result for job 109: {'job_id': 109, 'status': 'in_progress', 'timestamp': '2025-12-15T17:20:50.100404', 'data': {'type': 'text', 'response': "The document does not provide specific information about a user's dream destination. It discusses general scenarios"}}
2025-12-15 17:20:50,100 - [Quantum_e2e_20251215_nova_dll.py:289] - [on_result] - DEBUG - 接收到 in_progress 且类型为text的消息，当前token计数: 17
2025-12-15 17:20:50,101 - [Quantum_e2e_20251215_nova_dll.py:311] - [on_result] - INFO - Got result for job 109: {'job_id': 109, 'status': 'in_progress', 'timestamp': '2025-12-15T17:20:50.101406', 'data': {'type': 'text', 'response': "The document does not provide specific information about a user's dream destination. It discusses general scenarios"}}
2025-12-15 17:20:50,101 - [Quantum_e2e_20251215_nova_dll.py:289] - [on_result] - DEBUG - 接收到 in_progress 且类型为text的消息，当前token计数: 18
2025-12-15 17:20:50,101 - [Quantum_e2e_20251215_nova_dll.py:311] - [on_result] - INFO - Got result for job 109: {'job_id': 109, 'status': 'in_progress', 'timestamp': '2025-12-15T17:20:50.101406', 'data': {'type': 'text', 'response': "The document does not provide specific information about a user's dream destination. It discusses general scenarios related to"}}
2025-12-15 17:20:50,102 - [Quantum_e2e_20251215_nova_dll.py:289] - [on_result] - DEBUG - 接收到 in_progress 且类型为text的消息，当前token计数: 19
2025-12-15 17:20:50,102 - [Quantum_e2e_20251215_nova_dll.py:311] - [on_result] - INFO - Got result for job 109: {'job_id': 109, 'status': 'in_progress', 'timestamp': '2025-12-15T17:20:50.102405', 'data': {'type': 'text', 'response': "The document does not provide specific information about a user's dream destination. It discusses general scenarios related to the"}}
2025-12-15 17:20:50,103 - [Quantum_e2e_20251215_nova_dll.py:289] - [on_result] - DEBUG - 接收到 in_progress 且类型为text的消息，当前token计数: 20
2025-12-15 17:20:50,103 - [Quantum_e2e_20251215_nova_dll.py:311] - [on_result] - INFO - Got result for job 109: {'job_id': 109, 'status': 'in_progress', 'timestamp': '2025-12-15T17:20:50.103407', 'data': {'type': 'text', 'response': "The document does not provide specific information about a user's dream destination. It discusses general scenarios related to the metaverse"}}
2025-12-15 17:20:50,104 - [Quantum_e2e_20251215_nova_dll.py:289] - [on_result] - DEBUG - 接收到 in_progress 且类型为text的消息，当前token计数: 21
2025-12-15 17:20:50,104 - [Quantum_e2e_20251215_nova_dll.py:311] - [on_result] - INFO - Got result for job 109: {'job_id': 109, 'status': 'in_progress', 'timestamp': '2025-12-15T17:20:50.104408', 'data': {'type': 'text', 'response': "The document does not provide specific information about a user's dream destination. It discusses general scenarios related to the metaverse, such as"}}
2025-12-15 17:20:50,104 - [Quantum_e2e_20251215_nova_dll.py:289] - [on_result] - DEBUG - 接收到 in_progress 且类型为text的消息，当前token计数: 22
2025-12-15 17:20:50,105 - [Quantum_e2e_20251215_nova_dll.py:311] - [on_result] - INFO - Got result for job 109: {'job_id': 109, 'status': 'in_progress', 'timestamp': '2025-12-15T17:20:50.105417', 'data': {'type': 'text', 'response': "The document does not provide specific information about a user's dream destination. It discusses general scenarios related to the metaverse, such as"}}
2025-12-15 17:20:50,105 - [Quantum_e2e_20251215_nova_dll.py:289] - [on_result] - DEBUG - 接收到 in_progress 且类型为text的消息，当前token计数: 23
2025-12-15 17:20:50,105 - [Quantum_e2e_20251215_nova_dll.py:311] - [on_result] - INFO - Got result for job 109: {'job_id': 109, 'status': 'in_progress', 'timestamp': '2025-12-15T17:20:50.105417', 'data': {'type': 'text', 'response': "The document does not provide specific information about a user's dream destination. It discusses general scenarios related to the metaverse, such as"}}
2025-12-15 17:20:50,106 - [Quantum_e2e_20251215_nova_dll.py:289] - [on_result] - DEBUG - 接收到 in_progress 且类型为text的消息，当前token计数: 24
2025-12-15 17:20:50,106 - [Quantum_e2e_20251215_nova_dll.py:311] - [on_result] - INFO - Got result for job 109: {'job_id': 109, 'status': 'in_progress', 'timestamp': '2025-12-15T17:20:50.106418', 'data': {'type': 'text', 'response': "The document does not provide specific information about a user's dream destination. It discusses general scenarios related to the metaverse, such as"}}
2025-12-15 17:20:50,106 - [Quantum_e2e_20251215_nova_dll.py:289] - [on_result] - DEBUG - 接收到 in_progress 且类型为text的消息，当前token计数: 25
2025-12-15 17:20:50,106 - [Quantum_e2e_20251215_nova_dll.py:311] - [on_result] - INFO - Got result for job 109: {'job_id': 109, 'status': 'in_progress', 'timestamp': '2025-12-15T17:20:50.106418', 'data': {'type': 'text', 'response': "The document does not provide specific information about a user's dream destination. It discusses general scenarios related to the metaverse, such as"}}
2025-12-15 17:20:50,107 - [Quantum_e2e_20251215_nova_dll.py:289] - [on_result] - DEBUG - 接收到 in_progress 且类型为text的消息，当前token计数: 26
2025-12-15 17:20:50,107 - [Quantum_e2e_20251215_nova_dll.py:311] - [on_result] - INFO - Got result for job 109: {'job_id': 109, 'status': 'in_progress', 'timestamp': '2025-12-15T17:20:50.107418', 'data': {'type': 'text', 'response': "The document does not provide specific information about a user's dream destination. It discusses general scenarios related to the metaverse, such as a person using"}}
2025-12-15 17:20:50,107 - [Quantum_e2e_20251215_nova_dll.py:289] - [on_result] - DEBUG - 接收到 in_progress 且类型为text的消息，当前token计数: 27
2025-12-15 17:20:50,108 - [Quantum_e2e_20251215_nova_dll.py:311] - [on_result] - INFO - Got result for job 109: {'job_id': 109, 'status': 'in_progress', 'timestamp': '2025-12-15T17:20:50.108417', 'data': {'type': 'text', 'response': "The document does not provide specific information about a user's dream destination. It discusses general scenarios related to the metaverse, such as a person using"}}
2025-12-15 17:20:50,108 - [Quantum_e2e_20251215_nova_dll.py:289] - [on_result] - DEBUG - 接收到 in_progress 且类型为text的消息，当前token计数: 28
2025-12-15 17:20:50,108 - [Quantum_e2e_20251215_nova_dll.py:311] - [on_result] - INFO - Got result for job 109: {'job_id': 109, 'status': 'in_progress', 'timestamp': '2025-12-15T17:20:50.108417', 'data': {'type': 'text', 'response': "The document does not provide specific information about a user's dream destination. It discusses general scenarios related to the metaverse, such as a person using"}}
2025-12-15 17:20:50,109 - [Quantum_e2e_20251215_nova_dll.py:289] - [on_result] - DEBUG - 接收到 in_progress 且类型为text的消息，当前token计数: 29
2025-12-15 17:20:50,109 - [Quantum_e2e_20251215_nova_dll.py:311] - [on_result] - INFO - Got result for job 109: {'job_id': 109, 'status': 'in_progress', 'timestamp': '2025-12-15T17:20:50.109420', 'data': {'type': 'text', 'response': "The document does not provide specific information about a user's dream destination. It discusses general scenarios related to the metaverse, such as a person using an AI assistant to find"}}
2025-12-15 17:20:50,109 - [Quantum_e2e_20251215_nova_dll.py:289] - [on_result] - DEBUG - 接收到 in_progress 且类型为text的消息，当前token计数: 30
2025-12-15 17:20:50,110 - [Quantum_e2e_20251215_nova_dll.py:311] - [on_result] - INFO - Got result for job 109: {'job_id': 109, 'status': 'in_progress', 'timestamp': '2025-12-15T17:20:50.110419', 'data': {'type': 'text', 'response': "The document does not provide specific information about a user's dream destination. It discusses general scenarios related to the metaverse, such as a person using an AI assistant to find"}}
2025-12-15 17:20:50,110 - [Quantum_e2e_20251215_nova_dll.py:289] - [on_result] - DEBUG - 接收到 in_progress 且类型为text的消息，当前token计数: 31
2025-12-15 17:20:50,110 - [Quantum_e2e_20251215_nova_dll.py:311] - [on_result] - INFO - Got result for job 109: {'job_id': 109, 'status': 'in_progress', 'timestamp': '2025-12-15T17:20:50.110419', 'data': {'type': 'text', 'response': "The document does not provide specific information about a user's dream destination. It discusses general scenarios related to the metaverse, such as a person using an AI assistant to find"}}
2025-12-15 17:20:50,110 - [Quantum_e2e_20251215_nova_dll.py:289] - [on_result] - DEBUG - 接收到 in_progress 且类型为text的消息，当前token计数: 32
2025-12-15 17:20:50,111 - [Quantum_e2e_20251215_nova_dll.py:311] - [on_result] - INFO - Got result for job 109: {'job_id': 109, 'status': 'in_progress', 'timestamp': '2025-12-15T17:20:50.111419', 'data': {'type': 'text', 'response': "The document does not provide specific information about a user's dream destination. It discusses general scenarios related to the metaverse, such as a person using an AI assistant to find"}}
2025-12-15 17:20:50,111 - [Quantum_e2e_20251215_nova_dll.py:289] - [on_result] - DEBUG - 接收到 in_progress 且类型为text的消息，当前token计数: 33
2025-12-15 17:20:50,111 - [Quantum_e2e_20251215_nova_dll.py:311] - [on_result] - INFO - Got result for job 109: {'job_id': 109, 'status': 'in_progress', 'timestamp': '2025-12-15T17:20:50.111419', 'data': {'type': 'text', 'response': "The document does not provide specific information about a user's dream destination. It discusses general scenarios related to the metaverse, such as a person using an AI assistant to find"}}
2025-12-15 17:20:50,112 - [Quantum_e2e_20251215_nova_dll.py:289] - [on_result] - DEBUG - 接收到 in_progress 且类型为text的消息，当前token计数: 34
2025-12-15 17:20:50,112 - [Quantum_e2e_20251215_nova_dll.py:311] - [on_result] - INFO - Got result for job 109: {'job_id': 109, 'status': 'in_progress', 'timestamp': '2025-12-15T17:20:50.112416', 'data': {'type': 'text', 'response': "The document does not provide specific information about a user's dream destination. It discusses general scenarios related to the metaverse, such as a person using an AI assistant to find restaurants or a"}}
2025-12-15 17:20:50,112 - [Quantum_e2e_20251215_nova_dll.py:289] - [on_result] - DEBUG - 接收到 in_progress 且类型为text的消息，当前token计数: 35
2025-12-15 17:20:50,112 - [Quantum_e2e_20251215_nova_dll.py:311] - [on_result] - INFO - Got result for job 109: {'job_id': 109, 'status': 'in_progress', 'timestamp': '2025-12-15T17:20:50.112416', 'data': {'type': 'text', 'response': "The document does not provide specific information about a user's dream destination. It discusses general scenarios related to the metaverse, such as a person using an AI assistant to find restaurants or a"}}
2025-12-15 17:20:50,113 - [Quantum_e2e_20251215_nova_dll.py:289] - [on_result] - DEBUG - 接收到 in_progress 且类型为text的消息，当前token计数: 36
2025-12-15 17:20:50,113 - [Quantum_e2e_20251215_nova_dll.py:311] - [on_result] - INFO - Got result for job 109: {'job_id': 109, 'status': 'in_progress', 'timestamp': '2025-12-15T17:20:50.113419', 'data': {'type': 'text', 'response': "The document does not provide specific information about a user's dream destination. It discusses general scenarios related to the metaverse, such as a person using an AI assistant to find restaurants or a"}}
2025-12-15 17:20:50,114 - [Quantum_e2e_20251215_nova_dll.py:289] - [on_result] - DEBUG - 接收到 in_progress 且类型为text的消息，当前token计数: 37
2025-12-15 17:20:50,114 - [Quantum_e2e_20251215_nova_dll.py:311] - [on_result] - INFO - Got result for job 109: {'job_id': 109, 'status': 'in_progress', 'timestamp': '2025-12-15T17:20:50.114416', 'data': {'type': 'text', 'response': "The document does not provide specific information about a user's dream destination. It discusses general scenarios related to the metaverse, such as a person using an AI assistant to find restaurants or a worker using smart technology in"}}
2025-12-15 17:20:50,114 - [Quantum_e2e_20251215_nova_dll.py:289] - [on_result] - DEBUG - 接收到 in_progress 且类型为text的消息，当前token计数: 38
2025-12-15 17:20:50,115 - [Quantum_e2e_20251215_nova_dll.py:311] - [on_result] - INFO - Got result for job 109: {'job_id': 109, 'status': 'in_progress', 'timestamp': '2025-12-15T17:20:50.115416', 'data': {'type': 'text', 'response': "The document does not provide specific information about a user's dream destination. It discusses general scenarios related to the metaverse, such as a person using an AI assistant to find restaurants or a worker using smart technology in"}}
2025-12-15 17:20:50,115 - [Quantum_e2e_20251215_nova_dll.py:289] - [on_result] - DEBUG - 接收到 in_progress 且类型为text的消息，当前token计数: 39
2025-12-15 17:20:50,116 - [Quantum_e2e_20251215_nova_dll.py:311] - [on_result] - INFO - Got result for job 109: {'job_id': 109, 'status': 'in_progress', 'timestamp': '2025-12-15T17:20:50.116417', 'data': {'type': 'text', 'response': "The document does not provide specific information about a user's dream destination. It discusses general scenarios related to the metaverse, such as a person using an AI assistant to find restaurants or a worker using smart technology in"}}
2025-12-15 17:20:50,116 - [Quantum_e2e_20251215_nova_dll.py:289] - [on_result] - DEBUG - 接收到 in_progress 且类型为text的消息，当前token计数: 40
2025-12-15 17:20:50,116 - [Quantum_e2e_20251215_nova_dll.py:311] - [on_result] - INFO - Got result for job 109: {'job_id': 109, 'status': 'in_progress', 'timestamp': '2025-12-15T17:20:50.116417', 'data': {'type': 'text', 'response': "The document does not provide specific information about a user's dream destination. It discusses general scenarios related to the metaverse, such as a person using an AI assistant to find restaurants or a worker using smart technology in"}}
2025-12-15 17:20:50,117 - [Quantum_e2e_20251215_nova_dll.py:289] - [on_result] - DEBUG - 接收到 in_progress 且类型为text的消息，当前token计数: 41
2025-12-15 17:20:50,117 - [Quantum_e2e_20251215_nova_dll.py:311] - [on_result] - INFO - Got result for job 109: {'job_id': 109, 'status': 'in_progress', 'timestamp': '2025-12-15T17:20:50.117419', 'data': {'type': 'text', 'response': "The document does not provide specific information about a user's dream destination. It discusses general scenarios related to the metaverse, such as a person using an AI assistant to find restaurants or a worker using smart technology in"}}
2025-12-15 17:20:50,117 - [Quantum_e2e_20251215_nova_dll.py:289] - [on_result] - DEBUG - 接收到 in_progress 且类型为text的消息，当前token计数: 42
2025-12-15 17:20:50,117 - [Quantum_e2e_20251215_nova_dll.py:311] - [on_result] - INFO - Got result for job 109: {'job_id': 109, 'status': 'in_progress', 'timestamp': '2025-12-15T17:20:50.117419', 'data': {'type': 'text', 'response': "The document does not provide specific information about a user's dream destination. It discusses general scenarios related to the metaverse, such as a person using an AI assistant to find restaurants or a worker using smart technology in a manufacturing plant"}}
2025-12-15 17:20:50,118 - [Quantum_e2e_20251215_nova_dll.py:289] - [on_result] - DEBUG - 接收到 in_progress 且类型为text的消息，当前token计数: 43
2025-12-15 17:20:50,118 - [Quantum_e2e_20251215_nova_dll.py:311] - [on_result] - INFO - Got result for job 109: {'job_id': 109, 'status': 'in_progress', 'timestamp': '2025-12-15T17:20:50.118416', 'data': {'type': 'text', 'response': "The document does not provide specific information about a user's dream destination. It discusses general scenarios related to the metaverse, such as a person using an AI assistant to find restaurants or a worker using smart technology in a manufacturing plant"}}
2025-12-15 17:20:50,119 - [Quantum_e2e_20251215_nova_dll.py:289] - [on_result] - DEBUG - 接收到 in_progress 且类型为text的消息，当前token计数: 44
2025-12-15 17:20:50,119 - [Quantum_e2e_20251215_nova_dll.py:311] - [on_result] - INFO - Got result for job 109: {'job_id': 109, 'status': 'in_progress', 'timestamp': '2025-12-15T17:20:50.119421', 'data': {'type': 'text', 'response': "The document does not provide specific information about a user's dream destination. It discusses general scenarios related to the metaverse, such as a person using an AI assistant to find restaurants or a worker using smart technology in a manufacturing plant"}}
2025-12-15 17:20:50,119 - [Quantum_e2e_20251215_nova_dll.py:289] - [on_result] - DEBUG - 接收到 in_progress 且类型为text的消息，当前token计数: 45
2025-12-15 17:20:50,119 - [Quantum_e2e_20251215_nova_dll.py:311] - [on_result] - INFO - Got result for job 109: {'job_id': 109, 'status': 'in_progress', 'timestamp': '2025-12-15T17:20:50.119421', 'data': {'type': 'text', 'response': "The document does not provide specific information about a user's dream destination. It discusses general scenarios related to the metaverse, such as a person using an AI assistant to find restaurants or a worker using smart technology in a manufacturing plant, but does not mention a"}}
2025-12-15 17:20:50,120 - [Quantum_e2e_20251215_nova_dll.py:289] - [on_result] - DEBUG - 接收到 in_progress 且类型为text的消息，当前token计数: 46
2025-12-15 17:20:50,120 - [Quantum_e2e_20251215_nova_dll.py:311] - [on_result] - INFO - Got result for job 109: {'job_id': 109, 'status': 'in_progress', 'timestamp': '2025-12-15T17:20:50.120890', 'data': {'type': 'text', 'response': "The document does not provide specific information about a user's dream destination. It discusses general scenarios related to the metaverse, such as a person using an AI assistant to find restaurants or a worker using smart technology in a manufacturing plant, but does not mention a"}}
2025-12-15 17:20:50,120 - [Quantum_e2e_20251215_nova_dll.py:289] - [on_result] - DEBUG - 接收到 in_progress 且类型为text的消息，当前token计数: 47
2025-12-15 17:20:50,121 - [Quantum_e2e_20251215_nova_dll.py:311] - [on_result] - INFO - Got result for job 109: {'job_id': 109, 'status': 'in_progress', 'timestamp': '2025-12-15T17:20:50.121892', 'data': {'type': 'text', 'response': "The document does not provide specific information about a user's dream destination. It discusses general scenarios related to the metaverse, such as a person using an AI assistant to find restaurants or a worker using smart technology in a manufacturing plant, but does not mention a"}}
2025-12-15 17:20:50,121 - [Quantum_e2e_20251215_nova_dll.py:289] - [on_result] - DEBUG - 接收到 in_progress 且类型为text的消息，当前token计数: 48
2025-12-15 17:20:50,121 - [Quantum_e2e_20251215_nova_dll.py:311] - [on_result] - INFO - Got result for job 109: {'job_id': 109, 'status': 'in_progress', 'timestamp': '2025-12-15T17:20:50.121892', 'data': {'type': 'text', 'response': "The document does not provide specific information about a user's dream destination. It discusses general scenarios related to the metaverse, such as a person using an AI assistant to find restaurants or a worker using smart technology in a manufacturing plant, but does not mention a"}}
2025-12-15 17:20:50,122 - [Quantum_e2e_20251215_nova_dll.py:289] - [on_result] - DEBUG - 接收到 in_progress 且类型为text的消息，当前token计数: 49
2025-12-15 17:20:50,122 - [Quantum_e2e_20251215_nova_dll.py:311] - [on_result] - INFO - Got result for job 109: {'job_id': 109, 'status': 'in_progress', 'timestamp': '2025-12-15T17:20:50.122889', 'data': {'type': 'text', 'response': "The document does not provide specific information about a user's dream destination. It discusses general scenarios related to the metaverse, such as a person using an AI assistant to find restaurants or a worker using smart technology in a manufacturing plant, but does not mention a"}}
2025-12-15 17:20:50,122 - [Quantum_e2e_20251215_nova_dll.py:289] - [on_result] - DEBUG - 接收到 in_progress 且类型为text的消息，当前token计数: 50
2025-12-15 17:20:50,122 - [Quantum_e2e_20251215_nova_dll.py:311] - [on_result] - INFO - Got result for job 109: {'job_id': 109, 'status': 'in_progress', 'timestamp': '2025-12-15T17:20:50.122889', 'data': {'type': 'text', 'response': "The document does not provide specific information about a user's dream destination. It discusses general scenarios related to the metaverse, such as a person using an AI assistant to find restaurants or a worker using smart technology in a manufacturing plant, but does not mention a"}}
2025-12-15 17:20:50,123 - [Quantum_e2e_20251215_nova_dll.py:289] - [on_result] - DEBUG - 接收到 in_progress 且类型为text的消息，当前token计数: 51
2025-12-15 17:20:50,123 - [Quantum_e2e_20251215_nova_dll.py:311] - [on_result] - INFO - Got result for job 109: {'job_id': 109, 'status': 'in_progress', 'timestamp': '2025-12-15T17:20:50.123889', 'data': {'type': 'text', 'response': "The document does not provide specific information about a user's dream destination. It discusses general scenarios related to the metaverse, such as a person using an AI assistant to find restaurants or a worker using smart technology in a manufacturing plant, but does not mention a specific user's dream"}}
2025-12-15 17:20:50,123 - [Quantum_e2e_20251215_nova_dll.py:289] - [on_result] - DEBUG - 接收到 in_progress 且类型为text的消息，当前token计数: 52
2025-12-15 17:20:50,123 - [Quantum_e2e_20251215_nova_dll.py:311] - [on_result] - INFO - Got result for job 109: {'job_id': 109, 'status': 'in_progress', 'timestamp': '2025-12-15T17:20:50.123889', 'data': {'type': 'text', 'response': "The document does not provide specific information about a user's dream destination. It discusses general scenarios related to the metaverse, such as a person using an AI assistant to find restaurants or a worker using smart technology in a manufacturing plant, but does not mention a specific user's dream"}}
2025-12-15 17:20:50,305 - [Quantum_e2e_20251215_nova_dll.py:289] - [on_result] - DEBUG - 接收到 in_progress 且类型为text的消息，当前token计数: 53
2025-12-15 17:20:50,306 - [Quantum_e2e_20251215_nova_dll.py:311] - [on_result] - INFO - Got result for job 109: {'job_id': 109, 'status': 'in_progress', 'timestamp': '2025-12-15T17:20:50.306750', 'data': {'type': 'text', 'response': "The document does not provide specific information about a user's dream destination. It discusses general scenarios related to the metaverse, such as a person using an AI assistant to find restaurants or a worker using smart technology in a manufacturing plant, but does not mention a specific user's dream destination"}}
2025-12-15 17:20:50,436 - [Quantum_e2e_20251215_nova_dll.py:289] - [on_result] - DEBUG - 接收到 in_progress 且类型为text的消息，当前token计数: 54
2025-12-15 17:20:50,437 - [Quantum_e2e_20251215_nova_dll.py:311] - [on_result] - INFO - Got result for job 109: {'job_id': 109, 'status': 'in_progress', 'timestamp': '2025-12-15T17:20:50.437815', 'data': {'type': 'text', 'response': "The document does not provide specific information about a user's dream destination. It discusses general scenarios related to the metaverse, such as a person using an AI assistant to find restaurants or a worker using smart technology in a manufacturing plant, but does not mention a specific user's dream destination."}}
2025-12-15 17:20:50,643 - [Quantum_e2e_20251215_nova_dll.py:289] - [on_result] - DEBUG - 接收到 in_progress 且类型为text的消息，当前token计数: 55
2025-12-15 17:20:50,644 - [Quantum_e2e_20251215_nova_dll.py:311] - [on_result] - INFO - Got result for job 109: {'job_id': 109, 'status': 'in_progress', 'timestamp': '2025-12-15T17:20:50.643812', 'data': {'type': 'text', 'response': "The document does not provide specific information about a user's dream destination. It discusses general scenarios related to the metaverse, such as a person using an AI assistant to find restaurants or a worker using smart technology in a manufacturing plant, but does not mention a specific user's dream destination."}}
2025-12-15 17:20:50,851 - [Quantum_e2e_20251215_nova_dll.py:289] - [on_result] - DEBUG - 接收到 in_progress 且类型为text的消息，当前token计数: 56
2025-12-15 17:20:50,852 - [Quantum_e2e_20251215_nova_dll.py:311] - [on_result] - INFO - Got result for job 109: {'job_id': 109, 'status': 'in_progress', 'timestamp': '2025-12-15T17:20:50.852541', 'data': {'type': 'text', 'response': "The document does not provide specific information about a user's dream destination. It discusses general scenarios related to the metaverse, such as a person using an AI assistant to find restaurants or a worker using smart technology in a manufacturing plant, but does not mention a specific user's dream destination."}}
2025-12-15 17:20:51,143 - [Quantum_e2e_20251215_nova_dll.py:311] - [on_result] - INFO - Got result for job 109: {'job_id': 109, 'status': 'in_progress', 'timestamp': '2025-12-15T17:20:51.143846', 'data': {'type': 'timings', 'response': '{"check_pending_elicitation":{"startTimestamp":1765790431393,"endTimestamp":1765790431393},"update_chat_history":{"startTimestamp":1765790431393,"endTimestamp":1765790431398},"select_handler":{"startTimestamp":1765790431399,"endTimestamp":1765790431413},"load_agent":{"startTimestamp":1765790431414,"endTimestamp":1765790431805},"load_session":{"startTimestamp":1765790431805,"endTimestamp":-1},"first_token":{"startTimestamp":1765790431814,"endTimestamp":1765790435631},"device_connection":{"startTimestamp":1765790431814,"endTimestamp":1765790450970},"DomainClassifierNode":{"startTimestamp":1765790431816,"endTimestamp":1765790432362},"RewriteJudgeNode":{"startTimestamp":1765790432363,"endTimestamp":1765790432522},"RewriteNode":{"startTimestamp":1765790432523,"endTimestamp":1765790435629},"LocalTaskPlaningNode":{"startTimestamp":1765790435630,"endTimestamp":1765790435790},"IntentMappingNode":{"startTimestamp":1765790435792,"endTimestamp":1765790436759},"GeneralGenerationNode":{"startTimestamp":1765790436760,"endTimestamp":1765790450967}}'}}
2025-12-15 17:20:51,380 - [Quantum_e2e_20251215_nova_dll.py:311] - [on_result] - INFO - Got result for job 109: {'job_id': 109, 'status': 'complete', 'timestamp': '2025-12-15T17:20:51.380995', 'data': {'type': 'text', 'response': "The document does not provide specific information about a user's dream destination. It discusses general scenarios related to the metaverse, such as a person using an AI assistant to find restaurants or a worker using smart technology in a manufacturing plant, but does not mention a specific user's dream destination."}}
2025-12-15 17:20:51,382 - [Quantum_e2e_20251215_nova_dll.py:322] - [on_result] - INFO - 响应时间: 20.03秒
2025-12-15 17:20:51,382 - [Quantum_e2e_20251215_nova_dll.py:323] - [on_result] - INFO - 结束时间: 2025-12-15 17:20:51.382
2025-12-15 17:20:51,383 - [Quantum_e2e_20251215_nova_dll.py:331] - [on_result] - INFO - TTFT (Time To First Token): 18.733秒
2025-12-15 17:20:51,383 - [Quantum_e2e_20251215_nova_dll.py:339] - [on_result] - INFO - 性能指标:
2025-12-15 17:20:51,383 - [Quantum_e2e_20251215_nova_dll.py:340] - [on_result] - INFO -   - 首字时间: 2025-12-15 17:20:50.088
2025-12-15 17:20:51,384 - [Quantum_e2e_20251215_nova_dll.py:341] - [on_result] - INFO -   - TTFT (Time To First Token): 18.733秒
2025-12-15 17:20:51,384 - [Quantum_e2e_20251215_nova_dll.py:342] - [on_result] - INFO -   - Token数量: 56
2025-12-15 17:20:51,384 - [Quantum_e2e_20251215_nova_dll.py:343] - [on_result] - INFO -   - 生成速度: 43.29 tokens/秒
2025-12-15 17:20:51,384 - [Quantum_e2e_20251215_nova_dll.py:344] - [on_result] - INFO -   - 生成时间: 1.294秒
2025-12-15 17:20:51,385 - [Quantum_e2e_20251215_nova_dll.py:1273] - [run_query_only] - INFO - 最终结果: The document does not provide specific information about a user's dream destination. It discusses general scenarios related to the metaverse, such as a person using an AI assistant to find restaurants or a worker using smart technology in a manufacturing plant, but does not mention a specific user's dream destination.
2025-12-15 17:20:51,391 - [Quantum_e2e_20251215_nova_dll.py:1544] - [process_main_excel_only] - INFO - 第 1 行处理成功，结果长度: 319，响应时间: 20.03秒
2025-12-15 17:20:51,522 - [Quantum_e2e_20251215_nova_dll.py:1583] - [process_main_excel_only] - INFO - 第 1 行结果已保存
2025-12-15 17:20:51,524 - [Quantum_e2e_20251215_nova_dll.py:1479] - [process_main_excel_only] - INFO - 该case不需要附件输入
2025-12-15 17:20:51,524 - [Quantum_e2e_20251215_nova_dll.py:1481] - [process_main_excel_only] - INFO - 
=== 正在处理第 2 行 ===
2025-12-15 17:20:51,524 - [Quantum_e2e_20251215_nova_dll.py:1482] - [process_main_excel_only] - INFO - Question: hello
2025-12-15 17:20:51,525 - [Quantum_e2e_20251215_nova_dll.py:1483] - [process_main_excel_only] - INFO - Pathlist: []
2025-12-15 17:20:51,525 - [Quantum_e2e_20251215_nova_dll.py:1484] - [process_main_excel_only] - INFO - New Session: N
2025-12-15 17:20:51,525 - [Quantum_e2e_20251215_nova_dll.py:1493] - [process_main_excel_only] - INFO - 复用上一个会话: 79c3e17e-4123-4079-ab13-ff780ff6aa88
2025-12-15 17:20:51,526 - [Quantum_e2e_20251215_nova_dll.py:1263] - [run_query_only] - INFO - 复用现有会话: 79c3e17e-4123-4079-ab13-ff780ff6aa88
2025-12-15 17:20:51,526 - [Quantum_e2e_20251215_nova_dll.py:1156] - [send_query_with_image] - INFO - 发送查询请求: {"query": "hello", "handler": "nova", "sessionID": "79c3e17e-4123-4079-ab13-ff780ff6aa88"}
2025-12-15 17:20:51,526 - [Quantum_e2e_20251215_nova_dll.py:431] - [send_model_call] - INFO - Sending query call with payload: {"query": "hello", "handler": "nova", "sessionID": "79c3e17e-4123-4079-ab13-ff780ff6aa88"}
2025-12-15 17:20:51,527 - [Quantum_e2e_20251215_nova_dll.py:460] - [send_model_call] - INFO - quantum_send_command start
2025-12-15 17:20:51,591 - [Quantum_e2e_20251215_nova_dll.py:462] - [send_model_call] - INFO - quantum_send_command end
2025-12-15 17:20:51,592 - [Quantum_e2e_20251215_nova_dll.py:472] - [send_model_call] - INFO - Sent query call, job ID: 110
2025-12-15 17:20:51,592 - [Quantum_e2e_20251215_nova_dll.py:1180] - [send_query_with_image] - INFO - 开始时间: 2025-12-15 17:20:51.592
2025-12-15 17:20:51,593 - [Quantum_e2e_20251215_nova_dll.py:1184] - [send_query_with_image] - INFO - 任务ID: 110
2025-12-15 17:20:51,825 - [Quantum_e2e_20251215_nova_dll.py:220] - [on_result] - INFO - 检测到 Azure Agent 模式
2025-12-15 17:20:51,826 - [Quantum_e2e_20251215_nova_dll.py:311] - [on_result] - INFO - Got result for job 110: {'job_id': 110, 'status': 'in_progress', 'timestamp': '2025-12-15T17:20:51.826341', 'data': {'response': 'Azure Agent', 'compact': False, 'type': 'handler'}}
2025-12-15 17:20:51,875 - [Quantum_e2e_20251215_nova_dll.py:216] - [on_result] - INFO - 检测到 Local Brain 模式，更新处理模式
2025-12-15 17:20:51,876 - [Quantum_e2e_20251215_nova_dll.py:311] - [on_result] - INFO - Got result for job 110: {'job_id': 110, 'status': 'in_progress', 'timestamp': '2025-12-15T17:20:51.876381', 'data': {'response': 'Local Brain with AMD Ryzen AI 9 165 w/ Radeon 870M              ', 'compact': False, 'type': 'handler'}}
2025-12-15 17:20:52,851 - [Quantum_e2e_20251215_nova_dll.py:275] - [on_result] - INFO - 第一个text响应时间: 2025-12-15 17:20:52.851
2025-12-15 17:20:52,852 - [Quantum_e2e_20251215_nova_dll.py:311] - [on_result] - INFO - Got result for job 110: {'job_id': 110, 'status': 'in_progress', 'timestamp': '2025-12-15T17:20:52.852943', 'data': {'type': 'text', 'response': 'hello'}}
2025-12-15 17:20:56,608 - [Quantum_e2e_20251215_nova_dll.py:267] - [on_result] - INFO - 首字时间 (text类型): 2025-12-15 17:20:56.608
2025-12-15 17:20:56,609 - [Quantum_e2e_20251215_nova_dll.py:289] - [on_result] - DEBUG - 接收到 in_progress 且类型为text的消息，当前token计数: 1
2025-12-15 17:20:56,609 - [Quantum_e2e_20251215_nova_dll.py:311] - [on_result] - INFO - Got result for job 110: {'job_id': 110, 'status': 'in_progress', 'timestamp': '2025-12-15T17:20:56.609024', 'data': {'type': 'text', 'response': 'Hello! It looks'}}
2025-12-15 17:20:56,856 - [Quantum_e2e_20251215_nova_dll.py:289] - [on_result] - DEBUG - 接收到 in_progress 且类型为text的消息，当前token计数: 2
2025-12-15 17:20:56,857 - [Quantum_e2e_20251215_nova_dll.py:311] - [on_result] - INFO - Got result for job 110: {'job_id': 110, 'status': 'in_progress', 'timestamp': '2025-12-15T17:20:56.857321', 'data': {'type': 'text', 'response': 'Hello! It looks'}}
2025-12-15 17:20:57,149 - [Quantum_e2e_20251215_nova_dll.py:289] - [on_result] - DEBUG - 接收到 in_progress 且类型为text的消息，当前token计数: 3
2025-12-15 17:20:57,151 - [Quantum_e2e_20251215_nova_dll.py:311] - [on_result] - INFO - Got result for job 110: {'job_id': 110, 'status': 'in_progress', 'timestamp': '2025-12-15T17:20:57.150399', 'data': {'type': 'text', 'response': 'Hello! It looks'}}
2025-12-15 17:20:57,385 - [Quantum_e2e_20251215_nova_dll.py:289] - [on_result] - DEBUG - 接收到 in_progress 且类型为text的消息，当前token计数: 4
2025-12-15 17:20:57,386 - [Quantum_e2e_20251215_nova_dll.py:311] - [on_result] - INFO - Got result for job 110: {'job_id': 110, 'status': 'in_progress', 'timestamp': '2025-12-15T17:20:57.386809', 'data': {'type': 'text', 'response': 'Hello! It looks'}}
2025-12-15 17:20:57,649 - [Quantum_e2e_20251215_nova_dll.py:289] - [on_result] - DEBUG - 接收到 in_progress 且类型为text的消息，当前token计数: 5
2025-12-15 17:20:57,650 - [Quantum_e2e_20251215_nova_dll.py:311] - [on_result] - INFO - Got result for job 110: {'job_id': 110, 'status': 'in_progress', 'timestamp': '2025-12-15T17:20:57.650519', 'data': {'type': 'text', 'response': 'Hello! It looks like you mentioned a couple'}}
2025-12-15 17:20:57,930 - [Quantum_e2e_20251215_nova_dll.py:289] - [on_result] - DEBUG - 接收到 in_progress 且类型为text的消息，当前token计数: 6
2025-12-15 17:20:57,931 - [Quantum_e2e_20251215_nova_dll.py:311] - [on_result] - INFO - Got result for job 110: {'job_id': 110, 'status': 'in_progress', 'timestamp': '2025-12-15T17:20:57.931366', 'data': {'type': 'text', 'response': 'Hello! It looks like you mentioned a couple'}}
2025-12-15 17:20:58,152 - [Quantum_e2e_20251215_nova_dll.py:289] - [on_result] - DEBUG - 接收到 in_progress 且类型为text的消息，当前token计数: 7
2025-12-15 17:20:58,153 - [Quantum_e2e_20251215_nova_dll.py:311] - [on_result] - INFO - Got result for job 110: {'job_id': 110, 'status': 'in_progress', 'timestamp': '2025-12-15T17:20:58.153115', 'data': {'type': 'text', 'response': 'Hello! It looks like you mentioned a couple'}}
2025-12-15 17:21:09,561 - [Quantum_e2e_20251215_nova_dll.py:289] - [on_result] - DEBUG - 接收到 in_progress 且类型为text的消息，当前token计数: 8
2025-12-15 17:21:09,561 - [Quantum_e2e_20251215_nova_dll.py:311] - [on_result] - INFO - Got result for job 110: {'job_id': 110, 'status': 'in_progress', 'timestamp': '2025-12-15T17:21:09.561266', 'data': {'type': 'text', 'response': 'Hello! It looks like you mentioned a couple of topics related'}}
2025-12-15 17:21:09,562 - [Quantum_e2e_20251215_nova_dll.py:289] - [on_result] - DEBUG - 接收到 in_progress 且类型为text的消息，当前token计数: 9
2025-12-15 17:21:09,562 - [Quantum_e2e_20251215_nova_dll.py:311] - [on_result] - INFO - Got result for job 110: {'job_id': 110, 'status': 'in_progress', 'timestamp': '2025-12-15T17:21:09.562267', 'data': {'type': 'text', 'response': 'Hello! It looks like you mentioned a couple of topics related'}}
2025-12-15 17:21:09,563 - [Quantum_e2e_20251215_nova_dll.py:289] - [on_result] - DEBUG - 接收到 in_progress 且类型为text的消息，当前token计数: 10
2025-12-15 17:21:09,564 - [Quantum_e2e_20251215_nova_dll.py:311] - [on_result] - INFO - Got result for job 110: {'job_id': 110, 'status': 'in_progress', 'timestamp': '2025-12-15T17:21:09.563271', 'data': {'type': 'text', 'response': 'Hello! It looks like you mentioned a couple of topics related to'}}
2025-12-15 17:21:09,564 - [Quantum_e2e_20251215_nova_dll.py:289] - [on_result] - DEBUG - 接收到 in_progress 且类型为text的消息，当前token计数: 11
2025-12-15 17:21:09,564 - [Quantum_e2e_20251215_nova_dll.py:311] - [on_result] - INFO - Got result for job 110: {'job_id': 110, 'status': 'in_progress', 'timestamp': '2025-12-15T17:21:09.564266', 'data': {'type': 'text', 'response': 'Hello! It looks like you mentioned a couple of topics related to'}}
2025-12-15 17:21:09,565 - [Quantum_e2e_20251215_nova_dll.py:289] - [on_result] - DEBUG - 接收到 in_progress 且类型为text的消息，当前token计数: 12
2025-12-15 17:21:09,565 - [Quantum_e2e_20251215_nova_dll.py:311] - [on_result] - INFO - Got result for job 110: {'job_id': 110, 'status': 'in_progress', 'timestamp': '2025-12-15T17:21:09.565269', 'data': {'type': 'text', 'response': 'Hello! It looks like you mentioned a couple of topics related to'}}
2025-12-15 17:21:09,566 - [Quantum_e2e_20251215_nova_dll.py:289] - [on_result] - DEBUG - 接收到 in_progress 且类型为text的消息，当前token计数: 13
2025-12-15 17:21:09,566 - [Quantum_e2e_20251215_nova_dll.py:311] - [on_result] - INFO - Got result for job 110: {'job_id': 110, 'status': 'in_progress', 'timestamp': '2025-12-15T17:21:09.566268', 'data': {'type': 'text', 'response': 'Hello! It looks like you mentioned a couple of topics related to quantum technology and a'}}
2025-12-15 17:21:09,566 - [Quantum_e2e_20251215_nova_dll.py:289] - [on_result] - DEBUG - 接收到 in_progress 且类型为text的消息，当前token计数: 14
2025-12-15 17:21:09,566 - [Quantum_e2e_20251215_nova_dll.py:311] - [on_result] - INFO - Got result for job 110: {'job_id': 110, 'status': 'in_progress', 'timestamp': '2025-12-15T17:21:09.566268', 'data': {'type': 'text', 'response': 'Hello! It looks like you mentioned a couple of topics related to quantum technology and a'}}
2025-12-15 17:21:09,567 - [Quantum_e2e_20251215_nova_dll.py:289] - [on_result] - DEBUG - 接收到 in_progress 且类型为text的消息，当前token计数: 15
2025-12-15 17:21:09,567 - [Quantum_e2e_20251215_nova_dll.py:311] - [on_result] - INFO - Got result for job 110: {'job_id': 110, 'status': 'in_progress', 'timestamp': '2025-12-15T17:21:09.567266', 'data': {'type': 'text', 'response': 'Hello! It looks like you mentioned a couple of topics related to quantum technology and a'}}
2025-12-15 17:21:09,567 - [Quantum_e2e_20251215_nova_dll.py:289] - [on_result] - DEBUG - 接收到 in_progress 且类型为text的消息，当前token计数: 16
2025-12-15 17:21:09,568 - [Quantum_e2e_20251215_nova_dll.py:311] - [on_result] - INFO - Got result for job 110: {'job_id': 110, 'status': 'in_progress', 'timestamp': '2025-12-15T17:21:09.567266', 'data': {'type': 'text', 'response': 'Hello! It looks like you mentioned a couple of topics related to quantum technology and a'}}
2025-12-15 17:21:09,568 - [Quantum_e2e_20251215_nova_dll.py:289] - [on_result] - DEBUG - 接收到 in_progress 且类型为text的消息，当前token计数: 17
2025-12-15 17:21:09,568 - [Quantum_e2e_20251215_nova_dll.py:311] - [on_result] - INFO - Got result for job 110: {'job_id': 110, 'status': 'in_progress', 'timestamp': '2025-12-15T17:21:09.568271', 'data': {'type': 'text', 'response': 'Hello! It looks like you mentioned a couple of topics related to quantum technology and a'}}
2025-12-15 17:21:09,569 - [Quantum_e2e_20251215_nova_dll.py:289] - [on_result] - DEBUG - 接收到 in_progress 且类型为text的消息，当前token计数: 18
2025-12-15 17:21:09,569 - [Quantum_e2e_20251215_nova_dll.py:311] - [on_result] - INFO - Got result for job 110: {'job_id': 110, 'status': 'in_progress', 'timestamp': '2025-12-15T17:21:09.569271', 'data': {'type': 'text', 'response': 'Hello! It looks like you mentioned a couple of topics related to quantum technology and a clinical study on cinnamon and blood pressure management'}}
2025-12-15 17:21:09,569 - [Quantum_e2e_20251215_nova_dll.py:289] - [on_result] - DEBUG - 接收到 in_progress 且类型为text的消息，当前token计数: 19
2025-12-15 17:21:09,570 - [Quantum_e2e_20251215_nova_dll.py:311] - [on_result] - INFO - Got result for job 110: {'job_id': 110, 'status': 'in_progress', 'timestamp': '2025-12-15T17:21:09.570260', 'data': {'type': 'text', 'response': 'Hello! It looks like you mentioned a couple of topics related to quantum technology and a clinical study on cinnamon and blood pressure management'}}
2025-12-15 17:21:09,570 - [Quantum_e2e_20251215_nova_dll.py:289] - [on_result] - DEBUG - 接收到 in_progress 且类型为text的消息，当前token计数: 20
2025-12-15 17:21:09,570 - [Quantum_e2e_20251215_nova_dll.py:311] - [on_result] - INFO - Got result for job 110: {'job_id': 110, 'status': 'in_progress', 'timestamp': '2025-12-15T17:21:09.570260', 'data': {'type': 'text', 'response': 'Hello! It looks like you mentioned a couple of topics related to quantum technology and a clinical study on cinnamon and blood pressure management'}}
2025-12-15 17:21:09,570 - [Quantum_e2e_20251215_nova_dll.py:289] - [on_result] - DEBUG - 接收到 in_progress 且类型为text的消息，当前token计数: 21
2025-12-15 17:21:09,570 - [Quantum_e2e_20251215_nova_dll.py:311] - [on_result] - INFO - Got result for job 110: {'job_id': 110, 'status': 'in_progress', 'timestamp': '2025-12-15T17:21:09.570260', 'data': {'type': 'text', 'response': 'Hello! It looks like you mentioned a couple of topics related to quantum technology and a clinical study on cinnamon and blood pressure management'}}
2025-12-15 17:21:09,571 - [Quantum_e2e_20251215_nova_dll.py:289] - [on_result] - DEBUG - 接收到 in_progress 且类型为text的消息，当前token计数: 22
2025-12-15 17:21:09,571 - [Quantum_e2e_20251215_nova_dll.py:311] - [on_result] - INFO - Got result for job 110: {'job_id': 110, 'status': 'in_progress', 'timestamp': '2025-12-15T17:21:09.571269', 'data': {'type': 'text', 'response': 'Hello! It looks like you mentioned a couple of topics related to quantum technology and a clinical study on cinnamon and blood pressure management.'}}
2025-12-15 17:21:09,572 - [Quantum_e2e_20251215_nova_dll.py:289] - [on_result] - DEBUG - 接收到 in_progress 且类型为text的消息，当前token计数: 23
2025-12-15 17:21:09,572 - [Quantum_e2e_20251215_nova_dll.py:311] - [on_result] - INFO - Got result for job 110: {'job_id': 110, 'status': 'in_progress', 'timestamp': '2025-12-15T17:21:09.572268', 'data': {'type': 'text', 'response': 'Hello! It looks like you mentioned a couple of topics related to quantum technology and a clinical study on cinnamon and blood pressure management.'}}
2025-12-15 17:21:09,572 - [Quantum_e2e_20251215_nova_dll.py:289] - [on_result] - DEBUG - 接收到 in_progress 且类型为text的消息，当前token计数: 24
2025-12-15 17:21:09,573 - [Quantum_e2e_20251215_nova_dll.py:311] - [on_result] - INFO - Got result for job 110: {'job_id': 110, 'status': 'in_progress', 'timestamp': '2025-12-15T17:21:09.573268', 'data': {'type': 'text', 'response': 'Hello! It looks like you mentioned a couple of topics related to quantum technology and a clinical study on cinnamon and blood pressure management.'}}
2025-12-15 17:21:09,573 - [Quantum_e2e_20251215_nova_dll.py:289] - [on_result] - DEBUG - 接收到 in_progress 且类型为text的消息，当前token计数: 25
2025-12-15 17:21:09,574 - [Quantum_e2e_20251215_nova_dll.py:311] - [on_result] - INFO - Got result for job 110: {'job_id': 110, 'status': 'in_progress', 'timestamp': '2025-12-15T17:21:09.574273', 'data': {'type': 'text', 'response': 'Hello! It looks like you mentioned a couple of topics related to quantum technology and a clinical study on cinnamon and blood pressure management.'}}
2025-12-15 17:21:09,575 - [Quantum_e2e_20251215_nova_dll.py:289] - [on_result] - DEBUG - 接收到 in_progress 且类型为text的消息，当前token计数: 26
2025-12-15 17:21:09,576 - [Quantum_e2e_20251215_nova_dll.py:311] - [on_result] - INFO - Got result for job 110: {'job_id': 110, 'status': 'in_progress', 'timestamp': '2025-12-15T17:21:09.576267', 'data': {'type': 'text', 'response': 'Hello! It looks like you mentioned a couple of topics related to quantum technology and a clinical study on cinnamon and blood pressure management. If you have'}}
2025-12-15 17:21:09,576 - [Quantum_e2e_20251215_nova_dll.py:289] - [on_result] - DEBUG - 接收到 in_progress 且类型为text的消息，当前token计数: 27
2025-12-15 17:21:09,577 - [Quantum_e2e_20251215_nova_dll.py:311] - [on_result] - INFO - Got result for job 110: {'job_id': 110, 'status': 'in_progress', 'timestamp': '2025-12-15T17:21:09.577261', 'data': {'type': 'text', 'response': 'Hello! It looks like you mentioned a couple of topics related to quantum technology and a clinical study on cinnamon and blood pressure management. If you have a'}}
2025-12-15 17:21:09,577 - [Quantum_e2e_20251215_nova_dll.py:289] - [on_result] - DEBUG - 接收到 in_progress 且类型为text的消息，当前token计数: 28
2025-12-15 17:21:09,577 - [Quantum_e2e_20251215_nova_dll.py:311] - [on_result] - INFO - Got result for job 110: {'job_id': 110, 'status': 'in_progress', 'timestamp': '2025-12-15T17:21:09.577261', 'data': {'type': 'text', 'response': 'Hello! It looks like you mentioned a couple of topics related to quantum technology and a clinical study on cinnamon and blood pressure management. If you have a'}}
2025-12-15 17:21:09,578 - [Quantum_e2e_20251215_nova_dll.py:289] - [on_result] - DEBUG - 接收到 in_progress 且类型为text的消息，当前token计数: 29
2025-12-15 17:21:09,578 - [Quantum_e2e_20251215_nova_dll.py:311] - [on_result] - INFO - Got result for job 110: {'job_id': 110, 'status': 'in_progress', 'timestamp': '2025-12-15T17:21:09.578262', 'data': {'type': 'text', 'response': 'Hello! It looks like you mentioned a couple of topics related to quantum technology and a clinical study on cinnamon and blood pressure management. If you have a'}}
2025-12-15 17:21:09,579 - [Quantum_e2e_20251215_nova_dll.py:289] - [on_result] - DEBUG - 接收到 in_progress 且类型为text的消息，当前token计数: 30
2025-12-15 17:21:09,579 - [Quantum_e2e_20251215_nova_dll.py:311] - [on_result] - INFO - Got result for job 110: {'job_id': 110, 'status': 'in_progress', 'timestamp': '2025-12-15T17:21:09.579263', 'data': {'type': 'text', 'response': 'Hello! It looks like you mentioned a couple of topics related to quantum technology and a clinical study on cinnamon and blood pressure management. If you have a specific question about'}}
2025-12-15 17:21:09,580 - [Quantum_e2e_20251215_nova_dll.py:289] - [on_result] - DEBUG - 接收到 in_progress 且类型为text的消息，当前token计数: 31
2025-12-15 17:21:09,580 - [Quantum_e2e_20251215_nova_dll.py:311] - [on_result] - INFO - Got result for job 110: {'job_id': 110, 'status': 'in_progress', 'timestamp': '2025-12-15T17:21:09.580260', 'data': {'type': 'text', 'response': 'Hello! It looks like you mentioned a couple of topics related to quantum technology and a clinical study on cinnamon and blood pressure management. If you have a specific question about either'}}
2025-12-15 17:21:09,580 - [Quantum_e2e_20251215_nova_dll.py:289] - [on_result] - DEBUG - 接收到 in_progress 且类型为text的消息，当前token计数: 32
2025-12-15 17:21:09,580 - [Quantum_e2e_20251215_nova_dll.py:311] - [on_result] - INFO - Got result for job 110: {'job_id': 110, 'status': 'in_progress', 'timestamp': '2025-12-15T17:21:09.580260', 'data': {'type': 'text', 'response': 'Hello! It looks like you mentioned a couple of topics related to quantum technology and a clinical study on cinnamon and blood pressure management. If you have a specific question about either'}}
2025-12-15 17:21:09,581 - [Quantum_e2e_20251215_nova_dll.py:289] - [on_result] - DEBUG - 接收到 in_progress 且类型为text的消息，当前token计数: 33
2025-12-15 17:21:09,581 - [Quantum_e2e_20251215_nova_dll.py:311] - [on_result] - INFO - Got result for job 110: {'job_id': 110, 'status': 'in_progress', 'timestamp': '2025-12-15T17:21:09.581266', 'data': {'type': 'text', 'response': 'Hello! It looks like you mentioned a couple of topics related to quantum technology and a clinical study on cinnamon and blood pressure management. If you have a specific question about either'}}
2025-12-15 17:21:09,581 - [Quantum_e2e_20251215_nova_dll.py:289] - [on_result] - DEBUG - 接收到 in_progress 且类型为text的消息，当前token计数: 34
2025-12-15 17:21:09,581 - [Quantum_e2e_20251215_nova_dll.py:311] - [on_result] - INFO - Got result for job 110: {'job_id': 110, 'status': 'in_progress', 'timestamp': '2025-12-15T17:21:09.581266', 'data': {'type': 'text', 'response': 'Hello! It looks like you mentioned a couple of topics related to quantum technology and a clinical study on cinnamon and blood pressure management. If you have a specific question about either of these topics'}}
2025-12-15 17:21:09,582 - [Quantum_e2e_20251215_nova_dll.py:289] - [on_result] - DEBUG - 接收到 in_progress 且类型为text的消息，当前token计数: 35
2025-12-15 17:21:09,582 - [Quantum_e2e_20251215_nova_dll.py:311] - [on_result] - INFO - Got result for job 110: {'job_id': 110, 'status': 'in_progress', 'timestamp': '2025-12-15T17:21:09.582270', 'data': {'type': 'text', 'response': 'Hello! It looks like you mentioned a couple of topics related to quantum technology and a clinical study on cinnamon and blood pressure management. If you have a specific question about either of these topics, feel'}}
2025-12-15 17:21:09,583 - [Quantum_e2e_20251215_nova_dll.py:289] - [on_result] - DEBUG - 接收到 in_progress 且类型为text的消息，当前token计数: 36
2025-12-15 17:21:09,583 - [Quantum_e2e_20251215_nova_dll.py:311] - [on_result] - INFO - Got result for job 110: {'job_id': 110, 'status': 'in_progress', 'timestamp': '2025-12-15T17:21:09.583273', 'data': {'type': 'text', 'response': 'Hello! It looks like you mentioned a couple of topics related to quantum technology and a clinical study on cinnamon and blood pressure management. If you have a specific question about either of these topics, feel'}}
2025-12-15 17:21:09,583 - [Quantum_e2e_20251215_nova_dll.py:289] - [on_result] - DEBUG - 接收到 in_progress 且类型为text的消息，当前token计数: 37
2025-12-15 17:21:09,583 - [Quantum_e2e_20251215_nova_dll.py:311] - [on_result] - INFO - Got result for job 110: {'job_id': 110, 'status': 'in_progress', 'timestamp': '2025-12-15T17:21:09.583273', 'data': {'type': 'text', 'response': 'Hello! It looks like you mentioned a couple of topics related to quantum technology and a clinical study on cinnamon and blood pressure management. If you have a specific question about either of these topics, feel'}}
2025-12-15 17:21:09,584 - [Quantum_e2e_20251215_nova_dll.py:289] - [on_result] - DEBUG - 接收到 in_progress 且类型为text的消息，当前token计数: 38
2025-12-15 17:21:09,584 - [Quantum_e2e_20251215_nova_dll.py:311] - [on_result] - INFO - Got result for job 110: {'job_id': 110, 'status': 'in_progress', 'timestamp': '2025-12-15T17:21:09.584271', 'data': {'type': 'text', 'response': 'Hello! It looks like you mentioned a couple of topics related to quantum technology and a clinical study on cinnamon and blood pressure management. If you have a specific question about either of these topics, feel free to'}}
2025-12-15 17:21:09,584 - [Quantum_e2e_20251215_nova_dll.py:289] - [on_result] - DEBUG - 接收到 in_progress 且类型为text的消息，当前token计数: 39
2025-12-15 17:21:09,584 - [Quantum_e2e_20251215_nova_dll.py:311] - [on_result] - INFO - Got result for job 110: {'job_id': 110, 'status': 'in_progress', 'timestamp': '2025-12-15T17:21:09.584271', 'data': {'type': 'text', 'response': 'Hello! It looks like you mentioned a couple of topics related to quantum technology and a clinical study on cinnamon and blood pressure management. If you have a specific question about either of these topics, feel free to'}}
2025-12-15 17:21:09,585 - [Quantum_e2e_20251215_nova_dll.py:289] - [on_result] - DEBUG - 接收到 in_progress 且类型为text的消息，当前token计数: 40
2025-12-15 17:21:09,585 - [Quantum_e2e_20251215_nova_dll.py:311] - [on_result] - INFO - Got result for job 110: {'job_id': 110, 'status': 'in_progress', 'timestamp': '2025-12-15T17:21:09.585266', 'data': {'type': 'text', 'response': 'Hello! It looks like you mentioned a couple of topics related to quantum technology and a clinical study on cinnamon and blood pressure management. If you have a specific question about either of these topics, feel free to ask!'}}
2025-12-15 17:21:09,585 - [Quantum_e2e_20251215_nova_dll.py:289] - [on_result] - DEBUG - 接收到 in_progress 且类型为text的消息，当前token计数: 41
2025-12-15 17:21:09,585 - [Quantum_e2e_20251215_nova_dll.py:311] - [on_result] - INFO - Got result for job 110: {'job_id': 110, 'status': 'in_progress', 'timestamp': '2025-12-15T17:21:09.585266', 'data': {'type': 'text', 'response': 'Hello! It looks like you mentioned a couple of topics related to quantum technology and a clinical study on cinnamon and blood pressure management. If you have a specific question about either of these topics, feel free to ask!'}}
2025-12-15 17:21:09,586 - [Quantum_e2e_20251215_nova_dll.py:289] - [on_result] - DEBUG - 接收到 in_progress 且类型为text的消息，当前token计数: 42
2025-12-15 17:21:09,586 - [Quantum_e2e_20251215_nova_dll.py:311] - [on_result] - INFO - Got result for job 110: {'job_id': 110, 'status': 'in_progress', 'timestamp': '2025-12-15T17:21:09.586266', 'data': {'type': 'text', 'response': 'Hello! It looks like you mentioned a couple of topics related to quantum technology and a clinical study on cinnamon and blood pressure management. If you have a specific question about either of these topics, feel free to ask! Here are a'}}
2025-12-15 17:21:09,586 - [Quantum_e2e_20251215_nova_dll.py:289] - [on_result] - DEBUG - 接收到 in_progress 且类型为text的消息，当前token计数: 43
2025-12-15 17:21:09,587 - [Quantum_e2e_20251215_nova_dll.py:311] - [on_result] - INFO - Got result for job 110: {'job_id': 110, 'status': 'in_progress', 'timestamp': '2025-12-15T17:21:09.587267', 'data': {'type': 'text', 'response': 'Hello! It looks like you mentioned a couple of topics related to quantum technology and a clinical study on cinnamon and blood pressure management. If you have a specific question about either of these topics, feel free to ask! Here are a'}}
2025-12-15 17:21:09,587 - [Quantum_e2e_20251215_nova_dll.py:289] - [on_result] - DEBUG - 接收到 in_progress 且类型为text的消息，当前token计数: 44
2025-12-15 17:21:09,587 - [Quantum_e2e_20251215_nova_dll.py:311] - [on_result] - INFO - Got result for job 110: {'job_id': 110, 'status': 'in_progress', 'timestamp': '2025-12-15T17:21:09.587267', 'data': {'type': 'text', 'response': 'Hello! It looks like you mentioned a couple of topics related to quantum technology and a clinical study on cinnamon and blood pressure management. If you have a specific question about either of these topics, feel free to ask! Here are a couple'}}
2025-12-15 17:21:09,588 - [Quantum_e2e_20251215_nova_dll.py:289] - [on_result] - DEBUG - 接收到 in_progress 且类型为text的消息，当前token计数: 45
2025-12-15 17:21:09,588 - [Quantum_e2e_20251215_nova_dll.py:311] - [on_result] - INFO - Got result for job 110: {'job_id': 110, 'status': 'in_progress', 'timestamp': '2025-12-15T17:21:09.588267', 'data': {'type': 'text', 'response': 'Hello! It looks like you mentioned a couple of topics related to quantum technology and a clinical study on cinnamon and blood pressure management. If you have a specific question about either of these topics, feel free to ask! Here are a couple'}}
2025-12-15 17:21:09,588 - [Quantum_e2e_20251215_nova_dll.py:289] - [on_result] - DEBUG - 接收到 in_progress 且类型为text的消息，当前token计数: 46
2025-12-15 17:21:09,588 - [Quantum_e2e_20251215_nova_dll.py:311] - [on_result] - INFO - Got result for job 110: {'job_id': 110, 'status': 'in_progress', 'timestamp': '2025-12-15T17:21:09.588267', 'data': {'type': 'text', 'response': 'Hello! It looks like you mentioned a couple of topics related to quantum technology and a clinical study on cinnamon and blood pressure management. If you have a specific question about either of these topics, feel free to ask! Here are a couple'}}
2025-12-15 17:21:09,589 - [Quantum_e2e_20251215_nova_dll.py:289] - [on_result] - DEBUG - 接收到 in_progress 且类型为text的消息，当前token计数: 47
2025-12-15 17:21:09,589 - [Quantum_e2e_20251215_nova_dll.py:311] - [on_result] - INFO - Got result for job 110: {'job_id': 110, 'status': 'in_progress', 'timestamp': '2025-12-15T17:21:09.589265', 'data': {'type': 'text', 'response': 'Hello! It looks like you mentioned a couple of topics related to quantum technology and a clinical study on cinnamon and blood pressure management. If you have a specific question about either of these topics, feel free to ask! Here are a couple of clarifications:\n\n'}}
2025-12-15 17:21:09,589 - [Quantum_e2e_20251215_nova_dll.py:289] - [on_result] - DEBUG - 接收到 in_progress 且类型为text的消息，当前token计数: 48
2025-12-15 17:21:09,590 - [Quantum_e2e_20251215_nova_dll.py:311] - [on_result] - INFO - Got result for job 110: {'job_id': 110, 'status': 'in_progress', 'timestamp': '2025-12-15T17:21:09.589265', 'data': {'type': 'text', 'response': 'Hello! It looks like you mentioned a couple of topics related to quantum technology and a clinical study on cinnamon and blood pressure management. If you have a specific question about either of these topics, feel free to ask! Here are a couple of clarifications:\n\n'}}
2025-12-15 17:21:09,590 - [Quantum_e2e_20251215_nova_dll.py:289] - [on_result] - DEBUG - 接收到 in_progress 且类型为text的消息，当前token计数: 49
2025-12-15 17:21:09,590 - [Quantum_e2e_20251215_nova_dll.py:311] - [on_result] - INFO - Got result for job 110: {'job_id': 110, 'status': 'in_progress', 'timestamp': '2025-12-15T17:21:09.590266', 'data': {'type': 'text', 'response': 'Hello! It looks like you mentioned a couple of topics related to quantum technology and a clinical study on cinnamon and blood pressure management. If you have a specific question about either of these topics, feel free to ask! Here are a couple of clarifications:\n\n'}}
2025-12-15 17:21:09,660 - [Quantum_e2e_20251215_nova_dll.py:289] - [on_result] - DEBUG - 接收到 in_progress 且类型为text的消息，当前token计数: 50
2025-12-15 17:21:09,661 - [Quantum_e2e_20251215_nova_dll.py:311] - [on_result] - INFO - Got result for job 110: {'job_id': 110, 'status': 'in_progress', 'timestamp': '2025-12-15T17:21:09.661781', 'data': {'type': 'text', 'response': 'Hello! It looks like you mentioned a couple of topics related to quantum technology and a clinical study on cinnamon and blood pressure management. If you have a specific question about either of these topics, feel free to ask! Here are a couple of clarifications:\n\n'}}
2025-12-15 17:21:09,942 - [Quantum_e2e_20251215_nova_dll.py:289] - [on_result] - DEBUG - 接收到 in_progress 且类型为text的消息，当前token计数: 51
2025-12-15 17:21:09,943 - [Quantum_e2e_20251215_nova_dll.py:311] - [on_result] - INFO - Got result for job 110: {'job_id': 110, 'status': 'in_progress', 'timestamp': '2025-12-15T17:21:09.943798', 'data': {'type': 'text', 'response': 'Hello! It looks like you mentioned a couple of topics related to quantum technology and a clinical study on cinnamon and blood pressure management. If you have a specific question about either of these topics, feel free to ask! Here are a couple of clarifications:\n\n'}}
2025-12-15 17:21:10,162 - [Quantum_e2e_20251215_nova_dll.py:289] - [on_result] - DEBUG - 接收到 in_progress 且类型为text的消息，当前token计数: 52
2025-12-15 17:21:10,163 - [Quantum_e2e_20251215_nova_dll.py:311] - [on_result] - INFO - Got result for job 110: {'job_id': 110, 'status': 'in_progress', 'timestamp': '2025-12-15T17:21:10.163382', 'data': {'type': 'text', 'response': 'Hello! It looks like you mentioned a couple of topics related to quantum technology and a clinical study on cinnamon and blood pressure management. If you have a specific question about either of these topics, feel free to ask! Here are a couple of clarifications:\n\n1. **Quantum Technology**:'}}
2025-12-15 17:21:10,443 - [Quantum_e2e_20251215_nova_dll.py:289] - [on_result] - DEBUG - 接收到 in_progress 且类型为text的消息，当前token计数: 53
2025-12-15 17:21:10,444 - [Quantum_e2e_20251215_nova_dll.py:311] - [on_result] - INFO - Got result for job 110: {'job_id': 110, 'status': 'in_progress', 'timestamp': '2025-12-15T17:21:10.444139', 'data': {'type': 'text', 'response': 'Hello! It looks like you mentioned a couple of topics related to quantum technology and a clinical study on cinnamon and blood pressure management. If you have a specific question about either of these topics, feel free to ask! Here are a couple of clarifications:\n\n1. **Quantum Technology**:'}}
2025-12-15 17:21:10,687 - [Quantum_e2e_20251215_nova_dll.py:289] - [on_result] - DEBUG - 接收到 in_progress 且类型为text的消息，当前token计数: 54
2025-12-15 17:21:10,688 - [Quantum_e2e_20251215_nova_dll.py:311] - [on_result] - INFO - Got result for job 110: {'job_id': 110, 'status': 'in_progress', 'timestamp': '2025-12-15T17:21:10.688726', 'data': {'type': 'text', 'response': 'Hello! It looks like you mentioned a couple of topics related to quantum technology and a clinical study on cinnamon and blood pressure management. If you have a specific question about either of these topics, feel free to ask! Here are a couple of clarifications:\n\n1. **Quantum Technology**:'}}
2025-12-15 17:21:10,954 - [Quantum_e2e_20251215_nova_dll.py:289] - [on_result] - DEBUG - 接收到 in_progress 且类型为text的消息，当前token计数: 55
2025-12-15 17:21:10,955 - [Quantum_e2e_20251215_nova_dll.py:311] - [on_result] - INFO - Got result for job 110: {'job_id': 110, 'status': 'in_progress', 'timestamp': '2025-12-15T17:21:10.954859', 'data': {'type': 'text', 'response': 'Hello! It looks like you mentioned a couple of topics related to quantum technology and a clinical study on cinnamon and blood pressure management. If you have a specific question about either of these topics, feel free to ask! Here are a couple of clarifications:\n\n1. **Quantum Technology**:'}}
2025-12-15 17:21:11,163 - [Quantum_e2e_20251215_nova_dll.py:289] - [on_result] - DEBUG - 接收到 in_progress 且类型为text的消息，当前token计数: 56
2025-12-15 17:21:11,164 - [Quantum_e2e_20251215_nova_dll.py:311] - [on_result] - INFO - Got result for job 110: {'job_id': 110, 'status': 'in_progress', 'timestamp': '2025-12-15T17:21:11.164434', 'data': {'type': 'text', 'response': 'Hello! It looks like you mentioned a couple of topics related to quantum technology and a clinical study on cinnamon and blood pressure management. If you have a specific question about either of these topics, feel free to ask! Here are a couple of clarifications:\n\n1. **Quantum Technology**:  \n'}}
2025-12-15 17:21:11,444 - [Quantum_e2e_20251215_nova_dll.py:289] - [on_result] - DEBUG - 接收到 in_progress 且类型为text的消息，当前token计数: 57
2025-12-15 17:21:11,445 - [Quantum_e2e_20251215_nova_dll.py:311] - [on_result] - INFO - Got result for job 110: {'job_id': 110, 'status': 'in_progress', 'timestamp': '2025-12-15T17:21:11.445138', 'data': {'type': 'text', 'response': 'Hello! It looks like you mentioned a couple of topics related to quantum technology and a clinical study on cinnamon and blood pressure management. If you have a specific question about either of these topics, feel free to ask! Here are a couple of clarifications:\n\n1. **Quantum Technology**:  \n'}}
2025-12-15 17:21:11,663 - [Quantum_e2e_20251215_nova_dll.py:289] - [on_result] - DEBUG - 接收到 in_progress 且类型为text的消息，当前token计数: 58
2025-12-15 17:21:11,664 - [Quantum_e2e_20251215_nova_dll.py:311] - [on_result] - INFO - Got result for job 110: {'job_id': 110, 'status': 'in_progress', 'timestamp': '2025-12-15T17:21:11.664321', 'data': {'type': 'text', 'response': 'Hello! It looks like you mentioned a couple of topics related to quantum technology and a clinical study on cinnamon and blood pressure management. If you have a specific question about either of these topics, feel free to ask! Here are a couple of clarifications:\n\n1. **Quantum Technology**:  \n'}}
2025-12-15 17:21:11,870 - [Quantum_e2e_20251215_nova_dll.py:289] - [on_result] - DEBUG - 接收到 in_progress 且类型为text的消息，当前token计数: 59
2025-12-15 17:21:11,871 - [Quantum_e2e_20251215_nova_dll.py:311] - [on_result] - INFO - Got result for job 110: {'job_id': 110, 'status': 'in_progress', 'timestamp': '2025-12-15T17:21:11.871914', 'data': {'type': 'text', 'response': 'Hello! It looks like you mentioned a couple of topics related to quantum technology and a clinical study on cinnamon and blood pressure management. If you have a specific question about either of these topics, feel free to ask! Here are a couple of clarifications:\n\n1. **Quantum Technology**:  \n   - **'}}
2025-12-15 17:21:12,122 - [Quantum_e2e_20251215_nova_dll.py:289] - [on_result] - DEBUG - 接收到 in_progress 且类型为text的消息，当前token计数: 60
2025-12-15 17:21:12,123 - [Quantum_e2e_20251215_nova_dll.py:311] - [on_result] - INFO - Got result for job 110: {'job_id': 110, 'status': 'in_progress', 'timestamp': '2025-12-15T17:21:12.123012', 'data': {'type': 'text', 'response': 'Hello! It looks like you mentioned a couple of topics related to quantum technology and a clinical study on cinnamon and blood pressure management. If you have a specific question about either of these topics, feel free to ask! Here are a couple of clarifications:\n\n1. **Quantum Technology**:  \n   - **QuantFi'}}
2025-12-15 17:21:12,336 - [Quantum_e2e_20251215_nova_dll.py:289] - [on_result] - DEBUG - 接收到 in_progress 且类型为text的消息，当前token计数: 61
2025-12-15 17:21:12,337 - [Quantum_e2e_20251215_nova_dll.py:311] - [on_result] - INFO - Got result for job 110: {'job_id': 110, 'status': 'in_progress', 'timestamp': '2025-12-15T17:21:12.337933', 'data': {'type': 'text', 'response': 'Hello! It looks like you mentioned a couple of topics related to quantum technology and a clinical study on cinnamon and blood pressure management. If you have a specific question about either of these topics, feel free to ask! Here are a couple of clarifications:\n\n1. **Quantum Technology**:  \n   - **QuantFi'}}
2025-12-15 17:21:12,456 - [Quantum_e2e_20251215_nova_dll.py:289] - [on_result] - DEBUG - 接收到 in_progress 且类型为text的消息，当前token计数: 62
2025-12-15 17:21:12,457 - [Quantum_e2e_20251215_nova_dll.py:311] - [on_result] - INFO - Got result for job 110: {'job_id': 110, 'status': 'in_progress', 'timestamp': '2025-12-15T17:21:12.457312', 'data': {'type': 'text', 'response': 'Hello! It looks like you mentioned a couple of topics related to quantum technology and a clinical study on cinnamon and blood pressure management. If you have a specific question about either of these topics, feel free to ask! Here are a couple of clarifications:\n\n1. **Quantum Technology**:  \n   - **QuantFi'}}
2025-12-15 17:21:12,665 - [Quantum_e2e_20251215_nova_dll.py:289] - [on_result] - DEBUG - 接收到 in_progress 且类型为text的消息，当前token计数: 63
2025-12-15 17:21:12,666 - [Quantum_e2e_20251215_nova_dll.py:311] - [on_result] - INFO - Got result for job 110: {'job_id': 110, 'status': 'in_progress', 'timestamp': '2025-12-15T17:21:12.666231', 'data': {'type': 'text', 'response': 'Hello! It looks like you mentioned a couple of topics related to quantum technology and a clinical study on cinnamon and blood pressure management. If you have a specific question about either of these topics, feel free to ask! Here are a couple of clarifications:\n\n1. **Quantum Technology**:  \n   - **QuantFi and Q'}}
2025-12-15 17:21:12,945 - [Quantum_e2e_20251215_nova_dll.py:289] - [on_result] - DEBUG - 接收到 in_progress 且类型为text的消息，当前token计数: 64
2025-12-15 17:21:12,945 - [Quantum_e2e_20251215_nova_dll.py:311] - [on_result] - INFO - Got result for job 110: {'job_id': 110, 'status': 'in_progress', 'timestamp': '2025-12-15T17:21:12.945228', 'data': {'type': 'text', 'response': 'Hello! It looks like you mentioned a couple of topics related to quantum technology and a clinical study on cinnamon and blood pressure management. If you have a specific question about either of these topics, feel free to ask! Here are a couple of clarifications:\n\n1. **Quantum Technology**:  \n   - **QuantFi and Q'}}
2025-12-15 17:21:13,123 - [Quantum_e2e_20251215_nova_dll.py:289] - [on_result] - DEBUG - 接收到 in_progress 且类型为text的消息，当前token计数: 65
2025-12-15 17:21:13,124 - [Quantum_e2e_20251215_nova_dll.py:311] - [on_result] - INFO - Got result for job 110: {'job_id': 110, 'status': 'in_progress', 'timestamp': '2025-12-15T17:21:13.124532', 'data': {'type': 'text', 'response': 'Hello! It looks like you mentioned a couple of topics related to quantum technology and a clinical study on cinnamon and blood pressure management. If you have a specific question about either of these topics, feel free to ask! Here are a couple of clarifications:\n\n1. **Quantum Technology**:  \n   - **QuantFi and QURE'}}
2025-12-15 17:21:13,372 - [Quantum_e2e_20251215_nova_dll.py:289] - [on_result] - DEBUG - 接收到 in_progress 且类型为text的消息，当前token计数: 66
2025-12-15 17:21:13,372 - [Quantum_e2e_20251215_nova_dll.py:311] - [on_result] - INFO - Got result for job 110: {'job_id': 110, 'status': 'in_progress', 'timestamp': '2025-12-15T17:21:13.372753', 'data': {'type': 'text', 'response': 'Hello! It looks like you mentioned a couple of topics related to quantum technology and a clinical study on cinnamon and blood pressure management. If you have a specific question about either of these topics, feel free to ask! Here are a couple of clarifications:\n\n1. **Quantum Technology**:  \n   - **QuantFi and QURE'}}
2025-12-15 17:21:13,622 - [Quantum_e2e_20251215_nova_dll.py:289] - [on_result] - DEBUG - 接收到 in_progress 且类型为text的消息，当前token计数: 67
2025-12-15 17:21:13,623 - [Quantum_e2e_20251215_nova_dll.py:311] - [on_result] - INFO - Got result for job 110: {'job_id': 110, 'status': 'in_progress', 'timestamp': '2025-12-15T17:21:13.623599', 'data': {'type': 'text', 'response': 'Hello! It looks like you mentioned a couple of topics related to quantum technology and a clinical study on cinnamon and blood pressure management. If you have a specific question about either of these topics, feel free to ask! Here are a couple of clarifications:\n\n1. **Quantum Technology**:  \n   - **QuantFi and QURECA** are collaborating'}}
2025-12-15 17:21:13,691 - [Quantum_e2e_20251215_nova_dll.py:289] - [on_result] - DEBUG - 接收到 in_progress 且类型为text的消息，当前token计数: 68
2025-12-15 17:21:13,692 - [Quantum_e2e_20251215_nova_dll.py:311] - [on_result] - INFO - Got result for job 110: {'job_id': 110, 'status': 'in_progress', 'timestamp': '2025-12-15T17:21:13.692222', 'data': {'type': 'text', 'response': 'Hello! It looks like you mentioned a couple of topics related to quantum technology and a clinical study on cinnamon and blood pressure management. If you have a specific question about either of these topics, feel free to ask! Here are a couple of clarifications:\n\n1. **Quantum Technology**:  \n   - **QuantFi and QURECA** are collaborating to'}}
2025-12-15 17:21:13,956 - [Quantum_e2e_20251215_nova_dll.py:289] - [on_result] - DEBUG - 接收到 in_progress 且类型为text的消息，当前token计数: 69
2025-12-15 17:21:13,957 - [Quantum_e2e_20251215_nova_dll.py:311] - [on_result] - INFO - Got result for job 110: {'job_id': 110, 'status': 'in_progress', 'timestamp': '2025-12-15T17:21:13.957326', 'data': {'type': 'text', 'response': 'Hello! It looks like you mentioned a couple of topics related to quantum technology and a clinical study on cinnamon and blood pressure management. If you have a specific question about either of these topics, feel free to ask! Here are a couple of clarifications:\n\n1. **Quantum Technology**:  \n   - **QuantFi and QURECA** are collaborating to'}}
2025-12-15 17:21:14,166 - [Quantum_e2e_20251215_nova_dll.py:289] - [on_result] - DEBUG - 接收到 in_progress 且类型为text的消息，当前token计数: 70
2025-12-15 17:21:14,166 - [Quantum_e2e_20251215_nova_dll.py:311] - [on_result] - INFO - Got result for job 110: {'job_id': 110, 'status': 'in_progress', 'timestamp': '2025-12-15T17:21:14.166530', 'data': {'type': 'text', 'response': 'Hello! It looks like you mentioned a couple of topics related to quantum technology and a clinical study on cinnamon and blood pressure management. If you have a specific question about either of these topics, feel free to ask! Here are a couple of clarifications:\n\n1. **Quantum Technology**:  \n   - **QuantFi and QURECA** are collaborating to'}}
2025-12-15 17:21:14,402 - [Quantum_e2e_20251215_nova_dll.py:289] - [on_result] - DEBUG - 接收到 in_progress 且类型为text的消息，当前token计数: 71
2025-12-15 17:21:14,403 - [Quantum_e2e_20251215_nova_dll.py:311] - [on_result] - INFO - Got result for job 110: {'job_id': 110, 'status': 'in_progress', 'timestamp': '2025-12-15T17:21:14.403581', 'data': {'type': 'text', 'response': 'Hello! It looks like you mentioned a couple of topics related to quantum technology and a clinical study on cinnamon and blood pressure management. If you have a specific question about either of these topics, feel free to ask! Here are a couple of clarifications:\n\n1. **Quantum Technology**:  \n   - **QuantFi and QURECA** are collaborating to'}}
2025-12-15 17:21:14,625 - [Quantum_e2e_20251215_nova_dll.py:289] - [on_result] - DEBUG - 接收到 in_progress 且类型为text的消息，当前token计数: 72
2025-12-15 17:21:14,626 - [Quantum_e2e_20251215_nova_dll.py:311] - [on_result] - INFO - Got result for job 110: {'job_id': 110, 'status': 'in_progress', 'timestamp': '2025-12-15T17:21:14.626155', 'data': {'type': 'text', 'response': 'Hello! It looks like you mentioned a couple of topics related to quantum technology and a clinical study on cinnamon and blood pressure management. If you have a specific question about either of these topics, feel free to ask! Here are a couple of clarifications:\n\n1. **Quantum Technology**:  \n   - **QuantFi and QURECA** are collaborating to create a training'}}
2025-12-15 17:21:14,874 - [Quantum_e2e_20251215_nova_dll.py:289] - [on_result] - DEBUG - 接收到 in_progress 且类型为text的消息，当前token计数: 73
2025-12-15 17:21:14,875 - [Quantum_e2e_20251215_nova_dll.py:311] - [on_result] - INFO - Got result for job 110: {'job_id': 110, 'status': 'in_progress', 'timestamp': '2025-12-15T17:21:14.875192', 'data': {'type': 'text', 'response': 'Hello! It looks like you mentioned a couple of topics related to quantum technology and a clinical study on cinnamon and blood pressure management. If you have a specific question about either of these topics, feel free to ask! Here are a couple of clarifications:\n\n1. **Quantum Technology**:  \n   - **QuantFi and QURECA** are collaborating to create a training course'}}
2025-12-15 17:21:15,097 - [Quantum_e2e_20251215_nova_dll.py:289] - [on_result] - DEBUG - 接收到 in_progress 且类型为text的消息，当前token计数: 74
2025-12-15 17:21:15,098 - [Quantum_e2e_20251215_nova_dll.py:311] - [on_result] - INFO - Got result for job 110: {'job_id': 110, 'status': 'in_progress', 'timestamp': '2025-12-15T17:21:15.098808', 'data': {'type': 'text', 'response': 'Hello! It looks like you mentioned a couple of topics related to quantum technology and a clinical study on cinnamon and blood pressure management. If you have a specific question about either of these topics, feel free to ask! Here are a couple of clarifications:\n\n1. **Quantum Technology**:  \n   - **QuantFi and QURECA** are collaborating to create a training course'}}
2025-12-15 17:21:15,193 - [Quantum_e2e_20251215_nova_dll.py:289] - [on_result] - DEBUG - 接收到 in_progress 且类型为text的消息，当前token计数: 75
2025-12-15 17:21:15,194 - [Quantum_e2e_20251215_nova_dll.py:311] - [on_result] - INFO - Got result for job 110: {'job_id': 110, 'status': 'in_progress', 'timestamp': '2025-12-15T17:21:15.194758', 'data': {'type': 'text', 'response': 'Hello! It looks like you mentioned a couple of topics related to quantum technology and a clinical study on cinnamon and blood pressure management. If you have a specific question about either of these topics, feel free to ask! Here are a couple of clarifications:\n\n1. **Quantum Technology**:  \n   - **QuantFi and QURECA** are collaborating to create a training course'}}
2025-12-15 17:21:15,457 - [Quantum_e2e_20251215_nova_dll.py:289] - [on_result] - DEBUG - 接收到 in_progress 且类型为text的消息，当前token计数: 76
2025-12-15 17:21:15,458 - [Quantum_e2e_20251215_nova_dll.py:311] - [on_result] - INFO - Got result for job 110: {'job_id': 110, 'status': 'in_progress', 'timestamp': '2025-12-15T17:21:15.458872', 'data': {'type': 'text', 'response': 'Hello! It looks like you mentioned a couple of topics related to quantum technology and a clinical study on cinnamon and blood pressure management. If you have a specific question about either of these topics, feel free to ask! Here are a couple of clarifications:\n\n1. **Quantum Technology**:  \n   - **QuantFi and QURECA** are collaborating to create a training course in quantum computing'}}
2025-12-15 17:21:15,668 - [Quantum_e2e_20251215_nova_dll.py:289] - [on_result] - DEBUG - 接收到 in_progress 且类型为text的消息，当前token计数: 77
2025-12-15 17:21:15,669 - [Quantum_e2e_20251215_nova_dll.py:311] - [on_result] - INFO - Got result for job 110: {'job_id': 110, 'status': 'in_progress', 'timestamp': '2025-12-15T17:21:15.669081', 'data': {'type': 'text', 'response': 'Hello! It looks like you mentioned a couple of topics related to quantum technology and a clinical study on cinnamon and blood pressure management. If you have a specific question about either of these topics, feel free to ask! Here are a couple of clarifications:\n\n1. **Quantum Technology**:  \n   - **QuantFi and QURECA** are collaborating to create a training course in quantum computing for finance'}}
2025-12-15 17:21:15,903 - [Quantum_e2e_20251215_nova_dll.py:289] - [on_result] - DEBUG - 接收到 in_progress 且类型为text的消息，当前token计数: 78
2025-12-15 17:21:15,904 - [Quantum_e2e_20251215_nova_dll.py:311] - [on_result] - INFO - Got result for job 110: {'job_id': 110, 'status': 'in_progress', 'timestamp': '2025-12-15T17:21:15.904684', 'data': {'type': 'text', 'response': 'Hello! It looks like you mentioned a couple of topics related to quantum technology and a clinical study on cinnamon and blood pressure management. If you have a specific question about either of these topics, feel free to ask! Here are a couple of clarifications:\n\n1. **Quantum Technology**:  \n   - **QuantFi and QURECA** are collaborating to create a training course in quantum computing for finance'}}
2025-12-15 17:21:16,125 - [Quantum_e2e_20251215_nova_dll.py:289] - [on_result] - DEBUG - 接收到 in_progress 且类型为text的消息，当前token计数: 79
2025-12-15 17:21:16,126 - [Quantum_e2e_20251215_nova_dll.py:311] - [on_result] - INFO - Got result for job 110: {'job_id': 110, 'status': 'in_progress', 'timestamp': '2025-12-15T17:21:16.126662', 'data': {'type': 'text', 'response': 'Hello! It looks like you mentioned a couple of topics related to quantum technology and a clinical study on cinnamon and blood pressure management. If you have a specific question about either of these topics, feel free to ask! Here are a couple of clarifications:\n\n1. **Quantum Technology**:  \n   - **QuantFi and QURECA** are collaborating to create a training course in quantum computing for finance'}}
2025-12-15 17:21:16,339 - [Quantum_e2e_20251215_nova_dll.py:289] - [on_result] - DEBUG - 接收到 in_progress 且类型为text的消息，当前token计数: 80
2025-12-15 17:21:16,340 - [Quantum_e2e_20251215_nova_dll.py:311] - [on_result] - INFO - Got result for job 110: {'job_id': 110, 'status': 'in_progress', 'timestamp': '2025-12-15T17:21:16.340175', 'data': {'type': 'text', 'response': 'Hello! It looks like you mentioned a couple of topics related to quantum technology and a clinical study on cinnamon and blood pressure management. If you have a specific question about either of these topics, feel free to ask! Here are a couple of clarifications:\n\n1. **Quantum Technology**:  \n   - **QuantFi and QURECA** are collaborating to create a training course in quantum computing for finance (2021'}}
2025-12-15 17:21:16,598 - [Quantum_e2e_20251215_nova_dll.py:289] - [on_result] - DEBUG - 接收到 in_progress 且类型为text的消息，当前token计数: 81
2025-12-15 17:21:16,599 - [Quantum_e2e_20251215_nova_dll.py:311] - [on_result] - INFO - Got result for job 110: {'job_id': 110, 'status': 'in_progress', 'timestamp': '2025-12-15T17:21:16.599984', 'data': {'type': 'text', 'response': 'Hello! It looks like you mentioned a couple of topics related to quantum technology and a clinical study on cinnamon and blood pressure management. If you have a specific question about either of these topics, feel free to ask! Here are a couple of clarifications:\n\n1. **Quantum Technology**:  \n   - **QuantFi and QURECA** are collaborating to create a training course in quantum computing for finance (2021'}}
2025-12-15 17:21:16,694 - [Quantum_e2e_20251215_nova_dll.py:289] - [on_result] - DEBUG - 接收到 in_progress 且类型为text的消息，当前token计数: 82
2025-12-15 17:21:16,695 - [Quantum_e2e_20251215_nova_dll.py:311] - [on_result] - INFO - Got result for job 110: {'job_id': 110, 'status': 'in_progress', 'timestamp': '2025-12-15T17:21:16.695445', 'data': {'type': 'text', 'response': 'Hello! It looks like you mentioned a couple of topics related to quantum technology and a clinical study on cinnamon and blood pressure management. If you have a specific question about either of these topics, feel free to ask! Here are a couple of clarifications:\n\n1. **Quantum Technology**:  \n   - **QuantFi and QURECA** are collaborating to create a training course in quantum computing for finance (2021).'}}
2025-12-15 17:21:16,948 - [Quantum_e2e_20251215_nova_dll.py:289] - [on_result] - DEBUG - 接收到 in_progress 且类型为text的消息，当前token计数: 83
2025-12-15 17:21:16,949 - [Quantum_e2e_20251215_nova_dll.py:311] - [on_result] - INFO - Got result for job 110: {'job_id': 110, 'status': 'in_progress', 'timestamp': '2025-12-15T17:21:16.949535', 'data': {'type': 'text', 'response': 'Hello! It looks like you mentioned a couple of topics related to quantum technology and a clinical study on cinnamon and blood pressure management. If you have a specific question about either of these topics, feel free to ask! Here are a couple of clarifications:\n\n1. **Quantum Technology**:  \n   - **QuantFi and QURECA** are collaborating to create a training course in quantum computing for finance (2021).'}}
2025-12-15 17:21:17,169 - [Quantum_e2e_20251215_nova_dll.py:289] - [on_result] - DEBUG - 接收到 in_progress 且类型为text的消息，当前token计数: 84
2025-12-15 17:21:17,170 - [Quantum_e2e_20251215_nova_dll.py:311] - [on_result] - INFO - Got result for job 110: {'job_id': 110, 'status': 'in_progress', 'timestamp': '2025-12-15T17:21:17.170285', 'data': {'type': 'text', 'response': 'Hello! It looks like you mentioned a couple of topics related to quantum technology and a clinical study on cinnamon and blood pressure management. If you have a specific question about either of these topics, feel free to ask! Here are a couple of clarifications:\n\n1. **Quantum Technology**:  \n   - **QuantFi and QURECA** are collaborating to create a training course in quantum computing for finance (2021).'}}
2025-12-15 17:21:17,405 - [Quantum_e2e_20251215_nova_dll.py:289] - [on_result] - DEBUG - 接收到 in_progress 且类型为text的消息，当前token计数: 85
2025-12-15 17:21:17,406 - [Quantum_e2e_20251215_nova_dll.py:311] - [on_result] - INFO - Got result for job 110: {'job_id': 110, 'status': 'in_progress', 'timestamp': '2025-12-15T17:21:17.406913', 'data': {'type': 'text', 'response': 'Hello! It looks like you mentioned a couple of topics related to quantum technology and a clinical study on cinnamon and blood pressure management. If you have a specific question about either of these topics, feel free to ask! Here are a couple of clarifications:\n\n1. **Quantum Technology**:  \n   - **QuantFi and QURECA** are collaborating to create a training course in quantum computing for finance (2021).  \n   -'}}
2025-12-15 17:21:17,625 - [Quantum_e2e_20251215_nova_dll.py:289] - [on_result] - DEBUG - 接收到 in_progress 且类型为text的消息，当前token计数: 86
2025-12-15 17:21:17,626 - [Quantum_e2e_20251215_nova_dll.py:311] - [on_result] - INFO - Got result for job 110: {'job_id': 110, 'status': 'in_progress', 'timestamp': '2025-12-15T17:21:17.626432', 'data': {'type': 'text', 'response': 'Hello! It looks like you mentioned a couple of topics related to quantum technology and a clinical study on cinnamon and blood pressure management. If you have a specific question about either of these topics, feel free to ask! Here are a couple of clarifications:\n\n1. **Quantum Technology**:  \n   - **QuantFi and QURECA** are collaborating to create a training course in quantum computing for finance (2021).  \n   - Microsoft and the'}}
2025-12-15 17:21:28,888 - [Quantum_e2e_20251215_nova_dll.py:289] - [on_result] - DEBUG - 接收到 in_progress 且类型为text的消息，当前token计数: 87
2025-12-15 17:21:28,888 - [Quantum_e2e_20251215_nova_dll.py:311] - [on_result] - INFO - Got result for job 110: {'job_id': 110, 'status': 'in_progress', 'timestamp': '2025-12-15T17:21:28.888348', 'data': {'type': 'text', 'response': 'Hello! It looks like you mentioned a couple of topics related to quantum technology and a clinical study on cinnamon and blood pressure management. If you have a specific question about either of these topics, feel free to ask! Here are a couple of clarifications:\n\n1. **Quantum Technology**:  \n   - **QuantFi and QURECA** are collaborating to create a training course in quantum computing for finance (2021).  \n   - Microsoft and the'}}
2025-12-15 17:21:28,889 - [Quantum_e2e_20251215_nova_dll.py:289] - [on_result] - DEBUG - 接收到 in_progress 且类型为text的消息，当前token计数: 88
2025-12-15 17:21:28,889 - [Quantum_e2e_20251215_nova_dll.py:311] - [on_result] - INFO - Got result for job 110: {'job_id': 110, 'status': 'in_progress', 'timestamp': '2025-12-15T17:21:28.889347', 'data': {'type': 'text', 'response': 'Hello! It looks like you mentioned a couple of topics related to quantum technology and a clinical study on cinnamon and blood pressure management. If you have a specific question about either of these topics, feel free to ask! Here are a couple of clarifications:\n\n1. **Quantum Technology**:  \n   - **QuantFi and QURECA** are collaborating to create a training course in quantum computing for finance (2021).  \n   - Microsoft and the'}}
2025-12-15 17:21:28,890 - [Quantum_e2e_20251215_nova_dll.py:289] - [on_result] - DEBUG - 接收到 in_progress 且类型为text的消息，当前token计数: 89
2025-12-15 17:21:28,891 - [Quantum_e2e_20251215_nova_dll.py:311] - [on_result] - INFO - Got result for job 110: {'job_id': 110, 'status': 'in_progress', 'timestamp': '2025-12-15T17:21:28.891358', 'data': {'type': 'text', 'response': 'Hello! It looks like you mentioned a couple of topics related to quantum technology and a clinical study on cinnamon and blood pressure management. If you have a specific question about either of these topics, feel free to ask! Here are a couple of clarifications:\n\n1. **Quantum Technology**:  \n   - **QuantFi and QURECA** are collaborating to create a training course in quantum computing for finance (2021).  \n   - Microsoft and the University'}}
2025-12-15 17:21:28,891 - [Quantum_e2e_20251215_nova_dll.py:289] - [on_result] - DEBUG - 接收到 in_progress 且类型为text的消息，当前token计数: 90
2025-12-15 17:21:28,892 - [Quantum_e2e_20251215_nova_dll.py:311] - [on_result] - INFO - Got result for job 110: {'job_id': 110, 'status': 'in_progress', 'timestamp': '2025-12-15T17:21:28.892353', 'data': {'type': 'text', 'response': 'Hello! It looks like you mentioned a couple of topics related to quantum technology and a clinical study on cinnamon and blood pressure management. If you have a specific question about either of these topics, feel free to ask! Here are a couple of clarifications:\n\n1. **Quantum Technology**:  \n   - **QuantFi and QURECA** are collaborating to create a training course in quantum computing for finance (2021).  \n   - Microsoft and the University'}}
2025-12-15 17:21:28,893 - [Quantum_e2e_20251215_nova_dll.py:289] - [on_result] - DEBUG - 接收到 in_progress 且类型为text的消息，当前token计数: 91
2025-12-15 17:21:28,894 - [Quantum_e2e_20251215_nova_dll.py:311] - [on_result] - INFO - Got result for job 110: {'job_id': 110, 'status': 'in_progress', 'timestamp': '2025-12-15T17:21:28.894352', 'data': {'type': 'text', 'response': 'Hello! It looks like you mentioned a couple of topics related to quantum technology and a clinical study on cinnamon and blood pressure management. If you have a specific question about either of these topics, feel free to ask! Here are a couple of clarifications:\n\n1. **Quantum Technology**:  \n   - **QuantFi and QURECA** are collaborating to create a training course in quantum computing for finance (2021).  \n   - Microsoft and the University'}}
2025-12-15 17:21:28,896 - [Quantum_e2e_20251215_nova_dll.py:289] - [on_result] - DEBUG - 接收到 in_progress 且类型为text的消息，当前token计数: 92
2025-12-15 17:21:28,896 - [Quantum_e2e_20251215_nova_dll.py:311] - [on_result] - INFO - Got result for job 110: {'job_id': 110, 'status': 'in_progress', 'timestamp': '2025-12-15T17:21:28.896363', 'data': {'type': 'text', 'response': 'Hello! It looks like you mentioned a couple of topics related to quantum technology and a clinical study on cinnamon and blood pressure management. If you have a specific question about either of these topics, feel free to ask! Here are a couple of clarifications:\n\n1. **Quantum Technology**:  \n   - **QuantFi and QURECA** are collaborating to create a training course in quantum computing for finance (2021).  \n   - Microsoft and the University of Washington demonstrated'}}
2025-12-15 17:21:28,897 - [Quantum_e2e_20251215_nova_dll.py:289] - [on_result] - DEBUG - 接收到 in_progress 且类型为text的消息，当前token计数: 93
2025-12-15 17:21:28,897 - [Quantum_e2e_20251215_nova_dll.py:311] - [on_result] - INFO - Got result for job 110: {'job_id': 110, 'status': 'in_progress', 'timestamp': '2025-12-15T17:21:28.897361', 'data': {'type': 'text', 'response': 'Hello! It looks like you mentioned a couple of topics related to quantum technology and a clinical study on cinnamon and blood pressure management. If you have a specific question about either of these topics, feel free to ask! Here are a couple of clarifications:\n\n1. **Quantum Technology**:  \n   - **QuantFi and QURECA** are collaborating to create a training course in quantum computing for finance (2021).  \n   - Microsoft and the University of Washington demonstrated fully automated'}}
2025-12-15 17:21:28,898 - [Quantum_e2e_20251215_nova_dll.py:289] - [on_result] - DEBUG - 接收到 in_progress 且类型为text的消息，当前token计数: 94
2025-12-15 17:21:28,898 - [Quantum_e2e_20251215_nova_dll.py:311] - [on_result] - INFO - Got result for job 110: {'job_id': 110, 'status': 'in_progress', 'timestamp': '2025-12-15T17:21:28.898361', 'data': {'type': 'text', 'response': 'Hello! It looks like you mentioned a couple of topics related to quantum technology and a clinical study on cinnamon and blood pressure management. If you have a specific question about either of these topics, feel free to ask! Here are a couple of clarifications:\n\n1. **Quantum Technology**:  \n   - **QuantFi and QURECA** are collaborating to create a training course in quantum computing for finance (2021).  \n   - Microsoft and the University of Washington demonstrated fully automated'}}
2025-12-15 17:21:28,899 - [Quantum_e2e_20251215_nova_dll.py:289] - [on_result] - DEBUG - 接收到 in_progress 且类型为text的消息，当前token计数: 95
2025-12-15 17:21:28,899 - [Quantum_e2e_20251215_nova_dll.py:311] - [on_result] - INFO - Got result for job 110: {'job_id': 110, 'status': 'in_progress', 'timestamp': '2025-12-15T17:21:28.899358', 'data': {'type': 'text', 'response': 'Hello! It looks like you mentioned a couple of topics related to quantum technology and a clinical study on cinnamon and blood pressure management. If you have a specific question about either of these topics, feel free to ask! Here are a couple of clarifications:\n\n1. **Quantum Technology**:  \n   - **QuantFi and QURECA** are collaborating to create a training course in quantum computing for finance (2021).  \n   - Microsoft and the University of Washington demonstrated fully automated'}}
2025-12-15 17:21:28,900 - [Quantum_e2e_20251215_nova_dll.py:289] - [on_result] - DEBUG - 接收到 in_progress 且类型为text的消息，当前token计数: 96
2025-12-15 17:21:28,901 - [Quantum_e2e_20251215_nova_dll.py:311] - [on_result] - INFO - Got result for job 110: {'job_id': 110, 'status': 'in_progress', 'timestamp': '2025-12-15T17:21:28.901362', 'data': {'type': 'text', 'response': 'Hello! It looks like you mentioned a couple of topics related to quantum technology and a clinical study on cinnamon and blood pressure management. If you have a specific question about either of these topics, feel free to ask! Here are a couple of clarifications:\n\n1. **Quantum Technology**:  \n   - **QuantFi and QURECA** are collaborating to create a training course in quantum computing for finance (2021).  \n   - Microsoft and the University of Washington demonstrated fully automated DNA data storage'}}
2025-12-15 17:21:28,901 - [Quantum_e2e_20251215_nova_dll.py:289] - [on_result] - DEBUG - 接收到 in_progress 且类型为text的消息，当前token计数: 97
2025-12-15 17:21:28,902 - [Quantum_e2e_20251215_nova_dll.py:311] - [on_result] - INFO - Got result for job 110: {'job_id': 110, 'status': 'in_progress', 'timestamp': '2025-12-15T17:21:28.902362', 'data': {'type': 'text', 'response': 'Hello! It looks like you mentioned a couple of topics related to quantum technology and a clinical study on cinnamon and blood pressure management. If you have a specific question about either of these topics, feel free to ask! Here are a couple of clarifications:\n\n1. **Quantum Technology**:  \n   - **QuantFi and QURECA** are collaborating to create a training course in quantum computing for finance (2021).  \n   - Microsoft and the University of Washington demonstrated fully automated DNA data storage'}}
2025-12-15 17:21:28,902 - [Quantum_e2e_20251215_nova_dll.py:289] - [on_result] - DEBUG - 接收到 in_progress 且类型为text的消息，当前token计数: 98
2025-12-15 17:21:28,903 - [Quantum_e2e_20251215_nova_dll.py:311] - [on_result] - INFO - Got result for job 110: {'job_id': 110, 'status': 'in_progress', 'timestamp': '2025-12-15T17:21:28.903363', 'data': {'type': 'text', 'response': 'Hello! It looks like you mentioned a couple of topics related to quantum technology and a clinical study on cinnamon and blood pressure management. If you have a specific question about either of these topics, feel free to ask! Here are a couple of clarifications:\n\n1. **Quantum Technology**:  \n   - **QuantFi and QURECA** are collaborating to create a training course in quantum computing for finance (2021).  \n   - Microsoft and the University of Washington demonstrated fully automated DNA data storage ('}}
2025-12-15 17:21:28,903 - [Quantum_e2e_20251215_nova_dll.py:289] - [on_result] - DEBUG - 接收到 in_progress 且类型为text的消息，当前token计数: 99
2025-12-15 17:21:28,904 - [Quantum_e2e_20251215_nova_dll.py:311] - [on_result] - INFO - Got result for job 110: {'job_id': 110, 'status': 'in_progress', 'timestamp': '2025-12-15T17:21:28.904371', 'data': {'type': 'text', 'response': 'Hello! It looks like you mentioned a couple of topics related to quantum technology and a clinical study on cinnamon and blood pressure management. If you have a specific question about either of these topics, feel free to ask! Here are a couple of clarifications:\n\n1. **Quantum Technology**:  \n   - **QuantFi and QURECA** are collaborating to create a training course in quantum computing for finance (2021).  \n   - Microsoft and the University of Washington demonstrated fully automated DNA data storage ('}}
2025-12-15 17:21:28,904 - [Quantum_e2e_20251215_nova_dll.py:289] - [on_result] - DEBUG - 接收到 in_progress 且类型为text的消息，当前token计数: 100
2025-12-15 17:21:28,905 - [Quantum_e2e_20251215_nova_dll.py:311] - [on_result] - INFO - Got result for job 110: {'job_id': 110, 'status': 'in_progress', 'timestamp': '2025-12-15T17:21:28.905361', 'data': {'type': 'text', 'response': 'Hello! It looks like you mentioned a couple of topics related to quantum technology and a clinical study on cinnamon and blood pressure management. If you have a specific question about either of these topics, feel free to ask! Here are a couple of clarifications:\n\n1. **Quantum Technology**:  \n   - **QuantFi and QURECA** are collaborating to create a training course in quantum computing for finance (2021).  \n   - Microsoft and the University of Washington demonstrated fully automated DNA data storage ('}}
2025-12-15 17:21:28,905 - [Quantum_e2e_20251215_nova_dll.py:289] - [on_result] - DEBUG - 接收到 in_progress 且类型为text的消息，当前token计数: 101
2025-12-15 17:21:28,906 - [Quantum_e2e_20251215_nova_dll.py:311] - [on_result] - INFO - Got result for job 110: {'job_id': 110, 'status': 'in_progress', 'timestamp': '2025-12-15T17:21:28.906362', 'data': {'type': 'text', 'response': 'Hello! It looks like you mentioned a couple of topics related to quantum technology and a clinical study on cinnamon and blood pressure management. If you have a specific question about either of these topics, feel free to ask! Here are a couple of clarifications:\n\n1. **Quantum Technology**:  \n   - **QuantFi and QURECA** are collaborating to create a training course in quantum computing for finance (2021).  \n   - Microsoft and the University of Washington demonstrated fully automated DNA data storage (2019).'}}
2025-12-15 17:21:28,906 - [Quantum_e2e_20251215_nova_dll.py:289] - [on_result] - DEBUG - 接收到 in_progress 且类型为text的消息，当前token计数: 102
2025-12-15 17:21:28,907 - [Quantum_e2e_20251215_nova_dll.py:311] - [on_result] - INFO - Got result for job 110: {'job_id': 110, 'status': 'in_progress', 'timestamp': '2025-12-15T17:21:28.906362', 'data': {'type': 'text', 'response': 'Hello! It looks like you mentioned a couple of topics related to quantum technology and a clinical study on cinnamon and blood pressure management. If you have a specific question about either of these topics, feel free to ask! Here are a couple of clarifications:\n\n1. **Quantum Technology**:  \n   - **QuantFi and QURECA** are collaborating to create a training course in quantum computing for finance (2021).  \n   - Microsoft and the University of Washington demonstrated fully automated DNA data storage (2019).  \n'}}
2025-12-15 17:21:28,907 - [Quantum_e2e_20251215_nova_dll.py:289] - [on_result] - DEBUG - 接收到 in_progress 且类型为text的消息，当前token计数: 103
2025-12-15 17:21:28,908 - [Quantum_e2e_20251215_nova_dll.py:311] - [on_result] - INFO - Got result for job 110: {'job_id': 110, 'status': 'in_progress', 'timestamp': '2025-12-15T17:21:28.907362', 'data': {'type': 'text', 'response': 'Hello! It looks like you mentioned a couple of topics related to quantum technology and a clinical study on cinnamon and blood pressure management. If you have a specific question about either of these topics, feel free to ask! Here are a couple of clarifications:\n\n1. **Quantum Technology**:  \n   - **QuantFi and QURECA** are collaborating to create a training course in quantum computing for finance (2021).  \n   - Microsoft and the University of Washington demonstrated fully automated DNA data storage (2019).  \n'}}
2025-12-15 17:21:28,909 - [Quantum_e2e_20251215_nova_dll.py:289] - [on_result] - DEBUG - 接收到 in_progress 且类型为text的消息，当前token计数: 104
2025-12-15 17:21:28,909 - [Quantum_e2e_20251215_nova_dll.py:311] - [on_result] - INFO - Got result for job 110: {'job_id': 110, 'status': 'in_progress', 'timestamp': '2025-12-15T17:21:28.909872', 'data': {'type': 'text', 'response': 'Hello! It looks like you mentioned a couple of topics related to quantum technology and a clinical study on cinnamon and blood pressure management. If you have a specific question about either of these topics, feel free to ask! Here are a couple of clarifications:\n\n1. **Quantum Technology**:  \n   - **QuantFi and QURECA** are collaborating to create a training course in quantum computing for finance (2021).  \n   - Microsoft and the University of Washington demonstrated fully automated DNA data storage (2019).  \n'}}
2025-12-15 17:21:28,909 - [Quantum_e2e_20251215_nova_dll.py:289] - [on_result] - DEBUG - 接收到 in_progress 且类型为text的消息，当前token计数: 105
2025-12-15 17:21:28,910 - [Quantum_e2e_20251215_nova_dll.py:311] - [on_result] - INFO - Got result for job 110: {'job_id': 110, 'status': 'in_progress', 'timestamp': '2025-12-15T17:21:28.910890', 'data': {'type': 'text', 'response': 'Hello! It looks like you mentioned a couple of topics related to quantum technology and a clinical study on cinnamon and blood pressure management. If you have a specific question about either of these topics, feel free to ask! Here are a couple of clarifications:\n\n1. **Quantum Technology**:  \n   - **QuantFi and QURECA** are collaborating to create a training course in quantum computing for finance (2021).  \n   - Microsoft and the University of Washington demonstrated fully automated DNA data storage (2019).  \n   - Euro'}}
2025-12-15 17:21:28,910 - [Quantum_e2e_20251215_nova_dll.py:289] - [on_result] - DEBUG - 接收到 in_progress 且类型为text的消息，当前token计数: 106
2025-12-15 17:21:28,911 - [Quantum_e2e_20251215_nova_dll.py:311] - [on_result] - INFO - Got result for job 110: {'job_id': 110, 'status': 'in_progress', 'timestamp': '2025-12-15T17:21:28.911884', 'data': {'type': 'text', 'response': 'Hello! It looks like you mentioned a couple of topics related to quantum technology and a clinical study on cinnamon and blood pressure management. If you have a specific question about either of these topics, feel free to ask! Here are a couple of clarifications:\n\n1. **Quantum Technology**:  \n   - **QuantFi and QURECA** are collaborating to create a training course in quantum computing for finance (2021).  \n   - Microsoft and the University of Washington demonstrated fully automated DNA data storage (2019).  \n   - EuroHPC'}}
2025-12-15 17:21:28,911 - [Quantum_e2e_20251215_nova_dll.py:289] - [on_result] - DEBUG - 接收到 in_progress 且类型为text的消息，当前token计数: 107
2025-12-15 17:21:28,912 - [Quantum_e2e_20251215_nova_dll.py:311] - [on_result] - INFO - Got result for job 110: {'job_id': 110, 'status': 'in_progress', 'timestamp': '2025-12-15T17:21:28.912882', 'data': {'type': 'text', 'response': 'Hello! It looks like you mentioned a couple of topics related to quantum technology and a clinical study on cinnamon and blood pressure management. If you have a specific question about either of these topics, feel free to ask! Here are a couple of clarifications:\n\n1. **Quantum Technology**:  \n   - **QuantFi and QURECA** are collaborating to create a training course in quantum computing for finance (2021).  \n   - Microsoft and the University of Washington demonstrated fully automated DNA data storage (2019).  \n   - EuroHPC'}}
2025-12-15 17:21:28,913 - [Quantum_e2e_20251215_nova_dll.py:289] - [on_result] - DEBUG - 接收到 in_progress 且类型为text的消息，当前token计数: 108
2025-12-15 17:21:28,913 - [Quantum_e2e_20251215_nova_dll.py:311] - [on_result] - INFO - Got result for job 110: {'job_id': 110, 'status': 'in_progress', 'timestamp': '2025-12-15T17:21:28.913882', 'data': {'type': 'text', 'response': 'Hello! It looks like you mentioned a couple of topics related to quantum technology and a clinical study on cinnamon and blood pressure management. If you have a specific question about either of these topics, feel free to ask! Here are a couple of clarifications:\n\n1. **Quantum Technology**:  \n   - **QuantFi and QURECA** are collaborating to create a training course in quantum computing for finance (2021).  \n   - Microsoft and the University of Washington demonstrated fully automated DNA data storage (2019).  \n   - EuroHPC'}}
2025-12-15 17:21:28,914 - [Quantum_e2e_20251215_nova_dll.py:289] - [on_result] - DEBUG - 接收到 in_progress 且类型为text的消息，当前token计数: 109
2025-12-15 17:21:28,915 - [Quantum_e2e_20251215_nova_dll.py:311] - [on_result] - INFO - Got result for job 110: {'job_id': 110, 'status': 'in_progress', 'timestamp': '2025-12-15T17:21:28.915879', 'data': {'type': 'text', 'response': 'Hello! It looks like you mentioned a couple of topics related to quantum technology and a clinical study on cinnamon and blood pressure management. If you have a specific question about either of these topics, feel free to ask! Here are a couple of clarifications:\n\n1. **Quantum Technology**:  \n   - **QuantFi and QURECA** are collaborating to create a training course in quantum computing for finance (2021).  \n   - Microsoft and the University of Washington demonstrated fully automated DNA data storage (2019).  \n   - EuroHPC is a European'}}
2025-12-15 17:21:28,916 - [Quantum_e2e_20251215_nova_dll.py:289] - [on_result] - DEBUG - 接收到 in_progress 且类型为text的消息，当前token计数: 110
2025-12-15 17:21:28,916 - [Quantum_e2e_20251215_nova_dll.py:311] - [on_result] - INFO - Got result for job 110: {'job_id': 110, 'status': 'in_progress', 'timestamp': '2025-12-15T17:21:28.916902', 'data': {'type': 'text', 'response': 'Hello! It looks like you mentioned a couple of topics related to quantum technology and a clinical study on cinnamon and blood pressure management. If you have a specific question about either of these topics, feel free to ask! Here are a couple of clarifications:\n\n1. **Quantum Technology**:  \n   - **QuantFi and QURECA** are collaborating to create a training course in quantum computing for finance (2021).  \n   - Microsoft and the University of Washington demonstrated fully automated DNA data storage (2019).  \n   - EuroHPC is a European'}}
2025-12-15 17:21:28,917 - [Quantum_e2e_20251215_nova_dll.py:289] - [on_result] - DEBUG - 接收到 in_progress 且类型为text的消息，当前token计数: 111
2025-12-15 17:21:28,918 - [Quantum_e2e_20251215_nova_dll.py:311] - [on_result] - INFO - Got result for job 110: {'job_id': 110, 'status': 'in_progress', 'timestamp': '2025-12-15T17:21:28.918876', 'data': {'type': 'text', 'response': 'Hello! It looks like you mentioned a couple of topics related to quantum technology and a clinical study on cinnamon and blood pressure management. If you have a specific question about either of these topics, feel free to ask! Here are a couple of clarifications:\n\n1. **Quantum Technology**:  \n   - **QuantFi and QURECA** are collaborating to create a training course in quantum computing for finance (2021).  \n   - Microsoft and the University of Washington demonstrated fully automated DNA data storage (2019).  \n   - EuroHPC is a European project'}}
2025-12-15 17:21:28,919 - [Quantum_e2e_20251215_nova_dll.py:289] - [on_result] - DEBUG - 接收到 in_progress 且类型为text的消息，当前token计数: 112
2025-12-15 17:21:28,919 - [Quantum_e2e_20251215_nova_dll.py:311] - [on_result] - INFO - Got result for job 110: {'job_id': 110, 'status': 'in_progress', 'timestamp': '2025-12-15T17:21:28.919882', 'data': {'type': 'text', 'response': 'Hello! It looks like you mentioned a couple of topics related to quantum technology and a clinical study on cinnamon and blood pressure management. If you have a specific question about either of these topics, feel free to ask! Here are a couple of clarifications:\n\n1. **Quantum Technology**:  \n   - **QuantFi and QURECA** are collaborating to create a training course in quantum computing for finance (2021).  \n   - Microsoft and the University of Washington demonstrated fully automated DNA data storage (2019).  \n   - EuroHPC is a European project'}}
2025-12-15 17:21:28,920 - [Quantum_e2e_20251215_nova_dll.py:289] - [on_result] - DEBUG - 接收到 in_progress 且类型为text的消息，当前token计数: 113
2025-12-15 17:21:28,920 - [Quantum_e2e_20251215_nova_dll.py:311] - [on_result] - INFO - Got result for job 110: {'job_id': 110, 'status': 'in_progress', 'timestamp': '2025-12-15T17:21:28.920875', 'data': {'type': 'text', 'response': 'Hello! It looks like you mentioned a couple of topics related to quantum technology and a clinical study on cinnamon and blood pressure management. If you have a specific question about either of these topics, feel free to ask! Here are a couple of clarifications:\n\n1. **Quantum Technology**:  \n   - **QuantFi and QURECA** are collaborating to create a training course in quantum computing for finance (2021).  \n   - Microsoft and the University of Washington demonstrated fully automated DNA data storage (2019).  \n   - EuroHPC is a European project'}}
2025-12-15 17:21:28,921 - [Quantum_e2e_20251215_nova_dll.py:289] - [on_result] - DEBUG - 接收到 in_progress 且类型为text的消息，当前token计数: 114
2025-12-15 17:21:28,921 - [Quantum_e2e_20251215_nova_dll.py:311] - [on_result] - INFO - Got result for job 110: {'job_id': 110, 'status': 'in_progress', 'timestamp': '2025-12-15T17:21:28.921881', 'data': {'type': 'text', 'response': 'Hello! It looks like you mentioned a couple of topics related to quantum technology and a clinical study on cinnamon and blood pressure management. If you have a specific question about either of these topics, feel free to ask! Here are a couple of clarifications:\n\n1. **Quantum Technology**:  \n   - **QuantFi and QURECA** are collaborating to create a training course in quantum computing for finance (2021).  \n   - Microsoft and the University of Washington demonstrated fully automated DNA data storage (2019).  \n   - EuroHPC is a European project related to high-performance'}}
2025-12-15 17:21:28,922 - [Quantum_e2e_20251215_nova_dll.py:289] - [on_result] - DEBUG - 接收到 in_progress 且类型为text的消息，当前token计数: 115
2025-12-15 17:21:28,922 - [Quantum_e2e_20251215_nova_dll.py:311] - [on_result] - INFO - Got result for job 110: {'job_id': 110, 'status': 'in_progress', 'timestamp': '2025-12-15T17:21:28.922881', 'data': {'type': 'text', 'response': 'Hello! It looks like you mentioned a couple of topics related to quantum technology and a clinical study on cinnamon and blood pressure management. If you have a specific question about either of these topics, feel free to ask! Here are a couple of clarifications:\n\n1. **Quantum Technology**:  \n   - **QuantFi and QURECA** are collaborating to create a training course in quantum computing for finance (2021).  \n   - Microsoft and the University of Washington demonstrated fully automated DNA data storage (2019).  \n   - EuroHPC is a European project related to high-performance'}}
2025-12-15 17:21:28,922 - [Quantum_e2e_20251215_nova_dll.py:289] - [on_result] - DEBUG - 接收到 in_progress 且类型为text的消息，当前token计数: 116
2025-12-15 17:21:28,923 - [Quantum_e2e_20251215_nova_dll.py:311] - [on_result] - INFO - Got result for job 110: {'job_id': 110, 'status': 'in_progress', 'timestamp': '2025-12-15T17:21:28.923881', 'data': {'type': 'text', 'response': 'Hello! It looks like you mentioned a couple of topics related to quantum technology and a clinical study on cinnamon and blood pressure management. If you have a specific question about either of these topics, feel free to ask! Here are a couple of clarifications:\n\n1. **Quantum Technology**:  \n   - **QuantFi and QURECA** are collaborating to create a training course in quantum computing for finance (2021).  \n   - Microsoft and the University of Washington demonstrated fully automated DNA data storage (2019).  \n   - EuroHPC is a European project related to high-performance'}}
2025-12-15 17:21:28,923 - [Quantum_e2e_20251215_nova_dll.py:289] - [on_result] - DEBUG - 接收到 in_progress 且类型为text的消息，当前token计数: 117
2025-12-15 17:21:28,924 - [Quantum_e2e_20251215_nova_dll.py:311] - [on_result] - INFO - Got result for job 110: {'job_id': 110, 'status': 'in_progress', 'timestamp': '2025-12-15T17:21:28.924875', 'data': {'type': 'text', 'response': 'Hello! It looks like you mentioned a couple of topics related to quantum technology and a clinical study on cinnamon and blood pressure management. If you have a specific question about either of these topics, feel free to ask! Here are a couple of clarifications:\n\n1. **Quantum Technology**:  \n   - **QuantFi and QURECA** are collaborating to create a training course in quantum computing for finance (2021).  \n   - Microsoft and the University of Washington demonstrated fully automated DNA data storage (2019).  \n   - EuroHPC is a European project related to high-performance'}}
2025-12-15 17:21:28,924 - [Quantum_e2e_20251215_nova_dll.py:289] - [on_result] - DEBUG - 接收到 in_progress 且类型为text的消息，当前token计数: 118
2025-12-15 17:21:28,925 - [Quantum_e2e_20251215_nova_dll.py:311] - [on_result] - INFO - Got result for job 110: {'job_id': 110, 'status': 'in_progress', 'timestamp': '2025-12-15T17:21:28.925881', 'data': {'type': 'text', 'response': 'Hello! It looks like you mentioned a couple of topics related to quantum technology and a clinical study on cinnamon and blood pressure management. If you have a specific question about either of these topics, feel free to ask! Here are a couple of clarifications:\n\n1. **Quantum Technology**:  \n   - **QuantFi and QURECA** are collaborating to create a training course in quantum computing for finance (2021).  \n   - Microsoft and the University of Washington demonstrated fully automated DNA data storage (2019).  \n   - EuroHPC is a European project related to high-performance'}}
2025-12-15 17:21:28,925 - [Quantum_e2e_20251215_nova_dll.py:289] - [on_result] - DEBUG - 接收到 in_progress 且类型为text的消息，当前token计数: 119
2025-12-15 17:21:28,926 - [Quantum_e2e_20251215_nova_dll.py:311] - [on_result] - INFO - Got result for job 110: {'job_id': 110, 'status': 'in_progress', 'timestamp': '2025-12-15T17:21:28.926881', 'data': {'type': 'text', 'response': 'Hello! It looks like you mentioned a couple of topics related to quantum technology and a clinical study on cinnamon and blood pressure management. If you have a specific question about either of these topics, feel free to ask! Here are a couple of clarifications:\n\n1. **Quantum Technology**:  \n   - **QuantFi and QURECA** are collaborating to create a training course in quantum computing for finance (2021).  \n   - Microsoft and the University of Washington demonstrated fully automated DNA data storage (2019).  \n   - EuroHPC is a European project related to high-performance computing (n.d.).  \n  '}}
2025-12-15 17:21:28,926 - [Quantum_e2e_20251215_nova_dll.py:289] - [on_result] - DEBUG - 接收到 in_progress 且类型为text的消息，当前token计数: 120
2025-12-15 17:21:28,927 - [Quantum_e2e_20251215_nova_dll.py:311] - [on_result] - INFO - Got result for job 110: {'job_id': 110, 'status': 'in_progress', 'timestamp': '2025-12-15T17:21:28.927881', 'data': {'type': 'text', 'response': 'Hello! It looks like you mentioned a couple of topics related to quantum technology and a clinical study on cinnamon and blood pressure management. If you have a specific question about either of these topics, feel free to ask! Here are a couple of clarifications:\n\n1. **Quantum Technology**:  \n   - **QuantFi and QURECA** are collaborating to create a training course in quantum computing for finance (2021).  \n   - Microsoft and the University of Washington demonstrated fully automated DNA data storage (2019).  \n   - EuroHPC is a European project related to high-performance computing (n.d.).  \n  '}}
2025-12-15 17:21:28,927 - [Quantum_e2e_20251215_nova_dll.py:289] - [on_result] - DEBUG - 接收到 in_progress 且类型为text的消息，当前token计数: 121
2025-12-15 17:21:28,928 - [Quantum_e2e_20251215_nova_dll.py:311] - [on_result] - INFO - Got result for job 110: {'job_id': 110, 'status': 'in_progress', 'timestamp': '2025-12-15T17:21:28.928881', 'data': {'type': 'text', 'response': 'Hello! It looks like you mentioned a couple of topics related to quantum technology and a clinical study on cinnamon and blood pressure management. If you have a specific question about either of these topics, feel free to ask! Here are a couple of clarifications:\n\n1. **Quantum Technology**:  \n   - **QuantFi and QURECA** are collaborating to create a training course in quantum computing for finance (2021).  \n   - Microsoft and the University of Washington demonstrated fully automated DNA data storage (2019).  \n   - EuroHPC is a European project related to high-performance computing (n.d.).  \n  '}}
2025-12-15 17:21:28,929 - [Quantum_e2e_20251215_nova_dll.py:289] - [on_result] - DEBUG - 接收到 in_progress 且类型为text的消息，当前token计数: 122
2025-12-15 17:21:28,930 - [Quantum_e2e_20251215_nova_dll.py:311] - [on_result] - INFO - Got result for job 110: {'job_id': 110, 'status': 'in_progress', 'timestamp': '2025-12-15T17:21:28.930894', 'data': {'type': 'text', 'response': 'Hello! It looks like you mentioned a couple of topics related to quantum technology and a clinical study on cinnamon and blood pressure management. If you have a specific question about either of these topics, feel free to ask! Here are a couple of clarifications:\n\n1. **Quantum Technology**:  \n   - **QuantFi and QURECA** are collaborating to create a training course in quantum computing for finance (2021).  \n   - Microsoft and the University of Washington demonstrated fully automated DNA data storage (2019).  \n   - EuroHPC is a European project related to high-performance computing (n.d.).  \n  '}}
2025-12-15 17:21:28,931 - [Quantum_e2e_20251215_nova_dll.py:289] - [on_result] - DEBUG - 接收到 in_progress 且类型为text的消息，当前token计数: 123
2025-12-15 17:21:28,931 - [Quantum_e2e_20251215_nova_dll.py:311] - [on_result] - INFO - Got result for job 110: {'job_id': 110, 'status': 'in_progress', 'timestamp': '2025-12-15T17:21:28.931881', 'data': {'type': 'text', 'response': 'Hello! It looks like you mentioned a couple of topics related to quantum technology and a clinical study on cinnamon and blood pressure management. If you have a specific question about either of these topics, feel free to ask! Here are a couple of clarifications:\n\n1. **Quantum Technology**:  \n   - **QuantFi and QURECA** are collaborating to create a training course in quantum computing for finance (2021).  \n   - Microsoft and the University of Washington demonstrated fully automated DNA data storage (2019).  \n   - EuroHPC is a European project related to high-performance computing (n.d.).  \n   -'}}
2025-12-15 17:21:28,932 - [Quantum_e2e_20251215_nova_dll.py:289] - [on_result] - DEBUG - 接收到 in_progress 且类型为text的消息，当前token计数: 124
2025-12-15 17:21:28,932 - [Quantum_e2e_20251215_nova_dll.py:311] - [on_result] - INFO - Got result for job 110: {'job_id': 110, 'status': 'in_progress', 'timestamp': '2025-12-15T17:21:28.932876', 'data': {'type': 'text', 'response': 'Hello! It looks like you mentioned a couple of topics related to quantum technology and a clinical study on cinnamon and blood pressure management. If you have a specific question about either of these topics, feel free to ask! Here are a couple of clarifications:\n\n1. **Quantum Technology**:  \n   - **QuantFi and QURECA** are collaborating to create a training course in quantum computing for finance (2021).  \n   - Microsoft and the University of Washington demonstrated fully automated DNA data storage (2019).  \n   - EuroHPC is a European project related to high-performance computing (n.d.).  \n   -'}}
2025-12-15 17:21:28,933 - [Quantum_e2e_20251215_nova_dll.py:289] - [on_result] - DEBUG - 接收到 in_progress 且类型为text的消息，当前token计数: 125
2025-12-15 17:21:28,933 - [Quantum_e2e_20251215_nova_dll.py:311] - [on_result] - INFO - Got result for job 110: {'job_id': 110, 'status': 'in_progress', 'timestamp': '2025-12-15T17:21:28.933877', 'data': {'type': 'text', 'response': 'Hello! It looks like you mentioned a couple of topics related to quantum technology and a clinical study on cinnamon and blood pressure management. If you have a specific question about either of these topics, feel free to ask! Here are a couple of clarifications:\n\n1. **Quantum Technology**:  \n   - **QuantFi and QURECA** are collaborating to create a training course in quantum computing for finance (2021).  \n   - Microsoft and the University of Washington demonstrated fully automated DNA data storage (2019).  \n   - EuroHPC is a European project related to high-performance computing (n.d.).  \n   -'}}
2025-12-15 17:21:28,934 - [Quantum_e2e_20251215_nova_dll.py:289] - [on_result] - DEBUG - 接收到 in_progress 且类型为text的消息，当前token计数: 126
2025-12-15 17:21:28,934 - [Quantum_e2e_20251215_nova_dll.py:311] - [on_result] - INFO - Got result for job 110: {'job_id': 110, 'status': 'in_progress', 'timestamp': '2025-12-15T17:21:28.934878', 'data': {'type': 'text', 'response': 'Hello! It looks like you mentioned a couple of topics related to quantum technology and a clinical study on cinnamon and blood pressure management. If you have a specific question about either of these topics, feel free to ask! Here are a couple of clarifications:\n\n1. **Quantum Technology**:  \n   - **QuantFi and QURECA** are collaborating to create a training course in quantum computing for finance (2021).  \n   - Microsoft and the University of Washington demonstrated fully automated DNA data storage (2019).  \n   - EuroHPC is a European project related to high-performance computing (n.d.).  \n   - There are ongoing'}}
2025-12-15 17:21:28,935 - [Quantum_e2e_20251215_nova_dll.py:289] - [on_result] - DEBUG - 接收到 in_progress 且类型为text的消息，当前token计数: 127
2025-12-15 17:21:28,935 - [Quantum_e2e_20251215_nova_dll.py:311] - [on_result] - INFO - Got result for job 110: {'job_id': 110, 'status': 'in_progress', 'timestamp': '2025-12-15T17:21:28.935884', 'data': {'type': 'text', 'response': 'Hello! It looks like you mentioned a couple of topics related to quantum technology and a clinical study on cinnamon and blood pressure management. If you have a specific question about either of these topics, feel free to ask! Here are a couple of clarifications:\n\n1. **Quantum Technology**:  \n   - **QuantFi and QURECA** are collaborating to create a training course in quantum computing for finance (2021).  \n   - Microsoft and the University of Washington demonstrated fully automated DNA data storage (2019).  \n   - EuroHPC is a European project related to high-performance computing (n.d.).  \n   - There are ongoing demands for'}}
2025-12-15 17:21:28,936 - [Quantum_e2e_20251215_nova_dll.py:289] - [on_result] - DEBUG - 接收到 in_progress 且类型为text的消息，当前token计数: 128
2025-12-15 17:21:28,936 - [Quantum_e2e_20251215_nova_dll.py:311] - [on_result] - INFO - Got result for job 110: {'job_id': 110, 'status': 'in_progress', 'timestamp': '2025-12-15T17:21:28.936881', 'data': {'type': 'text', 'response': 'Hello! It looks like you mentioned a couple of topics related to quantum technology and a clinical study on cinnamon and blood pressure management. If you have a specific question about either of these topics, feel free to ask! Here are a couple of clarifications:\n\n1. **Quantum Technology**:  \n   - **QuantFi and QURECA** are collaborating to create a training course in quantum computing for finance (2021).  \n   - Microsoft and the University of Washington demonstrated fully automated DNA data storage (2019).  \n   - EuroHPC is a European project related to high-performance computing (n.d.).  \n   - There are ongoing demands for'}}
2025-12-15 17:21:28,937 - [Quantum_e2e_20251215_nova_dll.py:289] - [on_result] - DEBUG - 接收到 in_progress 且类型为text的消息，当前token计数: 129
2025-12-15 17:21:28,937 - [Quantum_e2e_20251215_nova_dll.py:311] - [on_result] - INFO - Got result for job 110: {'job_id': 110, 'status': 'in_progress', 'timestamp': '2025-12-15T17:21:28.937877', 'data': {'type': 'text', 'response': 'Hello! It looks like you mentioned a couple of topics related to quantum technology and a clinical study on cinnamon and blood pressure management. If you have a specific question about either of these topics, feel free to ask! Here are a couple of clarifications:\n\n1. **Quantum Technology**:  \n   - **QuantFi and QURECA** are collaborating to create a training course in quantum computing for finance (2021).  \n   - Microsoft and the University of Washington demonstrated fully automated DNA data storage (2019).  \n   - EuroHPC is a European project related to high-performance computing (n.d.).  \n   - There are ongoing demands for'}}
2025-12-15 17:21:28,938 - [Quantum_e2e_20251215_nova_dll.py:289] - [on_result] - DEBUG - 接收到 in_progress 且类型为text的消息，当前token计数: 130
2025-12-15 17:21:28,938 - [Quantum_e2e_20251215_nova_dll.py:311] - [on_result] - INFO - Got result for job 110: {'job_id': 110, 'status': 'in_progress', 'timestamp': '2025-12-15T17:21:28.938882', 'data': {'type': 'text', 'response': 'Hello! It looks like you mentioned a couple of topics related to quantum technology and a clinical study on cinnamon and blood pressure management. If you have a specific question about either of these topics, feel free to ask! Here are a couple of clarifications:\n\n1. **Quantum Technology**:  \n   - **QuantFi and QURECA** are collaborating to create a training course in quantum computing for finance (2021).  \n   - Microsoft and the University of Washington demonstrated fully automated DNA data storage (2019).  \n   - EuroHPC is a European project related to high-performance computing (n.d.).  \n   - There are ongoing demands for skills development in'}}
2025-12-15 17:21:28,939 - [Quantum_e2e_20251215_nova_dll.py:289] - [on_result] - DEBUG - 接收到 in_progress 且类型为text的消息，当前token计数: 131
2025-12-15 17:21:28,939 - [Quantum_e2e_20251215_nova_dll.py:311] - [on_result] - INFO - Got result for job 110: {'job_id': 110, 'status': 'in_progress', 'timestamp': '2025-12-15T17:21:28.939881', 'data': {'type': 'text', 'response': 'Hello! It looks like you mentioned a couple of topics related to quantum technology and a clinical study on cinnamon and blood pressure management. If you have a specific question about either of these topics, feel free to ask! Here are a couple of clarifications:\n\n1. **Quantum Technology**:  \n   - **QuantFi and QURECA** are collaborating to create a training course in quantum computing for finance (2021).  \n   - Microsoft and the University of Washington demonstrated fully automated DNA data storage (2019).  \n   - EuroHPC is a European project related to high-performance computing (n.d.).  \n   - There are ongoing demands for skills development in'}}
2025-12-15 17:21:28,940 - [Quantum_e2e_20251215_nova_dll.py:289] - [on_result] - DEBUG - 接收到 in_progress 且类型为text的消息，当前token计数: 132
2025-12-15 17:21:28,940 - [Quantum_e2e_20251215_nova_dll.py:311] - [on_result] - INFO - Got result for job 110: {'job_id': 110, 'status': 'in_progress', 'timestamp': '2025-12-15T17:21:28.940881', 'data': {'type': 'text', 'response': 'Hello! It looks like you mentioned a couple of topics related to quantum technology and a clinical study on cinnamon and blood pressure management. If you have a specific question about either of these topics, feel free to ask! Here are a couple of clarifications:\n\n1. **Quantum Technology**:  \n   - **QuantFi and QURECA** are collaborating to create a training course in quantum computing for finance (2021).  \n   - Microsoft and the University of Washington demonstrated fully automated DNA data storage (2019).  \n   - EuroHPC is a European project related to high-performance computing (n.d.).  \n   - There are ongoing demands for skills development in high'}}
2025-12-15 17:21:28,941 - [Quantum_e2e_20251215_nova_dll.py:289] - [on_result] - DEBUG - 接收到 in_progress 且类型为text的消息，当前token计数: 133
2025-12-15 17:21:28,941 - [Quantum_e2e_20251215_nova_dll.py:311] - [on_result] - INFO - Got result for job 110: {'job_id': 110, 'status': 'in_progress', 'timestamp': '2025-12-15T17:21:28.941889', 'data': {'type': 'text', 'response': 'Hello! It looks like you mentioned a couple of topics related to quantum technology and a clinical study on cinnamon and blood pressure management. If you have a specific question about either of these topics, feel free to ask! Here are a couple of clarifications:\n\n1. **Quantum Technology**:  \n   - **QuantFi and QURECA** are collaborating to create a training course in quantum computing for finance (2021).  \n   - Microsoft and the University of Washington demonstrated fully automated DNA data storage (2019).  \n   - EuroHPC is a European project related to high-performance computing (n.d.).  \n   - There are ongoing demands for skills development in high'}}
2025-12-15 17:21:28,942 - [Quantum_e2e_20251215_nova_dll.py:289] - [on_result] - DEBUG - 接收到 in_progress 且类型为text的消息，当前token计数: 134
2025-12-15 17:21:28,942 - [Quantum_e2e_20251215_nova_dll.py:311] - [on_result] - INFO - Got result for job 110: {'job_id': 110, 'status': 'in_progress', 'timestamp': '2025-12-15T17:21:28.942886', 'data': {'type': 'text', 'response': 'Hello! It looks like you mentioned a couple of topics related to quantum technology and a clinical study on cinnamon and blood pressure management. If you have a specific question about either of these topics, feel free to ask! Here are a couple of clarifications:\n\n1. **Quantum Technology**:  \n   - **QuantFi and QURECA** are collaborating to create a training course in quantum computing for finance (2021).  \n   - Microsoft and the University of Washington demonstrated fully automated DNA data storage (2019).  \n   - EuroHPC is a European project related to high-performance computing (n.d.).  \n   - There are ongoing demands for skills development in high'}}
2025-12-15 17:21:28,943 - [Quantum_e2e_20251215_nova_dll.py:289] - [on_result] - DEBUG - 接收到 in_progress 且类型为text的消息，当前token计数: 135
2025-12-15 17:21:28,944 - [Quantum_e2e_20251215_nova_dll.py:311] - [on_result] - INFO - Got result for job 110: {'job_id': 110, 'status': 'in_progress', 'timestamp': '2025-12-15T17:21:28.944883', 'data': {'type': 'text', 'response': 'Hello! It looks like you mentioned a couple of topics related to quantum technology and a clinical study on cinnamon and blood pressure management. If you have a specific question about either of these topics, feel free to ask! Here are a couple of clarifications:\n\n1. **Quantum Technology**:  \n   - **QuantFi and QURECA** are collaborating to create a training course in quantum computing for finance (2021).  \n   - Microsoft and the University of Washington demonstrated fully automated DNA data storage (2019).  \n   - EuroHPC is a European project related to high-performance computing (n.d.).  \n   - There are ongoing demands for skills development in high-performance computing ('}}
2025-12-15 17:21:28,944 - [Quantum_e2e_20251215_nova_dll.py:289] - [on_result] - DEBUG - 接收到 in_progress 且类型为text的消息，当前token计数: 136
2025-12-15 17:21:28,945 - [Quantum_e2e_20251215_nova_dll.py:311] - [on_result] - INFO - Got result for job 110: {'job_id': 110, 'status': 'in_progress', 'timestamp': '2025-12-15T17:21:28.945881', 'data': {'type': 'text', 'response': 'Hello! It looks like you mentioned a couple of topics related to quantum technology and a clinical study on cinnamon and blood pressure management. If you have a specific question about either of these topics, feel free to ask! Here are a couple of clarifications:\n\n1. **Quantum Technology**:  \n   - **QuantFi and QURECA** are collaborating to create a training course in quantum computing for finance (2021).  \n   - Microsoft and the University of Washington demonstrated fully automated DNA data storage (2019).  \n   - EuroHPC is a European project related to high-performance computing (n.d.).  \n   - There are ongoing demands for skills development in high-performance computing (2021'}}
2025-12-15 17:21:28,945 - [Quantum_e2e_20251215_nova_dll.py:289] - [on_result] - DEBUG - 接收到 in_progress 且类型为text的消息，当前token计数: 137
2025-12-15 17:21:28,946 - [Quantum_e2e_20251215_nova_dll.py:311] - [on_result] - INFO - Got result for job 110: {'job_id': 110, 'status': 'in_progress', 'timestamp': '2025-12-15T17:21:28.946876', 'data': {'type': 'text', 'response': 'Hello! It looks like you mentioned a couple of topics related to quantum technology and a clinical study on cinnamon and blood pressure management. If you have a specific question about either of these topics, feel free to ask! Here are a couple of clarifications:\n\n1. **Quantum Technology**:  \n   - **QuantFi and QURECA** are collaborating to create a training course in quantum computing for finance (2021).  \n   - Microsoft and the University of Washington demonstrated fully automated DNA data storage (2019).  \n   - EuroHPC is a European project related to high-performance computing (n.d.).  \n   - There are ongoing demands for skills development in high-performance computing (2021'}}
2025-12-15 17:21:28,947 - [Quantum_e2e_20251215_nova_dll.py:289] - [on_result] - DEBUG - 接收到 in_progress 且类型为text的消息，当前token计数: 138
2025-12-15 17:21:28,947 - [Quantum_e2e_20251215_nova_dll.py:311] - [on_result] - INFO - Got result for job 110: {'job_id': 110, 'status': 'in_progress', 'timestamp': '2025-12-15T17:21:28.947883', 'data': {'type': 'text', 'response': 'Hello! It looks like you mentioned a couple of topics related to quantum technology and a clinical study on cinnamon and blood pressure management. If you have a specific question about either of these topics, feel free to ask! Here are a couple of clarifications:\n\n1. **Quantum Technology**:  \n   - **QuantFi and QURECA** are collaborating to create a training course in quantum computing for finance (2021).  \n   - Microsoft and the University of Washington demonstrated fully automated DNA data storage (2019).  \n   - EuroHPC is a European project related to high-performance computing (n.d.).  \n   - There are ongoing demands for skills development in high-performance computing (2021'}}
2025-12-15 17:21:28,948 - [Quantum_e2e_20251215_nova_dll.py:289] - [on_result] - DEBUG - 接收到 in_progress 且类型为text的消息，当前token计数: 139
2025-12-15 17:21:28,948 - [Quantum_e2e_20251215_nova_dll.py:311] - [on_result] - INFO - Got result for job 110: {'job_id': 110, 'status': 'in_progress', 'timestamp': '2025-12-15T17:21:28.948881', 'data': {'type': 'text', 'response': 'Hello! It looks like you mentioned a couple of topics related to quantum technology and a clinical study on cinnamon and blood pressure management. If you have a specific question about either of these topics, feel free to ask! Here are a couple of clarifications:\n\n1. **Quantum Technology**:  \n   - **QuantFi and QURECA** are collaborating to create a training course in quantum computing for finance (2021).  \n   - Microsoft and the University of Washington demonstrated fully automated DNA data storage (2019).  \n   - EuroHPC is a European project related to high-performance computing (n.d.).  \n   - There are ongoing demands for skills development in high-performance computing (2021).  \n  '}}
2025-12-15 17:21:29,110 - [Quantum_e2e_20251215_nova_dll.py:289] - [on_result] - DEBUG - 接收到 in_progress 且类型为text的消息，当前token计数: 140
2025-12-15 17:21:29,111 - [Quantum_e2e_20251215_nova_dll.py:311] - [on_result] - INFO - Got result for job 110: {'job_id': 110, 'status': 'in_progress', 'timestamp': '2025-12-15T17:21:29.111970', 'data': {'type': 'text', 'response': 'Hello! It looks like you mentioned a couple of topics related to quantum technology and a clinical study on cinnamon and blood pressure management. If you have a specific question about either of these topics, feel free to ask! Here are a couple of clarifications:\n\n1. **Quantum Technology**:  \n   - **QuantFi and QURECA** are collaborating to create a training course in quantum computing for finance (2021).  \n   - Microsoft and the University of Washington demonstrated fully automated DNA data storage (2019).  \n   - EuroHPC is a European project related to high-performance computing (n.d.).  \n   - There are ongoing demands for skills development in high-performance computing (2021).  \n  '}}
2025-12-15 17:21:29,205 - [Quantum_e2e_20251215_nova_dll.py:289] - [on_result] - DEBUG - 接收到 in_progress 且类型为text的消息，当前token计数: 141
2025-12-15 17:21:29,207 - [Quantum_e2e_20251215_nova_dll.py:311] - [on_result] - INFO - Got result for job 110: {'job_id': 110, 'status': 'in_progress', 'timestamp': '2025-12-15T17:21:29.207497', 'data': {'type': 'text', 'response': 'Hello! It looks like you mentioned a couple of topics related to quantum technology and a clinical study on cinnamon and blood pressure management. If you have a specific question about either of these topics, feel free to ask! Here are a couple of clarifications:\n\n1. **Quantum Technology**:  \n   - **QuantFi and QURECA** are collaborating to create a training course in quantum computing for finance (2021).  \n   - Microsoft and the University of Washington demonstrated fully automated DNA data storage (2019).  \n   - EuroHPC is a European project related to high-performance computing (n.d.).  \n   - There are ongoing demands for skills development in high-performance computing (2021).  \n   -'}}
2025-12-15 17:21:29,471 - [Quantum_e2e_20251215_nova_dll.py:289] - [on_result] - DEBUG - 接收到 in_progress 且类型为text的消息，当前token计数: 142
2025-12-15 17:21:29,472 - [Quantum_e2e_20251215_nova_dll.py:311] - [on_result] - INFO - Got result for job 110: {'job_id': 110, 'status': 'in_progress', 'timestamp': '2025-12-15T17:21:29.472888', 'data': {'type': 'text', 'response': 'Hello! It looks like you mentioned a couple of topics related to quantum technology and a clinical study on cinnamon and blood pressure management. If you have a specific question about either of these topics, feel free to ask! Here are a couple of clarifications:\n\n1. **Quantum Technology**:  \n   - **QuantFi and QURECA** are collaborating to create a training course in quantum computing for finance (2021).  \n   - Microsoft and the University of Washington demonstrated fully automated DNA data storage (2019).  \n   - EuroHPC is a European project related to high-performance computing (n.d.).  \n   - There are ongoing demands for skills development in high-performance computing (2021).  \n   -'}}
2025-12-15 17:21:29,679 - [Quantum_e2e_20251215_nova_dll.py:289] - [on_result] - DEBUG - 接收到 in_progress 且类型为text的消息，当前token计数: 143
2025-12-15 17:21:29,680 - [Quantum_e2e_20251215_nova_dll.py:311] - [on_result] - INFO - Got result for job 110: {'job_id': 110, 'status': 'in_progress', 'timestamp': '2025-12-15T17:21:29.680616', 'data': {'type': 'text', 'response': 'Hello! It looks like you mentioned a couple of topics related to quantum technology and a clinical study on cinnamon and blood pressure management. If you have a specific question about either of these topics, feel free to ask! Here are a couple of clarifications:\n\n1. **Quantum Technology**:  \n   - **QuantFi and QURECA** are collaborating to create a training course in quantum computing for finance (2021).  \n   - Microsoft and the University of Washington demonstrated fully automated DNA data storage (2019).  \n   - EuroHPC is a European project related to high-performance computing (n.d.).  \n   - There are ongoing demands for skills development in high-performance computing (2021).  \n   -'}}
2025-12-15 17:21:29,918 - [Quantum_e2e_20251215_nova_dll.py:289] - [on_result] - DEBUG - 接收到 in_progress 且类型为text的消息，当前token计数: 144
2025-12-15 17:21:29,918 - [Quantum_e2e_20251215_nova_dll.py:311] - [on_result] - INFO - Got result for job 110: {'job_id': 110, 'status': 'in_progress', 'timestamp': '2025-12-15T17:21:29.918504', 'data': {'type': 'text', 'response': 'Hello! It looks like you mentioned a couple of topics related to quantum technology and a clinical study on cinnamon and blood pressure management. If you have a specific question about either of these topics, feel free to ask! Here are a couple of clarifications:\n\n1. **Quantum Technology**:  \n   - **QuantFi and QURECA** are collaborating to create a training course in quantum computing for finance (2021).  \n   - Microsoft and the University of Washington demonstrated fully automated DNA data storage (2019).  \n   - EuroHPC is a European project related to high-performance computing (n.d.).  \n   - There are ongoing demands for skills development in high-performance computing (2021).  \n   - Scott Aaronson'}}
2025-12-15 17:21:30,136 - [Quantum_e2e_20251215_nova_dll.py:289] - [on_result] - DEBUG - 接收到 in_progress 且类型为text的消息，当前token计数: 145
2025-12-15 17:21:30,136 - [Quantum_e2e_20251215_nova_dll.py:311] - [on_result] - INFO - Got result for job 110: {'job_id': 110, 'status': 'in_progress', 'timestamp': '2025-12-15T17:21:30.136110', 'data': {'type': 'text', 'response': 'Hello! It looks like you mentioned a couple of topics related to quantum technology and a clinical study on cinnamon and blood pressure management. If you have a specific question about either of these topics, feel free to ask! Here are a couple of clarifications:\n\n1. **Quantum Technology**:  \n   - **QuantFi and QURECA** are collaborating to create a training course in quantum computing for finance (2021).  \n   - Microsoft and the University of Washington demonstrated fully automated DNA data storage (2019).  \n   - EuroHPC is a European project related to high-performance computing (n.d.).  \n   - There are ongoing demands for skills development in high-performance computing (2021).  \n   - Scott Aaronson has'}}
2025-12-15 17:21:30,352 - [Quantum_e2e_20251215_nova_dll.py:289] - [on_result] - DEBUG - 接收到 in_progress 且类型为text的消息，当前token计数: 146
2025-12-15 17:21:30,353 - [Quantum_e2e_20251215_nova_dll.py:311] - [on_result] - INFO - Got result for job 110: {'job_id': 110, 'status': 'in_progress', 'timestamp': '2025-12-15T17:21:30.353999', 'data': {'type': 'text', 'response': 'Hello! It looks like you mentioned a couple of topics related to quantum technology and a clinical study on cinnamon and blood pressure management. If you have a specific question about either of these topics, feel free to ask! Here are a couple of clarifications:\n\n1. **Quantum Technology**:  \n   - **QuantFi and QURECA** are collaborating to create a training course in quantum computing for finance (2021).  \n   - Microsoft and the University of Washington demonstrated fully automated DNA data storage (2019).  \n   - EuroHPC is a European project related to high-performance computing (n.d.).  \n   - There are ongoing demands for skills development in high-performance computing (2021).  \n   - Scott Aaronson has'}}
2025-12-15 17:21:30,613 - [Quantum_e2e_20251215_nova_dll.py:289] - [on_result] - DEBUG - 接收到 in_progress 且类型为text的消息，当前token计数: 147
2025-12-15 17:21:30,614 - [Quantum_e2e_20251215_nova_dll.py:311] - [on_result] - INFO - Got result for job 110: {'job_id': 110, 'status': 'in_progress', 'timestamp': '2025-12-15T17:21:30.613382', 'data': {'type': 'text', 'response': 'Hello! It looks like you mentioned a couple of topics related to quantum technology and a clinical study on cinnamon and blood pressure management. If you have a specific question about either of these topics, feel free to ask! Here are a couple of clarifications:\n\n1. **Quantum Technology**:  \n   - **QuantFi and QURECA** are collaborating to create a training course in quantum computing for finance (2021).  \n   - Microsoft and the University of Washington demonstrated fully automated DNA data storage (2019).  \n   - EuroHPC is a European project related to high-performance computing (n.d.).  \n   - There are ongoing demands for skills development in high-performance computing (2021).  \n   - Scott Aaronson has'}}
2025-12-15 17:21:30,706 - [Quantum_e2e_20251215_nova_dll.py:289] - [on_result] - DEBUG - 接收到 in_progress 且类型为text的消息，当前token计数: 148
2025-12-15 17:21:30,707 - [Quantum_e2e_20251215_nova_dll.py:311] - [on_result] - INFO - Got result for job 110: {'job_id': 110, 'status': 'in_progress', 'timestamp': '2025-12-15T17:21:30.707091', 'data': {'type': 'text', 'response': 'Hello! It looks like you mentioned a couple of topics related to quantum technology and a clinical study on cinnamon and blood pressure management. If you have a specific question about either of these topics, feel free to ask! Here are a couple of clarifications:\n\n1. **Quantum Technology**:  \n   - **QuantFi and QURECA** are collaborating to create a training course in quantum computing for finance (2021).  \n   - Microsoft and the University of Washington demonstrated fully automated DNA data storage (2019).  \n   - EuroHPC is a European project related to high-performance computing (n.d.).  \n   - There are ongoing demands for skills development in high-performance computing (2021).  \n   - Scott Aaronson has written a FAQ on'}}
2025-12-15 17:21:30,961 - [Quantum_e2e_20251215_nova_dll.py:289] - [on_result] - DEBUG - 接收到 in_progress 且类型为text的消息，当前token计数: 149
2025-12-15 17:21:30,961 - [Quantum_e2e_20251215_nova_dll.py:311] - [on_result] - INFO - Got result for job 110: {'job_id': 110, 'status': 'in_progress', 'timestamp': '2025-12-15T17:21:30.961598', 'data': {'type': 'text', 'response': 'Hello! It looks like you mentioned a couple of topics related to quantum technology and a clinical study on cinnamon and blood pressure management. If you have a specific question about either of these topics, feel free to ask! Here are a couple of clarifications:\n\n1. **Quantum Technology**:  \n   - **QuantFi and QURECA** are collaborating to create a training course in quantum computing for finance (2021).  \n   - Microsoft and the University of Washington demonstrated fully automated DNA data storage (2019).  \n   - EuroHPC is a European project related to high-performance computing (n.d.).  \n   - There are ongoing demands for skills development in high-performance computing (2021).  \n   - Scott Aaronson has written a FAQ on'}}
2025-12-15 17:21:31,181 - [Quantum_e2e_20251215_nova_dll.py:289] - [on_result] - DEBUG - 接收到 in_progress 且类型为text的消息，当前token计数: 150
2025-12-15 17:21:31,182 - [Quantum_e2e_20251215_nova_dll.py:311] - [on_result] - INFO - Got result for job 110: {'job_id': 110, 'status': 'in_progress', 'timestamp': '2025-12-15T17:21:31.182049', 'data': {'type': 'text', 'response': 'Hello! It looks like you mentioned a couple of topics related to quantum technology and a clinical study on cinnamon and blood pressure management. If you have a specific question about either of these topics, feel free to ask! Here are a couple of clarifications:\n\n1. **Quantum Technology**:  \n   - **QuantFi and QURECA** are collaborating to create a training course in quantum computing for finance (2021).  \n   - Microsoft and the University of Washington demonstrated fully automated DNA data storage (2019).  \n   - EuroHPC is a European project related to high-performance computing (n.d.).  \n   - There are ongoing demands for skills development in high-performance computing (2021).  \n   - Scott Aaronson has written a FAQ on'}}
2025-12-15 17:21:31,419 - [Quantum_e2e_20251215_nova_dll.py:289] - [on_result] - DEBUG - 接收到 in_progress 且类型为text的消息，当前token计数: 151
2025-12-15 17:21:31,420 - [Quantum_e2e_20251215_nova_dll.py:311] - [on_result] - INFO - Got result for job 110: {'job_id': 110, 'status': 'in_progress', 'timestamp': '2025-12-15T17:21:31.420049', 'data': {'type': 'text', 'response': 'Hello! It looks like you mentioned a couple of topics related to quantum technology and a clinical study on cinnamon and blood pressure management. If you have a specific question about either of these topics, feel free to ask! Here are a couple of clarifications:\n\n1. **Quantum Technology**:  \n   - **QuantFi and QURECA** are collaborating to create a training course in quantum computing for finance (2021).  \n   - Microsoft and the University of Washington demonstrated fully automated DNA data storage (2019).  \n   - EuroHPC is a European project related to high-performance computing (n.d.).  \n   - There are ongoing demands for skills development in high-performance computing (2021).  \n   - Scott Aaronson has written a FAQ on'}}
2025-12-15 17:21:31,636 - [Quantum_e2e_20251215_nova_dll.py:289] - [on_result] - DEBUG - 接收到 in_progress 且类型为text的消息，当前token计数: 152
2025-12-15 17:21:31,637 - [Quantum_e2e_20251215_nova_dll.py:311] - [on_result] - INFO - Got result for job 110: {'job_id': 110, 'status': 'in_progress', 'timestamp': '2025-12-15T17:21:31.637353', 'data': {'type': 'text', 'response': 'Hello! It looks like you mentioned a couple of topics related to quantum technology and a clinical study on cinnamon and blood pressure management. If you have a specific question about either of these topics, feel free to ask! Here are a couple of clarifications:\n\n1. **Quantum Technology**:  \n   - **QuantFi and QURECA** are collaborating to create a training course in quantum computing for finance (2021).  \n   - Microsoft and the University of Washington demonstrated fully automated DNA data storage (2019).  \n   - EuroHPC is a European project related to high-performance computing (n.d.).  \n   - There are ongoing demands for skills development in high-performance computing (2021).  \n   - Scott Aaronson has written a FAQ on'}}
2025-12-15 17:21:31,854 - [Quantum_e2e_20251215_nova_dll.py:289] - [on_result] - DEBUG - 接收到 in_progress 且类型为text的消息，当前token计数: 153
2025-12-15 17:21:31,855 - [Quantum_e2e_20251215_nova_dll.py:311] - [on_result] - INFO - Got result for job 110: {'job_id': 110, 'status': 'in_progress', 'timestamp': '2025-12-15T17:21:31.855339', 'data': {'type': 'text', 'response': 'Hello! It looks like you mentioned a couple of topics related to quantum technology and a clinical study on cinnamon and blood pressure management. If you have a specific question about either of these topics, feel free to ask! Here are a couple of clarifications:\n\n1. **Quantum Technology**:  \n   - **QuantFi and QURECA** are collaborating to create a training course in quantum computing for finance (2021).  \n   - Microsoft and the University of Washington demonstrated fully automated DNA data storage (2019).  \n   - EuroHPC is a European project related to high-performance computing (n.d.).  \n   - There are ongoing demands for skills development in high-performance computing (2021).  \n   - Scott Aaronson has written a FAQ on quantum supremacy (2019).  \n\n'}}
2025-12-15 17:21:32,115 - [Quantum_e2e_20251215_nova_dll.py:289] - [on_result] - DEBUG - 接收到 in_progress 且类型为text的消息，当前token计数: 154
2025-12-15 17:21:32,116 - [Quantum_e2e_20251215_nova_dll.py:311] - [on_result] - INFO - Got result for job 110: {'job_id': 110, 'status': 'in_progress', 'timestamp': '2025-12-15T17:21:32.116741', 'data': {'type': 'text', 'response': 'Hello! It looks like you mentioned a couple of topics related to quantum technology and a clinical study on cinnamon and blood pressure management. If you have a specific question about either of these topics, feel free to ask! Here are a couple of clarifications:\n\n1. **Quantum Technology**:  \n   - **QuantFi and QURECA** are collaborating to create a training course in quantum computing for finance (2021).  \n   - Microsoft and the University of Washington demonstrated fully automated DNA data storage (2019).  \n   - EuroHPC is a European project related to high-performance computing (n.d.).  \n   - There are ongoing demands for skills development in high-performance computing (2021).  \n   - Scott Aaronson has written a FAQ on quantum supremacy (2019).  \n\n'}}
2025-12-15 17:21:32,182 - [Quantum_e2e_20251215_nova_dll.py:289] - [on_result] - DEBUG - 接收到 in_progress 且类型为text的消息，当前token计数: 155
2025-12-15 17:21:32,183 - [Quantum_e2e_20251215_nova_dll.py:311] - [on_result] - INFO - Got result for job 110: {'job_id': 110, 'status': 'in_progress', 'timestamp': '2025-12-15T17:21:32.183910', 'data': {'type': 'text', 'response': 'Hello! It looks like you mentioned a couple of topics related to quantum technology and a clinical study on cinnamon and blood pressure management. If you have a specific question about either of these topics, feel free to ask! Here are a couple of clarifications:\n\n1. **Quantum Technology**:  \n   - **QuantFi and QURECA** are collaborating to create a training course in quantum computing for finance (2021).  \n   - Microsoft and the University of Washington demonstrated fully automated DNA data storage (2019).  \n   - EuroHPC is a European project related to high-performance computing (n.d.).  \n   - There are ongoing demands for skills development in high-performance computing (2021).  \n   - Scott Aaronson has written a FAQ on quantum supremacy (2019).  \n\n'}}
2025-12-15 17:21:32,463 - [Quantum_e2e_20251215_nova_dll.py:289] - [on_result] - DEBUG - 接收到 in_progress 且类型为text的消息，当前token计数: 156
2025-12-15 17:21:32,463 - [Quantum_e2e_20251215_nova_dll.py:311] - [on_result] - INFO - Got result for job 110: {'job_id': 110, 'status': 'in_progress', 'timestamp': '2025-12-15T17:21:32.463818', 'data': {'type': 'text', 'response': 'Hello! It looks like you mentioned a couple of topics related to quantum technology and a clinical study on cinnamon and blood pressure management. If you have a specific question about either of these topics, feel free to ask! Here are a couple of clarifications:\n\n1. **Quantum Technology**:  \n   - **QuantFi and QURECA** are collaborating to create a training course in quantum computing for finance (2021).  \n   - Microsoft and the University of Washington demonstrated fully automated DNA data storage (2019).  \n   - EuroHPC is a European project related to high-performance computing (n.d.).  \n   - There are ongoing demands for skills development in high-performance computing (2021).  \n   - Scott Aaronson has written a FAQ on quantum supremacy (2019).  \n\n'}}
2025-12-15 17:21:32,681 - [Quantum_e2e_20251215_nova_dll.py:289] - [on_result] - DEBUG - 接收到 in_progress 且类型为text的消息，当前token计数: 157
2025-12-15 17:21:32,682 - [Quantum_e2e_20251215_nova_dll.py:311] - [on_result] - INFO - Got result for job 110: {'job_id': 110, 'status': 'in_progress', 'timestamp': '2025-12-15T17:21:32.681973', 'data': {'type': 'text', 'response': 'Hello! It looks like you mentioned a couple of topics related to quantum technology and a clinical study on cinnamon and blood pressure management. If you have a specific question about either of these topics, feel free to ask! Here are a couple of clarifications:\n\n1. **Quantum Technology**:  \n   - **QuantFi and QURECA** are collaborating to create a training course in quantum computing for finance (2021).  \n   - Microsoft and the University of Washington demonstrated fully automated DNA data storage (2019).  \n   - EuroHPC is a European project related to high-performance computing (n.d.).  \n   - There are ongoing demands for skills development in high-performance computing (2021).  \n   - Scott Aaronson has written a FAQ on quantum supremacy (2019).  \n\n2.'}}
2025-12-15 17:21:32,893 - [Quantum_e2e_20251215_nova_dll.py:289] - [on_result] - DEBUG - 接收到 in_progress 且类型为text的消息，当前token计数: 158
2025-12-15 17:21:32,894 - [Quantum_e2e_20251215_nova_dll.py:311] - [on_result] - INFO - Got result for job 110: {'job_id': 110, 'status': 'in_progress', 'timestamp': '2025-12-15T17:21:32.893087', 'data': {'type': 'text', 'response': 'Hello! It looks like you mentioned a couple of topics related to quantum technology and a clinical study on cinnamon and blood pressure management. If you have a specific question about either of these topics, feel free to ask! Here are a couple of clarifications:\n\n1. **Quantum Technology**:  \n   - **QuantFi and QURECA** are collaborating to create a training course in quantum computing for finance (2021).  \n   - Microsoft and the University of Washington demonstrated fully automated DNA data storage (2019).  \n   - EuroHPC is a European project related to high-performance computing (n.d.).  \n   - There are ongoing demands for skills development in high-performance computing (2021).  \n   - Scott Aaronson has written a FAQ on quantum supremacy (2019).  \n\n2.'}}
2025-12-15 17:21:33,138 - [Quantum_e2e_20251215_nova_dll.py:289] - [on_result] - DEBUG - 接收到 in_progress 且类型为text的消息，当前token计数: 159
2025-12-15 17:21:33,139 - [Quantum_e2e_20251215_nova_dll.py:311] - [on_result] - INFO - Got result for job 110: {'job_id': 110, 'status': 'in_progress', 'timestamp': '2025-12-15T17:21:33.139538', 'data': {'type': 'text', 'response': 'Hello! It looks like you mentioned a couple of topics related to quantum technology and a clinical study on cinnamon and blood pressure management. If you have a specific question about either of these topics, feel free to ask! Here are a couple of clarifications:\n\n1. **Quantum Technology**:  \n   - **QuantFi and QURECA** are collaborating to create a training course in quantum computing for finance (2021).  \n   - Microsoft and the University of Washington demonstrated fully automated DNA data storage (2019).  \n   - EuroHPC is a European project related to high-performance computing (n.d.).  \n   - There are ongoing demands for skills development in high-performance computing (2021).  \n   - Scott Aaronson has written a FAQ on quantum supremacy (2019).  \n\n2.'}}
2025-12-15 17:21:33,357 - [Quantum_e2e_20251215_nova_dll.py:289] - [on_result] - DEBUG - 接收到 in_progress 且类型为text的消息，当前token计数: 160
2025-12-15 17:21:33,358 - [Quantum_e2e_20251215_nova_dll.py:311] - [on_result] - INFO - Got result for job 110: {'job_id': 110, 'status': 'in_progress', 'timestamp': '2025-12-15T17:21:33.358082', 'data': {'type': 'text', 'response': 'Hello! It looks like you mentioned a couple of topics related to quantum technology and a clinical study on cinnamon and blood pressure management. If you have a specific question about either of these topics, feel free to ask! Here are a couple of clarifications:\n\n1. **Quantum Technology**:  \n   - **QuantFi and QURECA** are collaborating to create a training course in quantum computing for finance (2021).  \n   - Microsoft and the University of Washington demonstrated fully automated DNA data storage (2019).  \n   - EuroHPC is a European project related to high-performance computing (n.d.).  \n   - There are ongoing demands for skills development in high-performance computing (2021).  \n   - Scott Aaronson has written a FAQ on quantum supremacy (2019).  \n\n2. **Cinnamon'}}
2025-12-15 17:21:33,476 - [Quantum_e2e_20251215_nova_dll.py:289] - [on_result] - DEBUG - 接收到 in_progress 且类型为text的消息，当前token计数: 161
2025-12-15 17:21:33,477 - [Quantum_e2e_20251215_nova_dll.py:311] - [on_result] - INFO - Got result for job 110: {'job_id': 110, 'status': 'in_progress', 'timestamp': '2025-12-15T17:21:33.477589', 'data': {'type': 'text', 'response': 'Hello! It looks like you mentioned a couple of topics related to quantum technology and a clinical study on cinnamon and blood pressure management. If you have a specific question about either of these topics, feel free to ask! Here are a couple of clarifications:\n\n1. **Quantum Technology**:  \n   - **QuantFi and QURECA** are collaborating to create a training course in quantum computing for finance (2021).  \n   - Microsoft and the University of Washington demonstrated fully automated DNA data storage (2019).  \n   - EuroHPC is a European project related to high-performance computing (n.d.).  \n   - There are ongoing demands for skills development in high-performance computing (2021).  \n   - Scott Aaronson has written a FAQ on quantum supremacy (2019).  \n\n2. **Cinnamon'}}
2025-12-15 17:21:33,683 - [Quantum_e2e_20251215_nova_dll.py:289] - [on_result] - DEBUG - 接收到 in_progress 且类型为text的消息，当前token计数: 162
2025-12-15 17:21:33,684 - [Quantum_e2e_20251215_nova_dll.py:311] - [on_result] - INFO - Got result for job 110: {'job_id': 110, 'status': 'in_progress', 'timestamp': '2025-12-15T17:21:33.684221', 'data': {'type': 'text', 'response': 'Hello! It looks like you mentioned a couple of topics related to quantum technology and a clinical study on cinnamon and blood pressure management. If you have a specific question about either of these topics, feel free to ask! Here are a couple of clarifications:\n\n1. **Quantum Technology**:  \n   - **QuantFi and QURECA** are collaborating to create a training course in quantum computing for finance (2021).  \n   - Microsoft and the University of Washington demonstrated fully automated DNA data storage (2019).  \n   - EuroHPC is a European project related to high-performance computing (n.d.).  \n   - There are ongoing demands for skills development in high-performance computing (2021).  \n   - Scott Aaronson has written a FAQ on quantum supremacy (2019).  \n\n2. **Cinnamon and'}}
2025-12-15 17:21:33,965 - [Quantum_e2e_20251215_nova_dll.py:289] - [on_result] - DEBUG - 接收到 in_progress 且类型为text的消息，当前token计数: 163
2025-12-15 17:21:33,966 - [Quantum_e2e_20251215_nova_dll.py:311] - [on_result] - INFO - Got result for job 110: {'job_id': 110, 'status': 'in_progress', 'timestamp': '2025-12-15T17:21:33.966722', 'data': {'type': 'text', 'response': 'Hello! It looks like you mentioned a couple of topics related to quantum technology and a clinical study on cinnamon and blood pressure management. If you have a specific question about either of these topics, feel free to ask! Here are a couple of clarifications:\n\n1. **Quantum Technology**:  \n   - **QuantFi and QURECA** are collaborating to create a training course in quantum computing for finance (2021).  \n   - Microsoft and the University of Washington demonstrated fully automated DNA data storage (2019).  \n   - EuroHPC is a European project related to high-performance computing (n.d.).  \n   - There are ongoing demands for skills development in high-performance computing (2021).  \n   - Scott Aaronson has written a FAQ on quantum supremacy (2019).  \n\n2. **Cinnamon and'}}
2025-12-15 17:21:34,140 - [Quantum_e2e_20251215_nova_dll.py:289] - [on_result] - DEBUG - 接收到 in_progress 且类型为text的消息，当前token计数: 164
2025-12-15 17:21:34,141 - [Quantum_e2e_20251215_nova_dll.py:311] - [on_result] - INFO - Got result for job 110: {'job_id': 110, 'status': 'in_progress', 'timestamp': '2025-12-15T17:21:34.141427', 'data': {'type': 'text', 'response': 'Hello! It looks like you mentioned a couple of topics related to quantum technology and a clinical study on cinnamon and blood pressure management. If you have a specific question about either of these topics, feel free to ask! Here are a couple of clarifications:\n\n1. **Quantum Technology**:  \n   - **QuantFi and QURECA** are collaborating to create a training course in quantum computing for finance (2021).  \n   - Microsoft and the University of Washington demonstrated fully automated DNA data storage (2019).  \n   - EuroHPC is a European project related to high-performance computing (n.d.).  \n   - There are ongoing demands for skills development in high-performance computing (2021).  \n   - Scott Aaronson has written a FAQ on quantum supremacy (2019).  \n\n2. **Cinnamon and'}}
2025-12-15 17:21:34,395 - [Quantum_e2e_20251215_nova_dll.py:289] - [on_result] - DEBUG - 接收到 in_progress 且类型为text的消息，当前token计数: 165
2025-12-15 17:21:34,395 - [Quantum_e2e_20251215_nova_dll.py:311] - [on_result] - INFO - Got result for job 110: {'job_id': 110, 'status': 'in_progress', 'timestamp': '2025-12-15T17:21:34.395880', 'data': {'type': 'text', 'response': 'Hello! It looks like you mentioned a couple of topics related to quantum technology and a clinical study on cinnamon and blood pressure management. If you have a specific question about either of these topics, feel free to ask! Here are a couple of clarifications:\n\n1. **Quantum Technology**:  \n   - **QuantFi and QURECA** are collaborating to create a training course in quantum computing for finance (2021).  \n   - Microsoft and the University of Washington demonstrated fully automated DNA data storage (2019).  \n   - EuroHPC is a European project related to high-performance computing (n.d.).  \n   - There are ongoing demands for skills development in high-performance computing (2021).  \n   - Scott Aaronson has written a FAQ on quantum supremacy (2019).  \n\n2. **Cinnamon and Blood Pressure**'}}
2025-12-15 17:21:34,640 - [Quantum_e2e_20251215_nova_dll.py:289] - [on_result] - DEBUG - 接收到 in_progress 且类型为text的消息，当前token计数: 166
2025-12-15 17:21:34,641 - [Quantum_e2e_20251215_nova_dll.py:311] - [on_result] - INFO - Got result for job 110: {'job_id': 110, 'status': 'in_progress', 'timestamp': '2025-12-15T17:21:34.641073', 'data': {'type': 'text', 'response': 'Hello! It looks like you mentioned a couple of topics related to quantum technology and a clinical study on cinnamon and blood pressure management. If you have a specific question about either of these topics, feel free to ask! Here are a couple of clarifications:\n\n1. **Quantum Technology**:  \n   - **QuantFi and QURECA** are collaborating to create a training course in quantum computing for finance (2021).  \n   - Microsoft and the University of Washington demonstrated fully automated DNA data storage (2019).  \n   - EuroHPC is a European project related to high-performance computing (n.d.).  \n   - There are ongoing demands for skills development in high-performance computing (2021).  \n   - Scott Aaronson has written a FAQ on quantum supremacy (2019).  \n\n2. **Cinnamon and Blood Pressure**:'}}
2025-12-15 17:21:34,710 - [Quantum_e2e_20251215_nova_dll.py:289] - [on_result] - DEBUG - 接收到 in_progress 且类型为text的消息，当前token计数: 167
2025-12-15 17:21:34,711 - [Quantum_e2e_20251215_nova_dll.py:311] - [on_result] - INFO - Got result for job 110: {'job_id': 110, 'status': 'in_progress', 'timestamp': '2025-12-15T17:21:34.711858', 'data': {'type': 'text', 'response': 'Hello! It looks like you mentioned a couple of topics related to quantum technology and a clinical study on cinnamon and blood pressure management. If you have a specific question about either of these topics, feel free to ask! Here are a couple of clarifications:\n\n1. **Quantum Technology**:  \n   - **QuantFi and QURECA** are collaborating to create a training course in quantum computing for finance (2021).  \n   - Microsoft and the University of Washington demonstrated fully automated DNA data storage (2019).  \n   - EuroHPC is a European project related to high-performance computing (n.d.).  \n   - There are ongoing demands for skills development in high-performance computing (2021).  \n   - Scott Aaronson has written a FAQ on quantum supremacy (2019).  \n\n2. **Cinnamon and Blood Pressure**:'}}
2025-12-15 17:21:34,977 - [Quantum_e2e_20251215_nova_dll.py:289] - [on_result] - DEBUG - 接收到 in_progress 且类型为text的消息，当前token计数: 168
2025-12-15 17:21:34,979 - [Quantum_e2e_20251215_nova_dll.py:311] - [on_result] - INFO - Got result for job 110: {'job_id': 110, 'status': 'in_progress', 'timestamp': '2025-12-15T17:21:34.978460', 'data': {'type': 'text', 'response': 'Hello! It looks like you mentioned a couple of topics related to quantum technology and a clinical study on cinnamon and blood pressure management. If you have a specific question about either of these topics, feel free to ask! Here are a couple of clarifications:\n\n1. **Quantum Technology**:  \n   - **QuantFi and QURECA** are collaborating to create a training course in quantum computing for finance (2021).  \n   - Microsoft and the University of Washington demonstrated fully automated DNA data storage (2019).  \n   - EuroHPC is a European project related to high-performance computing (n.d.).  \n   - There are ongoing demands for skills development in high-performance computing (2021).  \n   - Scott Aaronson has written a FAQ on quantum supremacy (2019).  \n\n2. **Cinnamon and Blood Pressure**:'}}
2025-12-15 17:21:35,184 - [Quantum_e2e_20251215_nova_dll.py:289] - [on_result] - DEBUG - 接收到 in_progress 且类型为text的消息，当前token计数: 169
2025-12-15 17:21:35,185 - [Quantum_e2e_20251215_nova_dll.py:311] - [on_result] - INFO - Got result for job 110: {'job_id': 110, 'status': 'in_progress', 'timestamp': '2025-12-15T17:21:35.185487', 'data': {'type': 'text', 'response': 'Hello! It looks like you mentioned a couple of topics related to quantum technology and a clinical study on cinnamon and blood pressure management. If you have a specific question about either of these topics, feel free to ask! Here are a couple of clarifications:\n\n1. **Quantum Technology**:  \n   - **QuantFi and QURECA** are collaborating to create a training course in quantum computing for finance (2021).  \n   - Microsoft and the University of Washington demonstrated fully automated DNA data storage (2019).  \n   - EuroHPC is a European project related to high-performance computing (n.d.).  \n   - There are ongoing demands for skills development in high-performance computing (2021).  \n   - Scott Aaronson has written a FAQ on quantum supremacy (2019).  \n\n2. **Cinnamon and Blood Pressure**:  \n   -'}}
2025-12-15 17:21:35,422 - [Quantum_e2e_20251215_nova_dll.py:289] - [on_result] - DEBUG - 接收到 in_progress 且类型为text的消息，当前token计数: 170
2025-12-15 17:21:35,423 - [Quantum_e2e_20251215_nova_dll.py:311] - [on_result] - INFO - Got result for job 110: {'job_id': 110, 'status': 'in_progress', 'timestamp': '2025-12-15T17:21:35.423529', 'data': {'type': 'text', 'response': 'Hello! It looks like you mentioned a couple of topics related to quantum technology and a clinical study on cinnamon and blood pressure management. If you have a specific question about either of these topics, feel free to ask! Here are a couple of clarifications:\n\n1. **Quantum Technology**:  \n   - **QuantFi and QURECA** are collaborating to create a training course in quantum computing for finance (2021).  \n   - Microsoft and the University of Washington demonstrated fully automated DNA data storage (2019).  \n   - EuroHPC is a European project related to high-performance computing (n.d.).  \n   - There are ongoing demands for skills development in high-performance computing (2021).  \n   - Scott Aaronson has written a FAQ on quantum supremacy (2019).  \n\n2. **Cinnamon and Blood Pressure**:  \n   - There is'}}
2025-12-15 17:21:35,641 - [Quantum_e2e_20251215_nova_dll.py:289] - [on_result] - DEBUG - 接收到 in_progress 且类型为text的消息，当前token计数: 171
2025-12-15 17:21:35,642 - [Quantum_e2e_20251215_nova_dll.py:311] - [on_result] - INFO - Got result for job 110: {'job_id': 110, 'status': 'in_progress', 'timestamp': '2025-12-15T17:21:35.642573', 'data': {'type': 'text', 'response': 'Hello! It looks like you mentioned a couple of topics related to quantum technology and a clinical study on cinnamon and blood pressure management. If you have a specific question about either of these topics, feel free to ask! Here are a couple of clarifications:\n\n1. **Quantum Technology**:  \n   - **QuantFi and QURECA** are collaborating to create a training course in quantum computing for finance (2021).  \n   - Microsoft and the University of Washington demonstrated fully automated DNA data storage (2019).  \n   - EuroHPC is a European project related to high-performance computing (n.d.).  \n   - There are ongoing demands for skills development in high-performance computing (2021).  \n   - Scott Aaronson has written a FAQ on quantum supremacy (2019).  \n\n2. **Cinnamon and Blood Pressure**:  \n   - There is'}}
2025-12-15 17:21:35,896 - [Quantum_e2e_20251215_nova_dll.py:289] - [on_result] - DEBUG - 接收到 in_progress 且类型为text的消息，当前token计数: 172
2025-12-15 17:21:35,896 - [Quantum_e2e_20251215_nova_dll.py:311] - [on_result] - INFO - Got result for job 110: {'job_id': 110, 'status': 'in_progress', 'timestamp': '2025-12-15T17:21:35.896889', 'data': {'type': 'text', 'response': 'Hello! It looks like you mentioned a couple of topics related to quantum technology and a clinical study on cinnamon and blood pressure management. If you have a specific question about either of these topics, feel free to ask! Here are a couple of clarifications:\n\n1. **Quantum Technology**:  \n   - **QuantFi and QURECA** are collaborating to create a training course in quantum computing for finance (2021).  \n   - Microsoft and the University of Washington demonstrated fully automated DNA data storage (2019).  \n   - EuroHPC is a European project related to high-performance computing (n.d.).  \n   - There are ongoing demands for skills development in high-performance computing (2021).  \n   - Scott Aaronson has written a FAQ on quantum supremacy (2019).  \n\n2. **Cinnamon and Blood Pressure**:  \n   - There is'}}
2025-12-15 17:21:36,118 - [Quantum_e2e_20251215_nova_dll.py:289] - [on_result] - DEBUG - 接收到 in_progress 且类型为text的消息，当前token计数: 173
2025-12-15 17:21:36,119 - [Quantum_e2e_20251215_nova_dll.py:311] - [on_result] - INFO - Got result for job 110: {'job_id': 110, 'status': 'in_progress', 'timestamp': '2025-12-15T17:21:36.119452', 'data': {'type': 'text', 'response': 'Hello! It looks like you mentioned a couple of topics related to quantum technology and a clinical study on cinnamon and blood pressure management. If you have a specific question about either of these topics, feel free to ask! Here are a couple of clarifications:\n\n1. **Quantum Technology**:  \n   - **QuantFi and QURECA** are collaborating to create a training course in quantum computing for finance (2021).  \n   - Microsoft and the University of Washington demonstrated fully automated DNA data storage (2019).  \n   - EuroHPC is a European project related to high-performance computing (n.d.).  \n   - There are ongoing demands for skills development in high-performance computing (2021).  \n   - Scott Aaronson has written a FAQ on quantum supremacy (2019).  \n\n2. **Cinnamon and Blood Pressure**:  \n   - There is a study on'}}
2025-12-15 17:21:36,211 - [Quantum_e2e_20251215_nova_dll.py:289] - [on_result] - DEBUG - 接收到 in_progress 且类型为text的消息，当前token计数: 174
2025-12-15 17:21:36,213 - [Quantum_e2e_20251215_nova_dll.py:311] - [on_result] - INFO - Got result for job 110: {'job_id': 110, 'status': 'in_progress', 'timestamp': '2025-12-15T17:21:36.213000', 'data': {'type': 'text', 'response': 'Hello! It looks like you mentioned a couple of topics related to quantum technology and a clinical study on cinnamon and blood pressure management. If you have a specific question about either of these topics, feel free to ask! Here are a couple of clarifications:\n\n1. **Quantum Technology**:  \n   - **QuantFi and QURECA** are collaborating to create a training course in quantum computing for finance (2021).  \n   - Microsoft and the University of Washington demonstrated fully automated DNA data storage (2019).  \n   - EuroHPC is a European project related to high-performance computing (n.d.).  \n   - There are ongoing demands for skills development in high-performance computing (2021).  \n   - Scott Aaronson has written a FAQ on quantum supremacy (2019).  \n\n2. **Cinnamon and Blood Pressure**:  \n   - There is a study on'}}
2025-12-15 17:21:36,478 - [Quantum_e2e_20251215_nova_dll.py:289] - [on_result] - DEBUG - 接收到 in_progress 且类型为text的消息，当前token计数: 175
2025-12-15 17:21:36,479 - [Quantum_e2e_20251215_nova_dll.py:311] - [on_result] - INFO - Got result for job 110: {'job_id': 110, 'status': 'in_progress', 'timestamp': '2025-12-15T17:21:36.479643', 'data': {'type': 'text', 'response': 'Hello! It looks like you mentioned a couple of topics related to quantum technology and a clinical study on cinnamon and blood pressure management. If you have a specific question about either of these topics, feel free to ask! Here are a couple of clarifications:\n\n1. **Quantum Technology**:  \n   - **QuantFi and QURECA** are collaborating to create a training course in quantum computing for finance (2021).  \n   - Microsoft and the University of Washington demonstrated fully automated DNA data storage (2019).  \n   - EuroHPC is a European project related to high-performance computing (n.d.).  \n   - There are ongoing demands for skills development in high-performance computing (2021).  \n   - Scott Aaronson has written a FAQ on quantum supremacy (2019).  \n\n2. **Cinnamon and Blood Pressure**:  \n   - There is a study on'}}
2025-12-15 17:21:36,684 - [Quantum_e2e_20251215_nova_dll.py:289] - [on_result] - DEBUG - 接收到 in_progress 且类型为text的消息，当前token计数: 176
2025-12-15 17:21:36,685 - [Quantum_e2e_20251215_nova_dll.py:311] - [on_result] - INFO - Got result for job 110: {'job_id': 110, 'status': 'in_progress', 'timestamp': '2025-12-15T17:21:36.685420', 'data': {'type': 'text', 'response': 'Hello! It looks like you mentioned a couple of topics related to quantum technology and a clinical study on cinnamon and blood pressure management. If you have a specific question about either of these topics, feel free to ask! Here are a couple of clarifications:\n\n1. **Quantum Technology**:  \n   - **QuantFi and QURECA** are collaborating to create a training course in quantum computing for finance (2021).  \n   - Microsoft and the University of Washington demonstrated fully automated DNA data storage (2019).  \n   - EuroHPC is a European project related to high-performance computing (n.d.).  \n   - There are ongoing demands for skills development in high-performance computing (2021).  \n   - Scott Aaronson has written a FAQ on quantum supremacy (2019).  \n\n2. **Cinnamon and Blood Pressure**:  \n   - There is a study on'}}
2025-12-15 17:21:36,923 - [Quantum_e2e_20251215_nova_dll.py:289] - [on_result] - DEBUG - 接收到 in_progress 且类型为text的消息，当前token计数: 177
2025-12-15 17:21:36,924 - [Quantum_e2e_20251215_nova_dll.py:311] - [on_result] - INFO - Got result for job 110: {'job_id': 110, 'status': 'in_progress', 'timestamp': '2025-12-15T17:21:36.924724', 'data': {'type': 'text', 'response': 'Hello! It looks like you mentioned a couple of topics related to quantum technology and a clinical study on cinnamon and blood pressure management. If you have a specific question about either of these topics, feel free to ask! Here are a couple of clarifications:\n\n1. **Quantum Technology**:  \n   - **QuantFi and QURECA** are collaborating to create a training course in quantum computing for finance (2021).  \n   - Microsoft and the University of Washington demonstrated fully automated DNA data storage (2019).  \n   - EuroHPC is a European project related to high-performance computing (n.d.).  \n   - There are ongoing demands for skills development in high-performance computing (2021).  \n   - Scott Aaronson has written a FAQ on quantum supremacy (2019).  \n\n2. **Cinnamon and Blood Pressure**:  \n   - There is a study on'}}
2025-12-15 17:21:48,206 - [Quantum_e2e_20251215_nova_dll.py:289] - [on_result] - DEBUG - 接收到 in_progress 且类型为text的消息，当前token计数: 178
2025-12-15 17:21:48,207 - [Quantum_e2e_20251215_nova_dll.py:311] - [on_result] - INFO - Got result for job 110: {'job_id': 110, 'status': 'in_progress', 'timestamp': '2025-12-15T17:21:48.207075', 'data': {'type': 'text', 'response': 'Hello! It looks like you mentioned a couple of topics related to quantum technology and a clinical study on cinnamon and blood pressure management. If you have a specific question about either of these topics, feel free to ask! Here are a couple of clarifications:\n\n1. **Quantum Technology**:  \n   - **QuantFi and QURECA** are collaborating to create a training course in quantum computing for finance (2021).  \n   - Microsoft and the University of Washington demonstrated fully automated DNA data storage (2019).  \n   - EuroHPC is a European project related to high-performance computing (n.d.).  \n   - There are ongoing demands for skills development in high-performance computing (2021).  \n   - Scott Aaronson has written a FAQ on quantum supremacy (2019).  \n\n2. **Cinnamon and Blood Pressure**:  \n   - There is a study on the effects of cinnamon supplementation'}}
2025-12-15 17:21:48,208 - [Quantum_e2e_20251215_nova_dll.py:289] - [on_result] - DEBUG - 接收到 in_progress 且类型为text的消息，当前token计数: 179
2025-12-15 17:21:48,208 - [Quantum_e2e_20251215_nova_dll.py:311] - [on_result] - INFO - Got result for job 110: {'job_id': 110, 'status': 'in_progress', 'timestamp': '2025-12-15T17:21:48.208067', 'data': {'type': 'text', 'response': 'Hello! It looks like you mentioned a couple of topics related to quantum technology and a clinical study on cinnamon and blood pressure management. If you have a specific question about either of these topics, feel free to ask! Here are a couple of clarifications:\n\n1. **Quantum Technology**:  \n   - **QuantFi and QURECA** are collaborating to create a training course in quantum computing for finance (2021).  \n   - Microsoft and the University of Washington demonstrated fully automated DNA data storage (2019).  \n   - EuroHPC is a European project related to high-performance computing (n.d.).  \n   - There are ongoing demands for skills development in high-performance computing (2021).  \n   - Scott Aaronson has written a FAQ on quantum supremacy (2019).  \n\n2. **Cinnamon and Blood Pressure**:  \n   - There is a study on the effects of cinnamon supplementation'}}
2025-12-15 17:21:48,208 - [Quantum_e2e_20251215_nova_dll.py:289] - [on_result] - DEBUG - 接收到 in_progress 且类型为text的消息，当前token计数: 180
2025-12-15 17:21:48,209 - [Quantum_e2e_20251215_nova_dll.py:311] - [on_result] - INFO - Got result for job 110: {'job_id': 110, 'status': 'in_progress', 'timestamp': '2025-12-15T17:21:48.209074', 'data': {'type': 'text', 'response': 'Hello! It looks like you mentioned a couple of topics related to quantum technology and a clinical study on cinnamon and blood pressure management. If you have a specific question about either of these topics, feel free to ask! Here are a couple of clarifications:\n\n1. **Quantum Technology**:  \n   - **QuantFi and QURECA** are collaborating to create a training course in quantum computing for finance (2021).  \n   - Microsoft and the University of Washington demonstrated fully automated DNA data storage (2019).  \n   - EuroHPC is a European project related to high-performance computing (n.d.).  \n   - There are ongoing demands for skills development in high-performance computing (2021).  \n   - Scott Aaronson has written a FAQ on quantum supremacy (2019).  \n\n2. **Cinnamon and Blood Pressure**:  \n   - There is a study on the effects of cinnamon supplementation'}}
2025-12-15 17:21:48,209 - [Quantum_e2e_20251215_nova_dll.py:289] - [on_result] - DEBUG - 接收到 in_progress 且类型为text的消息，当前token计数: 181
2025-12-15 17:21:48,210 - [Quantum_e2e_20251215_nova_dll.py:311] - [on_result] - INFO - Got result for job 110: {'job_id': 110, 'status': 'in_progress', 'timestamp': '2025-12-15T17:21:48.210093', 'data': {'type': 'text', 'response': 'Hello! It looks like you mentioned a couple of topics related to quantum technology and a clinical study on cinnamon and blood pressure management. If you have a specific question about either of these topics, feel free to ask! Here are a couple of clarifications:\n\n1. **Quantum Technology**:  \n   - **QuantFi and QURECA** are collaborating to create a training course in quantum computing for finance (2021).  \n   - Microsoft and the University of Washington demonstrated fully automated DNA data storage (2019).  \n   - EuroHPC is a European project related to high-performance computing (n.d.).  \n   - There are ongoing demands for skills development in high-performance computing (2021).  \n   - Scott Aaronson has written a FAQ on quantum supremacy (2019).  \n\n2. **Cinnamon and Blood Pressure**:  \n   - There is a study on the effects of cinnamon supplementation'}}
2025-12-15 17:21:48,210 - [Quantum_e2e_20251215_nova_dll.py:289] - [on_result] - DEBUG - 接收到 in_progress 且类型为text的消息，当前token计数: 182
2025-12-15 17:21:48,211 - [Quantum_e2e_20251215_nova_dll.py:311] - [on_result] - INFO - Got result for job 110: {'job_id': 110, 'status': 'in_progress', 'timestamp': '2025-12-15T17:21:48.210093', 'data': {'type': 'text', 'response': 'Hello! It looks like you mentioned a couple of topics related to quantum technology and a clinical study on cinnamon and blood pressure management. If you have a specific question about either of these topics, feel free to ask! Here are a couple of clarifications:\n\n1. **Quantum Technology**:  \n   - **QuantFi and QURECA** are collaborating to create a training course in quantum computing for finance (2021).  \n   - Microsoft and the University of Washington demonstrated fully automated DNA data storage (2019).  \n   - EuroHPC is a European project related to high-performance computing (n.d.).  \n   - There are ongoing demands for skills development in high-performance computing (2021).  \n   - Scott Aaronson has written a FAQ on quantum supremacy (2019).  \n\n2. **Cinnamon and Blood Pressure**:  \n   - There is a study on the effects of cinnamon supplementation on glycaemic'}}
2025-12-15 17:21:48,211 - [Quantum_e2e_20251215_nova_dll.py:289] - [on_result] - DEBUG - 接收到 in_progress 且类型为text的消息，当前token计数: 183
2025-12-15 17:21:48,211 - [Quantum_e2e_20251215_nova_dll.py:311] - [on_result] - INFO - Got result for job 110: {'job_id': 110, 'status': 'in_progress', 'timestamp': '2025-12-15T17:21:48.211090', 'data': {'type': 'text', 'response': 'Hello! It looks like you mentioned a couple of topics related to quantum technology and a clinical study on cinnamon and blood pressure management. If you have a specific question about either of these topics, feel free to ask! Here are a couple of clarifications:\n\n1. **Quantum Technology**:  \n   - **QuantFi and QURECA** are collaborating to create a training course in quantum computing for finance (2021).  \n   - Microsoft and the University of Washington demonstrated fully automated DNA data storage (2019).  \n   - EuroHPC is a European project related to high-performance computing (n.d.).  \n   - There are ongoing demands for skills development in high-performance computing (2021).  \n   - Scott Aaronson has written a FAQ on quantum supremacy (2019).  \n\n2. **Cinnamon and Blood Pressure**:  \n   - There is a study on the effects of cinnamon supplementation on glycaemic'}}
2025-12-15 17:21:48,212 - [Quantum_e2e_20251215_nova_dll.py:289] - [on_result] - DEBUG - 接收到 in_progress 且类型为text的消息，当前token计数: 184
2025-12-15 17:21:48,212 - [Quantum_e2e_20251215_nova_dll.py:311] - [on_result] - INFO - Got result for job 110: {'job_id': 110, 'status': 'in_progress', 'timestamp': '2025-12-15T17:21:48.212086', 'data': {'type': 'text', 'response': 'Hello! It looks like you mentioned a couple of topics related to quantum technology and a clinical study on cinnamon and blood pressure management. If you have a specific question about either of these topics, feel free to ask! Here are a couple of clarifications:\n\n1. **Quantum Technology**:  \n   - **QuantFi and QURECA** are collaborating to create a training course in quantum computing for finance (2021).  \n   - Microsoft and the University of Washington demonstrated fully automated DNA data storage (2019).  \n   - EuroHPC is a European project related to high-performance computing (n.d.).  \n   - There are ongoing demands for skills development in high-performance computing (2021).  \n   - Scott Aaronson has written a FAQ on quantum supremacy (2019).  \n\n2. **Cinnamon and Blood Pressure**:  \n   - There is a study on the effects of cinnamon supplementation on glycaemic'}}
2025-12-15 17:21:48,213 - [Quantum_e2e_20251215_nova_dll.py:289] - [on_result] - DEBUG - 接收到 in_progress 且类型为text的消息，当前token计数: 185
2025-12-15 17:21:48,213 - [Quantum_e2e_20251215_nova_dll.py:311] - [on_result] - INFO - Got result for job 110: {'job_id': 110, 'status': 'in_progress', 'timestamp': '2025-12-15T17:21:48.213088', 'data': {'type': 'text', 'response': 'Hello! It looks like you mentioned a couple of topics related to quantum technology and a clinical study on cinnamon and blood pressure management. If you have a specific question about either of these topics, feel free to ask! Here are a couple of clarifications:\n\n1. **Quantum Technology**:  \n   - **QuantFi and QURECA** are collaborating to create a training course in quantum computing for finance (2021).  \n   - Microsoft and the University of Washington demonstrated fully automated DNA data storage (2019).  \n   - EuroHPC is a European project related to high-performance computing (n.d.).  \n   - There are ongoing demands for skills development in high-performance computing (2021).  \n   - Scott Aaronson has written a FAQ on quantum supremacy (2019).  \n\n2. **Cinnamon and Blood Pressure**:  \n   - There is a study on the effects of cinnamon supplementation on glycaemic'}}
2025-12-15 17:21:48,213 - [Quantum_e2e_20251215_nova_dll.py:289] - [on_result] - DEBUG - 接收到 in_progress 且类型为text的消息，当前token计数: 186
2025-12-15 17:21:48,214 - [Quantum_e2e_20251215_nova_dll.py:311] - [on_result] - INFO - Got result for job 110: {'job_id': 110, 'status': 'in_progress', 'timestamp': '2025-12-15T17:21:48.214083', 'data': {'type': 'text', 'response': 'Hello! It looks like you mentioned a couple of topics related to quantum technology and a clinical study on cinnamon and blood pressure management. If you have a specific question about either of these topics, feel free to ask! Here are a couple of clarifications:\n\n1. **Quantum Technology**:  \n   - **QuantFi and QURECA** are collaborating to create a training course in quantum computing for finance (2021).  \n   - Microsoft and the University of Washington demonstrated fully automated DNA data storage (2019).  \n   - EuroHPC is a European project related to high-performance computing (n.d.).  \n   - There are ongoing demands for skills development in high-performance computing (2021).  \n   - Scott Aaronson has written a FAQ on quantum supremacy (2019).  \n\n2. **Cinnamon and Blood Pressure**:  \n   - There is a study on the effects of cinnamon supplementation on glycaemic'}}
2025-12-15 17:21:48,214 - [Quantum_e2e_20251215_nova_dll.py:289] - [on_result] - DEBUG - 接收到 in_progress 且类型为text的消息，当前token计数: 187
2025-12-15 17:21:48,214 - [Quantum_e2e_20251215_nova_dll.py:311] - [on_result] - INFO - Got result for job 110: {'job_id': 110, 'status': 'in_progress', 'timestamp': '2025-12-15T17:21:48.214083', 'data': {'type': 'text', 'response': 'Hello! It looks like you mentioned a couple of topics related to quantum technology and a clinical study on cinnamon and blood pressure management. If you have a specific question about either of these topics, feel free to ask! Here are a couple of clarifications:\n\n1. **Quantum Technology**:  \n   - **QuantFi and QURECA** are collaborating to create a training course in quantum computing for finance (2021).  \n   - Microsoft and the University of Washington demonstrated fully automated DNA data storage (2019).  \n   - EuroHPC is a European project related to high-performance computing (n.d.).  \n   - There are ongoing demands for skills development in high-performance computing (2021).  \n   - Scott Aaronson has written a FAQ on quantum supremacy (2019).  \n\n2. **Cinnamon and Blood Pressure**:  \n   - There is a study on the effects of cinnamon supplementation on glycaemic outcomes in patients with hypertension (random'}}
2025-12-15 17:21:48,214 - [Quantum_e2e_20251215_nova_dll.py:289] - [on_result] - DEBUG - 接收到 in_progress 且类型为text的消息，当前token计数: 188
2025-12-15 17:21:48,215 - [Quantum_e2e_20251215_nova_dll.py:311] - [on_result] - INFO - Got result for job 110: {'job_id': 110, 'status': 'in_progress', 'timestamp': '2025-12-15T17:21:48.215092', 'data': {'type': 'text', 'response': 'Hello! It looks like you mentioned a couple of topics related to quantum technology and a clinical study on cinnamon and blood pressure management. If you have a specific question about either of these topics, feel free to ask! Here are a couple of clarifications:\n\n1. **Quantum Technology**:  \n   - **QuantFi and QURECA** are collaborating to create a training course in quantum computing for finance (2021).  \n   - Microsoft and the University of Washington demonstrated fully automated DNA data storage (2019).  \n   - EuroHPC is a European project related to high-performance computing (n.d.).  \n   - There are ongoing demands for skills development in high-performance computing (2021).  \n   - Scott Aaronson has written a FAQ on quantum supremacy (2019).  \n\n2. **Cinnamon and Blood Pressure**:  \n   - There is a study on the effects of cinnamon supplementation on glycaemic outcomes in patients with hypertension (random'}}
2025-12-15 17:21:48,215 - [Quantum_e2e_20251215_nova_dll.py:289] - [on_result] - DEBUG - 接收到 in_progress 且类型为text的消息，当前token计数: 189
2025-12-15 17:21:48,215 - [Quantum_e2e_20251215_nova_dll.py:311] - [on_result] - INFO - Got result for job 110: {'job_id': 110, 'status': 'in_progress', 'timestamp': '2025-12-15T17:21:48.215092', 'data': {'type': 'text', 'response': 'Hello! It looks like you mentioned a couple of topics related to quantum technology and a clinical study on cinnamon and blood pressure management. If you have a specific question about either of these topics, feel free to ask! Here are a couple of clarifications:\n\n1. **Quantum Technology**:  \n   - **QuantFi and QURECA** are collaborating to create a training course in quantum computing for finance (2021).  \n   - Microsoft and the University of Washington demonstrated fully automated DNA data storage (2019).  \n   - EuroHPC is a European project related to high-performance computing (n.d.).  \n   - There are ongoing demands for skills development in high-performance computing (2021).  \n   - Scott Aaronson has written a FAQ on quantum supremacy (2019).  \n\n2. **Cinnamon and Blood Pressure**:  \n   - There is a study on the effects of cinnamon supplementation on glycaemic outcomes in patients with hypertension (random'}}
2025-12-15 17:21:48,216 - [Quantum_e2e_20251215_nova_dll.py:289] - [on_result] - DEBUG - 接收到 in_progress 且类型为text的消息，当前token计数: 190
2025-12-15 17:21:48,216 - [Quantum_e2e_20251215_nova_dll.py:311] - [on_result] - INFO - Got result for job 110: {'job_id': 110, 'status': 'in_progress', 'timestamp': '2025-12-15T17:21:48.216092', 'data': {'type': 'text', 'response': 'Hello! It looks like you mentioned a couple of topics related to quantum technology and a clinical study on cinnamon and blood pressure management. If you have a specific question about either of these topics, feel free to ask! Here are a couple of clarifications:\n\n1. **Quantum Technology**:  \n   - **QuantFi and QURECA** are collaborating to create a training course in quantum computing for finance (2021).  \n   - Microsoft and the University of Washington demonstrated fully automated DNA data storage (2019).  \n   - EuroHPC is a European project related to high-performance computing (n.d.).  \n   - There are ongoing demands for skills development in high-performance computing (2021).  \n   - Scott Aaronson has written a FAQ on quantum supremacy (2019).  \n\n2. **Cinnamon and Blood Pressure**:  \n   - There is a study on the effects of cinnamon supplementation on glycaemic outcomes in patients with hypertension (random'}}
2025-12-15 17:21:48,216 - [Quantum_e2e_20251215_nova_dll.py:289] - [on_result] - DEBUG - 接收到 in_progress 且类型为text的消息，当前token计数: 191
2025-12-15 17:21:48,217 - [Quantum_e2e_20251215_nova_dll.py:311] - [on_result] - INFO - Got result for job 110: {'job_id': 110, 'status': 'in_progress', 'timestamp': '2025-12-15T17:21:48.217088', 'data': {'type': 'text', 'response': 'Hello! It looks like you mentioned a couple of topics related to quantum technology and a clinical study on cinnamon and blood pressure management. If you have a specific question about either of these topics, feel free to ask! Here are a couple of clarifications:\n\n1. **Quantum Technology**:  \n   - **QuantFi and QURECA** are collaborating to create a training course in quantum computing for finance (2021).  \n   - Microsoft and the University of Washington demonstrated fully automated DNA data storage (2019).  \n   - EuroHPC is a European project related to high-performance computing (n.d.).  \n   - There are ongoing demands for skills development in high-performance computing (2021).  \n   - Scott Aaronson has written a FAQ on quantum supremacy (2019).  \n\n2. **Cinnamon and Blood Pressure**:  \n   - There is a study on the effects of cinnamon supplementation on glycaemic outcomes in patients with hypertension (randomized'}}
2025-12-15 17:21:48,217 - [Quantum_e2e_20251215_nova_dll.py:289] - [on_result] - DEBUG - 接收到 in_progress 且类型为text的消息，当前token计数: 192
2025-12-15 17:21:48,217 - [Quantum_e2e_20251215_nova_dll.py:311] - [on_result] - INFO - Got result for job 110: {'job_id': 110, 'status': 'in_progress', 'timestamp': '2025-12-15T17:21:48.217088', 'data': {'type': 'text', 'response': 'Hello! It looks like you mentioned a couple of topics related to quantum technology and a clinical study on cinnamon and blood pressure management. If you have a specific question about either of these topics, feel free to ask! Here are a couple of clarifications:\n\n1. **Quantum Technology**:  \n   - **QuantFi and QURECA** are collaborating to create a training course in quantum computing for finance (2021).  \n   - Microsoft and the University of Washington demonstrated fully automated DNA data storage (2019).  \n   - EuroHPC is a European project related to high-performance computing (n.d.).  \n   - There are ongoing demands for skills development in high-performance computing (2021).  \n   - Scott Aaronson has written a FAQ on quantum supremacy (2019).  \n\n2. **Cinnamon and Blood Pressure**:  \n   - There is a study on the effects of cinnamon supplementation on glycaemic outcomes in patients with hypertension (randomized'}}
2025-12-15 17:21:48,218 - [Quantum_e2e_20251215_nova_dll.py:289] - [on_result] - DEBUG - 接收到 in_progress 且类型为text的消息，当前token计数: 193
2025-12-15 17:21:48,218 - [Quantum_e2e_20251215_nova_dll.py:311] - [on_result] - INFO - Got result for job 110: {'job_id': 110, 'status': 'in_progress', 'timestamp': '2025-12-15T17:21:48.218086', 'data': {'type': 'text', 'response': 'Hello! It looks like you mentioned a couple of topics related to quantum technology and a clinical study on cinnamon and blood pressure management. If you have a specific question about either of these topics, feel free to ask! Here are a couple of clarifications:\n\n1. **Quantum Technology**:  \n   - **QuantFi and QURECA** are collaborating to create a training course in quantum computing for finance (2021).  \n   - Microsoft and the University of Washington demonstrated fully automated DNA data storage (2019).  \n   - EuroHPC is a European project related to high-performance computing (n.d.).  \n   - There are ongoing demands for skills development in high-performance computing (2021).  \n   - Scott Aaronson has written a FAQ on quantum supremacy (2019).  \n\n2. **Cinnamon and Blood Pressure**:  \n   - There is a study on the effects of cinnamon supplementation on glycaemic outcomes in patients with hypertension (randomized'}}
2025-12-15 17:21:48,219 - [Quantum_e2e_20251215_nova_dll.py:289] - [on_result] - DEBUG - 接收到 in_progress 且类型为text的消息，当前token计数: 194
2025-12-15 17:21:48,219 - [Quantum_e2e_20251215_nova_dll.py:311] - [on_result] - INFO - Got result for job 110: {'job_id': 110, 'status': 'in_progress', 'timestamp': '2025-12-15T17:21:48.219087', 'data': {'type': 'text', 'response': 'Hello! It looks like you mentioned a couple of topics related to quantum technology and a clinical study on cinnamon and blood pressure management. If you have a specific question about either of these topics, feel free to ask! Here are a couple of clarifications:\n\n1. **Quantum Technology**:  \n   - **QuantFi and QURECA** are collaborating to create a training course in quantum computing for finance (2021).  \n   - Microsoft and the University of Washington demonstrated fully automated DNA data storage (2019).  \n   - EuroHPC is a European project related to high-performance computing (n.d.).  \n   - There are ongoing demands for skills development in high-performance computing (2021).  \n   - Scott Aaronson has written a FAQ on quantum supremacy (2019).  \n\n2. **Cinnamon and Blood Pressure**:  \n   - There is a study on the effects of cinnamon supplementation on glycaemic outcomes in patients with hypertension (randomized clinical diet study'}}
2025-12-15 17:21:48,219 - [Quantum_e2e_20251215_nova_dll.py:289] - [on_result] - DEBUG - 接收到 in_progress 且类型为text的消息，当前token计数: 195
2025-12-15 17:21:48,219 - [Quantum_e2e_20251215_nova_dll.py:311] - [on_result] - INFO - Got result for job 110: {'job_id': 110, 'status': 'in_progress', 'timestamp': '2025-12-15T17:21:48.219087', 'data': {'type': 'text', 'response': 'Hello! It looks like you mentioned a couple of topics related to quantum technology and a clinical study on cinnamon and blood pressure management. If you have a specific question about either of these topics, feel free to ask! Here are a couple of clarifications:\n\n1. **Quantum Technology**:  \n   - **QuantFi and QURECA** are collaborating to create a training course in quantum computing for finance (2021).  \n   - Microsoft and the University of Washington demonstrated fully automated DNA data storage (2019).  \n   - EuroHPC is a European project related to high-performance computing (n.d.).  \n   - There are ongoing demands for skills development in high-performance computing (2021).  \n   - Scott Aaronson has written a FAQ on quantum supremacy (2019).  \n\n2. **Cinnamon and Blood Pressure**:  \n   - There is a study on the effects of cinnamon supplementation on glycaemic outcomes in patients with hypertension (randomized clinical diet study).\n\nIf'}}
2025-12-15 17:21:48,219 - [Quantum_e2e_20251215_nova_dll.py:289] - [on_result] - DEBUG - 接收到 in_progress 且类型为text的消息，当前token计数: 196
2025-12-15 17:21:48,220 - [Quantum_e2e_20251215_nova_dll.py:311] - [on_result] - INFO - Got result for job 110: {'job_id': 110, 'status': 'in_progress', 'timestamp': '2025-12-15T17:21:48.220087', 'data': {'type': 'text', 'response': 'Hello! It looks like you mentioned a couple of topics related to quantum technology and a clinical study on cinnamon and blood pressure management. If you have a specific question about either of these topics, feel free to ask! Here are a couple of clarifications:\n\n1. **Quantum Technology**:  \n   - **QuantFi and QURECA** are collaborating to create a training course in quantum computing for finance (2021).  \n   - Microsoft and the University of Washington demonstrated fully automated DNA data storage (2019).  \n   - EuroHPC is a European project related to high-performance computing (n.d.).  \n   - There are ongoing demands for skills development in high-performance computing (2021).  \n   - Scott Aaronson has written a FAQ on quantum supremacy (2019).  \n\n2. **Cinnamon and Blood Pressure**:  \n   - There is a study on the effects of cinnamon supplementation on glycaemic outcomes in patients with hypertension (randomized clinical diet study).\n\nIf'}}
2025-12-15 17:21:48,220 - [Quantum_e2e_20251215_nova_dll.py:289] - [on_result] - DEBUG - 接收到 in_progress 且类型为text的消息，当前token计数: 197
2025-12-15 17:21:48,220 - [Quantum_e2e_20251215_nova_dll.py:311] - [on_result] - INFO - Got result for job 110: {'job_id': 110, 'status': 'in_progress', 'timestamp': '2025-12-15T17:21:48.220087', 'data': {'type': 'text', 'response': 'Hello! It looks like you mentioned a couple of topics related to quantum technology and a clinical study on cinnamon and blood pressure management. If you have a specific question about either of these topics, feel free to ask! Here are a couple of clarifications:\n\n1. **Quantum Technology**:  \n   - **QuantFi and QURECA** are collaborating to create a training course in quantum computing for finance (2021).  \n   - Microsoft and the University of Washington demonstrated fully automated DNA data storage (2019).  \n   - EuroHPC is a European project related to high-performance computing (n.d.).  \n   - There are ongoing demands for skills development in high-performance computing (2021).  \n   - Scott Aaronson has written a FAQ on quantum supremacy (2019).  \n\n2. **Cinnamon and Blood Pressure**:  \n   - There is a study on the effects of cinnamon supplementation on glycaemic outcomes in patients with hypertension (randomized clinical diet study).\n\nIf'}}
2025-12-15 17:21:48,220 - [Quantum_e2e_20251215_nova_dll.py:289] - [on_result] - DEBUG - 接收到 in_progress 且类型为text的消息，当前token计数: 198
2025-12-15 17:21:48,220 - [Quantum_e2e_20251215_nova_dll.py:311] - [on_result] - INFO - Got result for job 110: {'job_id': 110, 'status': 'in_progress', 'timestamp': '2025-12-15T17:21:48.220087', 'data': {'type': 'text', 'response': 'Hello! It looks like you mentioned a couple of topics related to quantum technology and a clinical study on cinnamon and blood pressure management. If you have a specific question about either of these topics, feel free to ask! Here are a couple of clarifications:\n\n1. **Quantum Technology**:  \n   - **QuantFi and QURECA** are collaborating to create a training course in quantum computing for finance (2021).  \n   - Microsoft and the University of Washington demonstrated fully automated DNA data storage (2019).  \n   - EuroHPC is a European project related to high-performance computing (n.d.).  \n   - There are ongoing demands for skills development in high-performance computing (2021).  \n   - Scott Aaronson has written a FAQ on quantum supremacy (2019).  \n\n2. **Cinnamon and Blood Pressure**:  \n   - There is a study on the effects of cinnamon supplementation on glycaemic outcomes in patients with hypertension (randomized clinical diet study).\n\nIf you need more'}}
2025-12-15 17:21:48,221 - [Quantum_e2e_20251215_nova_dll.py:289] - [on_result] - DEBUG - 接收到 in_progress 且类型为text的消息，当前token计数: 199
2025-12-15 17:21:48,221 - [Quantum_e2e_20251215_nova_dll.py:311] - [on_result] - INFO - Got result for job 110: {'job_id': 110, 'status': 'in_progress', 'timestamp': '2025-12-15T17:21:48.221086', 'data': {'type': 'text', 'response': 'Hello! It looks like you mentioned a couple of topics related to quantum technology and a clinical study on cinnamon and blood pressure management. If you have a specific question about either of these topics, feel free to ask! Here are a couple of clarifications:\n\n1. **Quantum Technology**:  \n   - **QuantFi and QURECA** are collaborating to create a training course in quantum computing for finance (2021).  \n   - Microsoft and the University of Washington demonstrated fully automated DNA data storage (2019).  \n   - EuroHPC is a European project related to high-performance computing (n.d.).  \n   - There are ongoing demands for skills development in high-performance computing (2021).  \n   - Scott Aaronson has written a FAQ on quantum supremacy (2019).  \n\n2. **Cinnamon and Blood Pressure**:  \n   - There is a study on the effects of cinnamon supplementation on glycaemic outcomes in patients with hypertension (randomized clinical diet study).\n\nIf you need more'}}
2025-12-15 17:21:48,221 - [Quantum_e2e_20251215_nova_dll.py:289] - [on_result] - DEBUG - 接收到 in_progress 且类型为text的消息，当前token计数: 200
2025-12-15 17:21:48,222 - [Quantum_e2e_20251215_nova_dll.py:311] - [on_result] - INFO - Got result for job 110: {'job_id': 110, 'status': 'in_progress', 'timestamp': '2025-12-15T17:21:48.222079', 'data': {'type': 'text', 'response': 'Hello! It looks like you mentioned a couple of topics related to quantum technology and a clinical study on cinnamon and blood pressure management. If you have a specific question about either of these topics, feel free to ask! Here are a couple of clarifications:\n\n1. **Quantum Technology**:  \n   - **QuantFi and QURECA** are collaborating to create a training course in quantum computing for finance (2021).  \n   - Microsoft and the University of Washington demonstrated fully automated DNA data storage (2019).  \n   - EuroHPC is a European project related to high-performance computing (n.d.).  \n   - There are ongoing demands for skills development in high-performance computing (2021).  \n   - Scott Aaronson has written a FAQ on quantum supremacy (2019).  \n\n2. **Cinnamon and Blood Pressure**:  \n   - There is a study on the effects of cinnamon supplementation on glycaemic outcomes in patients with hypertension (randomized clinical diet study).\n\nIf you need more information'}}
2025-12-15 17:21:48,222 - [Quantum_e2e_20251215_nova_dll.py:289] - [on_result] - DEBUG - 接收到 in_progress 且类型为text的消息，当前token计数: 201
2025-12-15 17:21:48,222 - [Quantum_e2e_20251215_nova_dll.py:311] - [on_result] - INFO - Got result for job 110: {'job_id': 110, 'status': 'in_progress', 'timestamp': '2025-12-15T17:21:48.222079', 'data': {'type': 'text', 'response': 'Hello! It looks like you mentioned a couple of topics related to quantum technology and a clinical study on cinnamon and blood pressure management. If you have a specific question about either of these topics, feel free to ask! Here are a couple of clarifications:\n\n1. **Quantum Technology**:  \n   - **QuantFi and QURECA** are collaborating to create a training course in quantum computing for finance (2021).  \n   - Microsoft and the University of Washington demonstrated fully automated DNA data storage (2019).  \n   - EuroHPC is a European project related to high-performance computing (n.d.).  \n   - There are ongoing demands for skills development in high-performance computing (2021).  \n   - Scott Aaronson has written a FAQ on quantum supremacy (2019).  \n\n2. **Cinnamon and Blood Pressure**:  \n   - There is a study on the effects of cinnamon supplementation on glycaemic outcomes in patients with hypertension (randomized clinical diet study).\n\nIf you need more information'}}
2025-12-15 17:21:48,223 - [Quantum_e2e_20251215_nova_dll.py:289] - [on_result] - DEBUG - 接收到 in_progress 且类型为text的消息，当前token计数: 202
2025-12-15 17:21:48,223 - [Quantum_e2e_20251215_nova_dll.py:311] - [on_result] - INFO - Got result for job 110: {'job_id': 110, 'status': 'in_progress', 'timestamp': '2025-12-15T17:21:48.223087', 'data': {'type': 'text', 'response': 'Hello! It looks like you mentioned a couple of topics related to quantum technology and a clinical study on cinnamon and blood pressure management. If you have a specific question about either of these topics, feel free to ask! Here are a couple of clarifications:\n\n1. **Quantum Technology**:  \n   - **QuantFi and QURECA** are collaborating to create a training course in quantum computing for finance (2021).  \n   - Microsoft and the University of Washington demonstrated fully automated DNA data storage (2019).  \n   - EuroHPC is a European project related to high-performance computing (n.d.).  \n   - There are ongoing demands for skills development in high-performance computing (2021).  \n   - Scott Aaronson has written a FAQ on quantum supremacy (2019).  \n\n2. **Cinnamon and Blood Pressure**:  \n   - There is a study on the effects of cinnamon supplementation on glycaemic outcomes in patients with hypertension (randomized clinical diet study).\n\nIf you need more information'}}
2025-12-15 17:21:48,223 - [Quantum_e2e_20251215_nova_dll.py:289] - [on_result] - DEBUG - 接收到 in_progress 且类型为text的消息，当前token计数: 203
2025-12-15 17:21:48,223 - [Quantum_e2e_20251215_nova_dll.py:311] - [on_result] - INFO - Got result for job 110: {'job_id': 110, 'status': 'in_progress', 'timestamp': '2025-12-15T17:21:48.223087', 'data': {'type': 'text', 'response': 'Hello! It looks like you mentioned a couple of topics related to quantum technology and a clinical study on cinnamon and blood pressure management. If you have a specific question about either of these topics, feel free to ask! Here are a couple of clarifications:\n\n1. **Quantum Technology**:  \n   - **QuantFi and QURECA** are collaborating to create a training course in quantum computing for finance (2021).  \n   - Microsoft and the University of Washington demonstrated fully automated DNA data storage (2019).  \n   - EuroHPC is a European project related to high-performance computing (n.d.).  \n   - There are ongoing demands for skills development in high-performance computing (2021).  \n   - Scott Aaronson has written a FAQ on quantum supremacy (2019).  \n\n2. **Cinnamon and Blood Pressure**:  \n   - There is a study on the effects of cinnamon supplementation on glycaemic outcomes in patients with hypertension (randomized clinical diet study).\n\nIf you need more information on either of'}}
2025-12-15 17:21:48,224 - [Quantum_e2e_20251215_nova_dll.py:289] - [on_result] - DEBUG - 接收到 in_progress 且类型为text的消息，当前token计数: 204
2025-12-15 17:21:48,224 - [Quantum_e2e_20251215_nova_dll.py:311] - [on_result] - INFO - Got result for job 110: {'job_id': 110, 'status': 'in_progress', 'timestamp': '2025-12-15T17:21:48.224088', 'data': {'type': 'text', 'response': 'Hello! It looks like you mentioned a couple of topics related to quantum technology and a clinical study on cinnamon and blood pressure management. If you have a specific question about either of these topics, feel free to ask! Here are a couple of clarifications:\n\n1. **Quantum Technology**:  \n   - **QuantFi and QURECA** are collaborating to create a training course in quantum computing for finance (2021).  \n   - Microsoft and the University of Washington demonstrated fully automated DNA data storage (2019).  \n   - EuroHPC is a European project related to high-performance computing (n.d.).  \n   - There are ongoing demands for skills development in high-performance computing (2021).  \n   - Scott Aaronson has written a FAQ on quantum supremacy (2019).  \n\n2. **Cinnamon and Blood Pressure**:  \n   - There is a study on the effects of cinnamon supplementation on glycaemic outcomes in patients with hypertension (randomized clinical diet study).\n\nIf you need more information on either of these'}}
2025-12-15 17:21:48,224 - [Quantum_e2e_20251215_nova_dll.py:289] - [on_result] - DEBUG - 接收到 in_progress 且类型为text的消息，当前token计数: 205
2025-12-15 17:21:48,224 - [Quantum_e2e_20251215_nova_dll.py:311] - [on_result] - INFO - Got result for job 110: {'job_id': 110, 'status': 'in_progress', 'timestamp': '2025-12-15T17:21:48.224602', 'data': {'type': 'text', 'response': 'Hello! It looks like you mentioned a couple of topics related to quantum technology and a clinical study on cinnamon and blood pressure management. If you have a specific question about either of these topics, feel free to ask! Here are a couple of clarifications:\n\n1. **Quantum Technology**:  \n   - **QuantFi and QURECA** are collaborating to create a training course in quantum computing for finance (2021).  \n   - Microsoft and the University of Washington demonstrated fully automated DNA data storage (2019).  \n   - EuroHPC is a European project related to high-performance computing (n.d.).  \n   - There are ongoing demands for skills development in high-performance computing (2021).  \n   - Scott Aaronson has written a FAQ on quantum supremacy (2019).  \n\n2. **Cinnamon and Blood Pressure**:  \n   - There is a study on the effects of cinnamon supplementation on glycaemic outcomes in patients with hypertension (randomized clinical diet study).\n\nIf you need more information on either of these'}}
2025-12-15 17:21:48,224 - [Quantum_e2e_20251215_nova_dll.py:289] - [on_result] - DEBUG - 接收到 in_progress 且类型为text的消息，当前token计数: 206
2025-12-15 17:21:48,224 - [Quantum_e2e_20251215_nova_dll.py:311] - [on_result] - INFO - Got result for job 110: {'job_id': 110, 'status': 'in_progress', 'timestamp': '2025-12-15T17:21:48.224602', 'data': {'type': 'text', 'response': 'Hello! It looks like you mentioned a couple of topics related to quantum technology and a clinical study on cinnamon and blood pressure management. If you have a specific question about either of these topics, feel free to ask! Here are a couple of clarifications:\n\n1. **Quantum Technology**:  \n   - **QuantFi and QURECA** are collaborating to create a training course in quantum computing for finance (2021).  \n   - Microsoft and the University of Washington demonstrated fully automated DNA data storage (2019).  \n   - EuroHPC is a European project related to high-performance computing (n.d.).  \n   - There are ongoing demands for skills development in high-performance computing (2021).  \n   - Scott Aaronson has written a FAQ on quantum supremacy (2019).  \n\n2. **Cinnamon and Blood Pressure**:  \n   - There is a study on the effects of cinnamon supplementation on glycaemic outcomes in patients with hypertension (randomized clinical diet study).\n\nIf you need more information on either of these'}}
2025-12-15 17:21:48,225 - [Quantum_e2e_20251215_nova_dll.py:289] - [on_result] - DEBUG - 接收到 in_progress 且类型为text的消息，当前token计数: 207
2025-12-15 17:21:48,225 - [Quantum_e2e_20251215_nova_dll.py:311] - [on_result] - INFO - Got result for job 110: {'job_id': 110, 'status': 'in_progress', 'timestamp': '2025-12-15T17:21:48.225615', 'data': {'type': 'text', 'response': 'Hello! It looks like you mentioned a couple of topics related to quantum technology and a clinical study on cinnamon and blood pressure management. If you have a specific question about either of these topics, feel free to ask! Here are a couple of clarifications:\n\n1. **Quantum Technology**:  \n   - **QuantFi and QURECA** are collaborating to create a training course in quantum computing for finance (2021).  \n   - Microsoft and the University of Washington demonstrated fully automated DNA data storage (2019).  \n   - EuroHPC is a European project related to high-performance computing (n.d.).  \n   - There are ongoing demands for skills development in high-performance computing (2021).  \n   - Scott Aaronson has written a FAQ on quantum supremacy (2019).  \n\n2. **Cinnamon and Blood Pressure**:  \n   - There is a study on the effects of cinnamon supplementation on glycaemic outcomes in patients with hypertension (randomized clinical diet study).\n\nIf you need more information on either of these topics, or'}}
2025-12-15 17:21:48,225 - [Quantum_e2e_20251215_nova_dll.py:289] - [on_result] - DEBUG - 接收到 in_progress 且类型为text的消息，当前token计数: 208
2025-12-15 17:21:48,226 - [Quantum_e2e_20251215_nova_dll.py:311] - [on_result] - INFO - Got result for job 110: {'job_id': 110, 'status': 'in_progress', 'timestamp': '2025-12-15T17:21:48.226615', 'data': {'type': 'text', 'response': 'Hello! It looks like you mentioned a couple of topics related to quantum technology and a clinical study on cinnamon and blood pressure management. If you have a specific question about either of these topics, feel free to ask! Here are a couple of clarifications:\n\n1. **Quantum Technology**:  \n   - **QuantFi and QURECA** are collaborating to create a training course in quantum computing for finance (2021).  \n   - Microsoft and the University of Washington demonstrated fully automated DNA data storage (2019).  \n   - EuroHPC is a European project related to high-performance computing (n.d.).  \n   - There are ongoing demands for skills development in high-performance computing (2021).  \n   - Scott Aaronson has written a FAQ on quantum supremacy (2019).  \n\n2. **Cinnamon and Blood Pressure**:  \n   - There is a study on the effects of cinnamon supplementation on glycaemic outcomes in patients with hypertension (randomized clinical diet study).\n\nIf you need more information on either of these topics, or if'}}
2025-12-15 17:21:48,226 - [Quantum_e2e_20251215_nova_dll.py:289] - [on_result] - DEBUG - 接收到 in_progress 且类型为text的消息，当前token计数: 209
2025-12-15 17:21:48,227 - [Quantum_e2e_20251215_nova_dll.py:311] - [on_result] - INFO - Got result for job 110: {'job_id': 110, 'status': 'in_progress', 'timestamp': '2025-12-15T17:21:48.227618', 'data': {'type': 'text', 'response': 'Hello! It looks like you mentioned a couple of topics related to quantum technology and a clinical study on cinnamon and blood pressure management. If you have a specific question about either of these topics, feel free to ask! Here are a couple of clarifications:\n\n1. **Quantum Technology**:  \n   - **QuantFi and QURECA** are collaborating to create a training course in quantum computing for finance (2021).  \n   - Microsoft and the University of Washington demonstrated fully automated DNA data storage (2019).  \n   - EuroHPC is a European project related to high-performance computing (n.d.).  \n   - There are ongoing demands for skills development in high-performance computing (2021).  \n   - Scott Aaronson has written a FAQ on quantum supremacy (2019).  \n\n2. **Cinnamon and Blood Pressure**:  \n   - There is a study on the effects of cinnamon supplementation on glycaemic outcomes in patients with hypertension (randomized clinical diet study).\n\nIf you need more information on either of these topics, or if'}}
2025-12-15 17:21:48,227 - [Quantum_e2e_20251215_nova_dll.py:289] - [on_result] - DEBUG - 接收到 in_progress 且类型为text的消息，当前token计数: 210
2025-12-15 17:21:48,227 - [Quantum_e2e_20251215_nova_dll.py:311] - [on_result] - INFO - Got result for job 110: {'job_id': 110, 'status': 'in_progress', 'timestamp': '2025-12-15T17:21:48.227618', 'data': {'type': 'text', 'response': 'Hello! It looks like you mentioned a couple of topics related to quantum technology and a clinical study on cinnamon and blood pressure management. If you have a specific question about either of these topics, feel free to ask! Here are a couple of clarifications:\n\n1. **Quantum Technology**:  \n   - **QuantFi and QURECA** are collaborating to create a training course in quantum computing for finance (2021).  \n   - Microsoft and the University of Washington demonstrated fully automated DNA data storage (2019).  \n   - EuroHPC is a European project related to high-performance computing (n.d.).  \n   - There are ongoing demands for skills development in high-performance computing (2021).  \n   - Scott Aaronson has written a FAQ on quantum supremacy (2019).  \n\n2. **Cinnamon and Blood Pressure**:  \n   - There is a study on the effects of cinnamon supplementation on glycaemic outcomes in patients with hypertension (randomized clinical diet study).\n\nIf you need more information on either of these topics, or if'}}
2025-12-15 17:21:48,228 - [Quantum_e2e_20251215_nova_dll.py:289] - [on_result] - DEBUG - 接收到 in_progress 且类型为text的消息，当前token计数: 211
2025-12-15 17:21:48,228 - [Quantum_e2e_20251215_nova_dll.py:311] - [on_result] - INFO - Got result for job 110: {'job_id': 110, 'status': 'in_progress', 'timestamp': '2025-12-15T17:21:48.228626', 'data': {'type': 'text', 'response': 'Hello! It looks like you mentioned a couple of topics related to quantum technology and a clinical study on cinnamon and blood pressure management. If you have a specific question about either of these topics, feel free to ask! Here are a couple of clarifications:\n\n1. **Quantum Technology**:  \n   - **QuantFi and QURECA** are collaborating to create a training course in quantum computing for finance (2021).  \n   - Microsoft and the University of Washington demonstrated fully automated DNA data storage (2019).  \n   - EuroHPC is a European project related to high-performance computing (n.d.).  \n   - There are ongoing demands for skills development in high-performance computing (2021).  \n   - Scott Aaronson has written a FAQ on quantum supremacy (2019).  \n\n2. **Cinnamon and Blood Pressure**:  \n   - There is a study on the effects of cinnamon supplementation on glycaemic outcomes in patients with hypertension (randomized clinical diet study).\n\nIf you need more information on either of these topics, or if you have a'}}
2025-12-15 17:21:48,229 - [Quantum_e2e_20251215_nova_dll.py:289] - [on_result] - DEBUG - 接收到 in_progress 且类型为text的消息，当前token计数: 212
2025-12-15 17:21:48,229 - [Quantum_e2e_20251215_nova_dll.py:311] - [on_result] - INFO - Got result for job 110: {'job_id': 110, 'status': 'in_progress', 'timestamp': '2025-12-15T17:21:48.229616', 'data': {'type': 'text', 'response': 'Hello! It looks like you mentioned a couple of topics related to quantum technology and a clinical study on cinnamon and blood pressure management. If you have a specific question about either of these topics, feel free to ask! Here are a couple of clarifications:\n\n1. **Quantum Technology**:  \n   - **QuantFi and QURECA** are collaborating to create a training course in quantum computing for finance (2021).  \n   - Microsoft and the University of Washington demonstrated fully automated DNA data storage (2019).  \n   - EuroHPC is a European project related to high-performance computing (n.d.).  \n   - There are ongoing demands for skills development in high-performance computing (2021).  \n   - Scott Aaronson has written a FAQ on quantum supremacy (2019).  \n\n2. **Cinnamon and Blood Pressure**:  \n   - There is a study on the effects of cinnamon supplementation on glycaemic outcomes in patients with hypertension (randomized clinical diet study).\n\nIf you need more information on either of these topics, or if you have a specific question'}}
2025-12-15 17:21:48,229 - [Quantum_e2e_20251215_nova_dll.py:289] - [on_result] - DEBUG - 接收到 in_progress 且类型为text的消息，当前token计数: 213
2025-12-15 17:21:48,230 - [Quantum_e2e_20251215_nova_dll.py:311] - [on_result] - INFO - Got result for job 110: {'job_id': 110, 'status': 'in_progress', 'timestamp': '2025-12-15T17:21:48.229616', 'data': {'type': 'text', 'response': 'Hello! It looks like you mentioned a couple of topics related to quantum technology and a clinical study on cinnamon and blood pressure management. If you have a specific question about either of these topics, feel free to ask! Here are a couple of clarifications:\n\n1. **Quantum Technology**:  \n   - **QuantFi and QURECA** are collaborating to create a training course in quantum computing for finance (2021).  \n   - Microsoft and the University of Washington demonstrated fully automated DNA data storage (2019).  \n   - EuroHPC is a European project related to high-performance computing (n.d.).  \n   - There are ongoing demands for skills development in high-performance computing (2021).  \n   - Scott Aaronson has written a FAQ on quantum supremacy (2019).  \n\n2. **Cinnamon and Blood Pressure**:  \n   - There is a study on the effects of cinnamon supplementation on glycaemic outcomes in patients with hypertension (randomized clinical diet study).\n\nIf you need more information on either of these topics, or if you have a specific question'}}
2025-12-15 17:21:48,230 - [Quantum_e2e_20251215_nova_dll.py:289] - [on_result] - DEBUG - 接收到 in_progress 且类型为text的消息，当前token计数: 214
2025-12-15 17:21:48,230 - [Quantum_e2e_20251215_nova_dll.py:311] - [on_result] - INFO - Got result for job 110: {'job_id': 110, 'status': 'in_progress', 'timestamp': '2025-12-15T17:21:48.230615', 'data': {'type': 'text', 'response': 'Hello! It looks like you mentioned a couple of topics related to quantum technology and a clinical study on cinnamon and blood pressure management. If you have a specific question about either of these topics, feel free to ask! Here are a couple of clarifications:\n\n1. **Quantum Technology**:  \n   - **QuantFi and QURECA** are collaborating to create a training course in quantum computing for finance (2021).  \n   - Microsoft and the University of Washington demonstrated fully automated DNA data storage (2019).  \n   - EuroHPC is a European project related to high-performance computing (n.d.).  \n   - There are ongoing demands for skills development in high-performance computing (2021).  \n   - Scott Aaronson has written a FAQ on quantum supremacy (2019).  \n\n2. **Cinnamon and Blood Pressure**:  \n   - There is a study on the effects of cinnamon supplementation on glycaemic outcomes in patients with hypertension (randomized clinical diet study).\n\nIf you need more information on either of these topics, or if you have a specific question'}}
2025-12-15 17:21:48,230 - [Quantum_e2e_20251215_nova_dll.py:289] - [on_result] - DEBUG - 接收到 in_progress 且类型为text的消息，当前token计数: 215
2025-12-15 17:21:48,230 - [Quantum_e2e_20251215_nova_dll.py:311] - [on_result] - INFO - Got result for job 110: {'job_id': 110, 'status': 'in_progress', 'timestamp': '2025-12-15T17:21:48.230615', 'data': {'type': 'text', 'response': 'Hello! It looks like you mentioned a couple of topics related to quantum technology and a clinical study on cinnamon and blood pressure management. If you have a specific question about either of these topics, feel free to ask! Here are a couple of clarifications:\n\n1. **Quantum Technology**:  \n   - **QuantFi and QURECA** are collaborating to create a training course in quantum computing for finance (2021).  \n   - Microsoft and the University of Washington demonstrated fully automated DNA data storage (2019).  \n   - EuroHPC is a European project related to high-performance computing (n.d.).  \n   - There are ongoing demands for skills development in high-performance computing (2021).  \n   - Scott Aaronson has written a FAQ on quantum supremacy (2019).  \n\n2. **Cinnamon and Blood Pressure**:  \n   - There is a study on the effects of cinnamon supplementation on glycaemic outcomes in patients with hypertension (randomized clinical diet study).\n\nIf you need more information on either of these topics, or if you have a specific question (e.g'}}
2025-12-15 17:21:48,231 - [Quantum_e2e_20251215_nova_dll.py:289] - [on_result] - DEBUG - 接收到 in_progress 且类型为text的消息，当前token计数: 216
2025-12-15 17:21:48,231 - [Quantum_e2e_20251215_nova_dll.py:311] - [on_result] - INFO - Got result for job 110: {'job_id': 110, 'status': 'in_progress', 'timestamp': '2025-12-15T17:21:48.231615', 'data': {'type': 'text', 'response': 'Hello! It looks like you mentioned a couple of topics related to quantum technology and a clinical study on cinnamon and blood pressure management. If you have a specific question about either of these topics, feel free to ask! Here are a couple of clarifications:\n\n1. **Quantum Technology**:  \n   - **QuantFi and QURECA** are collaborating to create a training course in quantum computing for finance (2021).  \n   - Microsoft and the University of Washington demonstrated fully automated DNA data storage (2019).  \n   - EuroHPC is a European project related to high-performance computing (n.d.).  \n   - There are ongoing demands for skills development in high-performance computing (2021).  \n   - Scott Aaronson has written a FAQ on quantum supremacy (2019).  \n\n2. **Cinnamon and Blood Pressure**:  \n   - There is a study on the effects of cinnamon supplementation on glycaemic outcomes in patients with hypertension (randomized clinical diet study).\n\nIf you need more information on either of these topics, or if you have a specific question (e.g'}}
2025-12-15 17:21:48,231 - [Quantum_e2e_20251215_nova_dll.py:289] - [on_result] - DEBUG - 接收到 in_progress 且类型为text的消息，当前token计数: 217
2025-12-15 17:21:48,232 - [Quantum_e2e_20251215_nova_dll.py:311] - [on_result] - INFO - Got result for job 110: {'job_id': 110, 'status': 'in_progress', 'timestamp': '2025-12-15T17:21:48.232615', 'data': {'type': 'text', 'response': 'Hello! It looks like you mentioned a couple of topics related to quantum technology and a clinical study on cinnamon and blood pressure management. If you have a specific question about either of these topics, feel free to ask! Here are a couple of clarifications:\n\n1. **Quantum Technology**:  \n   - **QuantFi and QURECA** are collaborating to create a training course in quantum computing for finance (2021).  \n   - Microsoft and the University of Washington demonstrated fully automated DNA data storage (2019).  \n   - EuroHPC is a European project related to high-performance computing (n.d.).  \n   - There are ongoing demands for skills development in high-performance computing (2021).  \n   - Scott Aaronson has written a FAQ on quantum supremacy (2019).  \n\n2. **Cinnamon and Blood Pressure**:  \n   - There is a study on the effects of cinnamon supplementation on glycaemic outcomes in patients with hypertension (randomized clinical diet study).\n\nIf you need more information on either of these topics, or if you have a specific question (e.g.,'}}
2025-12-15 17:21:48,232 - [Quantum_e2e_20251215_nova_dll.py:289] - [on_result] - DEBUG - 接收到 in_progress 且类型为text的消息，当前token计数: 218
2025-12-15 17:21:48,232 - [Quantum_e2e_20251215_nova_dll.py:311] - [on_result] - INFO - Got result for job 110: {'job_id': 110, 'status': 'in_progress', 'timestamp': '2025-12-15T17:21:48.232615', 'data': {'type': 'text', 'response': 'Hello! It looks like you mentioned a couple of topics related to quantum technology and a clinical study on cinnamon and blood pressure management. If you have a specific question about either of these topics, feel free to ask! Here are a couple of clarifications:\n\n1. **Quantum Technology**:  \n   - **QuantFi and QURECA** are collaborating to create a training course in quantum computing for finance (2021).  \n   - Microsoft and the University of Washington demonstrated fully automated DNA data storage (2019).  \n   - EuroHPC is a European project related to high-performance computing (n.d.).  \n   - There are ongoing demands for skills development in high-performance computing (2021).  \n   - Scott Aaronson has written a FAQ on quantum supremacy (2019).  \n\n2. **Cinnamon and Blood Pressure**:  \n   - There is a study on the effects of cinnamon supplementation on glycaemic outcomes in patients with hypertension (randomized clinical diet study).\n\nIf you need more information on either of these topics, or if you have a specific question (e.g.,'}}
2025-12-15 17:21:48,233 - [Quantum_e2e_20251215_nova_dll.py:289] - [on_result] - DEBUG - 接收到 in_progress 且类型为text的消息，当前token计数: 219
2025-12-15 17:21:48,233 - [Quantum_e2e_20251215_nova_dll.py:311] - [on_result] - INFO - Got result for job 110: {'job_id': 110, 'status': 'in_progress', 'timestamp': '2025-12-15T17:21:48.233614', 'data': {'type': 'text', 'response': 'Hello! It looks like you mentioned a couple of topics related to quantum technology and a clinical study on cinnamon and blood pressure management. If you have a specific question about either of these topics, feel free to ask! Here are a couple of clarifications:\n\n1. **Quantum Technology**:  \n   - **QuantFi and QURECA** are collaborating to create a training course in quantum computing for finance (2021).  \n   - Microsoft and the University of Washington demonstrated fully automated DNA data storage (2019).  \n   - EuroHPC is a European project related to high-performance computing (n.d.).  \n   - There are ongoing demands for skills development in high-performance computing (2021).  \n   - Scott Aaronson has written a FAQ on quantum supremacy (2019).  \n\n2. **Cinnamon and Blood Pressure**:  \n   - There is a study on the effects of cinnamon supplementation on glycaemic outcomes in patients with hypertension (randomized clinical diet study).\n\nIf you need more information on either of these topics, or if you have a specific question (e.g.,'}}
2025-12-15 17:21:48,233 - [Quantum_e2e_20251215_nova_dll.py:289] - [on_result] - DEBUG - 接收到 in_progress 且类型为text的消息，当前token计数: 220
2025-12-15 17:21:48,234 - [Quantum_e2e_20251215_nova_dll.py:311] - [on_result] - INFO - Got result for job 110: {'job_id': 110, 'status': 'in_progress', 'timestamp': '2025-12-15T17:21:48.234615', 'data': {'type': 'text', 'response': 'Hello! It looks like you mentioned a couple of topics related to quantum technology and a clinical study on cinnamon and blood pressure management. If you have a specific question about either of these topics, feel free to ask! Here are a couple of clarifications:\n\n1. **Quantum Technology**:  \n   - **QuantFi and QURECA** are collaborating to create a training course in quantum computing for finance (2021).  \n   - Microsoft and the University of Washington demonstrated fully automated DNA data storage (2019).  \n   - EuroHPC is a European project related to high-performance computing (n.d.).  \n   - There are ongoing demands for skills development in high-performance computing (2021).  \n   - Scott Aaronson has written a FAQ on quantum supremacy (2019).  \n\n2. **Cinnamon and Blood Pressure**:  \n   - There is a study on the effects of cinnamon supplementation on glycaemic outcomes in patients with hypertension (randomized clinical diet study).\n\nIf you need more information on either of these topics, or if you have a specific question (e.g., "What is'}}
2025-12-15 17:21:48,234 - [Quantum_e2e_20251215_nova_dll.py:289] - [on_result] - DEBUG - 接收到 in_progress 且类型为text的消息，当前token计数: 221
2025-12-15 17:21:48,234 - [Quantum_e2e_20251215_nova_dll.py:311] - [on_result] - INFO - Got result for job 110: {'job_id': 110, 'status': 'in_progress', 'timestamp': '2025-12-15T17:21:48.234615', 'data': {'type': 'text', 'response': 'Hello! It looks like you mentioned a couple of topics related to quantum technology and a clinical study on cinnamon and blood pressure management. If you have a specific question about either of these topics, feel free to ask! Here are a couple of clarifications:\n\n1. **Quantum Technology**:  \n   - **QuantFi and QURECA** are collaborating to create a training course in quantum computing for finance (2021).  \n   - Microsoft and the University of Washington demonstrated fully automated DNA data storage (2019).  \n   - EuroHPC is a European project related to high-performance computing (n.d.).  \n   - There are ongoing demands for skills development in high-performance computing (2021).  \n   - Scott Aaronson has written a FAQ on quantum supremacy (2019).  \n\n2. **Cinnamon and Blood Pressure**:  \n   - There is a study on the effects of cinnamon supplementation on glycaemic outcomes in patients with hypertension (randomized clinical diet study).\n\nIf you need more information on either of these topics, or if you have a specific question (e.g., "What is quantum supremacy?" or'}}
2025-12-15 17:21:48,234 - [Quantum_e2e_20251215_nova_dll.py:289] - [on_result] - DEBUG - 接收到 in_progress 且类型为text的消息，当前token计数: 222
2025-12-15 17:21:48,235 - [Quantum_e2e_20251215_nova_dll.py:311] - [on_result] - INFO - Got result for job 110: {'job_id': 110, 'status': 'in_progress', 'timestamp': '2025-12-15T17:21:48.235615', 'data': {'type': 'text', 'response': 'Hello! It looks like you mentioned a couple of topics related to quantum technology and a clinical study on cinnamon and blood pressure management. If you have a specific question about either of these topics, feel free to ask! Here are a couple of clarifications:\n\n1. **Quantum Technology**:  \n   - **QuantFi and QURECA** are collaborating to create a training course in quantum computing for finance (2021).  \n   - Microsoft and the University of Washington demonstrated fully automated DNA data storage (2019).  \n   - EuroHPC is a European project related to high-performance computing (n.d.).  \n   - There are ongoing demands for skills development in high-performance computing (2021).  \n   - Scott Aaronson has written a FAQ on quantum supremacy (2019).  \n\n2. **Cinnamon and Blood Pressure**:  \n   - There is a study on the effects of cinnamon supplementation on glycaemic outcomes in patients with hypertension (randomized clinical diet study).\n\nIf you need more information on either of these topics, or if you have a specific question (e.g., "What is quantum supremacy?" or'}}
2025-12-15 17:21:48,235 - [Quantum_e2e_20251215_nova_dll.py:289] - [on_result] - DEBUG - 接收到 in_progress 且类型为text的消息，当前token计数: 223
2025-12-15 17:21:48,235 - [Quantum_e2e_20251215_nova_dll.py:311] - [on_result] - INFO - Got result for job 110: {'job_id': 110, 'status': 'in_progress', 'timestamp': '2025-12-15T17:21:48.235615', 'data': {'type': 'text', 'response': 'Hello! It looks like you mentioned a couple of topics related to quantum technology and a clinical study on cinnamon and blood pressure management. If you have a specific question about either of these topics, feel free to ask! Here are a couple of clarifications:\n\n1. **Quantum Technology**:  \n   - **QuantFi and QURECA** are collaborating to create a training course in quantum computing for finance (2021).  \n   - Microsoft and the University of Washington demonstrated fully automated DNA data storage (2019).  \n   - EuroHPC is a European project related to high-performance computing (n.d.).  \n   - There are ongoing demands for skills development in high-performance computing (2021).  \n   - Scott Aaronson has written a FAQ on quantum supremacy (2019).  \n\n2. **Cinnamon and Blood Pressure**:  \n   - There is a study on the effects of cinnamon supplementation on glycaemic outcomes in patients with hypertension (randomized clinical diet study).\n\nIf you need more information on either of these topics, or if you have a specific question (e.g., "What is quantum supremacy?" or'}}
2025-12-15 17:21:48,235 - [Quantum_e2e_20251215_nova_dll.py:289] - [on_result] - DEBUG - 接收到 in_progress 且类型为text的消息，当前token计数: 224
2025-12-15 17:21:48,236 - [Quantum_e2e_20251215_nova_dll.py:311] - [on_result] - INFO - Got result for job 110: {'job_id': 110, 'status': 'in_progress', 'timestamp': '2025-12-15T17:21:48.236614', 'data': {'type': 'text', 'response': 'Hello! It looks like you mentioned a couple of topics related to quantum technology and a clinical study on cinnamon and blood pressure management. If you have a specific question about either of these topics, feel free to ask! Here are a couple of clarifications:\n\n1. **Quantum Technology**:  \n   - **QuantFi and QURECA** are collaborating to create a training course in quantum computing for finance (2021).  \n   - Microsoft and the University of Washington demonstrated fully automated DNA data storage (2019).  \n   - EuroHPC is a European project related to high-performance computing (n.d.).  \n   - There are ongoing demands for skills development in high-performance computing (2021).  \n   - Scott Aaronson has written a FAQ on quantum supremacy (2019).  \n\n2. **Cinnamon and Blood Pressure**:  \n   - There is a study on the effects of cinnamon supplementation on glycaemic outcomes in patients with hypertension (randomized clinical diet study).\n\nIf you need more information on either of these topics, or if you have a specific question (e.g., "What is quantum supremacy?" or "'}}
2025-12-15 17:21:48,236 - [Quantum_e2e_20251215_nova_dll.py:289] - [on_result] - DEBUG - 接收到 in_progress 且类型为text的消息，当前token计数: 225
2025-12-15 17:21:48,236 - [Quantum_e2e_20251215_nova_dll.py:311] - [on_result] - INFO - Got result for job 110: {'job_id': 110, 'status': 'in_progress', 'timestamp': '2025-12-15T17:21:48.236614', 'data': {'type': 'text', 'response': 'Hello! It looks like you mentioned a couple of topics related to quantum technology and a clinical study on cinnamon and blood pressure management. If you have a specific question about either of these topics, feel free to ask! Here are a couple of clarifications:\n\n1. **Quantum Technology**:  \n   - **QuantFi and QURECA** are collaborating to create a training course in quantum computing for finance (2021).  \n   - Microsoft and the University of Washington demonstrated fully automated DNA data storage (2019).  \n   - EuroHPC is a European project related to high-performance computing (n.d.).  \n   - There are ongoing demands for skills development in high-performance computing (2021).  \n   - Scott Aaronson has written a FAQ on quantum supremacy (2019).  \n\n2. **Cinnamon and Blood Pressure**:  \n   - There is a study on the effects of cinnamon supplementation on glycaemic outcomes in patients with hypertension (randomized clinical diet study).\n\nIf you need more information on either of these topics, or if you have a specific question (e.g., "What is quantum supremacy?" or "'}}
2025-12-15 17:21:48,237 - [Quantum_e2e_20251215_nova_dll.py:289] - [on_result] - DEBUG - 接收到 in_progress 且类型为text的消息，当前token计数: 226
2025-12-15 17:21:48,237 - [Quantum_e2e_20251215_nova_dll.py:311] - [on_result] - INFO - Got result for job 110: {'job_id': 110, 'status': 'in_progress', 'timestamp': '2025-12-15T17:21:48.237619', 'data': {'type': 'text', 'response': 'Hello! It looks like you mentioned a couple of topics related to quantum technology and a clinical study on cinnamon and blood pressure management. If you have a specific question about either of these topics, feel free to ask! Here are a couple of clarifications:\n\n1. **Quantum Technology**:  \n   - **QuantFi and QURECA** are collaborating to create a training course in quantum computing for finance (2021).  \n   - Microsoft and the University of Washington demonstrated fully automated DNA data storage (2019).  \n   - EuroHPC is a European project related to high-performance computing (n.d.).  \n   - There are ongoing demands for skills development in high-performance computing (2021).  \n   - Scott Aaronson has written a FAQ on quantum supremacy (2019).  \n\n2. **Cinnamon and Blood Pressure**:  \n   - There is a study on the effects of cinnamon supplementation on glycaemic outcomes in patients with hypertension (randomized clinical diet study).\n\nIf you need more information on either of these topics, or if you have a specific question (e.g., "What is quantum supremacy?" or "'}}
2025-12-15 17:21:48,237 - [Quantum_e2e_20251215_nova_dll.py:289] - [on_result] - DEBUG - 接收到 in_progress 且类型为text的消息，当前token计数: 227
2025-12-15 17:21:48,238 - [Quantum_e2e_20251215_nova_dll.py:311] - [on_result] - INFO - Got result for job 110: {'job_id': 110, 'status': 'in_progress', 'timestamp': '2025-12-15T17:21:48.238617', 'data': {'type': 'text', 'response': 'Hello! It looks like you mentioned a couple of topics related to quantum technology and a clinical study on cinnamon and blood pressure management. If you have a specific question about either of these topics, feel free to ask! Here are a couple of clarifications:\n\n1. **Quantum Technology**:  \n   - **QuantFi and QURECA** are collaborating to create a training course in quantum computing for finance (2021).  \n   - Microsoft and the University of Washington demonstrated fully automated DNA data storage (2019).  \n   - EuroHPC is a European project related to high-performance computing (n.d.).  \n   - There are ongoing demands for skills development in high-performance computing (2021).  \n   - Scott Aaronson has written a FAQ on quantum supremacy (2019).  \n\n2. **Cinnamon and Blood Pressure**:  \n   - There is a study on the effects of cinnamon supplementation on glycaemic outcomes in patients with hypertension (randomized clinical diet study).\n\nIf you need more information on either of these topics, or if you have a specific question (e.g., "What is quantum supremacy?" or "'}}
2025-12-15 17:21:48,238 - [Quantum_e2e_20251215_nova_dll.py:289] - [on_result] - DEBUG - 接收到 in_progress 且类型为text的消息，当前token计数: 228
2025-12-15 17:21:48,238 - [Quantum_e2e_20251215_nova_dll.py:311] - [on_result] - INFO - Got result for job 110: {'job_id': 110, 'status': 'in_progress', 'timestamp': '2025-12-15T17:21:48.238617', 'data': {'type': 'text', 'response': 'Hello! It looks like you mentioned a couple of topics related to quantum technology and a clinical study on cinnamon and blood pressure management. If you have a specific question about either of these topics, feel free to ask! Here are a couple of clarifications:\n\n1. **Quantum Technology**:  \n   - **QuantFi and QURECA** are collaborating to create a training course in quantum computing for finance (2021).  \n   - Microsoft and the University of Washington demonstrated fully automated DNA data storage (2019).  \n   - EuroHPC is a European project related to high-performance computing (n.d.).  \n   - There are ongoing demands for skills development in high-performance computing (2021).  \n   - Scott Aaronson has written a FAQ on quantum supremacy (2019).  \n\n2. **Cinnamon and Blood Pressure**:  \n   - There is a study on the effects of cinnamon supplementation on glycaemic outcomes in patients with hypertension (randomized clinical diet study).\n\nIf you need more information on either of these topics, or if you have a specific question (e.g., "What is quantum supremacy?" or "What are'}}
2025-12-15 17:21:48,239 - [Quantum_e2e_20251215_nova_dll.py:289] - [on_result] - DEBUG - 接收到 in_progress 且类型为text的消息，当前token计数: 229
2025-12-15 17:21:48,239 - [Quantum_e2e_20251215_nova_dll.py:311] - [on_result] - INFO - Got result for job 110: {'job_id': 110, 'status': 'in_progress', 'timestamp': '2025-12-15T17:21:48.239615', 'data': {'type': 'text', 'response': 'Hello! It looks like you mentioned a couple of topics related to quantum technology and a clinical study on cinnamon and blood pressure management. If you have a specific question about either of these topics, feel free to ask! Here are a couple of clarifications:\n\n1. **Quantum Technology**:  \n   - **QuantFi and QURECA** are collaborating to create a training course in quantum computing for finance (2021).  \n   - Microsoft and the University of Washington demonstrated fully automated DNA data storage (2019).  \n   - EuroHPC is a European project related to high-performance computing (n.d.).  \n   - There are ongoing demands for skills development in high-performance computing (2021).  \n   - Scott Aaronson has written a FAQ on quantum supremacy (2019).  \n\n2. **Cinnamon and Blood Pressure**:  \n   - There is a study on the effects of cinnamon supplementation on glycaemic outcomes in patients with hypertension (randomized clinical diet study).\n\nIf you need more information on either of these topics, or if you have a specific question (e.g., "What is quantum supremacy?" or "What are'}}
2025-12-15 17:21:48,239 - [Quantum_e2e_20251215_nova_dll.py:289] - [on_result] - DEBUG - 接收到 in_progress 且类型为text的消息，当前token计数: 230
2025-12-15 17:21:48,239 - [Quantum_e2e_20251215_nova_dll.py:311] - [on_result] - INFO - Got result for job 110: {'job_id': 110, 'status': 'in_progress', 'timestamp': '2025-12-15T17:21:48.239615', 'data': {'type': 'text', 'response': 'Hello! It looks like you mentioned a couple of topics related to quantum technology and a clinical study on cinnamon and blood pressure management. If you have a specific question about either of these topics, feel free to ask! Here are a couple of clarifications:\n\n1. **Quantum Technology**:  \n   - **QuantFi and QURECA** are collaborating to create a training course in quantum computing for finance (2021).  \n   - Microsoft and the University of Washington demonstrated fully automated DNA data storage (2019).  \n   - EuroHPC is a European project related to high-performance computing (n.d.).  \n   - There are ongoing demands for skills development in high-performance computing (2021).  \n   - Scott Aaronson has written a FAQ on quantum supremacy (2019).  \n\n2. **Cinnamon and Blood Pressure**:  \n   - There is a study on the effects of cinnamon supplementation on glycaemic outcomes in patients with hypertension (randomized clinical diet study).\n\nIf you need more information on either of these topics, or if you have a specific question (e.g., "What is quantum supremacy?" or "What are'}}
2025-12-15 17:21:48,569 - [Quantum_e2e_20251215_nova_dll.py:289] - [on_result] - DEBUG - 接收到 in_progress 且类型为text的消息，当前token计数: 231
2025-12-15 17:21:48,570 - [Quantum_e2e_20251215_nova_dll.py:311] - [on_result] - INFO - Got result for job 110: {'job_id': 110, 'status': 'in_progress', 'timestamp': '2025-12-15T17:21:48.570279', 'data': {'type': 'text', 'response': 'Hello! It looks like you mentioned a couple of topics related to quantum technology and a clinical study on cinnamon and blood pressure management. If you have a specific question about either of these topics, feel free to ask! Here are a couple of clarifications:\n\n1. **Quantum Technology**:  \n   - **QuantFi and QURECA** are collaborating to create a training course in quantum computing for finance (2021).  \n   - Microsoft and the University of Washington demonstrated fully automated DNA data storage (2019).  \n   - EuroHPC is a European project related to high-performance computing (n.d.).  \n   - There are ongoing demands for skills development in high-performance computing (2021).  \n   - Scott Aaronson has written a FAQ on quantum supremacy (2019).  \n\n2. **Cinnamon and Blood Pressure**:  \n   - There is a study on the effects of cinnamon supplementation on glycaemic outcomes in patients with hypertension (randomized clinical diet study).\n\nIf you need more information on either of these topics, or if you have a specific question (e.g., "What is quantum supremacy?" or "What are the findings of'}}
2025-12-15 17:21:48,698 - [Quantum_e2e_20251215_nova_dll.py:289] - [on_result] - DEBUG - 接收到 in_progress 且类型为text的消息，当前token计数: 232
2025-12-15 17:21:48,699 - [Quantum_e2e_20251215_nova_dll.py:311] - [on_result] - INFO - Got result for job 110: {'job_id': 110, 'status': 'in_progress', 'timestamp': '2025-12-15T17:21:48.699346', 'data': {'type': 'text', 'response': 'Hello! It looks like you mentioned a couple of topics related to quantum technology and a clinical study on cinnamon and blood pressure management. If you have a specific question about either of these topics, feel free to ask! Here are a couple of clarifications:\n\n1. **Quantum Technology**:  \n   - **QuantFi and QURECA** are collaborating to create a training course in quantum computing for finance (2021).  \n   - Microsoft and the University of Washington demonstrated fully automated DNA data storage (2019).  \n   - EuroHPC is a European project related to high-performance computing (n.d.).  \n   - There are ongoing demands for skills development in high-performance computing (2021).  \n   - Scott Aaronson has written a FAQ on quantum supremacy (2019).  \n\n2. **Cinnamon and Blood Pressure**:  \n   - There is a study on the effects of cinnamon supplementation on glycaemic outcomes in patients with hypertension (randomized clinical diet study).\n\nIf you need more information on either of these topics, or if you have a specific question (e.g., "What is quantum supremacy?" or "What are the findings of'}}
2025-12-15 17:21:48,906 - [Quantum_e2e_20251215_nova_dll.py:289] - [on_result] - DEBUG - 接收到 in_progress 且类型为text的消息，当前token计数: 233
2025-12-15 17:21:48,907 - [Quantum_e2e_20251215_nova_dll.py:311] - [on_result] - INFO - Got result for job 110: {'job_id': 110, 'status': 'in_progress', 'timestamp': '2025-12-15T17:21:48.907443', 'data': {'type': 'text', 'response': 'Hello! It looks like you mentioned a couple of topics related to quantum technology and a clinical study on cinnamon and blood pressure management. If you have a specific question about either of these topics, feel free to ask! Here are a couple of clarifications:\n\n1. **Quantum Technology**:  \n   - **QuantFi and QURECA** are collaborating to create a training course in quantum computing for finance (2021).  \n   - Microsoft and the University of Washington demonstrated fully automated DNA data storage (2019).  \n   - EuroHPC is a European project related to high-performance computing (n.d.).  \n   - There are ongoing demands for skills development in high-performance computing (2021).  \n   - Scott Aaronson has written a FAQ on quantum supremacy (2019).  \n\n2. **Cinnamon and Blood Pressure**:  \n   - There is a study on the effects of cinnamon supplementation on glycaemic outcomes in patients with hypertension (randomized clinical diet study).\n\nIf you need more information on either of these topics, or if you have a specific question (e.g., "What is quantum supremacy?" or "What are the findings of the cinnamon study'}}
2025-12-15 17:21:49,155 - [Quantum_e2e_20251215_nova_dll.py:289] - [on_result] - DEBUG - 接收到 in_progress 且类型为text的消息，当前token计数: 234
2025-12-15 17:21:49,156 - [Quantum_e2e_20251215_nova_dll.py:311] - [on_result] - INFO - Got result for job 110: {'job_id': 110, 'status': 'in_progress', 'timestamp': '2025-12-15T17:21:49.156850', 'data': {'type': 'text', 'response': 'Hello! It looks like you mentioned a couple of topics related to quantum technology and a clinical study on cinnamon and blood pressure management. If you have a specific question about either of these topics, feel free to ask! Here are a couple of clarifications:\n\n1. **Quantum Technology**:  \n   - **QuantFi and QURECA** are collaborating to create a training course in quantum computing for finance (2021).  \n   - Microsoft and the University of Washington demonstrated fully automated DNA data storage (2019).  \n   - EuroHPC is a European project related to high-performance computing (n.d.).  \n   - There are ongoing demands for skills development in high-performance computing (2021).  \n   - Scott Aaronson has written a FAQ on quantum supremacy (2019).  \n\n2. **Cinnamon and Blood Pressure**:  \n   - There is a study on the effects of cinnamon supplementation on glycaemic outcomes in patients with hypertension (randomized clinical diet study).\n\nIf you need more information on either of these topics, or if you have a specific question (e.g., "What is quantum supremacy?" or "What are the findings of the cinnamon study?'}}
2025-12-15 17:21:49,406 - [Quantum_e2e_20251215_nova_dll.py:289] - [on_result] - DEBUG - 接收到 in_progress 且类型为text的消息，当前token计数: 235
2025-12-15 17:21:49,407 - [Quantum_e2e_20251215_nova_dll.py:311] - [on_result] - INFO - Got result for job 110: {'job_id': 110, 'status': 'in_progress', 'timestamp': '2025-12-15T17:21:49.407740', 'data': {'type': 'text', 'response': 'Hello! It looks like you mentioned a couple of topics related to quantum technology and a clinical study on cinnamon and blood pressure management. If you have a specific question about either of these topics, feel free to ask! Here are a couple of clarifications:\n\n1. **Quantum Technology**:  \n   - **QuantFi and QURECA** are collaborating to create a training course in quantum computing for finance (2021).  \n   - Microsoft and the University of Washington demonstrated fully automated DNA data storage (2019).  \n   - EuroHPC is a European project related to high-performance computing (n.d.).  \n   - There are ongoing demands for skills development in high-performance computing (2021).  \n   - Scott Aaronson has written a FAQ on quantum supremacy (2019).  \n\n2. **Cinnamon and Blood Pressure**:  \n   - There is a study on the effects of cinnamon supplementation on glycaemic outcomes in patients with hypertension (randomized clinical diet study).\n\nIf you need more information on either of these topics, or if you have a specific question (e.g., "What is quantum supremacy?" or "What are the findings of the cinnamon study?'}}
2025-12-15 17:21:49,568 - [Quantum_e2e_20251215_nova_dll.py:289] - [on_result] - DEBUG - 接收到 in_progress 且类型为text的消息，当前token计数: 236
2025-12-15 17:21:49,569 - [Quantum_e2e_20251215_nova_dll.py:311] - [on_result] - INFO - Got result for job 110: {'job_id': 110, 'status': 'in_progress', 'timestamp': '2025-12-15T17:21:49.569913', 'data': {'type': 'text', 'response': 'Hello! It looks like you mentioned a couple of topics related to quantum technology and a clinical study on cinnamon and blood pressure management. If you have a specific question about either of these topics, feel free to ask! Here are a couple of clarifications:\n\n1. **Quantum Technology**:  \n   - **QuantFi and QURECA** are collaborating to create a training course in quantum computing for finance (2021).  \n   - Microsoft and the University of Washington demonstrated fully automated DNA data storage (2019).  \n   - EuroHPC is a European project related to high-performance computing (n.d.).  \n   - There are ongoing demands for skills development in high-performance computing (2021).  \n   - Scott Aaronson has written a FAQ on quantum supremacy (2019).  \n\n2. **Cinnamon and Blood Pressure**:  \n   - There is a study on the effects of cinnamon supplementation on glycaemic outcomes in patients with hypertension (randomized clinical diet study).\n\nIf you need more information on either of these topics, or if you have a specific question (e.g., "What is quantum supremacy?" or "What are the findings of the cinnamon study?'}}
2025-12-15 17:21:49,724 - [Quantum_e2e_20251215_nova_dll.py:289] - [on_result] - DEBUG - 接收到 in_progress 且类型为text的消息，当前token计数: 237
2025-12-15 17:21:49,724 - [Quantum_e2e_20251215_nova_dll.py:311] - [on_result] - INFO - Got result for job 110: {'job_id': 110, 'status': 'in_progress', 'timestamp': '2025-12-15T17:21:49.724996', 'data': {'type': 'text', 'response': 'Hello! It looks like you mentioned a couple of topics related to quantum technology and a clinical study on cinnamon and blood pressure management. If you have a specific question about either of these topics, feel free to ask! Here are a couple of clarifications:\n\n1. **Quantum Technology**:  \n   - **QuantFi and QURECA** are collaborating to create a training course in quantum computing for finance (2021).  \n   - Microsoft and the University of Washington demonstrated fully automated DNA data storage (2019).  \n   - EuroHPC is a European project related to high-performance computing (n.d.).  \n   - There are ongoing demands for skills development in high-performance computing (2021).  \n   - Scott Aaronson has written a FAQ on quantum supremacy (2019).  \n\n2. **Cinnamon and Blood Pressure**:  \n   - There is a study on the effects of cinnamon supplementation on glycaemic outcomes in patients with hypertension (randomized clinical diet study).\n\nIf you need more information on either of these topics, or if you have a specific question (e.g., "What is quantum supremacy?" or "What are the findings of the cinnamon study?"), please let'}}
2025-12-15 17:21:50,070 - [Quantum_e2e_20251215_nova_dll.py:289] - [on_result] - DEBUG - 接收到 in_progress 且类型为text的消息，当前token计数: 238
2025-12-15 17:21:50,072 - [Quantum_e2e_20251215_nova_dll.py:311] - [on_result] - INFO - Got result for job 110: {'job_id': 110, 'status': 'in_progress', 'timestamp': '2025-12-15T17:21:50.072453', 'data': {'type': 'text', 'response': 'Hello! It looks like you mentioned a couple of topics related to quantum technology and a clinical study on cinnamon and blood pressure management. If you have a specific question about either of these topics, feel free to ask! Here are a couple of clarifications:\n\n1. **Quantum Technology**:  \n   - **QuantFi and QURECA** are collaborating to create a training course in quantum computing for finance (2021).  \n   - Microsoft and the University of Washington demonstrated fully automated DNA data storage (2019).  \n   - EuroHPC is a European project related to high-performance computing (n.d.).  \n   - There are ongoing demands for skills development in high-performance computing (2021).  \n   - Scott Aaronson has written a FAQ on quantum supremacy (2019).  \n\n2. **Cinnamon and Blood Pressure**:  \n   - There is a study on the effects of cinnamon supplementation on glycaemic outcomes in patients with hypertension (randomized clinical diet study).\n\nIf you need more information on either of these topics, or if you have a specific question (e.g., "What is quantum supremacy?" or "What are the findings of the cinnamon study?"), please let me know'}}
2025-12-15 17:21:50,156 - [Quantum_e2e_20251215_nova_dll.py:289] - [on_result] - DEBUG - 接收到 in_progress 且类型为text的消息，当前token计数: 239
2025-12-15 17:21:50,157 - [Quantum_e2e_20251215_nova_dll.py:311] - [on_result] - INFO - Got result for job 110: {'job_id': 110, 'status': 'in_progress', 'timestamp': '2025-12-15T17:21:50.157186', 'data': {'type': 'text', 'response': 'Hello! It looks like you mentioned a couple of topics related to quantum technology and a clinical study on cinnamon and blood pressure management. If you have a specific question about either of these topics, feel free to ask! Here are a couple of clarifications:\n\n1. **Quantum Technology**:  \n   - **QuantFi and QURECA** are collaborating to create a training course in quantum computing for finance (2021).  \n   - Microsoft and the University of Washington demonstrated fully automated DNA data storage (2019).  \n   - EuroHPC is a European project related to high-performance computing (n.d.).  \n   - There are ongoing demands for skills development in high-performance computing (2021).  \n   - Scott Aaronson has written a FAQ on quantum supremacy (2019).  \n\n2. **Cinnamon and Blood Pressure**:  \n   - There is a study on the effects of cinnamon supplementation on glycaemic outcomes in patients with hypertension (randomized clinical diet study).\n\nIf you need more information on either of these topics, or if you have a specific question (e.g., "What is quantum supremacy?" or "What are the findings of the cinnamon study?"), please let me know'}}
2025-12-15 17:21:50,439 - [Quantum_e2e_20251215_nova_dll.py:289] - [on_result] - DEBUG - 接收到 in_progress 且类型为text的消息，当前token计数: 240
2025-12-15 17:21:50,440 - [Quantum_e2e_20251215_nova_dll.py:311] - [on_result] - INFO - Got result for job 110: {'job_id': 110, 'status': 'in_progress', 'timestamp': '2025-12-15T17:21:50.440261', 'data': {'type': 'text', 'response': 'Hello! It looks like you mentioned a couple of topics related to quantum technology and a clinical study on cinnamon and blood pressure management. If you have a specific question about either of these topics, feel free to ask! Here are a couple of clarifications:\n\n1. **Quantum Technology**:  \n   - **QuantFi and QURECA** are collaborating to create a training course in quantum computing for finance (2021).  \n   - Microsoft and the University of Washington demonstrated fully automated DNA data storage (2019).  \n   - EuroHPC is a European project related to high-performance computing (n.d.).  \n   - There are ongoing demands for skills development in high-performance computing (2021).  \n   - Scott Aaronson has written a FAQ on quantum supremacy (2019).  \n\n2. **Cinnamon and Blood Pressure**:  \n   - There is a study on the effects of cinnamon supplementation on glycaemic outcomes in patients with hypertension (randomized clinical diet study).\n\nIf you need more information on either of these topics, or if you have a specific question (e.g., "What is quantum supremacy?" or "What are the findings of the cinnamon study?"), please let me know'}}
2025-12-15 17:21:50,656 - [Quantum_e2e_20251215_nova_dll.py:289] - [on_result] - DEBUG - 接收到 in_progress 且类型为text的消息，当前token计数: 241
2025-12-15 17:21:50,657 - [Quantum_e2e_20251215_nova_dll.py:311] - [on_result] - INFO - Got result for job 110: {'job_id': 110, 'status': 'in_progress', 'timestamp': '2025-12-15T17:21:50.657454', 'data': {'type': 'text', 'response': 'Hello! It looks like you mentioned a couple of topics related to quantum technology and a clinical study on cinnamon and blood pressure management. If you have a specific question about either of these topics, feel free to ask! Here are a couple of clarifications:\n\n1. **Quantum Technology**:  \n   - **QuantFi and QURECA** are collaborating to create a training course in quantum computing for finance (2021).  \n   - Microsoft and the University of Washington demonstrated fully automated DNA data storage (2019).  \n   - EuroHPC is a European project related to high-performance computing (n.d.).  \n   - There are ongoing demands for skills development in high-performance computing (2021).  \n   - Scott Aaronson has written a FAQ on quantum supremacy (2019).  \n\n2. **Cinnamon and Blood Pressure**:  \n   - There is a study on the effects of cinnamon supplementation on glycaemic outcomes in patients with hypertension (randomized clinical diet study).\n\nIf you need more information on either of these topics, or if you have a specific question (e.g., "What is quantum supremacy?" or "What are the findings of the cinnamon study?"), please let me know!'}}
2025-12-15 17:21:50,725 - [Quantum_e2e_20251215_nova_dll.py:289] - [on_result] - DEBUG - 接收到 in_progress 且类型为text的消息，当前token计数: 242
2025-12-15 17:21:50,726 - [Quantum_e2e_20251215_nova_dll.py:311] - [on_result] - INFO - Got result for job 110: {'job_id': 110, 'status': 'in_progress', 'timestamp': '2025-12-15T17:21:50.726847', 'data': {'type': 'text', 'response': 'Hello! It looks like you mentioned a couple of topics related to quantum technology and a clinical study on cinnamon and blood pressure management. If you have a specific question about either of these topics, feel free to ask! Here are a couple of clarifications:\n\n1. **Quantum Technology**:  \n   - **QuantFi and QURECA** are collaborating to create a training course in quantum computing for finance (2021).  \n   - Microsoft and the University of Washington demonstrated fully automated DNA data storage (2019).  \n   - EuroHPC is a European project related to high-performance computing (n.d.).  \n   - There are ongoing demands for skills development in high-performance computing (2021).  \n   - Scott Aaronson has written a FAQ on quantum supremacy (2019).  \n\n2. **Cinnamon and Blood Pressure**:  \n   - There is a study on the effects of cinnamon supplementation on glycaemic outcomes in patients with hypertension (randomized clinical diet study).\n\nIf you need more information on either of these topics, or if you have a specific question (e.g., "What is quantum supremacy?" or "What are the findings of the cinnamon study?"), please let me know!'}}
2025-12-15 17:21:51,133 - [Quantum_e2e_20251215_nova_dll.py:289] - [on_result] - DEBUG - 接收到 in_progress 且类型为text的消息，当前token计数: 243
2025-12-15 17:21:51,134 - [Quantum_e2e_20251215_nova_dll.py:311] - [on_result] - INFO - Got result for job 110: {'job_id': 110, 'status': 'in_progress', 'timestamp': '2025-12-15T17:21:51.134622', 'data': {'type': 'text', 'response': 'Hello! It looks like you mentioned a couple of topics related to quantum technology and a clinical study on cinnamon and blood pressure management. If you have a specific question about either of these topics, feel free to ask! Here are a couple of clarifications:\n\n1. **Quantum Technology**:  \n   - **QuantFi and QURECA** are collaborating to create a training course in quantum computing for finance (2021).  \n   - Microsoft and the University of Washington demonstrated fully automated DNA data storage (2019).  \n   - EuroHPC is a European project related to high-performance computing (n.d.).  \n   - There are ongoing demands for skills development in high-performance computing (2021).  \n   - Scott Aaronson has written a FAQ on quantum supremacy (2019).  \n\n2. **Cinnamon and Blood Pressure**:  \n   - There is a study on the effects of cinnamon supplementation on glycaemic outcomes in patients with hypertension (randomized clinical diet study).\n\nIf you need more information on either of these topics, or if you have a specific question (e.g., "What is quantum supremacy?" or "What are the findings of the cinnamon study?"), please let me know!'}}
2025-12-15 17:21:51,226 - [Quantum_e2e_20251215_nova_dll.py:289] - [on_result] - DEBUG - 接收到 in_progress 且类型为text的消息，当前token计数: 244
2025-12-15 17:21:51,227 - [Quantum_e2e_20251215_nova_dll.py:311] - [on_result] - INFO - Got result for job 110: {'job_id': 110, 'status': 'in_progress', 'timestamp': '2025-12-15T17:21:51.226167', 'data': {'type': 'text', 'response': 'Hello! It looks like you mentioned a couple of topics related to quantum technology and a clinical study on cinnamon and blood pressure management. If you have a specific question about either of these topics, feel free to ask! Here are a couple of clarifications:\n\n1. **Quantum Technology**:  \n   - **QuantFi and QURECA** are collaborating to create a training course in quantum computing for finance (2021).  \n   - Microsoft and the University of Washington demonstrated fully automated DNA data storage (2019).  \n   - EuroHPC is a European project related to high-performance computing (n.d.).  \n   - There are ongoing demands for skills development in high-performance computing (2021).  \n   - Scott Aaronson has written a FAQ on quantum supremacy (2019).  \n\n2. **Cinnamon and Blood Pressure**:  \n   - There is a study on the effects of cinnamon supplementation on glycaemic outcomes in patients with hypertension (randomized clinical diet study).\n\nIf you need more information on either of these topics, or if you have a specific question (e.g., "What is quantum supremacy?" or "What are the findings of the cinnamon study?"), please let me know!'}}
2025-12-15 17:21:51,654 - [Quantum_e2e_20251215_nova_dll.py:311] - [on_result] - INFO - Got result for job 110: {'job_id': 110, 'status': 'in_progress', 'timestamp': '2025-12-15T17:21:51.654557', 'data': {'type': 'timings', 'response': '{"check_pending_elicitation":{"startTimestamp":1765790451808,"endTimestamp":1765790451808},"update_chat_history":{"startTimestamp":1765790451808,"endTimestamp":1765790451811},"select_handler":{"startTimestamp":1765790451811,"endTimestamp":1765790451825},"load_agent":{"startTimestamp":1765790451825,"endTimestamp":1765790451871},"load_session":{"startTimestamp":1765790451871,"endTimestamp":-1},"first_token":{"startTimestamp":1765790451880,"endTimestamp":1765790452650},"device_connection":{"startTimestamp":1765790451880,"endTimestamp":1765790511411},"DomainClassifierNode":{"startTimestamp":1765790451883,"endTimestamp":1765790452427},"RewriteJudgeNode":{"startTimestamp":1765790452428,"endTimestamp":1765790452648},"LocalTaskPlaningNode":{"startTimestamp":1765790452649,"endTimestamp":1765790452851},"IntentMappingNode":{"startTimestamp":1765790452853,"endTimestamp":1765790453819},"GeneralGenerationNode":{"startTimestamp":1765790453820,"endTimestamp":1765790511409}}'}}
2025-12-15 17:21:52,135 - [Quantum_e2e_20251215_nova_dll.py:311] - [on_result] - INFO - Got result for job 110: {'job_id': 110, 'status': 'complete', 'timestamp': '2025-12-15T17:21:52.135471', 'data': {'type': 'text', 'response': 'Hello! It looks like you mentioned a couple of topics related to quantum technology and a clinical study on cinnamon and blood pressure management. If you have a specific question about either of these topics, feel free to ask! Here are a couple of clarifications:\n\n1. **Quantum Technology**:  \n   - **QuantFi and QURECA** are collaborating to create a training course in quantum computing for finance (2021).  \n   - Microsoft and the University of Washington demonstrated fully automated DNA data storage (2019).  \n   - EuroHPC is a European project related to high-performance computing (n.d.).  \n   - There are ongoing demands for skills development in high-performance computing (2021).  \n   - Scott Aaronson has written a FAQ on quantum supremacy (2019).  \n\n2. **Cinnamon and Blood Pressure**:  \n   - There is a study on the effects of cinnamon supplementation on glycaemic outcomes in patients with hypertension (randomized clinical diet study).\n\nIf you need more information on either of these topics, or if you have a specific question (e.g., "What is quantum supremacy?" or "What are the findings of the cinnamon study?"), please let me know!'}}
2025-12-15 17:21:52,136 - [Quantum_e2e_20251215_nova_dll.py:322] - [on_result] - INFO - 响应时间: 60.54秒
2025-12-15 17:21:52,137 - [Quantum_e2e_20251215_nova_dll.py:323] - [on_result] - INFO - 结束时间: 2025-12-15 17:21:52.136
2025-12-15 17:21:52,137 - [Quantum_e2e_20251215_nova_dll.py:331] - [on_result] - INFO - TTFT (Time To First Token): 5.015秒
2025-12-15 17:21:52,137 - [Quantum_e2e_20251215_nova_dll.py:339] - [on_result] - INFO - 性能指标:
2025-12-15 17:21:52,137 - [Quantum_e2e_20251215_nova_dll.py:340] - [on_result] - INFO -   - 首字时间: 2025-12-15 17:20:56.608
2025-12-15 17:21:52,137 - [Quantum_e2e_20251215_nova_dll.py:341] - [on_result] - INFO -   - TTFT (Time To First Token): 5.015秒
2025-12-15 17:21:52,138 - [Quantum_e2e_20251215_nova_dll.py:342] - [on_result] - INFO -   - Token数量: 244
2025-12-15 17:21:52,138 - [Quantum_e2e_20251215_nova_dll.py:343] - [on_result] - INFO -   - 生成速度: 4.39 tokens/秒
2025-12-15 17:21:52,138 - [Quantum_e2e_20251215_nova_dll.py:344] - [on_result] - INFO -   - 生成时间: 55.528秒
2025-12-15 17:21:52,139 - [Quantum_e2e_20251215_nova_dll.py:1273] - [run_query_only] - INFO - 最终结果: Hello! It looks like you mentioned a couple of topics related to quantum technology and a clinical study on cinnamon and blood pressure management. If you have a specific question about either of these topics, feel free to ask! Here are a couple of clarifications:

1. **Quantum Technology**:  
   - **QuantFi and QURECA** are collaborating to create a training course in quantum computing for finance (2021).  
   - Microsoft and the University of Washington demonstrated fully automated DNA data storage (2019).  
   - EuroHPC is a European project related to high-performance computing (n.d.).  
   - There are ongoing demands for skills development in high-performance computing (2021).  
   - Scott Aaronson has written a FAQ on quantum supremacy (2019).  

2. **Cinnamon and Blood Pressure**:  
   - There is a study on the effects of cinnamon supplementation on glycaemic outcomes in patients with hypertension (randomized clinical diet study).

If you need more information on either of these topics, or if you have a specific question (e.g., "What is quantum supremacy?" or "What are the findings of the cinnamon study?"), please let me know!
2025-12-15 17:21:52,141 - [Quantum_e2e_20251215_nova_dll.py:1544] - [process_main_excel_only] - INFO - 第 2 行处理成功，结果长度: 1151，响应时间: 60.54秒
2025-12-15 17:21:52,218 - [Quantum_e2e_20251215_nova_dll.py:1583] - [process_main_excel_only] - INFO - 第 2 行结果已保存
2025-12-15 17:21:52,218 - [Quantum_e2e_20251215_nova_dll.py:1479] - [process_main_excel_only] - INFO - 该case不需要附件输入
2025-12-15 17:21:52,219 - [Quantum_e2e_20251215_nova_dll.py:1481] - [process_main_excel_only] - INFO - 
=== 正在处理第 3 行 ===
2025-12-15 17:21:52,219 - [Quantum_e2e_20251215_nova_dll.py:1482] - [process_main_excel_only] - INFO - Question: What is the user’s dream destination?
2025-12-15 17:21:52,219 - [Quantum_e2e_20251215_nova_dll.py:1483] - [process_main_excel_only] - INFO - Pathlist: []
2025-12-15 17:21:52,219 - [Quantum_e2e_20251215_nova_dll.py:1484] - [process_main_excel_only] - INFO - New Session: Y
2025-12-15 17:21:52,220 - [Quantum_e2e_20251215_nova_dll.py:431] - [send_model_call] - INFO - Sending session call with payload: {"action": "create"}
2025-12-15 17:21:52,220 - [Quantum_e2e_20251215_nova_dll.py:460] - [send_model_call] - INFO - quantum_send_command start
2025-12-15 17:21:52,292 - [Quantum_e2e_20251215_nova_dll.py:462] - [send_model_call] - INFO - quantum_send_command end
2025-12-15 17:21:52,293 - [Quantum_e2e_20251215_nova_dll.py:472] - [send_model_call] - INFO - Sent session call, job ID: 111
2025-12-15 17:21:52,454 - [Quantum_e2e_20251215_nova_dll.py:244] - [on_result] - WARNING - 无法识别模式，使用默认模式: local_brain
2025-12-15 17:21:52,455 - [Quantum_e2e_20251215_nova_dll.py:311] - [on_result] - INFO - Got result for job 111: {'job_id': 111, 'status': 'complete', 'timestamp': '2025-12-15T17:21:52.455711', 'data': {'sessionID': 'a55f690a-ed43-4478-a3f3-cc4d18d2c810'}}
2025-12-15 17:21:52,455 - [Quantum_e2e_20251215_nova_dll.py:685] - [create_session] - INFO - 成功创建会话，session_id: a55f690a-ed43-4478-a3f3-cc4d18d2c810, job_id: 111
2025-12-15 17:21:52,456 - [Quantum_e2e_20251215_nova_dll.py:1156] - [send_query_with_image] - INFO - 发送查询请求: {"query": "What is the user\u2019s dream destination?", "handler": "nova", "sessionID": "a55f690a-ed43-4478-a3f3-cc4d18d2c810"}
2025-12-15 17:21:52,456 - [Quantum_e2e_20251215_nova_dll.py:431] - [send_model_call] - INFO - Sending query call with payload: {"query": "What is the user\u2019s dream destination?", "handler": "nova", "sessionID": "a55f690a-ed43-4478-a3f3-cc4d18d2c810"}
2025-12-15 17:21:52,456 - [Quantum_e2e_20251215_nova_dll.py:460] - [send_model_call] - INFO - quantum_send_command start
2025-12-15 17:21:52,510 - [Quantum_e2e_20251215_nova_dll.py:462] - [send_model_call] - INFO - quantum_send_command end
2025-12-15 17:21:52,511 - [Quantum_e2e_20251215_nova_dll.py:472] - [send_model_call] - INFO - Sent query call, job ID: 112
2025-12-15 17:21:52,511 - [Quantum_e2e_20251215_nova_dll.py:1180] - [send_query_with_image] - INFO - 开始时间: 2025-12-15 17:21:52.511
2025-12-15 17:21:52,511 - [Quantum_e2e_20251215_nova_dll.py:1184] - [send_query_with_image] - INFO - 任务ID: 112
2025-12-15 17:21:52,678 - [Quantum_e2e_20251215_nova_dll.py:220] - [on_result] - INFO - 检测到 Azure Agent 模式
2025-12-15 17:21:52,679 - [Quantum_e2e_20251215_nova_dll.py:311] - [on_result] - INFO - Got result for job 112: {'job_id': 112, 'status': 'in_progress', 'timestamp': '2025-12-15T17:21:52.679557', 'data': {'response': 'Azure Agent', 'compact': False, 'type': 'handler'}}
2025-12-15 17:21:53,014 - [Quantum_e2e_20251215_nova_dll.py:216] - [on_result] - INFO - 检测到 Local Brain 模式，更新处理模式
2025-12-15 17:21:53,015 - [Quantum_e2e_20251215_nova_dll.py:311] - [on_result] - INFO - Got result for job 112: {'job_id': 112, 'status': 'in_progress', 'timestamp': '2025-12-15T17:21:53.015642', 'data': {'response': 'Local Brain with AMD Ryzen AI 9 165 w/ Radeon 870M              ', 'compact': False, 'type': 'handler'}}
2025-12-15 17:22:07,557 - [Quantum_e2e_20251215_nova_dll.py:275] - [on_result] - INFO - 第一个text响应时间: 2025-12-15 17:22:07.556
2025-12-15 17:22:07,558 - [Quantum_e2e_20251215_nova_dll.py:311] - [on_result] - INFO - Got result for job 112: {'job_id': 112, 'status': 'in_progress', 'timestamp': '2025-12-15T17:22:07.557212', 'data': {'type': 'text', 'response': 'What is the user’s dream destination?'}}
2025-12-15 17:22:07,558 - [Quantum_e2e_20251215_nova_dll.py:267] - [on_result] - INFO - 首字时间 (text类型): 2025-12-15 17:22:07.558
2025-12-15 17:22:07,559 - [Quantum_e2e_20251215_nova_dll.py:289] - [on_result] - DEBUG - 接收到 in_progress 且类型为text的消息，当前token计数: 1
2025-12-15 17:22:07,559 - [Quantum_e2e_20251215_nova_dll.py:311] - [on_result] - INFO - Got result for job 112: {'job_id': 112, 'status': 'in_progress', 'timestamp': '2025-12-15T17:22:07.559210', 'data': {'type': 'text', 'response': 'Based on the'}}
2025-12-15 17:22:07,560 - [Quantum_e2e_20251215_nova_dll.py:289] - [on_result] - DEBUG - 接收到 in_progress 且类型为text的消息，当前token计数: 2
2025-12-15 17:22:07,560 - [Quantum_e2e_20251215_nova_dll.py:311] - [on_result] - INFO - Got result for job 112: {'job_id': 112, 'status': 'in_progress', 'timestamp': '2025-12-15T17:22:07.560210', 'data': {'type': 'text', 'response': 'Based on the provided'}}
2025-12-15 17:22:07,561 - [Quantum_e2e_20251215_nova_dll.py:289] - [on_result] - DEBUG - 接收到 in_progress 且类型为text的消息，当前token计数: 3
2025-12-15 17:22:07,561 - [Quantum_e2e_20251215_nova_dll.py:311] - [on_result] - INFO - Got result for job 112: {'job_id': 112, 'status': 'in_progress', 'timestamp': '2025-12-15T17:22:07.561211', 'data': {'type': 'text', 'response': 'Based on the provided context, there is no'}}
2025-12-15 17:22:07,561 - [Quantum_e2e_20251215_nova_dll.py:289] - [on_result] - DEBUG - 接收到 in_progress 且类型为text的消息，当前token计数: 4
2025-12-15 17:22:07,561 - [Quantum_e2e_20251215_nova_dll.py:311] - [on_result] - INFO - Got result for job 112: {'job_id': 112, 'status': 'in_progress', 'timestamp': '2025-12-15T17:22:07.561211', 'data': {'type': 'text', 'response': 'Based on the provided context, there is no'}}
2025-12-15 17:22:07,562 - [Quantum_e2e_20251215_nova_dll.py:289] - [on_result] - DEBUG - 接收到 in_progress 且类型为text的消息，当前token计数: 5
2025-12-15 17:22:07,562 - [Quantum_e2e_20251215_nova_dll.py:311] - [on_result] - INFO - Got result for job 112: {'job_id': 112, 'status': 'in_progress', 'timestamp': '2025-12-15T17:22:07.562211', 'data': {'type': 'text', 'response': 'Based on the provided context, there is no specific mention'}}
2025-12-15 17:22:07,563 - [Quantum_e2e_20251215_nova_dll.py:289] - [on_result] - DEBUG - 接收到 in_progress 且类型为text的消息，当前token计数: 6
2025-12-15 17:22:07,563 - [Quantum_e2e_20251215_nova_dll.py:311] - [on_result] - INFO - Got result for job 112: {'job_id': 112, 'status': 'in_progress', 'timestamp': '2025-12-15T17:22:07.563211', 'data': {'type': 'text', 'response': 'Based on the provided context, there is no specific mention'}}
2025-12-15 17:22:07,563 - [Quantum_e2e_20251215_nova_dll.py:289] - [on_result] - DEBUG - 接收到 in_progress 且类型为text的消息，当前token计数: 7
2025-12-15 17:22:07,564 - [Quantum_e2e_20251215_nova_dll.py:311] - [on_result] - INFO - Got result for job 112: {'job_id': 112, 'status': 'in_progress', 'timestamp': '2025-12-15T17:22:07.564211', 'data': {'type': 'text', 'response': 'Based on the provided context, there is no specific mention'}}
2025-12-15 17:22:07,564 - [Quantum_e2e_20251215_nova_dll.py:289] - [on_result] - DEBUG - 接收到 in_progress 且类型为text的消息，当前token计数: 8
2025-12-15 17:22:07,564 - [Quantum_e2e_20251215_nova_dll.py:311] - [on_result] - INFO - Got result for job 112: {'job_id': 112, 'status': 'in_progress', 'timestamp': '2025-12-15T17:22:07.564211', 'data': {'type': 'text', 'response': 'Based on the provided context, there is no specific mention of'}}
2025-12-15 17:22:07,565 - [Quantum_e2e_20251215_nova_dll.py:289] - [on_result] - DEBUG - 接收到 in_progress 且类型为text的消息，当前token计数: 9
2025-12-15 17:22:07,565 - [Quantum_e2e_20251215_nova_dll.py:311] - [on_result] - INFO - Got result for job 112: {'job_id': 112, 'status': 'in_progress', 'timestamp': '2025-12-15T17:22:07.565210', 'data': {'type': 'text', 'response': 'Based on the provided context, there is no specific mention of'}}
2025-12-15 17:22:07,565 - [Quantum_e2e_20251215_nova_dll.py:289] - [on_result] - DEBUG - 接收到 in_progress 且类型为text的消息，当前token计数: 10
2025-12-15 17:22:07,566 - [Quantum_e2e_20251215_nova_dll.py:311] - [on_result] - INFO - Got result for job 112: {'job_id': 112, 'status': 'in_progress', 'timestamp': '2025-12-15T17:22:07.566209', 'data': {'type': 'text', 'response': "Based on the provided context, there is no specific mention of a user's dream destination"}}
2025-12-15 17:22:07,566 - [Quantum_e2e_20251215_nova_dll.py:289] - [on_result] - DEBUG - 接收到 in_progress 且类型为text的消息，当前token计数: 11
2025-12-15 17:22:07,566 - [Quantum_e2e_20251215_nova_dll.py:311] - [on_result] - INFO - Got result for job 112: {'job_id': 112, 'status': 'in_progress', 'timestamp': '2025-12-15T17:22:07.566209', 'data': {'type': 'text', 'response': "Based on the provided context, there is no specific mention of a user's dream destination"}}
2025-12-15 17:22:07,566 - [Quantum_e2e_20251215_nova_dll.py:289] - [on_result] - DEBUG - 接收到 in_progress 且类型为text的消息，当前token计数: 12
2025-12-15 17:22:07,566 - [Quantum_e2e_20251215_nova_dll.py:311] - [on_result] - INFO - Got result for job 112: {'job_id': 112, 'status': 'in_progress', 'timestamp': '2025-12-15T17:22:07.566209', 'data': {'type': 'text', 'response': "Based on the provided context, there is no specific mention of a user's dream destination."}}
2025-12-15 17:22:07,686 - [Quantum_e2e_20251215_nova_dll.py:289] - [on_result] - DEBUG - 接收到 in_progress 且类型为text的消息，当前token计数: 13
2025-12-15 17:22:07,687 - [Quantum_e2e_20251215_nova_dll.py:311] - [on_result] - INFO - Got result for job 112: {'job_id': 112, 'status': 'in_progress', 'timestamp': '2025-12-15T17:22:07.687970', 'data': {'type': 'text', 'response': "Based on the provided context, there is no specific mention of a user's dream destination. The"}}
2025-12-15 17:22:07,808 - [Quantum_e2e_20251215_nova_dll.py:289] - [on_result] - DEBUG - 接收到 in_progress 且类型为text的消息，当前token计数: 14
2025-12-15 17:22:07,809 - [Quantum_e2e_20251215_nova_dll.py:311] - [on_result] - INFO - Got result for job 112: {'job_id': 112, 'status': 'in_progress', 'timestamp': '2025-12-15T17:22:07.809815', 'data': {'type': 'text', 'response': "Based on the provided context, there is no specific mention of a user's dream destination. The"}}
2025-12-15 17:22:08,202 - [Quantum_e2e_20251215_nova_dll.py:289] - [on_result] - DEBUG - 接收到 in_progress 且类型为text的消息，当前token计数: 15
2025-12-15 17:22:08,203 - [Quantum_e2e_20251215_nova_dll.py:311] - [on_result] - INFO - Got result for job 112: {'job_id': 112, 'status': 'in_progress', 'timestamp': '2025-12-15T17:22:08.203616', 'data': {'type': 'text', 'response': "Based on the provided context, there is no specific mention of a user's dream destination. The"}}
2025-12-15 17:22:08,604 - [Quantum_e2e_20251215_nova_dll.py:289] - [on_result] - DEBUG - 接收到 in_progress 且类型为text的消息，当前token计数: 16
2025-12-15 17:22:08,605 - [Quantum_e2e_20251215_nova_dll.py:311] - [on_result] - INFO - Got result for job 112: {'job_id': 112, 'status': 'in_progress', 'timestamp': '2025-12-15T17:22:08.605184', 'data': {'type': 'text', 'response': "Based on the provided context, there is no specific mention of a user's dream destination. The"}}
2025-12-15 17:22:08,741 - [Quantum_e2e_20251215_nova_dll.py:289] - [on_result] - DEBUG - 接收到 in_progress 且类型为text的消息，当前token计数: 17
2025-12-15 17:22:08,742 - [Quantum_e2e_20251215_nova_dll.py:311] - [on_result] - INFO - Got result for job 112: {'job_id': 112, 'status': 'in_progress', 'timestamp': '2025-12-15T17:22:08.742860', 'data': {'type': 'text', 'response': "Based on the provided context, there is no specific mention of a user's dream destination. The scenarios depicted involve a construction"}}
2025-12-15 17:22:09,190 - [Quantum_e2e_20251215_nova_dll.py:289] - [on_result] - DEBUG - 接收到 in_progress 且类型为text的消息，当前token计数: 18
2025-12-15 17:22:09,191 - [Quantum_e2e_20251215_nova_dll.py:311] - [on_result] - INFO - Got result for job 112: {'job_id': 112, 'status': 'in_progress', 'timestamp': '2025-12-15T17:22:09.190199', 'data': {'type': 'text', 'response': "Based on the provided context, there is no specific mention of a user's dream destination. The scenarios depicted involve a construction fore"}}
2025-12-15 17:22:09,309 - [Quantum_e2e_20251215_nova_dll.py:289] - [on_result] - DEBUG - 接收到 in_progress 且类型为text的消息，当前token计数: 19
2025-12-15 17:22:09,310 - [Quantum_e2e_20251215_nova_dll.py:311] - [on_result] - INFO - Got result for job 112: {'job_id': 112, 'status': 'in_progress', 'timestamp': '2025-12-15T17:22:09.310664', 'data': {'type': 'text', 'response': "Based on the provided context, there is no specific mention of a user's dream destination. The scenarios depicted involve a construction forewoman"}}
2025-12-15 17:22:09,703 - [Quantum_e2e_20251215_nova_dll.py:289] - [on_result] - DEBUG - 接收到 in_progress 且类型为text的消息，当前token计数: 20
2025-12-15 17:22:09,703 - [Quantum_e2e_20251215_nova_dll.py:311] - [on_result] - INFO - Got result for job 112: {'job_id': 112, 'status': 'in_progress', 'timestamp': '2025-12-15T17:22:09.703929', 'data': {'type': 'text', 'response': "Based on the provided context, there is no specific mention of a user's dream destination. The scenarios depicted involve a construction forewoman"}}
2025-12-15 17:22:10,106 - [Quantum_e2e_20251215_nova_dll.py:289] - [on_result] - DEBUG - 接收到 in_progress 且类型为text的消息，当前token计数: 21
2025-12-15 17:22:10,106 - [Quantum_e2e_20251215_nova_dll.py:311] - [on_result] - INFO - Got result for job 112: {'job_id': 112, 'status': 'in_progress', 'timestamp': '2025-12-15T17:22:10.106267', 'data': {'type': 'text', 'response': "Based on the provided context, there is no specific mention of a user's dream destination. The scenarios depicted involve a construction forewoman"}}
2025-12-15 17:22:10,244 - [Quantum_e2e_20251215_nova_dll.py:289] - [on_result] - DEBUG - 接收到 in_progress 且类型为text的消息，当前token计数: 22
2025-12-15 17:22:10,245 - [Quantum_e2e_20251215_nova_dll.py:311] - [on_result] - INFO - Got result for job 112: {'job_id': 112, 'status': 'in_progress', 'timestamp': '2025-12-15T17:22:10.245028', 'data': {'type': 'text', 'response': "Based on the provided context, there is no specific mention of a user's dream destination. The scenarios depicted involve a construction forewoman"}}
2025-12-15 17:22:10,690 - [Quantum_e2e_20251215_nova_dll.py:289] - [on_result] - DEBUG - 接收到 in_progress 且类型为text的消息，当前token计数: 23
2025-12-15 17:22:10,691 - [Quantum_e2e_20251215_nova_dll.py:311] - [on_result] - INFO - Got result for job 112: {'job_id': 112, 'status': 'in_progress', 'timestamp': '2025-12-15T17:22:10.690747', 'data': {'type': 'text', 'response': "Based on the provided context, there is no specific mention of a user's dream destination. The scenarios depicted involve a construction forewoman"}}
2025-12-15 17:22:10,810 - [Quantum_e2e_20251215_nova_dll.py:289] - [on_result] - DEBUG - 接收到 in_progress 且类型为text的消息，当前token计数: 24
2025-12-15 17:22:10,811 - [Quantum_e2e_20251215_nova_dll.py:311] - [on_result] - INFO - Got result for job 112: {'job_id': 112, 'status': 'in_progress', 'timestamp': '2025-12-15T17:22:10.811500', 'data': {'type': 'text', 'response': "Based on the provided context, there is no specific mention of a user's dream destination. The scenarios depicted involve a construction forewoman using"}}
2025-12-15 17:22:11,205 - [Quantum_e2e_20251215_nova_dll.py:289] - [on_result] - DEBUG - 接收到 in_progress 且类型为text的消息，当前token计数: 25
2025-12-15 17:22:11,206 - [Quantum_e2e_20251215_nova_dll.py:311] - [on_result] - INFO - Got result for job 112: {'job_id': 112, 'status': 'in_progress', 'timestamp': '2025-12-15T17:22:11.206320', 'data': {'type': 'text', 'response': "Based on the provided context, there is no specific mention of a user's dream destination. The scenarios depicted involve a construction forewoman using virtual"}}
2025-12-15 17:22:11,607 - [Quantum_e2e_20251215_nova_dll.py:289] - [on_result] - DEBUG - 接收到 in_progress 且类型为text的消息，当前token计数: 26
2025-12-15 17:22:11,608 - [Quantum_e2e_20251215_nova_dll.py:311] - [on_result] - INFO - Got result for job 112: {'job_id': 112, 'status': 'in_progress', 'timestamp': '2025-12-15T17:22:11.608373', 'data': {'type': 'text', 'response': "Based on the provided context, there is no specific mention of a user's dream destination. The scenarios depicted involve a construction forewoman using virtual reality (VR) and augmented"}}
2025-12-15 17:22:11,745 - [Quantum_e2e_20251215_nova_dll.py:289] - [on_result] - DEBUG - 接收到 in_progress 且类型为text的消息，当前token计数: 27
2025-12-15 17:22:11,746 - [Quantum_e2e_20251215_nova_dll.py:311] - [on_result] - INFO - Got result for job 112: {'job_id': 112, 'status': 'in_progress', 'timestamp': '2025-12-15T17:22:11.746650', 'data': {'type': 'text', 'response': "Based on the provided context, there is no specific mention of a user's dream destination. The scenarios depicted involve a construction forewoman using virtual reality (VR) and augmented"}}
2025-12-15 17:22:12,192 - [Quantum_e2e_20251215_nova_dll.py:289] - [on_result] - DEBUG - 接收到 in_progress 且类型为text的消息，当前token计数: 28
2025-12-15 17:22:12,193 - [Quantum_e2e_20251215_nova_dll.py:311] - [on_result] - INFO - Got result for job 112: {'job_id': 112, 'status': 'in_progress', 'timestamp': '2025-12-15T17:22:12.193594', 'data': {'type': 'text', 'response': "Based on the provided context, there is no specific mention of a user's dream destination. The scenarios depicted involve a construction forewoman using virtual reality (VR) and augmented reality"}}
2025-12-15 17:22:12,311 - [Quantum_e2e_20251215_nova_dll.py:289] - [on_result] - DEBUG - 接收到 in_progress 且类型为text的消息，当前token计数: 29
2025-12-15 17:22:12,312 - [Quantum_e2e_20251215_nova_dll.py:311] - [on_result] - INFO - Got result for job 112: {'job_id': 112, 'status': 'in_progress', 'timestamp': '2025-12-15T17:22:12.312289', 'data': {'type': 'text', 'response': "Based on the provided context, there is no specific mention of a user's dream destination. The scenarios depicted involve a construction forewoman using virtual reality (VR) and augmented reality"}}
2025-12-15 17:22:12,706 - [Quantum_e2e_20251215_nova_dll.py:289] - [on_result] - DEBUG - 接收到 in_progress 且类型为text的消息，当前token计数: 30
2025-12-15 17:22:12,707 - [Quantum_e2e_20251215_nova_dll.py:311] - [on_result] - INFO - Got result for job 112: {'job_id': 112, 'status': 'in_progress', 'timestamp': '2025-12-15T17:22:12.706292', 'data': {'type': 'text', 'response': "Based on the provided context, there is no specific mention of a user's dream destination. The scenarios depicted involve a construction forewoman using virtual reality (VR) and augmented reality"}}
2025-12-15 17:22:13,109 - [Quantum_e2e_20251215_nova_dll.py:289] - [on_result] - DEBUG - 接收到 in_progress 且类型为text的消息，当前token计数: 31
2025-12-15 17:22:13,110 - [Quantum_e2e_20251215_nova_dll.py:311] - [on_result] - INFO - Got result for job 112: {'job_id': 112, 'status': 'in_progress', 'timestamp': '2025-12-15T17:22:13.110098', 'data': {'type': 'text', 'response': "Based on the provided context, there is no specific mention of a user's dream destination. The scenarios depicted involve a construction forewoman using virtual reality (VR) and augmented reality"}}
2025-12-15 17:22:13,246 - [Quantum_e2e_20251215_nova_dll.py:289] - [on_result] - DEBUG - 接收到 in_progress 且类型为text的消息，当前token计数: 32
2025-12-15 17:22:13,247 - [Quantum_e2e_20251215_nova_dll.py:311] - [on_result] - INFO - Got result for job 112: {'job_id': 112, 'status': 'in_progress', 'timestamp': '2025-12-15T17:22:13.247574', 'data': {'type': 'text', 'response': "Based on the provided context, there is no specific mention of a user's dream destination. The scenarios depicted involve a construction forewoman using virtual reality (VR) and augmented reality"}}
2025-12-15 17:22:13,693 - [Quantum_e2e_20251215_nova_dll.py:289] - [on_result] - DEBUG - 接收到 in_progress 且类型为text的消息，当前token计数: 33
2025-12-15 17:22:13,694 - [Quantum_e2e_20251215_nova_dll.py:311] - [on_result] - INFO - Got result for job 112: {'job_id': 112, 'status': 'in_progress', 'timestamp': '2025-12-15T17:22:13.694760', 'data': {'type': 'text', 'response': "Based on the provided context, there is no specific mention of a user's dream destination. The scenarios depicted involve a construction forewoman using virtual reality (VR) and augmented reality"}}
2025-12-15 17:22:13,812 - [Quantum_e2e_20251215_nova_dll.py:289] - [on_result] - DEBUG - 接收到 in_progress 且类型为text的消息，当前token计数: 34
2025-12-15 17:22:13,813 - [Quantum_e2e_20251215_nova_dll.py:311] - [on_result] - INFO - Got result for job 112: {'job_id': 112, 'status': 'in_progress', 'timestamp': '2025-12-15T17:22:13.813363', 'data': {'type': 'text', 'response': "Based on the provided context, there is no specific mention of a user's dream destination. The scenarios depicted involve a construction forewoman using virtual reality (VR) and augmented reality (AR) in her"}}
2025-12-15 17:22:14,208 - [Quantum_e2e_20251215_nova_dll.py:289] - [on_result] - DEBUG - 接收到 in_progress 且类型为text的消息，当前token计数: 35
2025-12-15 17:22:14,209 - [Quantum_e2e_20251215_nova_dll.py:311] - [on_result] - INFO - Got result for job 112: {'job_id': 112, 'status': 'in_progress', 'timestamp': '2025-12-15T17:22:14.209226', 'data': {'type': 'text', 'response': "Based on the provided context, there is no specific mention of a user's dream destination. The scenarios depicted involve a construction forewoman using virtual reality (VR) and augmented reality (AR) in her work, such"}}
2025-12-15 17:22:14,610 - [Quantum_e2e_20251215_nova_dll.py:289] - [on_result] - DEBUG - 接收到 in_progress 且类型为text的消息，当前token计数: 36
2025-12-15 17:22:14,611 - [Quantum_e2e_20251215_nova_dll.py:311] - [on_result] - INFO - Got result for job 112: {'job_id': 112, 'status': 'in_progress', 'timestamp': '2025-12-15T17:22:14.611146', 'data': {'type': 'text', 'response': "Based on the provided context, there is no specific mention of a user's dream destination. The scenarios depicted involve a construction forewoman using virtual reality (VR) and augmented reality (AR) in her work, such"}}
2025-12-15 17:22:14,748 - [Quantum_e2e_20251215_nova_dll.py:289] - [on_result] - DEBUG - 接收到 in_progress 且类型为text的消息，当前token计数: 37
2025-12-15 17:22:14,749 - [Quantum_e2e_20251215_nova_dll.py:311] - [on_result] - INFO - Got result for job 112: {'job_id': 112, 'status': 'in_progress', 'timestamp': '2025-12-15T17:22:14.749062', 'data': {'type': 'text', 'response': "Based on the provided context, there is no specific mention of a user's dream destination. The scenarios depicted involve a construction forewoman using virtual reality (VR) and augmented reality (AR) in her work, such"}}
2025-12-15 17:22:15,195 - [Quantum_e2e_20251215_nova_dll.py:289] - [on_result] - DEBUG - 接收到 in_progress 且类型为text的消息，当前token计数: 38
2025-12-15 17:22:15,196 - [Quantum_e2e_20251215_nova_dll.py:311] - [on_result] - INFO - Got result for job 112: {'job_id': 112, 'status': 'in_progress', 'timestamp': '2025-12-15T17:22:15.195526', 'data': {'type': 'text', 'response': "Based on the provided context, there is no specific mention of a user's dream destination. The scenarios depicted involve a construction forewoman using virtual reality (VR) and augmented reality (AR) in her work, such"}}
2025-12-15 17:22:15,313 - [Quantum_e2e_20251215_nova_dll.py:289] - [on_result] - DEBUG - 接收到 in_progress 且类型为text的消息，当前token计数: 39
2025-12-15 17:22:15,314 - [Quantum_e2e_20251215_nova_dll.py:311] - [on_result] - INFO - Got result for job 112: {'job_id': 112, 'status': 'in_progress', 'timestamp': '2025-12-15T17:22:15.314734', 'data': {'type': 'text', 'response': "Based on the provided context, there is no specific mention of a user's dream destination. The scenarios depicted involve a construction forewoman using virtual reality (VR) and augmented reality (AR) in her work, such"}}
2025-12-15 17:22:15,710 - [Quantum_e2e_20251215_nova_dll.py:289] - [on_result] - DEBUG - 接收到 in_progress 且类型为text的消息，当前token计数: 40
2025-12-15 17:22:15,711 - [Quantum_e2e_20251215_nova_dll.py:311] - [on_result] - INFO - Got result for job 112: {'job_id': 112, 'status': 'in_progress', 'timestamp': '2025-12-15T17:22:15.711040', 'data': {'type': 'text', 'response': "Based on the provided context, there is no specific mention of a user's dream destination. The scenarios depicted involve a construction forewoman using virtual reality (VR) and augmented reality (AR) in her work, such as meeting"}}
2025-12-15 17:22:26,808 - [Quantum_e2e_20251215_nova_dll.py:289] - [on_result] - DEBUG - 接收到 in_progress 且类型为text的消息，当前token计数: 41
2025-12-15 17:22:26,809 - [Quantum_e2e_20251215_nova_dll.py:311] - [on_result] - INFO - Got result for job 112: {'job_id': 112, 'status': 'in_progress', 'timestamp': '2025-12-15T17:22:26.809951', 'data': {'type': 'text', 'response': "Based on the provided context, there is no specific mention of a user's dream destination. The scenarios depicted involve a construction forewoman using virtual reality (VR) and augmented reality (AR) in her work, such as meeting"}}
2025-12-15 17:22:26,810 - [Quantum_e2e_20251215_nova_dll.py:289] - [on_result] - DEBUG - 接收到 in_progress 且类型为text的消息，当前token计数: 42
2025-12-15 17:22:26,810 - [Quantum_e2e_20251215_nova_dll.py:311] - [on_result] - INFO - Got result for job 112: {'job_id': 112, 'status': 'in_progress', 'timestamp': '2025-12-15T17:22:26.810955', 'data': {'type': 'text', 'response': "Based on the provided context, there is no specific mention of a user's dream destination. The scenarios depicted involve a construction forewoman using virtual reality (VR) and augmented reality (AR) in her work, such as meeting"}}
2025-12-15 17:22:26,811 - [Quantum_e2e_20251215_nova_dll.py:289] - [on_result] - DEBUG - 接收到 in_progress 且类型为text的消息，当前token计数: 43
2025-12-15 17:22:26,811 - [Quantum_e2e_20251215_nova_dll.py:311] - [on_result] - INFO - Got result for job 112: {'job_id': 112, 'status': 'in_progress', 'timestamp': '2025-12-15T17:22:26.811960', 'data': {'type': 'text', 'response': "Based on the provided context, there is no specific mention of a user's dream destination. The scenarios depicted involve a construction forewoman using virtual reality (VR) and augmented reality (AR) in her work, such as meeting with a city inspector in"}}
2025-12-15 17:22:26,812 - [Quantum_e2e_20251215_nova_dll.py:289] - [on_result] - DEBUG - 接收到 in_progress 且类型为text的消息，当前token计数: 44
2025-12-15 17:22:26,812 - [Quantum_e2e_20251215_nova_dll.py:311] - [on_result] - INFO - Got result for job 112: {'job_id': 112, 'status': 'in_progress', 'timestamp': '2025-12-15T17:22:26.812959', 'data': {'type': 'text', 'response': "Based on the provided context, there is no specific mention of a user's dream destination. The scenarios depicted involve a construction forewoman using virtual reality (VR) and augmented reality (AR) in her work, such as meeting with a city inspector in"}}
2025-12-15 17:22:26,812 - [Quantum_e2e_20251215_nova_dll.py:289] - [on_result] - DEBUG - 接收到 in_progress 且类型为text的消息，当前token计数: 45
2025-12-15 17:22:26,812 - [Quantum_e2e_20251215_nova_dll.py:311] - [on_result] - INFO - Got result for job 112: {'job_id': 112, 'status': 'in_progress', 'timestamp': '2025-12-15T17:22:26.812959', 'data': {'type': 'text', 'response': "Based on the provided context, there is no specific mention of a user's dream destination. The scenarios depicted involve a construction forewoman using virtual reality (VR) and augmented reality (AR) in her work, such as meeting with a city inspector in a virtual"}}
2025-12-15 17:22:26,813 - [Quantum_e2e_20251215_nova_dll.py:289] - [on_result] - DEBUG - 接收到 in_progress 且类型为text的消息，当前token计数: 46
2025-12-15 17:22:26,813 - [Quantum_e2e_20251215_nova_dll.py:311] - [on_result] - INFO - Got result for job 112: {'job_id': 112, 'status': 'in_progress', 'timestamp': '2025-12-15T17:22:26.813951', 'data': {'type': 'text', 'response': "Based on the provided context, there is no specific mention of a user's dream destination. The scenarios depicted involve a construction forewoman using virtual reality (VR) and augmented reality (AR) in her work, such as meeting with a city inspector in a virtual"}}
2025-12-15 17:22:26,813 - [Quantum_e2e_20251215_nova_dll.py:289] - [on_result] - DEBUG - 接收到 in_progress 且类型为text的消息，当前token计数: 47
2025-12-15 17:22:26,814 - [Quantum_e2e_20251215_nova_dll.py:311] - [on_result] - INFO - Got result for job 112: {'job_id': 112, 'status': 'in_progress', 'timestamp': '2025-12-15T17:22:26.814966', 'data': {'type': 'text', 'response': "Based on the provided context, there is no specific mention of a user's dream destination. The scenarios depicted involve a construction forewoman using virtual reality (VR) and augmented reality (AR) in her work, such as meeting with a city inspector in a virtual"}}
2025-12-15 17:22:26,814 - [Quantum_e2e_20251215_nova_dll.py:289] - [on_result] - DEBUG - 接收到 in_progress 且类型为text的消息，当前token计数: 48
2025-12-15 17:22:26,815 - [Quantum_e2e_20251215_nova_dll.py:311] - [on_result] - INFO - Got result for job 112: {'job_id': 112, 'status': 'in_progress', 'timestamp': '2025-12-15T17:22:26.815964', 'data': {'type': 'text', 'response': "Based on the provided context, there is no specific mention of a user's dream destination. The scenarios depicted involve a construction forewoman using virtual reality (VR) and augmented reality (AR) in her work, such as meeting with a city inspector in a virtual space"}}
2025-12-15 17:22:26,815 - [Quantum_e2e_20251215_nova_dll.py:289] - [on_result] - DEBUG - 接收到 in_progress 且类型为text的消息，当前token计数: 49
2025-12-15 17:22:26,815 - [Quantum_e2e_20251215_nova_dll.py:311] - [on_result] - INFO - Got result for job 112: {'job_id': 112, 'status': 'in_progress', 'timestamp': '2025-12-15T17:22:26.815964', 'data': {'type': 'text', 'response': "Based on the provided context, there is no specific mention of a user's dream destination. The scenarios depicted involve a construction forewoman using virtual reality (VR) and augmented reality (AR) in her work, such as meeting with a city inspector in a virtual space"}}
2025-12-15 17:22:26,816 - [Quantum_e2e_20251215_nova_dll.py:289] - [on_result] - DEBUG - 接收到 in_progress 且类型为text的消息，当前token计数: 50
2025-12-15 17:22:26,816 - [Quantum_e2e_20251215_nova_dll.py:311] - [on_result] - INFO - Got result for job 112: {'job_id': 112, 'status': 'in_progress', 'timestamp': '2025-12-15T17:22:26.816952', 'data': {'type': 'text', 'response': "Based on the provided context, there is no specific mention of a user's dream destination. The scenarios depicted involve a construction forewoman using virtual reality (VR) and augmented reality (AR) in her work, such as meeting with a city inspector in a virtual space and using AI to"}}
2025-12-15 17:22:26,816 - [Quantum_e2e_20251215_nova_dll.py:289] - [on_result] - DEBUG - 接收到 in_progress 且类型为text的消息，当前token计数: 51
2025-12-15 17:22:26,816 - [Quantum_e2e_20251215_nova_dll.py:311] - [on_result] - INFO - Got result for job 112: {'job_id': 112, 'status': 'in_progress', 'timestamp': '2025-12-15T17:22:26.816952', 'data': {'type': 'text', 'response': "Based on the provided context, there is no specific mention of a user's dream destination. The scenarios depicted involve a construction forewoman using virtual reality (VR) and augmented reality (AR) in her work, such as meeting with a city inspector in a virtual space and using AI to"}}
2025-12-15 17:22:26,817 - [Quantum_e2e_20251215_nova_dll.py:289] - [on_result] - DEBUG - 接收到 in_progress 且类型为text的消息，当前token计数: 52
2025-12-15 17:22:26,817 - [Quantum_e2e_20251215_nova_dll.py:311] - [on_result] - INFO - Got result for job 112: {'job_id': 112, 'status': 'in_progress', 'timestamp': '2025-12-15T17:22:26.817952', 'data': {'type': 'text', 'response': "Based on the provided context, there is no specific mention of a user's dream destination. The scenarios depicted involve a construction forewoman using virtual reality (VR) and augmented reality (AR) in her work, such as meeting with a city inspector in a virtual space and using AI to assist"}}
2025-12-15 17:22:26,817 - [Quantum_e2e_20251215_nova_dll.py:289] - [on_result] - DEBUG - 接收到 in_progress 且类型为text的消息，当前token计数: 53
2025-12-15 17:22:26,818 - [Quantum_e2e_20251215_nova_dll.py:311] - [on_result] - INFO - Got result for job 112: {'job_id': 112, 'status': 'in_progress', 'timestamp': '2025-12-15T17:22:26.817952', 'data': {'type': 'text', 'response': "Based on the provided context, there is no specific mention of a user's dream destination. The scenarios depicted involve a construction forewoman using virtual reality (VR) and augmented reality (AR) in her work, such as meeting with a city inspector in a virtual space and using AI to assist her"}}
2025-12-15 17:22:26,818 - [Quantum_e2e_20251215_nova_dll.py:289] - [on_result] - DEBUG - 接收到 in_progress 且类型为text的消息，当前token计数: 54
2025-12-15 17:22:26,818 - [Quantum_e2e_20251215_nova_dll.py:311] - [on_result] - INFO - Got result for job 112: {'job_id': 112, 'status': 'in_progress', 'timestamp': '2025-12-15T17:22:26.818962', 'data': {'type': 'text', 'response': "Based on the provided context, there is no specific mention of a user's dream destination. The scenarios depicted involve a construction forewoman using virtual reality (VR) and augmented reality (AR) in her work, such as meeting with a city inspector in a virtual space and using AI to assist her"}}
2025-12-15 17:22:26,818 - [Quantum_e2e_20251215_nova_dll.py:289] - [on_result] - DEBUG - 接收到 in_progress 且类型为text的消息，当前token计数: 55
2025-12-15 17:22:26,818 - [Quantum_e2e_20251215_nova_dll.py:311] - [on_result] - INFO - Got result for job 112: {'job_id': 112, 'status': 'in_progress', 'timestamp': '2025-12-15T17:22:26.818962', 'data': {'type': 'text', 'response': "Based on the provided context, there is no specific mention of a user's dream destination. The scenarios depicted involve a construction forewoman using virtual reality (VR) and augmented reality (AR) in her work, such as meeting with a city inspector in a virtual space and using AI to assist her"}}
2025-12-15 17:22:26,819 - [Quantum_e2e_20251215_nova_dll.py:289] - [on_result] - DEBUG - 接收到 in_progress 且类型为text的消息，当前token计数: 56
2025-12-15 17:22:26,819 - [Quantum_e2e_20251215_nova_dll.py:311] - [on_result] - INFO - Got result for job 112: {'job_id': 112, 'status': 'in_progress', 'timestamp': '2025-12-15T17:22:26.819959', 'data': {'type': 'text', 'response': "Based on the provided context, there is no specific mention of a user's dream destination. The scenarios depicted involve a construction forewoman using virtual reality (VR) and augmented reality (AR) in her work, such as meeting with a city inspector in a virtual space and using AI to assist her"}}
2025-12-15 17:22:26,819 - [Quantum_e2e_20251215_nova_dll.py:289] - [on_result] - DEBUG - 接收到 in_progress 且类型为text的消息，当前token计数: 57
2025-12-15 17:22:26,820 - [Quantum_e2e_20251215_nova_dll.py:311] - [on_result] - INFO - Got result for job 112: {'job_id': 112, 'status': 'in_progress', 'timestamp': '2025-12-15T17:22:26.820957', 'data': {'type': 'text', 'response': "Based on the provided context, there is no specific mention of a user's dream destination. The scenarios depicted involve a construction forewoman using virtual reality (VR) and augmented reality (AR) in her work, such as meeting with a city inspector in a virtual space and using AI to assist her on a construction site"}}
2025-12-15 17:22:26,820 - [Quantum_e2e_20251215_nova_dll.py:289] - [on_result] - DEBUG - 接收到 in_progress 且类型为text的消息，当前token计数: 58
2025-12-15 17:22:26,820 - [Quantum_e2e_20251215_nova_dll.py:311] - [on_result] - INFO - Got result for job 112: {'job_id': 112, 'status': 'in_progress', 'timestamp': '2025-12-15T17:22:26.820957', 'data': {'type': 'text', 'response': "Based on the provided context, there is no specific mention of a user's dream destination. The scenarios depicted involve a construction forewoman using virtual reality (VR) and augmented reality (AR) in her work, such as meeting with a city inspector in a virtual space and using AI to assist her on a construction site. There"}}
2025-12-15 17:22:26,820 - [Quantum_e2e_20251215_nova_dll.py:289] - [on_result] - DEBUG - 接收到 in_progress 且类型为text的消息，当前token计数: 59
2025-12-15 17:22:26,821 - [Quantum_e2e_20251215_nova_dll.py:311] - [on_result] - INFO - Got result for job 112: {'job_id': 112, 'status': 'in_progress', 'timestamp': '2025-12-15T17:22:26.821964', 'data': {'type': 'text', 'response': "Based on the provided context, there is no specific mention of a user's dream destination. The scenarios depicted involve a construction forewoman using virtual reality (VR) and augmented reality (AR) in her work, such as meeting with a city inspector in a virtual space and using AI to assist her on a construction site. There is"}}
2025-12-15 17:22:26,821 - [Quantum_e2e_20251215_nova_dll.py:289] - [on_result] - DEBUG - 接收到 in_progress 且类型为text的消息，当前token计数: 60
2025-12-15 17:22:26,821 - [Quantum_e2e_20251215_nova_dll.py:311] - [on_result] - INFO - Got result for job 112: {'job_id': 112, 'status': 'in_progress', 'timestamp': '2025-12-15T17:22:26.821964', 'data': {'type': 'text', 'response': "Based on the provided context, there is no specific mention of a user's dream destination. The scenarios depicted involve a construction forewoman using virtual reality (VR) and augmented reality (AR) in her work, such as meeting with a city inspector in a virtual space and using AI to assist her on a construction site. There is"}}
2025-12-15 17:22:26,821 - [Quantum_e2e_20251215_nova_dll.py:289] - [on_result] - DEBUG - 接收到 in_progress 且类型为text的消息，当前token计数: 61
2025-12-15 17:22:26,821 - [Quantum_e2e_20251215_nova_dll.py:311] - [on_result] - INFO - Got result for job 112: {'job_id': 112, 'status': 'in_progress', 'timestamp': '2025-12-15T17:22:26.821964', 'data': {'type': 'text', 'response': "Based on the provided context, there is no specific mention of a user's dream destination. The scenarios depicted involve a construction forewoman using virtual reality (VR) and augmented reality (AR) in her work, such as meeting with a city inspector in a virtual space and using AI to assist her on a construction site. There is"}}
2025-12-15 17:22:26,822 - [Quantum_e2e_20251215_nova_dll.py:289] - [on_result] - DEBUG - 接收到 in_progress 且类型为text的消息，当前token计数: 62
2025-12-15 17:22:26,822 - [Quantum_e2e_20251215_nova_dll.py:311] - [on_result] - INFO - Got result for job 112: {'job_id': 112, 'status': 'in_progress', 'timestamp': '2025-12-15T17:22:26.822958', 'data': {'type': 'text', 'response': "Based on the provided context, there is no specific mention of a user's dream destination. The scenarios depicted involve a construction forewoman using virtual reality (VR) and augmented reality (AR) in her work, such as meeting with a city inspector in a virtual space and using AI to assist her on a construction site. There is"}}
2025-12-15 17:22:26,822 - [Quantum_e2e_20251215_nova_dll.py:289] - [on_result] - DEBUG - 接收到 in_progress 且类型为text的消息，当前token计数: 63
2025-12-15 17:22:26,822 - [Quantum_e2e_20251215_nova_dll.py:311] - [on_result] - INFO - Got result for job 112: {'job_id': 112, 'status': 'in_progress', 'timestamp': '2025-12-15T17:22:26.822958', 'data': {'type': 'text', 'response': "Based on the provided context, there is no specific mention of a user's dream destination. The scenarios depicted involve a construction forewoman using virtual reality (VR) and augmented reality (AR) in her work, such as meeting with a city inspector in a virtual space and using AI to assist her on a construction site. There is"}}
2025-12-15 17:22:26,822 - [Quantum_e2e_20251215_nova_dll.py:289] - [on_result] - DEBUG - 接收到 in_progress 且类型为text的消息，当前token计数: 64
2025-12-15 17:22:26,822 - [Quantum_e2e_20251215_nova_dll.py:311] - [on_result] - INFO - Got result for job 112: {'job_id': 112, 'status': 'in_progress', 'timestamp': '2025-12-15T17:22:26.822958', 'data': {'type': 'text', 'response': "Based on the provided context, there is no specific mention of a user's dream destination. The scenarios depicted involve a construction forewoman using virtual reality (VR) and augmented reality (AR) in her work, such as meeting with a city inspector in a virtual space and using AI to assist her on a construction site. There is"}}
2025-12-15 17:22:26,823 - [Quantum_e2e_20251215_nova_dll.py:289] - [on_result] - DEBUG - 接收到 in_progress 且类型为text的消息，当前token计数: 65
2025-12-15 17:22:26,823 - [Quantum_e2e_20251215_nova_dll.py:311] - [on_result] - INFO - Got result for job 112: {'job_id': 112, 'status': 'in_progress', 'timestamp': '2025-12-15T17:22:26.823958', 'data': {'type': 'text', 'response': "Based on the provided context, there is no specific mention of a user's dream destination. The scenarios depicted involve a construction forewoman using virtual reality (VR) and augmented reality (AR) in her work, such as meeting with a city inspector in a virtual space and using AI to assist her on a construction site. There is no"}}
2025-12-15 17:22:26,824 - [Quantum_e2e_20251215_nova_dll.py:289] - [on_result] - DEBUG - 接收到 in_progress 且类型为text的消息，当前token计数: 66
2025-12-15 17:22:26,824 - [Quantum_e2e_20251215_nova_dll.py:311] - [on_result] - INFO - Got result for job 112: {'job_id': 112, 'status': 'in_progress', 'timestamp': '2025-12-15T17:22:26.824958', 'data': {'type': 'text', 'response': "Based on the provided context, there is no specific mention of a user's dream destination. The scenarios depicted involve a construction forewoman using virtual reality (VR) and augmented reality (AR) in her work, such as meeting with a city inspector in a virtual space and using AI to assist her on a construction site. There is no direct reference to a dream destination for"}}
2025-12-15 17:22:26,824 - [Quantum_e2e_20251215_nova_dll.py:289] - [on_result] - DEBUG - 接收到 in_progress 且类型为text的消息，当前token计数: 67
2025-12-15 17:22:26,825 - [Quantum_e2e_20251215_nova_dll.py:311] - [on_result] - INFO - Got result for job 112: {'job_id': 112, 'status': 'in_progress', 'timestamp': '2025-12-15T17:22:26.825958', 'data': {'type': 'text', 'response': "Based on the provided context, there is no specific mention of a user's dream destination. The scenarios depicted involve a construction forewoman using virtual reality (VR) and augmented reality (AR) in her work, such as meeting with a city inspector in a virtual space and using AI to assist her on a construction site. There is no direct reference to a dream destination for a"}}
2025-12-15 17:22:26,825 - [Quantum_e2e_20251215_nova_dll.py:289] - [on_result] - DEBUG - 接收到 in_progress 且类型为text的消息，当前token计数: 68
2025-12-15 17:22:26,825 - [Quantum_e2e_20251215_nova_dll.py:311] - [on_result] - INFO - Got result for job 112: {'job_id': 112, 'status': 'in_progress', 'timestamp': '2025-12-15T17:22:26.825958', 'data': {'type': 'text', 'response': "Based on the provided context, there is no specific mention of a user's dream destination. The scenarios depicted involve a construction forewoman using virtual reality (VR) and augmented reality (AR) in her work, such as meeting with a city inspector in a virtual space and using AI to assist her on a construction site. There is no direct reference to a dream destination for a"}}
2025-12-15 17:22:26,826 - [Quantum_e2e_20251215_nova_dll.py:289] - [on_result] - DEBUG - 接收到 in_progress 且类型为text的消息，当前token计数: 69
2025-12-15 17:22:26,826 - [Quantum_e2e_20251215_nova_dll.py:311] - [on_result] - INFO - Got result for job 112: {'job_id': 112, 'status': 'in_progress', 'timestamp': '2025-12-15T17:22:26.826952', 'data': {'type': 'text', 'response': "Based on the provided context, there is no specific mention of a user's dream destination. The scenarios depicted involve a construction forewoman using virtual reality (VR) and augmented reality (AR) in her work, such as meeting with a city inspector in a virtual space and using AI to assist her on a construction site. There is no direct reference to a dream destination for a"}}
2025-12-15 17:22:26,826 - [Quantum_e2e_20251215_nova_dll.py:289] - [on_result] - DEBUG - 接收到 in_progress 且类型为text的消息，当前token计数: 70
2025-12-15 17:22:26,826 - [Quantum_e2e_20251215_nova_dll.py:311] - [on_result] - INFO - Got result for job 112: {'job_id': 112, 'status': 'in_progress', 'timestamp': '2025-12-15T17:22:26.826952', 'data': {'type': 'text', 'response': "Based on the provided context, there is no specific mention of a user's dream destination. The scenarios depicted involve a construction forewoman using virtual reality (VR) and augmented reality (AR) in her work, such as meeting with a city inspector in a virtual space and using AI to assist her on a construction site. There is no direct reference to a dream destination for a"}}
2025-12-15 17:22:26,827 - [Quantum_e2e_20251215_nova_dll.py:289] - [on_result] - DEBUG - 接收到 in_progress 且类型为text的消息，当前token计数: 71
2025-12-15 17:22:26,827 - [Quantum_e2e_20251215_nova_dll.py:311] - [on_result] - INFO - Got result for job 112: {'job_id': 112, 'status': 'in_progress', 'timestamp': '2025-12-15T17:22:26.827960', 'data': {'type': 'text', 'response': "Based on the provided context, there is no specific mention of a user's dream destination. The scenarios depicted involve a construction forewoman using virtual reality (VR) and augmented reality (AR) in her work, such as meeting with a city inspector in a virtual space and using AI to assist her on a construction site. There is no direct reference to a dream destination for a"}}
2025-12-15 17:22:26,827 - [Quantum_e2e_20251215_nova_dll.py:289] - [on_result] - DEBUG - 接收到 in_progress 且类型为text的消息，当前token计数: 72
2025-12-15 17:22:26,827 - [Quantum_e2e_20251215_nova_dll.py:311] - [on_result] - INFO - Got result for job 112: {'job_id': 112, 'status': 'in_progress', 'timestamp': '2025-12-15T17:22:26.827960', 'data': {'type': 'text', 'response': "Based on the provided context, there is no specific mention of a user's dream destination. The scenarios depicted involve a construction forewoman using virtual reality (VR) and augmented reality (AR) in her work, such as meeting with a city inspector in a virtual space and using AI to assist her on a construction site. There is no direct reference to a dream destination for a"}}
2025-12-15 17:22:26,828 - [Quantum_e2e_20251215_nova_dll.py:289] - [on_result] - DEBUG - 接收到 in_progress 且类型为text的消息，当前token计数: 73
2025-12-15 17:22:26,828 - [Quantum_e2e_20251215_nova_dll.py:311] - [on_result] - INFO - Got result for job 112: {'job_id': 112, 'status': 'in_progress', 'timestamp': '2025-12-15T17:22:26.828963', 'data': {'type': 'text', 'response': "Based on the provided context, there is no specific mention of a user's dream destination. The scenarios depicted involve a construction forewoman using virtual reality (VR) and augmented reality (AR) in her work, such as meeting with a city inspector in a virtual space and using AI to assist her on a construction site. There is no direct reference to a dream destination for a"}}
2025-12-15 17:22:26,828 - [Quantum_e2e_20251215_nova_dll.py:289] - [on_result] - DEBUG - 接收到 in_progress 且类型为text的消息，当前token计数: 74
2025-12-15 17:22:26,828 - [Quantum_e2e_20251215_nova_dll.py:311] - [on_result] - INFO - Got result for job 112: {'job_id': 112, 'status': 'in_progress', 'timestamp': '2025-12-15T17:22:26.828963', 'data': {'type': 'text', 'response': "Based on the provided context, there is no specific mention of a user's dream destination. The scenarios depicted involve a construction forewoman using virtual reality (VR) and augmented reality (AR) in her work, such as meeting with a city inspector in a virtual space and using AI to assist her on a construction site. There is no direct reference to a dream destination for a user in the given"}}
2025-12-15 17:22:26,829 - [Quantum_e2e_20251215_nova_dll.py:289] - [on_result] - DEBUG - 接收到 in_progress 且类型为text的消息，当前token计数: 75
2025-12-15 17:22:26,829 - [Quantum_e2e_20251215_nova_dll.py:311] - [on_result] - INFO - Got result for job 112: {'job_id': 112, 'status': 'in_progress', 'timestamp': '2025-12-15T17:22:26.829951', 'data': {'type': 'text', 'response': "Based on the provided context, there is no specific mention of a user's dream destination. The scenarios depicted involve a construction forewoman using virtual reality (VR) and augmented reality (AR) in her work, such as meeting with a city inspector in a virtual space and using AI to assist her on a construction site. There is no direct reference to a dream destination for a user in the given text."}}
2025-12-15 17:22:26,829 - [Quantum_e2e_20251215_nova_dll.py:289] - [on_result] - DEBUG - 接收到 in_progress 且类型为text的消息，当前token计数: 76
2025-12-15 17:22:26,830 - [Quantum_e2e_20251215_nova_dll.py:311] - [on_result] - INFO - Got result for job 112: {'job_id': 112, 'status': 'in_progress', 'timestamp': '2025-12-15T17:22:26.830958', 'data': {'type': 'text', 'response': "Based on the provided context, there is no specific mention of a user's dream destination. The scenarios depicted involve a construction forewoman using virtual reality (VR) and augmented reality (AR) in her work, such as meeting with a city inspector in a virtual space and using AI to assist her on a construction site. There is no direct reference to a dream destination for a user in the given text."}}
2025-12-15 17:22:26,830 - [Quantum_e2e_20251215_nova_dll.py:289] - [on_result] - DEBUG - 接收到 in_progress 且类型为text的消息，当前token计数: 77
2025-12-15 17:22:26,830 - [Quantum_e2e_20251215_nova_dll.py:311] - [on_result] - INFO - Got result for job 112: {'job_id': 112, 'status': 'in_progress', 'timestamp': '2025-12-15T17:22:26.830958', 'data': {'type': 'text', 'response': "Based on the provided context, there is no specific mention of a user's dream destination. The scenarios depicted involve a construction forewoman using virtual reality (VR) and augmented reality (AR) in her work, such as meeting with a city inspector in a virtual space and using AI to assist her on a construction site. There is no direct reference to a dream destination for a user in the given text."}}
2025-12-15 17:22:27,203 - [Quantum_e2e_20251215_nova_dll.py:289] - [on_result] - DEBUG - 接收到 in_progress 且类型为text的消息，当前token计数: 78
2025-12-15 17:22:27,204 - [Quantum_e2e_20251215_nova_dll.py:311] - [on_result] - INFO - Got result for job 112: {'job_id': 112, 'status': 'in_progress', 'timestamp': '2025-12-15T17:22:27.204566', 'data': {'type': 'text', 'response': "Based on the provided context, there is no specific mention of a user's dream destination. The scenarios depicted involve a construction forewoman using virtual reality (VR) and augmented reality (AR) in her work, such as meeting with a city inspector in a virtual space and using AI to assist her on a construction site. There is no direct reference to a dream destination for a user in the given text."}}
2025-12-15 17:22:27,323 - [Quantum_e2e_20251215_nova_dll.py:289] - [on_result] - DEBUG - 接收到 in_progress 且类型为text的消息，当前token计数: 79
2025-12-15 17:22:27,324 - [Quantum_e2e_20251215_nova_dll.py:311] - [on_result] - INFO - Got result for job 112: {'job_id': 112, 'status': 'in_progress', 'timestamp': '2025-12-15T17:22:27.324441', 'data': {'type': 'text', 'response': "Based on the provided context, there is no specific mention of a user's dream destination. The scenarios depicted involve a construction forewoman using virtual reality (VR) and augmented reality (AR) in her work, such as meeting with a city inspector in a virtual space and using AI to assist her on a construction site. There is no direct reference to a dream destination for a user in the given text."}}
2025-12-15 17:22:27,720 - [Quantum_e2e_20251215_nova_dll.py:289] - [on_result] - DEBUG - 接收到 in_progress 且类型为text的消息，当前token计数: 80
2025-12-15 17:22:27,720 - [Quantum_e2e_20251215_nova_dll.py:311] - [on_result] - INFO - Got result for job 112: {'job_id': 112, 'status': 'in_progress', 'timestamp': '2025-12-15T17:22:27.720553', 'data': {'type': 'text', 'response': "Based on the provided context, there is no specific mention of a user's dream destination. The scenarios depicted involve a construction forewoman using virtual reality (VR) and augmented reality (AR) in her work, such as meeting with a city inspector in a virtual space and using AI to assist her on a construction site. There is no direct reference to a dream destination for a user in the given text."}}
2025-12-15 17:22:28,124 - [Quantum_e2e_20251215_nova_dll.py:289] - [on_result] - DEBUG - 接收到 in_progress 且类型为text的消息，当前token计数: 81
2025-12-15 17:22:28,125 - [Quantum_e2e_20251215_nova_dll.py:311] - [on_result] - INFO - Got result for job 112: {'job_id': 112, 'status': 'in_progress', 'timestamp': '2025-12-15T17:22:28.125885', 'data': {'type': 'text', 'response': "Based on the provided context, there is no specific mention of a user's dream destination. The scenarios depicted involve a construction forewoman using virtual reality (VR) and augmented reality (AR) in her work, such as meeting with a city inspector in a virtual space and using AI to assist her on a construction site. There is no direct reference to a dream destination for a user in the given text."}}
2025-12-15 17:22:28,625 - [Quantum_e2e_20251215_nova_dll.py:311] - [on_result] - INFO - Got result for job 112: {'job_id': 112, 'status': 'in_progress', 'timestamp': '2025-12-15T17:22:28.625297', 'data': {'type': 'timings', 'response': '{"check_pending_elicitation":{"startTimestamp":1765790512657,"endTimestamp":1765790512657},"update_chat_history":{"startTimestamp":1765790512657,"endTimestamp":1765790512662},"select_handler":{"startTimestamp":1765790512662,"endTimestamp":1765790512677},"load_agent":{"startTimestamp":1765790512677,"endTimestamp":1765790513010},"load_session":{"startTimestamp":1765790513010,"endTimestamp":-1},"first_token":{"startTimestamp":1765790513017,"endTimestamp":1765790516594},"device_connection":{"startTimestamp":1765790513017,"endTimestamp":1765790548234},"DomainClassifierNode":{"startTimestamp":1765790513019,"endTimestamp":1765790513691},"RewriteJudgeNode":{"startTimestamp":1765790513692,"endTimestamp":1765790514023},"RewriteNode":{"startTimestamp":1765790514024,"endTimestamp":1765790516592},"LocalTaskPlaningNode":{"startTimestamp":1765790516593,"endTimestamp":1765790516731},"IntentMappingNode":{"startTimestamp":1765790516733,"endTimestamp":1765790517889},"GeneralGenerationNode":{"startTimestamp":1765790517890,"endTimestamp":1765790548231}}'}}
2025-12-15 17:22:29,125 - [Quantum_e2e_20251215_nova_dll.py:311] - [on_result] - INFO - Got result for job 112: {'job_id': 112, 'status': 'complete', 'timestamp': '2025-12-15T17:22:29.125621', 'data': {'type': 'text', 'response': "Based on the provided context, there is no specific mention of a user's dream destination. The scenarios depicted involve a construction forewoman using virtual reality (VR) and augmented reality (AR) in her work, such as meeting with a city inspector in a virtual space and using AI to assist her on a construction site. There is no direct reference to a dream destination for a user in the given text."}}
2025-12-15 17:22:29,126 - [Quantum_e2e_20251215_nova_dll.py:322] - [on_result] - INFO - 响应时间: 36.61秒
2025-12-15 17:22:29,126 - [Quantum_e2e_20251215_nova_dll.py:323] - [on_result] - INFO - 结束时间: 2025-12-15 17:22:29.126
2025-12-15 17:22:29,127 - [Quantum_e2e_20251215_nova_dll.py:331] - [on_result] - INFO - TTFT (Time To First Token): 15.046秒
2025-12-15 17:22:29,127 - [Quantum_e2e_20251215_nova_dll.py:339] - [on_result] - INFO - 性能指标:
2025-12-15 17:22:29,128 - [Quantum_e2e_20251215_nova_dll.py:340] - [on_result] - INFO -   - 首字时间: 2025-12-15 17:22:07.558
2025-12-15 17:22:29,128 - [Quantum_e2e_20251215_nova_dll.py:341] - [on_result] - INFO -   - TTFT (Time To First Token): 15.046秒
2025-12-15 17:22:29,128 - [Quantum_e2e_20251215_nova_dll.py:342] - [on_result] - INFO -   - Token数量: 81
2025-12-15 17:22:29,129 - [Quantum_e2e_20251215_nova_dll.py:343] - [on_result] - INFO -   - 生成速度: 3.76 tokens/秒
2025-12-15 17:22:29,129 - [Quantum_e2e_20251215_nova_dll.py:344] - [on_result] - INFO -   - 生成时间: 21.568秒
2025-12-15 17:22:29,130 - [Quantum_e2e_20251215_nova_dll.py:1273] - [run_query_only] - INFO - 最终结果: Based on the provided context, there is no specific mention of a user's dream destination. The scenarios depicted involve a construction forewoman using virtual reality (VR) and augmented reality (AR) in her work, such as meeting with a city inspector in a virtual space and using AI to assist her on a construction site. There is no direct reference to a dream destination for a user in the given text.
2025-12-15 17:22:29,131 - [Quantum_e2e_20251215_nova_dll.py:1544] - [process_main_excel_only] - INFO - 第 3 行处理成功，结果长度: 403，响应时间: 36.61秒
2025-12-15 17:22:29,209 - [Quantum_e2e_20251215_nova_dll.py:1583] - [process_main_excel_only] - INFO - 第 3 行结果已保存
2025-12-15 17:22:29,210 - [Quantum_e2e_20251215_nova_dll.py:1587] - [process_main_excel_only] - INFO - 
第 1 轮循环完成，结果已保存至: c:\Users\obe\Desktop\LRIA_llm_eval\eval\Quantum_e2e_v20251215_nova_dll\testresult\test_results_test_20251215_171958_cycle1.xlsx
2025-12-15 17:22:29,210 - [Quantum_e2e_20251215_nova_dll.py:1589] - [process_main_excel_only] - INFO - 
所有 1 轮循环已完成
2025-12-15 17:22:29,210 - [Quantum_e2e_20251215_nova_dll.py:1983] - [run_quantum_e2e_process] - INFO - 文件 test.xlsx 处理完成
2025-12-15 17:22:34,035 - [monitor_util.py:167] - [stop_monitoring_resource] - INFO - Monitor thread stopped: False
2025-12-15 17:22:34,082 - [Quantum_e2e_20251215_nova_dll.py:1905] - [add_resource_data_to_results] - INFO - 资源监控数据已保存到 c:\Users\obe\Desktop\LRIA_llm_eval\eval\Quantum_e2e_v20251215_nova_dll\testresult\test_results_test_20251215_171958_cycle1.xlsx 的 resource sheet中
2025-12-15 17:22:34,083 - [Quantum_e2e_20251215_nova_dll.py:2185] - [<module>] - INFO - 所有流程成功完成！
2025-12-15 17:22:34,083 - [Quantum_e2e_20251215_nova_dll.py:2186] - [<module>] - INFO - 生成了 1 个输出文件:
2025-12-15 17:22:34,083 - [Quantum_e2e_20251215_nova_dll.py:2187] - [<module>] - INFO - ['c:\\Users\\obe\\Desktop\\LRIA_llm_eval\\eval\\Quantum_e2e_v20251215_nova_dll\\testresult\\test_results_test_20251215_171958_cycle1.xlsx']
2025-12-15 17:22:34,084 - [Quantum_e2e_20251215_nova_dll.py:2189] - [<module>] - INFO -   1. c:\Users\obe\Desktop\LRIA_llm_eval\eval\Quantum_e2e_v20251215_nova_dll\testresult\test_results_test_20251215_171958_cycle1.xlsx
2025-12-15 17:22:34,084 - [Quantum_e2e_20251215_nova_dll.py:2212] - [<module>] - INFO - 开始自动判断...
2025-12-15 17:22:34,085 - [Quantum_e2e_20251215_nova_dll.py:2214] - [<module>] - INFO - 开始自动判断...
2025-12-15 17:22:34,115 - [connectionpool.py:1051] - [_new_conn] - DEBUG - Starting new HTTPS connection (1): 10.110.158.101:443
2025-12-15 17:22:38,198 - [connectionpool.py:546] - [_make_request] - DEBUG - https://10.110.158.101:443 "POST /service-large-600-1754878213350/llm/v1/chat/completions HTTP/11" 200 928
2025-12-15 17:22:38,199 - [Auto_Judge.py:82] - [verify_answer_consistency] - INFO - 第1条数据处理完成，模型响应: 分数: 0
判断原因: response未提及“Egypt”，而是说明没有提供用户的梦想目的地信息，核心含义与real_answer不一致。
2025-12-15 17:22:38,232 - [connectionpool.py:1051] - [_new_conn] - DEBUG - Starting new HTTPS connection (1): 10.110.158.101:443
2025-12-15 17:22:42,164 - [connectionpool.py:546] - [_make_request] - DEBUG - https://10.110.158.101:443 "POST /service-large-600-1754878213350/llm/v1/chat/completions HTTP/11" 200 890
2025-12-15 17:22:42,164 - [Auto_Judge.py:82] - [verify_answer_consistency] - INFO - 第2条数据处理完成，模型响应: 分数: 0
判断原因: response的内容与real_answer“Egypt”完全不相符，且与问题“hello”也无关，核心含义不同。
2025-12-15 17:22:42,193 - [connectionpool.py:1051] - [_new_conn] - DEBUG - Starting new HTTPS connection (1): 10.110.158.101:443
2025-12-15 17:22:46,195 - [connectionpool.py:546] - [_make_request] - DEBUG - https://10.110.158.101:443 "POST /service-large-600-1754878213350/llm/v1/chat/completions HTTP/11" 200 918
2025-12-15 17:22:46,196 - [Auto_Judge.py:82] - [verify_answer_consistency] - INFO - 第3条数据处理完成，模型响应: 分数: 0
判断原因: real_answer明确指出用户的梦想目的地是埃及，而response却声称文本中没有提及任何梦想目的地，未提供埃及这一信息，核心含义不一致。
2025-12-15 17:22:46,381 - [Quantum_e2e_20251215_nova_dll.py:2226] - [<module>] - INFO - 清理量子客户端资源...
2025-12-15 17:22:46,381 - [Quantum_e2e_20251215_nova_dll.py:571] - [cleanup] - INFO - Disconnecting...
2025-12-15 17:22:46,387 - [Quantum_e2e_20251215_nova_dll.py:163] - [on_connection_status] - INFO - Connection status: Disconnected
2025-12-15 17:22:46,388 - [Quantum_e2e_20251215_nova_dll.py:576] - [cleanup] - INFO - Cleanup completed
