2025-11-10 14:55:40,052 - [Quantum_e2e_20251110.py:39] - [<module>] - INFO - 日志系统初始化完成
2025-11-10 14:55:40,062 - [Quantum_e2e_20251110.py:1497] - [<module>] - INFO - 程序启动参数: excel_dir=C:\Users\XiaoXinPro 16 IAH\Desktop\LRIA_llm_eval\eval\Quantum_e2e_v20251106\dataset, image_dir=C:\Users\XiaoXinPro 16 IAH\Desktop\LRIA_llm_eval\eval\Quantum_e2e_v20251031\images, doc_dir=C:\Users\XiaoXinPro 16 IAH\Desktop\LRIA_llm_eval\eval\Quantum_e2e_v20251106\Bvt1110\bvtfiles, memory_excel=C:\Users\Lenovo Yanglei AFR\Desktop\LRIA_llm_eval\eval\20251021\bvt\Memory_data _v3_1016.xlsx, process_memory=False, process_document=True, process_main=True, process_all=False, cycle=1, gpu_type=iGPU, service_path=C:\Users\XiaoXinPro 16 IAH\Desktop\LRIA_llm_eval\version\LATC_Brain_20251031\Lenovo_Quantum_Core_V20251030_R8_226
2025-11-10 14:55:40,063 - [Quantum_e2e_20251110.py:1508] - [<module>] - INFO - 备份前停止服务...
2025-11-10 14:55:40,089 - [start_stop_services.py:388] - [stop_services] - INFO - 未找到需要终止的服务进程
2025-11-10 14:55:40,089 - [Quantum_e2e_20251110.py:1511] - [<module>] - INFO - 服务已停止，开始备份和清理目录...
2025-11-10 14:55:40,089 - [Quantum_e2e_20251110.py:1434] - [backup_and_cleanup_directories] - INFO - 开始备份日志信息和清理目录...
2025-11-10 14:55:40,111 - [Quantum_e2e_20251110.py:1455] - [backup_and_cleanup_directories] - INFO - 成功备份日志目录: C:\Users\XiaoXinPro 16 IAH\AppData\Local\mcp_mgmt_service -> C:\Users\XiaoXinPro 16 IAH\AppData\Local\mcp_mgmt_service_20251110145540
2025-11-10 14:55:40,113 - [Quantum_e2e_20251110.py:1457] - [backup_and_cleanup_directories] - INFO - 成功删除日志目录: C:\Users\XiaoXinPro 16 IAH\AppData\Local\mcp_mgmt_service
2025-11-10 14:55:40,153 - [Quantum_e2e_20251110.py:1455] - [backup_and_cleanup_directories] - INFO - 成功备份日志目录: C:\Users\XiaoXinPro 16 IAH\AppData\Local\quantum_core -> C:\Users\XiaoXinPro 16 IAH\AppData\Local\quantum_core_20251110145540
2025-11-10 14:55:40,159 - [Quantum_e2e_20251110.py:1457] - [backup_and_cleanup_directories] - INFO - 成功删除日志目录: C:\Users\XiaoXinPro 16 IAH\AppData\Local\quantum_core
2025-11-10 14:55:40,165 - [Quantum_e2e_20251110.py:1471] - [backup_and_cleanup_directories] - INFO - 成功删除目录: C:\Users\XiaoXinPro 16 IAH\.quantum
2025-11-10 14:55:40,383 - [Quantum_e2e_20251110.py:1471] - [backup_and_cleanup_directories] - INFO - 成功删除目录: C:\Users\XiaoXinPro 16 IAH\Documents\QTCore
2025-11-10 14:55:40,384 - [Quantum_e2e_20251110.py:1475] - [backup_and_cleanup_directories] - INFO - 删除目录不存在: C:\Users\XiaoXinPro 16 IAH\AppData\Quantum
2025-11-10 14:55:40,483 - [Quantum_e2e_20251110.py:1471] - [backup_and_cleanup_directories] - INFO - 成功删除目录: C:\Users\XiaoXinPro 16 IAH\AppData\Local\Lenovo\QuantumAI
2025-11-10 14:55:40,484 - [Quantum_e2e_20251110.py:1519] - [<module>] - INFO - 开始启动服务...
2025-11-10 14:55:40,484 - [start_stop_services.py:335] - [start_services] - INFO - 开始启动服务，服务目录: C:\Users\XiaoXinPro 16 IAH\Desktop\LRIA_llm_eval\version\LATC_Brain_20251031\Lenovo_Quantum_Core_V20251030_R8_226
2025-11-10 14:55:40,484 - [start_stop_services.py:28] - [start_mcp_service] - INFO - 开始启动 mcpMgmtService.exe，时间戳: 2025-11-10 14:55:40.484
2025-11-10 14:55:41,857 - [start_stop_services.py:85] - [check_mcp_service_ready] - WARNING - 日志目录不存在: C:\Users\XiaoXinPro 16 IAH\AppData\Local\mcp_mgmt_service
2025-11-10 14:55:42,865 - [start_stop_services.py:96] - [check_mcp_service_ready] - WARNING - 未找到日志文件
2025-11-10 14:55:43,884 - [start_stop_services.py:128] - [check_mcp_service_ready] - INFO - 未找到在启动时间之后的application ready event
2025-11-10 14:55:44,891 - [start_stop_services.py:128] - [check_mcp_service_ready] - INFO - 未找到在启动时间之后的application ready event
2025-11-10 14:55:45,903 - [start_stop_services.py:128] - [check_mcp_service_ready] - INFO - 未找到在启动时间之后的application ready event
2025-11-10 14:55:46,922 - [start_stop_services.py:128] - [check_mcp_service_ready] - INFO - 未找到在启动时间之后的application ready event
2025-11-10 14:55:47,931 - [start_stop_services.py:128] - [check_mcp_service_ready] - INFO - 未找到在启动时间之后的application ready event
2025-11-10 14:55:48,945 - [start_stop_services.py:128] - [check_mcp_service_ready] - INFO - 未找到在启动时间之后的application ready event
2025-11-10 14:55:49,967 - [start_stop_services.py:128] - [check_mcp_service_ready] - INFO - 未找到在启动时间之后的application ready event
2025-11-10 14:55:50,983 - [start_stop_services.py:128] - [check_mcp_service_ready] - INFO - 未找到在启动时间之后的application ready event
2025-11-10 14:55:52,002 - [start_stop_services.py:128] - [check_mcp_service_ready] - INFO - 未找到在启动时间之后的application ready event
2025-11-10 14:55:53,021 - [start_stop_services.py:118] - [check_mcp_service_ready] - INFO - 找到在启动时间之后的application ready event: 2025-11-10 14:55:52.641 [INFO] [main] [com.lenovo.aieco.quantum.config.RegistryManagerConfig] - [onApplicationReadyEvent] [43] - application ready event, successfully write win registry key.
2025-11-10 14:55:53,022 - [start_stop_services.py:119] - [check_mcp_service_ready] - INFO - MCP服务启动时间: 12.157秒 (从 2025-11-10 14:55:40.484 到 2025-11-10 14:55:52.641)
2025-11-10 14:55:53,022 - [start_stop_services.py:60] - [start_mcp_service] - INFO - mcpMgmtService.exe 启动成功
2025-11-10 14:55:53,032 - [start_stop_services.py:157] - [start_quantum_service] - INFO - 开始启动 com.lenovo.quantum.exe，时间戳: 2025-11-10 14:55:53.032
2025-11-10 14:55:54,259 - [start_stop_services.py:208] - [check_quantum_service_ready] - WARNING - 量子服务日志目录不存在: C:\Users\XiaoXinPro 16 IAH\AppData\Local\quantum_core
2025-11-10 14:55:55,264 - [start_stop_services.py:208] - [check_quantum_service_ready] - WARNING - 量子服务日志目录不存在: C:\Users\XiaoXinPro 16 IAH\AppData\Local\quantum_core
2025-11-10 14:55:56,271 - [start_stop_services.py:208] - [check_quantum_service_ready] - WARNING - 量子服务日志目录不存在: C:\Users\XiaoXinPro 16 IAH\AppData\Local\quantum_core
2025-11-10 14:55:57,285 - [start_stop_services.py:279] - [check_quantum_service_ready] - INFO - 未找到在启动时间之后的工具列表信息
2025-11-10 14:55:58,301 - [start_stop_services.py:279] - [check_quantum_service_ready] - INFO - 未找到在启动时间之后的工具列表信息
2025-11-10 14:55:59,311 - [start_stop_services.py:279] - [check_quantum_service_ready] - INFO - 未找到在启动时间之后的工具列表信息
2025-11-10 14:56:00,326 - [start_stop_services.py:279] - [check_quantum_service_ready] - INFO - 未找到在启动时间之后的工具列表信息
2025-11-10 14:56:01,339 - [start_stop_services.py:279] - [check_quantum_service_ready] - INFO - 未找到在启动时间之后的工具列表信息
2025-11-10 14:56:02,353 - [start_stop_services.py:279] - [check_quantum_service_ready] - INFO - 未找到在启动时间之后的工具列表信息
2025-11-10 14:56:03,370 - [start_stop_services.py:279] - [check_quantum_service_ready] - INFO - 未找到在启动时间之后的工具列表信息
2025-11-10 14:56:04,377 - [start_stop_services.py:279] - [check_quantum_service_ready] - INFO - 未找到在启动时间之后的工具列表信息
2025-11-10 14:56:05,391 - [start_stop_services.py:279] - [check_quantum_service_ready] - INFO - 未找到在启动时间之后的工具列表信息
2025-11-10 14:56:06,406 - [start_stop_services.py:279] - [check_quantum_service_ready] - INFO - 未找到在启动时间之后的工具列表信息
2025-11-10 14:56:07,426 - [start_stop_services.py:279] - [check_quantum_service_ready] - INFO - 未找到在启动时间之后的工具列表信息
2025-11-10 14:56:08,445 - [start_stop_services.py:279] - [check_quantum_service_ready] - INFO - 未找到在启动时间之后的工具列表信息
2025-11-10 14:56:09,455 - [start_stop_services.py:279] - [check_quantum_service_ready] - INFO - 未找到在启动时间之后的工具列表信息
2025-11-10 14:56:10,487 - [start_stop_services.py:279] - [check_quantum_service_ready] - INFO - 未找到在启动时间之后的工具列表信息
2025-11-10 14:56:11,494 - [start_stop_services.py:279] - [check_quantum_service_ready] - INFO - 未找到在启动时间之后的工具列表信息
2025-11-10 14:56:12,503 - [start_stop_services.py:279] - [check_quantum_service_ready] - INFO - 未找到在启动时间之后的工具列表信息
2025-11-10 14:56:13,519 - [start_stop_services.py:279] - [check_quantum_service_ready] - INFO - 未找到在启动时间之后的工具列表信息
2025-11-10 14:56:14,534 - [start_stop_services.py:279] - [check_quantum_service_ready] - INFO - 未找到在启动时间之后的工具列表信息
2025-11-10 14:56:15,552 - [start_stop_services.py:279] - [check_quantum_service_ready] - INFO - 未找到在启动时间之后的工具列表信息
2025-11-10 14:56:16,625 - [start_stop_services.py:279] - [check_quantum_service_ready] - INFO - 未找到在启动时间之后的工具列表信息
2025-11-10 14:56:17,646 - [start_stop_services.py:279] - [check_quantum_service_ready] - INFO - 未找到在启动时间之后的工具列表信息
2025-11-10 14:56:18,683 - [start_stop_services.py:279] - [check_quantum_service_ready] - INFO - 未找到在启动时间之后的工具列表信息
2025-11-10 14:56:19,715 - [start_stop_services.py:279] - [check_quantum_service_ready] - INFO - 未找到在启动时间之后的工具列表信息
2025-11-10 14:56:20,738 - [start_stop_services.py:279] - [check_quantum_service_ready] - INFO - 未找到在启动时间之后的工具列表信息
2025-11-10 14:56:21,767 - [start_stop_services.py:279] - [check_quantum_service_ready] - INFO - 未找到在启动时间之后的工具列表信息
2025-11-10 14:56:22,799 - [start_stop_services.py:279] - [check_quantum_service_ready] - INFO - 未找到在启动时间之后的工具列表信息
2025-11-10 14:56:23,836 - [start_stop_services.py:279] - [check_quantum_service_ready] - INFO - 未找到在启动时间之后的工具列表信息
2025-11-10 14:56:24,875 - [start_stop_services.py:279] - [check_quantum_service_ready] - INFO - 未找到在启动时间之后的工具列表信息
2025-11-10 14:56:25,918 - [start_stop_services.py:279] - [check_quantum_service_ready] - INFO - 未找到在启动时间之后的工具列表信息
2025-11-10 14:56:26,967 - [start_stop_services.py:279] - [check_quantum_service_ready] - INFO - 未找到在启动时间之后的工具列表信息
2025-11-10 14:56:28,008 - [start_stop_services.py:279] - [check_quantum_service_ready] - INFO - 未找到在启动时间之后的工具列表信息
2025-11-10 14:56:29,050 - [start_stop_services.py:279] - [check_quantum_service_ready] - INFO - 未找到在启动时间之后的工具列表信息
2025-11-10 14:56:30,087 - [start_stop_services.py:265] - [check_quantum_service_ready] - INFO - 找到在启动时间之后工具数量最多的工具列表信息: [LocalAgent_volume_control_on_pc, add_document_to_knowledge_base, web_search_grounding, LocalAgent_open_app_on_pc, search_image, LocalAgent_close_app_on_pc, LocalAgent_connectivity_toggle_on_pc, LocalAgent_add_calendar_event_on_pc, LocalFileSearch_local_file_search_on_pc, LocalAgent_make_video_call_on_pc, localczMCPServer_init_model, LocalAgent_microphone_toggle_on_pc, LocalAgent_battery_saver_toggle_on_pc, LocalAgent_check_calendar_event_on_pc, LocalAgent_eye_care_mode_toggle_on_pc, czMCPServer_cloud_image_from_text, LocalAgent_setup_chatgroup_on_pc, czMCPServer_cloud_image_from_outpainting, CMU_reply_notification, LocalAgent_performance_toggle_on_pc, czMCPServer_cloud_image_from_sketch, LocalAgent_send_message_on_pc, LocalAgent_change_background_on_pc, LocalAgent_system_update_control_on_pc, LearningZone_generate_notes, knowledge_base_qa, localczMCPServer_load_model, LocalAgent_speaker_toggle_on_pc, LocalAgent_open_browser_with_url, add_memory, LocalAgent_brightness_control_on_pc, czMCPServer_cloud_image_from_erase, CMU_get_notifications, czMCPServer_cloud_image_from_inpainting, localczMCPServer_local_text_to_image_tool, LocalAgent_night_mode_toggle_on_pc, LocalAgent_notification_control_on_pc, LocalAgent_make_voice_call_on_pc, czMCPServer_cloud_image_from_style_sync, LearningZone_generate_quiz, LocalAgent_send_email_on_pc, search_memory, czMCPServer_cloud_avatar_from_image, czMCPServer_cloud_image_from_SmartEditing, summarize_documents, czMCPServer_cloud_sticker_from_text]
2025-11-10 14:56:30,088 - [start_stop_services.py:266] - [check_quantum_service_ready] - INFO - 工具数量: 46
2025-11-10 14:56:30,089 - [start_stop_services.py:274] - [check_quantum_service_ready] - INFO - 检测到 46 个工具: ['LocalAgent_volume_control_on_pc', 'add_document_to_knowledge_base', 'web_search_grounding', 'LocalAgent_open_app_on_pc', 'search_image', 'LocalAgent_close_app_on_pc', 'LocalAgent_connectivity_toggle_on_pc', 'LocalAgent_add_calendar_event_on_pc', 'LocalFileSearch_local_file_search_on_pc', 'LocalAgent_make_video_call_on_pc', 'localczMCPServer_init_model', 'LocalAgent_microphone_toggle_on_pc', 'LocalAgent_battery_saver_toggle_on_pc', 'LocalAgent_check_calendar_event_on_pc', 'LocalAgent_eye_care_mode_toggle_on_pc', 'czMCPServer_cloud_image_from_text', 'LocalAgent_setup_chatgroup_on_pc', 'czMCPServer_cloud_image_from_outpainting', 'CMU_reply_notification', 'LocalAgent_performance_toggle_on_pc', 'czMCPServer_cloud_image_from_sketch', 'LocalAgent_send_message_on_pc', 'LocalAgent_change_background_on_pc', 'LocalAgent_system_update_control_on_pc', 'LearningZone_generate_notes', 'knowledge_base_qa', 'localczMCPServer_load_model', 'LocalAgent_speaker_toggle_on_pc', 'LocalAgent_open_browser_with_url', 'add_memory', 'LocalAgent_brightness_control_on_pc', 'czMCPServer_cloud_image_from_erase', 'CMU_get_notifications', 'czMCPServer_cloud_image_from_inpainting', 'localczMCPServer_local_text_to_image_tool', 'LocalAgent_night_mode_toggle_on_pc', 'LocalAgent_notification_control_on_pc', 'LocalAgent_make_voice_call_on_pc', 'czMCPServer_cloud_image_from_style_sync', 'LearningZone_generate_quiz', 'LocalAgent_send_email_on_pc', 'search_memory', 'czMCPServer_cloud_avatar_from_image', 'czMCPServer_cloud_image_from_SmartEditing', 'summarize_documents', 'czMCPServer_cloud_sticker_from_text']
2025-11-10 14:56:30,089 - [start_stop_services.py:181] - [start_quantum_service] - INFO - com.lenovo.quantum.exe 启动成功
2025-11-10 14:56:30,089 - [start_stop_services.py:347] - [start_services] - INFO - 所有服务启动成功
2025-11-10 14:56:30,089 - [Quantum_e2e_20251110.py:1521] - [<module>] - INFO - 所有服务启动成功，可以继续执行后续流程
2025-11-10 14:56:30,095 - [Quantum_e2e_20251110.py:1565] - [<module>] - INFO - 找到 1 个Excel文件
2025-11-10 14:56:30,820 - [monitor_util.py:135] - [start_monitoring_resource] - INFO - c:\Users\XiaoXinPro 16 IAH\Desktop\LRIA_llm_eval\eval\Quantum_e2e_v20251106\resource\resource_20251110_145540.csv
2025-11-10 14:56:30,820 - [monitor_util.py:136] - [start_monitoring_resource] - INFO - Detected GPU type: iGPU
2025-11-10 14:56:30,821 - [monitor_util.py:147] - [start_monitoring_resource] - INFO - Selected monitor method: monitor_iGPU
2025-11-10 14:56:30,824 - [monitor_util.py:150] - [start_monitoring_resource] - INFO - Monitor thread started: True
2025-11-10 14:56:30,824 - [Quantum_e2e_20251110.py:1589] - [<module>] - INFO - 
正在处理文件: Pod7_Multimodal_cases_v1.3_sub50_1029.xlsx
2025-11-10 14:56:30,825 - [Quantum_e2e_20251110.py:1059] - [process_document_registration_only] - INFO - 开始文档注册流程...
2025-11-10 14:56:30,840 - [connectionpool.py:243] - [_new_conn] - DEBUG - Starting new HTTP connection (1): 127.0.0.1:35253
2025-11-10 14:56:30,940 - [connectionpool.py:546] - [_make_request] - DEBUG - http://127.0.0.1:35253 "POST /upload HTTP/11" 200 19
2025-11-10 14:56:30,941 - [Quantum_e2e_20251110.py:120] - [create_session] - INFO - 成功创建会话，upload_id: -173533038120714991
2025-11-10 14:56:31,952 - [connectionpool.py:243] - [_new_conn] - DEBUG - Starting new HTTP connection (1): 127.0.0.1:35253
2025-11-10 14:56:31,961 - [connectionpool.py:546] - [_make_request] - DEBUG - http://127.0.0.1:35253 "GET /query?fileData=-173533038120714991 HTTP/11" 200 None
2025-11-10 14:56:32,319 - [Quantum_e2e_20251110.py:159] - [get_session_info] - INFO - jobId: 1
2025-11-10 14:56:32,403 - [Quantum_e2e_20251110.py:165] - [get_session_info] - INFO - sessionID: 85d03f41-ddcb-4d2e-afca-c248f1f442ea
2025-11-10 14:56:32,412 - [Quantum_e2e_20251110.py:1077] - [process_document_registration_only] - INFO - 找到 9 个文档文件
2025-11-10 14:56:32,412 - [Quantum_e2e_20251110.py:1128] - [process_document_registration_only] - INFO - 开始文档注册，时间: 2025-11-10 14:56:32
2025-11-10 14:56:32,413 - [Quantum_e2e_20251110.py:223] - [register_document] - INFO - 注册文档: ['C:\\Users\\XiaoXinPro 16 IAH\\Desktop\\LRIA_llm_eval\\eval\\Quantum_e2e_v20251106\\Bvt1110\\bvtfiles\\2403.19401.pdf', 'C:\\Users\\XiaoXinPro 16 IAH\\Desktop\\LRIA_llm_eval\\eval\\Quantum_e2e_v20251106\\Bvt1110\\bvtfiles\\3nql1cs15r8aviz39pth2bpsr4zvy1.txt', 'C:\\Users\\XiaoXinPro 16 IAH\\Desktop\\LRIA_llm_eval\\eval\\Quantum_e2e_v20251106\\Bvt1110\\bvtfiles\\3u84xhcdicdb6vqtlfud7syhj444z2.txt', 'C:\\Users\\XiaoXinPro 16 IAH\\Desktop\\LRIA_llm_eval\\eval\\Quantum_e2e_v20251106\\Bvt1110\\bvtfiles\\3z3zlgnnsiuha76yy56h6uu71bh3q1.txt', 'C:\\Users\\XiaoXinPro 16 IAH\\Desktop\\LRIA_llm_eval\\eval\\Quantum_e2e_v20251106\\Bvt1110\\bvtfiles\\AI_Face_Test_Set_Collection_Method_Design.pptx', 'C:\\Users\\XiaoXinPro 16 IAH\\Desktop\\LRIA_llm_eval\\eval\\Quantum_e2e_v20251106\\Bvt1110\\bvtfiles\\A_brief_introduction_of_LP_liutao21_20220615.pptx', 'C:\\Users\\XiaoXinPro 16 IAH\\Desktop\\LRIA_llm_eval\\eval\\Quantum_e2e_v20251106\\Bvt1110\\bvtfiles\\Belfast-English.docx', 'C:\\Users\\XiaoXinPro 16 IAH\\Desktop\\LRIA_llm_eval\\eval\\Quantum_e2e_v20251106\\Bvt1110\\bvtfiles\\British-Food-Culture.doc', 'C:\\Users\\XiaoXinPro 16 IAH\\Desktop\\LRIA_llm_eval\\eval\\Quantum_e2e_v20251106\\Bvt1110\\bvtfiles\\Netflix Becomes a Broadway Producer With Peter Morgan’s Patriots.txt']
2025-11-10 14:56:32,415 - [connectionpool.py:243] - [_new_conn] - DEBUG - Starting new HTTP connection (1): 127.0.0.1:35253
2025-11-10 14:56:32,420 - [connectionpool.py:546] - [_make_request] - DEBUG - http://127.0.0.1:35253 "POST /upload HTTP/11" 200 19
2025-11-10 14:56:32,421 - [Quantum_e2e_20251110.py:232] - [register_document] - INFO - 成功注册文档，upload_id: 1851999552151588117
2025-11-10 14:56:32,423 - [connectionpool.py:243] - [_new_conn] - DEBUG - Starting new HTTP connection (1): 127.0.0.1:35253
2025-11-10 14:56:32,437 - [connectionpool.py:546] - [_make_request] - DEBUG - http://127.0.0.1:35253 "GET /query?fileData=1851999552151588117 HTTP/11" 200 None
2025-11-10 14:56:32,872 - [Quantum_e2e_20251110.py:583] - [get_response_content_detailed] - INFO - 响应时间: 0.02秒
2025-11-10 14:56:34,885 - [Quantum_e2e_20251110.py:1145] - [process_document_registration_only] - INFO - 第1次检查文档处理状态...
2025-11-10 14:56:34,886 - [Quantum_e2e_20251110.py:289] - [get_register_document] - INFO - 检查文档注册状态...
2025-11-10 14:56:34,889 - [connectionpool.py:243] - [_new_conn] - DEBUG - Starting new HTTP connection (1): 127.0.0.1:35253
2025-11-10 14:56:34,896 - [connectionpool.py:546] - [_make_request] - DEBUG - http://127.0.0.1:35253 "POST /upload HTTP/11" 200 20
2025-11-10 14:56:34,896 - [Quantum_e2e_20251110.py:299] - [get_register_document] - INFO - 文档注册已用时间: 2.48秒 (00:02)
2025-11-10 14:56:34,897 - [Quantum_e2e_20251110.py:303] - [get_register_document] - INFO - 成功获取文档列表，upload_id: -5148512435649884791
2025-11-10 14:56:34,898 - [connectionpool.py:243] - [_new_conn] - DEBUG - Starting new HTTP connection (1): 127.0.0.1:35253
2025-11-10 14:56:34,901 - [connectionpool.py:546] - [_make_request] - DEBUG - http://127.0.0.1:35253 "GET /query?fileData=-5148512435649884791 HTTP/11" 200 None
2025-11-10 14:56:35,062 - [Quantum_e2e_20251110.py:583] - [get_response_content_detailed] - INFO - 响应时间: 0.01秒
2025-11-10 14:56:35,062 - [Quantum_e2e_20251110.py:310] - [get_register_document] - INFO - 获取到的result_text: {"jobId":3,"status":"complete","data":{"text":"[{\"createTime\":\"2025-11-10T14:56:32.563\",\"description\":\"\",\"docName\":\"\",\"editTime\":\"2025-11-10T14:56:32.564\",\"errorDescription\":\"\",\"fileName\":\"2403.19401.pdf\",\"folder\":\"C:\\\\Users\\\\XiaoXinPro 16 IAH\\\\Desktop\\\\LRIA_llm_eval\\\\eval\\\\Quantum_e2e_v20251106\\\\Bvt1110\\\\bvtfiles\",\"id\":1987776370834542592,\"isDeleted\":0,\"isTmpFile\":false,\"labelNameList\":[],\"lastModifyTime\":\"2025-09-17T09:45:00\",\"md5\":\"4ff6ba88616fcf7a71d1dca6c9adc14c\",\"path\":\"C:\\\\Users\\\\XiaoXinPro 16 IAH\\\\Desktop\\\\LRIA_llm_eval\\\\eval\\\\Quantum_e2e_v20251106\\\\Bvt1110\\\\bvtfiles\\\\2403.19401.pdf\",\"priority\":1,\"score\":0.0,\"status\":\"ADDED\",\"tokenNum\":0,\"uriPath\":\"\"},{\"createTime\":\"2025-11-10T14:56:32.609\",\"description\":\"\",\"docName\":\"\",\"editTime\":\"2025-11-10T14:56:32.609\",\"errorDescription\":\"\",\"fileName\":\"3nql1cs15r8aviz39pth2bpsr4zvy1.txt\",\"folder\":\"C:\\\\Users\\\\XiaoXinPro 16 IAH\\\\Desktop\\\\LRIA_llm_eval\\\\eval\\\\Quantum_e2e_v20251106\\\\Bvt1110\\\\bvtfiles\",\"id\":1987776371027480576,\"isDeleted\":0,\"isTmpFile\":false,\"labelNameList\":[],\"lastModifyTime\":\"2025-09-17T09:45:00\",\"md5\":\"da0c0f7162b267cca0de596df4c40c56\",\"path\":\"C:\\\\Users\\\\XiaoXinPro 16 IAH\\\\Desktop\\\\LRIA_llm_eval\\\\eval\\\\Quantum_e2e_v20251106\\\\Bvt1110\\\\bvtfiles\\\\3nql1cs15r8aviz39pth2bpsr4zvy1.txt\",\"priority\":2,\"score\":0.0,\"status\":\"ADDED\",\"tokenNum\":0,\"uriPath\":\"\"},{\"createTime\":\"2025-11-10T14:56:32.639\",\"description\":\"\",\"docName\":\"\",\"editTime\":\"2025-11-10T14:56:32.639\",\"errorDescription\":\"\",\"fileName\":\"3u84xhcdicdb6vqtlfud7syhj444z2.txt\",\"folder\":\"C:\\\\Users\\\\XiaoXinPro 16 IAH\\\\Desktop\\\\LRIA_llm_eval\\\\eval\\\\Quantum_e2e_v20251106\\\\Bvt1110\\\\bvtfiles\",\"id\":1987776371153309696,\"isDeleted\":0,\"isTmpFile\":false,\"labelNameList\":[],\"lastModifyTime\":\"2025-09-17T09:45:00\",\"md5\":\"a80f0ad4af9fd250a462680c85e6fbf0\",\"path\":\"C:\\\\Users\\\\XiaoXinPro 16 IAH\\\\Desktop\\\\LRIA_llm_eval\\\\eval\\\\Quantum_e2e_v20251106\\\\Bvt1110\\\\bvtfiles\\\\3u84xhcdicdb6vqtlfud7syhj444z2.txt\",\"priority\":3,\"score\":0.0,\"status\":\"ADDED\",\"tokenNum\":0,\"uriPath\":\"\"},{\"createTime\":\"2025-11-10T14:56:32.666\",\"description\":\"\",\"docName\":\"\",\"editTime\":\"2025-11-10T14:56:32.666\",\"errorDescription\":\"\",\"fileName\":\"3z3zlgnnsiuha76yy56h6uu71bh3q1.txt\",\"folder\":\"C:\\\\Users\\\\XiaoXinPro 16 IAH\\\\Desktop\\\\LRIA_llm_eval\\\\eval\\\\Quantum_e2e_v20251106\\\\Bvt1110\\\\bvtfiles\",\"id\":1987776371266555904,\"isDeleted\":0,\"isTmpFile\":false,\"labelNameList\":[],\"lastModifyTime\":\"2025-09-17T09:45:00\",\"md5\":\"bb28043dd606535bdcaf1ee30346b0f9\",\"path\":\"C:\\\\Users\\\\XiaoXinPro 16 IAH\\\\Desktop\\\\LRIA_llm_eval\\\\eval\\\\Quantum_e2e_v20251106\\\\Bvt1110\\\\bvtfiles\\\\3z3zlgnnsiuha76yy56h6uu71bh3q1.txt\",\"priority\":4,\"score\":0.0,\"status\":\"ADDED\",\"tokenNum\":0,\"uriPath\":\"\"},{\"createTime\":\"2025-11-10T14:56:32.695\",\"description\":\"\",\"docName\":\"\",\"editTime\":\"2025-11-10T14:56:32.695\",\"errorDescription\":\"\",\"fileName\":\"AI_Face_Test_Set_Collection_Method_Design.pptx\",\"folder\":\"C:\\\\Users\\\\XiaoXinPro 16 IAH\\\\Desktop\\\\LRIA_llm_eval\\\\eval\\\\Quantum_e2e_v20251106\\\\Bvt1110\\\\bvtfiles\",\"id\":1987776371388190720,\"isDeleted\":0,\"isTmpFile\":false,\"labelNameList\":[],\"lastModifyTime\":\"2025-09-17T09:46:00\",\"md5\":\"b0f396e7936e0f6192cd880927e8e74b\",\"path\":\"C:\\\\Users\\\\XiaoXinPro 16 IAH\\\\Desktop\\\\LRIA_llm_eval\\\\eval\\\\Quantum_e2e_v20251106\\\\Bvt1110\\\\bvtfiles\\\\AI_Face_Test_Set_Collection_Method_Design.pptx\",\"priority\":5,\"score\":0.0,\"status\":\"ADDED\",\"tokenNum\":0,\"uriPath\":\"\"},{\"createTime\":\"2025-11-10T14:56:32.726\",\"description\":\"\",\"docName\":\"\",\"editTime\":\"2025-11-10T14:56:32.726\",\"errorDescription\":\"\",\"fileName\":\"A_brief_introduction_of_LP_liutao21_20220615.pptx\",\"folder\":\"C:\\\\Users\\\\XiaoXinPro 16 IAH\\\\Desktop\\\\LRIA_llm_eval\\\\eval\\\\Quantum_e2e_v20251106\\\\Bvt1110\\\\bvtfiles\",\"id\":1987776371518214144,\"isDeleted\":0,\"isTmpFile\":false,\"labelNameList\":[],\"lastModifyTime\":\"2025-09-17T09:46:00\",\"md5\":\"0dbb2532524843af54fb3388b7bf3381\",\"path\":\"C:\\\\Users\\\\XiaoXinPro 16 IAH\\\\Desktop\\\\LRIA_llm_eval\\\\eval\\\\Quantum_e2e_v20251106\\\\Bvt1110\\\\bvtfiles\\\\A_brief_introduction_of_LP_liutao21_20220615.pptx\",\"priority\":6,\"score\":0.0,\"status\":\"ADDED\",\"tokenNum\":0,\"uriPath\":\"\"},{\"createTime\":\"2025-11-10T14:56:32.800\",\"description\":\"\",\"docName\":\"\",\"editTime\":\"2025-11-10T14:56:32.800\",\"errorDescription\":\"\",\"fileName\":\"Belfast-English.docx\",\"folder\":\"C:\\\\Users\\\\XiaoXinPro 16 IAH\\\\Desktop\\\\LRIA_llm_eval\\\\eval\\\\Quantum_e2e_v20251106\\\\Bvt1110\\\\bvtfiles\",\"id\":1987776371828592640,\"isDeleted\":0,\"isTmpFile\":false,\"labelNameList\":[],\"lastModifyTime\":\"2025-09-17T09:45:00\",\"md5\":\"3193e699ffa92db332ae31a9fb1d3cb4\",\"path\":\"C:\\\\Users\\\\XiaoXinPro 16 IAH\\\\Desktop\\\\LRIA_llm_eval\\\\eval\\\\Quantum_e2e_v20251106\\\\Bvt1110\\\\bvtfiles\\\\Belfast-English.docx\",\"priority\":7,\"score\":0.0,\"status\":\"ADDED\",\"tokenNum\":0,\"uriPath\":\"\"},{\"createTime\":\"2025-11-10T14:56:32.823\",\"description\":\"\",\"docName\":\"\",\"editTime\":\"2025-11-10T14:56:32.823\",\"errorDescription\":\"\",\"fileName\":\"British-Food-Culture.doc\",\"folder\":\"C:\\\\Users\\\\XiaoXinPro 16 IAH\\\\Desktop\\\\LRIA_llm_eval\\\\eval\\\\Quantum_e2e_v20251106\\\\Bvt1110\\\\bvtfiles\",\"id\":1987776371925061632,\"isDeleted\":0,\"isTmpFile\":false,\"labelNameList\":[],\"lastModifyTime\":\"2025-09-17T09:45:00\",\"md5\":\"435798f1c3377c7f5b71e18d733ca579\",\"path\":\"C:\\\\Users\\\\XiaoXinPro 16 IAH\\\\Desktop\\\\LRIA_llm_eval\\\\eval\\\\Quantum_e2e_v20251106\\\\Bvt1110\\\\bvtfiles\\\\British-Food-Culture.doc\",\"priority\":8,\"score\":0.0,\"status\":\"ADDED\",\"tokenNum\":0,\"uriPath\":\"\"},{\"createTime\":\"2025-11-10T14:56:32.847\",\"description\":\"\",\"docName\":\"\",\"editTime\":\"2025-11-10T14:56:32.847\",\"errorDescription\":\"\",\"fileName\":\"Netflix Becomes a Broadway Producer With Peter Morgan’s Patriots.txt\",\"folder\":\"C:\\\\Users\\\\XiaoXinPro 16 IAH\\\\Desktop\\\\LRIA_llm_eval\\\\eval\\\\Quantum_e2e_v20251106\\\\Bvt1110\\\\bvtfiles\",\"id\":1987776372025724928,\"isDeleted\":0,\"isTmpFile\":false,\"labelNameList\":[],\"lastModifyTime\":\"2025-09-17T09:46:00\",\"md5\":\"ab84c46eaa62a18048fb0241446da4ca\",\"path\":\"C:\\\\Users\\\\XiaoXinPro 16 IAH\\\\Desktop\\\\LRIA_llm_eval\\\\eval\\\\Quantum_e2e_v20251106\\\\Bvt1110\\\\bvtfiles\\\\Netflix Becomes a Broadway Producer With Peter Morgan’s Patriots.txt\",\"priority\":9,\"score\":0.0,\"status\":\"ADDED\",\"tokenNum\":0,\"uriPath\":\"\"}]"}}
2025-11-10 14:56:35,063 - [Quantum_e2e_20251110.py:340] - [get_register_document] - INFO - 文档数量: 9
2025-11-10 14:56:35,063 - [Quantum_e2e_20251110.py:363] - [get_register_document] - INFO - 文档总数: 9, COMPLETED状态的文档数量: 0
2025-11-10 14:56:35,063 - [Quantum_e2e_20251110.py:395] - [get_register_document] - INFO - 仍有文档在处理中
2025-11-10 14:56:35,064 - [Quantum_e2e_20251110.py:1154] - [process_document_registration_only] - INFO - 文档仍在处理中，等待2秒后重试...
2025-11-10 14:56:37,079 - [Quantum_e2e_20251110.py:1145] - [process_document_registration_only] - INFO - 第2次检查文档处理状态...
2025-11-10 14:56:37,079 - [Quantum_e2e_20251110.py:289] - [get_register_document] - INFO - 检查文档注册状态...
2025-11-10 14:56:37,083 - [connectionpool.py:243] - [_new_conn] - DEBUG - Starting new HTTP connection (1): 127.0.0.1:35253
2025-11-10 14:56:37,086 - [connectionpool.py:546] - [_make_request] - DEBUG - http://127.0.0.1:35253 "POST /upload HTTP/11" 200 20
2025-11-10 14:56:37,088 - [Quantum_e2e_20251110.py:299] - [get_register_document] - INFO - 文档注册已用时间: 4.68秒 (00:04)
2025-11-10 14:56:37,088 - [Quantum_e2e_20251110.py:303] - [get_register_document] - INFO - 成功获取文档列表，upload_id: -3574527971228985813
2025-11-10 14:56:37,089 - [connectionpool.py:243] - [_new_conn] - DEBUG - Starting new HTTP connection (1): 127.0.0.1:35253
2025-11-10 14:56:37,094 - [connectionpool.py:546] - [_make_request] - DEBUG - http://127.0.0.1:35253 "GET /query?fileData=-3574527971228985813 HTTP/11" 200 None
2025-11-10 14:56:37,224 - [Quantum_e2e_20251110.py:583] - [get_response_content_detailed] - INFO - 响应时间: 0.01秒
2025-11-10 14:56:37,224 - [Quantum_e2e_20251110.py:310] - [get_register_document] - INFO - 获取到的result_text: {"jobId":4,"status":"complete","data":{"text":"[{\"createTime\":\"2025-11-10T14:56:32.563\",\"description\":\"\",\"docName\":\"\",\"editTime\":\"2025-11-10T14:56:32.564\",\"errorDescription\":\"\",\"fileName\":\"2403.19401.pdf\",\"folder\":\"C:\\\\Users\\\\XiaoXinPro 16 IAH\\\\Desktop\\\\LRIA_llm_eval\\\\eval\\\\Quantum_e2e_v20251106\\\\Bvt1110\\\\bvtfiles\",\"id\":1987776370834542592,\"isDeleted\":0,\"isTmpFile\":false,\"labelNameList\":[],\"lastModifyTime\":\"2025-09-17T09:45:00\",\"md5\":\"4ff6ba88616fcf7a71d1dca6c9adc14c\",\"path\":\"C:\\\\Users\\\\XiaoXinPro 16 IAH\\\\Desktop\\\\LRIA_llm_eval\\\\eval\\\\Quantum_e2e_v20251106\\\\Bvt1110\\\\bvtfiles\\\\2403.19401.pdf\",\"priority\":1,\"score\":0.0,\"status\":\"ADDED\",\"tokenNum\":0,\"uriPath\":\"\"},{\"createTime\":\"2025-11-10T14:56:32.609\",\"description\":\"\",\"docName\":\"\",\"editTime\":\"2025-11-10T14:56:32.609\",\"errorDescription\":\"\",\"fileName\":\"3nql1cs15r8aviz39pth2bpsr4zvy1.txt\",\"folder\":\"C:\\\\Users\\\\XiaoXinPro 16 IAH\\\\Desktop\\\\LRIA_llm_eval\\\\eval\\\\Quantum_e2e_v20251106\\\\Bvt1110\\\\bvtfiles\",\"id\":1987776371027480576,\"isDeleted\":0,\"isTmpFile\":false,\"labelNameList\":[],\"lastModifyTime\":\"2025-09-17T09:45:00\",\"md5\":\"da0c0f7162b267cca0de596df4c40c56\",\"path\":\"C:\\\\Users\\\\XiaoXinPro 16 IAH\\\\Desktop\\\\LRIA_llm_eval\\\\eval\\\\Quantum_e2e_v20251106\\\\Bvt1110\\\\bvtfiles\\\\3nql1cs15r8aviz39pth2bpsr4zvy1.txt\",\"priority\":2,\"score\":0.0,\"status\":\"ADDED\",\"tokenNum\":0,\"uriPath\":\"\"},{\"createTime\":\"2025-11-10T14:56:32.639\",\"description\":\"\",\"docName\":\"\",\"editTime\":\"2025-11-10T14:56:32.639\",\"errorDescription\":\"\",\"fileName\":\"3u84xhcdicdb6vqtlfud7syhj444z2.txt\",\"folder\":\"C:\\\\Users\\\\XiaoXinPro 16 IAH\\\\Desktop\\\\LRIA_llm_eval\\\\eval\\\\Quantum_e2e_v20251106\\\\Bvt1110\\\\bvtfiles\",\"id\":1987776371153309696,\"isDeleted\":0,\"isTmpFile\":false,\"labelNameList\":[],\"lastModifyTime\":\"2025-09-17T09:45:00\",\"md5\":\"a80f0ad4af9fd250a462680c85e6fbf0\",\"path\":\"C:\\\\Users\\\\XiaoXinPro 16 IAH\\\\Desktop\\\\LRIA_llm_eval\\\\eval\\\\Quantum_e2e_v20251106\\\\Bvt1110\\\\bvtfiles\\\\3u84xhcdicdb6vqtlfud7syhj444z2.txt\",\"priority\":3,\"score\":0.0,\"status\":\"ADDED\",\"tokenNum\":0,\"uriPath\":\"\"},{\"createTime\":\"2025-11-10T14:56:32.666\",\"description\":\"\",\"docName\":\"\",\"editTime\":\"2025-11-10T14:56:32.666\",\"errorDescription\":\"\",\"fileName\":\"3z3zlgnnsiuha76yy56h6uu71bh3q1.txt\",\"folder\":\"C:\\\\Users\\\\XiaoXinPro 16 IAH\\\\Desktop\\\\LRIA_llm_eval\\\\eval\\\\Quantum_e2e_v20251106\\\\Bvt1110\\\\bvtfiles\",\"id\":1987776371266555904,\"isDeleted\":0,\"isTmpFile\":false,\"labelNameList\":[],\"lastModifyTime\":\"2025-09-17T09:45:00\",\"md5\":\"bb28043dd606535bdcaf1ee30346b0f9\",\"path\":\"C:\\\\Users\\\\XiaoXinPro 16 IAH\\\\Desktop\\\\LRIA_llm_eval\\\\eval\\\\Quantum_e2e_v20251106\\\\Bvt1110\\\\bvtfiles\\\\3z3zlgnnsiuha76yy56h6uu71bh3q1.txt\",\"priority\":4,\"score\":0.0,\"status\":\"ADDED\",\"tokenNum\":0,\"uriPath\":\"\"},{\"createTime\":\"2025-11-10T14:56:32.695\",\"description\":\"\",\"docName\":\"\",\"editTime\":\"2025-11-10T14:56:32.695\",\"errorDescription\":\"\",\"fileName\":\"AI_Face_Test_Set_Collection_Method_Design.pptx\",\"folder\":\"C:\\\\Users\\\\XiaoXinPro 16 IAH\\\\Desktop\\\\LRIA_llm_eval\\\\eval\\\\Quantum_e2e_v20251106\\\\Bvt1110\\\\bvtfiles\",\"id\":1987776371388190720,\"isDeleted\":0,\"isTmpFile\":false,\"labelNameList\":[],\"lastModifyTime\":\"2025-09-17T09:46:00\",\"md5\":\"b0f396e7936e0f6192cd880927e8e74b\",\"path\":\"C:\\\\Users\\\\XiaoXinPro 16 IAH\\\\Desktop\\\\LRIA_llm_eval\\\\eval\\\\Quantum_e2e_v20251106\\\\Bvt1110\\\\bvtfiles\\\\AI_Face_Test_Set_Collection_Method_Design.pptx\",\"priority\":5,\"score\":0.0,\"status\":\"ADDED\",\"tokenNum\":0,\"uriPath\":\"\"},{\"createTime\":\"2025-11-10T14:56:32.726\",\"description\":\"\",\"docName\":\"\",\"editTime\":\"2025-11-10T14:56:32.726\",\"errorDescription\":\"\",\"fileName\":\"A_brief_introduction_of_LP_liutao21_20220615.pptx\",\"folder\":\"C:\\\\Users\\\\XiaoXinPro 16 IAH\\\\Desktop\\\\LRIA_llm_eval\\\\eval\\\\Quantum_e2e_v20251106\\\\Bvt1110\\\\bvtfiles\",\"id\":1987776371518214144,\"isDeleted\":0,\"isTmpFile\":false,\"labelNameList\":[],\"lastModifyTime\":\"2025-09-17T09:46:00\",\"md5\":\"0dbb2532524843af54fb3388b7bf3381\",\"path\":\"C:\\\\Users\\\\XiaoXinPro 16 IAH\\\\Desktop\\\\LRIA_llm_eval\\\\eval\\\\Quantum_e2e_v20251106\\\\Bvt1110\\\\bvtfiles\\\\A_brief_introduction_of_LP_liutao21_20220615.pptx\",\"priority\":6,\"score\":0.0,\"status\":\"ADDED\",\"tokenNum\":0,\"uriPath\":\"\"},{\"createTime\":\"2025-11-10T14:56:32.800\",\"description\":\"\",\"docName\":\"\",\"editTime\":\"2025-11-10T14:56:32.800\",\"errorDescription\":\"\",\"fileName\":\"Belfast-English.docx\",\"folder\":\"C:\\\\Users\\\\XiaoXinPro 16 IAH\\\\Desktop\\\\LRIA_llm_eval\\\\eval\\\\Quantum_e2e_v20251106\\\\Bvt1110\\\\bvtfiles\",\"id\":1987776371828592640,\"isDeleted\":0,\"isTmpFile\":false,\"labelNameList\":[],\"lastModifyTime\":\"2025-09-17T09:45:00\",\"md5\":\"3193e699ffa92db332ae31a9fb1d3cb4\",\"path\":\"C:\\\\Users\\\\XiaoXinPro 16 IAH\\\\Desktop\\\\LRIA_llm_eval\\\\eval\\\\Quantum_e2e_v20251106\\\\Bvt1110\\\\bvtfiles\\\\Belfast-English.docx\",\"priority\":7,\"score\":0.0,\"status\":\"ADDED\",\"tokenNum\":0,\"uriPath\":\"\"},{\"createTime\":\"2025-11-10T14:56:32.823\",\"description\":\"\",\"docName\":\"\",\"editTime\":\"2025-11-10T14:56:32.823\",\"errorDescription\":\"\",\"fileName\":\"British-Food-Culture.doc\",\"folder\":\"C:\\\\Users\\\\XiaoXinPro 16 IAH\\\\Desktop\\\\LRIA_llm_eval\\\\eval\\\\Quantum_e2e_v20251106\\\\Bvt1110\\\\bvtfiles\",\"id\":1987776371925061632,\"isDeleted\":0,\"isTmpFile\":false,\"labelNameList\":[],\"lastModifyTime\":\"2025-09-17T09:45:00\",\"md5\":\"435798f1c3377c7f5b71e18d733ca579\",\"path\":\"C:\\\\Users\\\\XiaoXinPro 16 IAH\\\\Desktop\\\\LRIA_llm_eval\\\\eval\\\\Quantum_e2e_v20251106\\\\Bvt1110\\\\bvtfiles\\\\British-Food-Culture.doc\",\"priority\":8,\"score\":0.0,\"status\":\"ADDED\",\"tokenNum\":0,\"uriPath\":\"\"},{\"createTime\":\"2025-11-10T14:56:32.847\",\"description\":\"\",\"docName\":\"\",\"editTime\":\"2025-11-10T14:56:32.847\",\"errorDescription\":\"\",\"fileName\":\"Netflix Becomes a Broadway Producer With Peter Morgan’s Patriots.txt\",\"folder\":\"C:\\\\Users\\\\XiaoXinPro 16 IAH\\\\Desktop\\\\LRIA_llm_eval\\\\eval\\\\Quantum_e2e_v20251106\\\\Bvt1110\\\\bvtfiles\",\"id\":1987776372025724928,\"isDeleted\":0,\"isTmpFile\":false,\"labelNameList\":[],\"lastModifyTime\":\"2025-09-17T09:46:00\",\"md5\":\"ab84c46eaa62a18048fb0241446da4ca\",\"path\":\"C:\\\\Users\\\\XiaoXinPro 16 IAH\\\\Desktop\\\\LRIA_llm_eval\\\\eval\\\\Quantum_e2e_v20251106\\\\Bvt1110\\\\bvtfiles\\\\Netflix Becomes a Broadway Producer With Peter Morgan’s Patriots.txt\",\"priority\":9,\"score\":0.0,\"status\":\"ADDED\",\"tokenNum\":0,\"uriPath\":\"\"}]"}}
2025-11-10 14:56:37,225 - [Quantum_e2e_20251110.py:340] - [get_register_document] - INFO - 文档数量: 9
2025-11-10 14:56:37,225 - [Quantum_e2e_20251110.py:363] - [get_register_document] - INFO - 文档总数: 9, COMPLETED状态的文档数量: 0
2025-11-10 14:56:37,225 - [Quantum_e2e_20251110.py:395] - [get_register_document] - INFO - 仍有文档在处理中
2025-11-10 14:56:37,226 - [Quantum_e2e_20251110.py:1154] - [process_document_registration_only] - INFO - 文档仍在处理中，等待2秒后重试...
2025-11-10 14:56:39,230 - [Quantum_e2e_20251110.py:1145] - [process_document_registration_only] - INFO - 第3次检查文档处理状态...
2025-11-10 14:56:39,230 - [Quantum_e2e_20251110.py:289] - [get_register_document] - INFO - 检查文档注册状态...
2025-11-10 14:56:39,233 - [connectionpool.py:243] - [_new_conn] - DEBUG - Starting new HTTP connection (1): 127.0.0.1:35253
2025-11-10 14:56:39,237 - [connectionpool.py:546] - [_make_request] - DEBUG - http://127.0.0.1:35253 "POST /upload HTTP/11" 200 20
2025-11-10 14:56:39,238 - [Quantum_e2e_20251110.py:299] - [get_register_document] - INFO - 文档注册已用时间: 6.83秒 (00:06)
2025-11-10 14:56:39,238 - [Quantum_e2e_20251110.py:303] - [get_register_document] - INFO - 成功获取文档列表，upload_id: -2773944845846704878
2025-11-10 14:56:39,239 - [connectionpool.py:243] - [_new_conn] - DEBUG - Starting new HTTP connection (1): 127.0.0.1:35253
2025-11-10 14:56:39,246 - [connectionpool.py:546] - [_make_request] - DEBUG - http://127.0.0.1:35253 "GET /query?fileData=-2773944845846704878 HTTP/11" 200 None
2025-11-10 14:56:39,383 - [Quantum_e2e_20251110.py:583] - [get_response_content_detailed] - INFO - 响应时间: 0.01秒
2025-11-10 14:56:39,384 - [Quantum_e2e_20251110.py:310] - [get_register_document] - INFO - 获取到的result_text: {"jobId":5,"status":"complete","data":{"text":"[{\"createTime\":\"2025-11-10T14:56:32.563\",\"description\":\"\",\"docName\":\"\",\"editTime\":\"2025-11-10T14:56:32.564\",\"errorDescription\":\"\",\"fileName\":\"2403.19401.pdf\",\"folder\":\"C:\\\\Users\\\\XiaoXinPro 16 IAH\\\\Desktop\\\\LRIA_llm_eval\\\\eval\\\\Quantum_e2e_v20251106\\\\Bvt1110\\\\bvtfiles\",\"id\":1987776370834542592,\"isDeleted\":0,\"isTmpFile\":false,\"labelNameList\":[],\"lastModifyTime\":\"2025-09-17T09:45:00\",\"md5\":\"4ff6ba88616fcf7a71d1dca6c9adc14c\",\"path\":\"C:\\\\Users\\\\XiaoXinPro 16 IAH\\\\Desktop\\\\LRIA_llm_eval\\\\eval\\\\Quantum_e2e_v20251106\\\\Bvt1110\\\\bvtfiles\\\\2403.19401.pdf\",\"priority\":1,\"score\":0.0,\"status\":\"ADDED\",\"tokenNum\":0,\"uriPath\":\"\"},{\"createTime\":\"2025-11-10T14:56:32.609\",\"description\":\"\",\"docName\":\"\",\"editTime\":\"2025-11-10T14:56:32.609\",\"errorDescription\":\"\",\"fileName\":\"3nql1cs15r8aviz39pth2bpsr4zvy1.txt\",\"folder\":\"C:\\\\Users\\\\XiaoXinPro 16 IAH\\\\Desktop\\\\LRIA_llm_eval\\\\eval\\\\Quantum_e2e_v20251106\\\\Bvt1110\\\\bvtfiles\",\"id\":1987776371027480576,\"isDeleted\":0,\"isTmpFile\":false,\"labelNameList\":[],\"lastModifyTime\":\"2025-09-17T09:45:00\",\"md5\":\"da0c0f7162b267cca0de596df4c40c56\",\"path\":\"C:\\\\Users\\\\XiaoXinPro 16 IAH\\\\Desktop\\\\LRIA_llm_eval\\\\eval\\\\Quantum_e2e_v20251106\\\\Bvt1110\\\\bvtfiles\\\\3nql1cs15r8aviz39pth2bpsr4zvy1.txt\",\"priority\":2,\"score\":0.0,\"status\":\"ADDED\",\"tokenNum\":0,\"uriPath\":\"\"},{\"createTime\":\"2025-11-10T14:56:32.639\",\"description\":\"\",\"docName\":\"\",\"editTime\":\"2025-11-10T14:56:32.639\",\"errorDescription\":\"\",\"fileName\":\"3u84xhcdicdb6vqtlfud7syhj444z2.txt\",\"folder\":\"C:\\\\Users\\\\XiaoXinPro 16 IAH\\\\Desktop\\\\LRIA_llm_eval\\\\eval\\\\Quantum_e2e_v20251106\\\\Bvt1110\\\\bvtfiles\",\"id\":1987776371153309696,\"isDeleted\":0,\"isTmpFile\":false,\"labelNameList\":[],\"lastModifyTime\":\"2025-09-17T09:45:00\",\"md5\":\"a80f0ad4af9fd250a462680c85e6fbf0\",\"path\":\"C:\\\\Users\\\\XiaoXinPro 16 IAH\\\\Desktop\\\\LRIA_llm_eval\\\\eval\\\\Quantum_e2e_v20251106\\\\Bvt1110\\\\bvtfiles\\\\3u84xhcdicdb6vqtlfud7syhj444z2.txt\",\"priority\":3,\"score\":0.0,\"status\":\"ADDED\",\"tokenNum\":0,\"uriPath\":\"\"},{\"createTime\":\"2025-11-10T14:56:32.666\",\"description\":\"\",\"docName\":\"\",\"editTime\":\"2025-11-10T14:56:32.666\",\"errorDescription\":\"\",\"fileName\":\"3z3zlgnnsiuha76yy56h6uu71bh3q1.txt\",\"folder\":\"C:\\\\Users\\\\XiaoXinPro 16 IAH\\\\Desktop\\\\LRIA_llm_eval\\\\eval\\\\Quantum_e2e_v20251106\\\\Bvt1110\\\\bvtfiles\",\"id\":1987776371266555904,\"isDeleted\":0,\"isTmpFile\":false,\"labelNameList\":[],\"lastModifyTime\":\"2025-09-17T09:45:00\",\"md5\":\"bb28043dd606535bdcaf1ee30346b0f9\",\"path\":\"C:\\\\Users\\\\XiaoXinPro 16 IAH\\\\Desktop\\\\LRIA_llm_eval\\\\eval\\\\Quantum_e2e_v20251106\\\\Bvt1110\\\\bvtfiles\\\\3z3zlgnnsiuha76yy56h6uu71bh3q1.txt\",\"priority\":4,\"score\":0.0,\"status\":\"ADDED\",\"tokenNum\":0,\"uriPath\":\"\"},{\"createTime\":\"2025-11-10T14:56:32.695\",\"description\":\"\",\"docName\":\"\",\"editTime\":\"2025-11-10T14:56:32.695\",\"errorDescription\":\"\",\"fileName\":\"AI_Face_Test_Set_Collection_Method_Design.pptx\",\"folder\":\"C:\\\\Users\\\\XiaoXinPro 16 IAH\\\\Desktop\\\\LRIA_llm_eval\\\\eval\\\\Quantum_e2e_v20251106\\\\Bvt1110\\\\bvtfiles\",\"id\":1987776371388190720,\"isDeleted\":0,\"isTmpFile\":false,\"labelNameList\":[],\"lastModifyTime\":\"2025-09-17T09:46:00\",\"md5\":\"b0f396e7936e0f6192cd880927e8e74b\",\"path\":\"C:\\\\Users\\\\XiaoXinPro 16 IAH\\\\Desktop\\\\LRIA_llm_eval\\\\eval\\\\Quantum_e2e_v20251106\\\\Bvt1110\\\\bvtfiles\\\\AI_Face_Test_Set_Collection_Method_Design.pptx\",\"priority\":5,\"score\":0.0,\"status\":\"ADDED\",\"tokenNum\":0,\"uriPath\":\"\"},{\"createTime\":\"2025-11-10T14:56:32.726\",\"description\":\"\",\"docName\":\"\",\"editTime\":\"2025-11-10T14:56:32.726\",\"errorDescription\":\"\",\"fileName\":\"A_brief_introduction_of_LP_liutao21_20220615.pptx\",\"folder\":\"C:\\\\Users\\\\XiaoXinPro 16 IAH\\\\Desktop\\\\LRIA_llm_eval\\\\eval\\\\Quantum_e2e_v20251106\\\\Bvt1110\\\\bvtfiles\",\"id\":1987776371518214144,\"isDeleted\":0,\"isTmpFile\":false,\"labelNameList\":[],\"lastModifyTime\":\"2025-09-17T09:46:00\",\"md5\":\"0dbb2532524843af54fb3388b7bf3381\",\"path\":\"C:\\\\Users\\\\XiaoXinPro 16 IAH\\\\Desktop\\\\LRIA_llm_eval\\\\eval\\\\Quantum_e2e_v20251106\\\\Bvt1110\\\\bvtfiles\\\\A_brief_introduction_of_LP_liutao21_20220615.pptx\",\"priority\":6,\"score\":0.0,\"status\":\"ADDED\",\"tokenNum\":0,\"uriPath\":\"\"},{\"createTime\":\"2025-11-10T14:56:32.800\",\"description\":\"\",\"docName\":\"\",\"editTime\":\"2025-11-10T14:56:32.800\",\"errorDescription\":\"\",\"fileName\":\"Belfast-English.docx\",\"folder\":\"C:\\\\Users\\\\XiaoXinPro 16 IAH\\\\Desktop\\\\LRIA_llm_eval\\\\eval\\\\Quantum_e2e_v20251106\\\\Bvt1110\\\\bvtfiles\",\"id\":1987776371828592640,\"isDeleted\":0,\"isTmpFile\":false,\"labelNameList\":[],\"lastModifyTime\":\"2025-09-17T09:45:00\",\"md5\":\"3193e699ffa92db332ae31a9fb1d3cb4\",\"path\":\"C:\\\\Users\\\\XiaoXinPro 16 IAH\\\\Desktop\\\\LRIA_llm_eval\\\\eval\\\\Quantum_e2e_v20251106\\\\Bvt1110\\\\bvtfiles\\\\Belfast-English.docx\",\"priority\":7,\"score\":0.0,\"status\":\"ADDED\",\"tokenNum\":0,\"uriPath\":\"\"},{\"createTime\":\"2025-11-10T14:56:32.823\",\"description\":\"\",\"docName\":\"\",\"editTime\":\"2025-11-10T14:56:32.823\",\"errorDescription\":\"\",\"fileName\":\"British-Food-Culture.doc\",\"folder\":\"C:\\\\Users\\\\XiaoXinPro 16 IAH\\\\Desktop\\\\LRIA_llm_eval\\\\eval\\\\Quantum_e2e_v20251106\\\\Bvt1110\\\\bvtfiles\",\"id\":1987776371925061632,\"isDeleted\":0,\"isTmpFile\":false,\"labelNameList\":[],\"lastModifyTime\":\"2025-09-17T09:45:00\",\"md5\":\"435798f1c3377c7f5b71e18d733ca579\",\"path\":\"C:\\\\Users\\\\XiaoXinPro 16 IAH\\\\Desktop\\\\LRIA_llm_eval\\\\eval\\\\Quantum_e2e_v20251106\\\\Bvt1110\\\\bvtfiles\\\\British-Food-Culture.doc\",\"priority\":8,\"score\":0.0,\"status\":\"ADDED\",\"tokenNum\":0,\"uriPath\":\"\"},{\"createTime\":\"2025-11-10T14:56:32.847\",\"description\":\"\",\"docName\":\"\",\"editTime\":\"2025-11-10T14:56:32.847\",\"errorDescription\":\"\",\"fileName\":\"Netflix Becomes a Broadway Producer With Peter Morgan’s Patriots.txt\",\"folder\":\"C:\\\\Users\\\\XiaoXinPro 16 IAH\\\\Desktop\\\\LRIA_llm_eval\\\\eval\\\\Quantum_e2e_v20251106\\\\Bvt1110\\\\bvtfiles\",\"id\":1987776372025724928,\"isDeleted\":0,\"isTmpFile\":false,\"labelNameList\":[],\"lastModifyTime\":\"2025-09-17T09:46:00\",\"md5\":\"ab84c46eaa62a18048fb0241446da4ca\",\"path\":\"C:\\\\Users\\\\XiaoXinPro 16 IAH\\\\Desktop\\\\LRIA_llm_eval\\\\eval\\\\Quantum_e2e_v20251106\\\\Bvt1110\\\\bvtfiles\\\\Netflix Becomes a Broadway Producer With Peter Morgan’s Patriots.txt\",\"priority\":9,\"score\":0.0,\"status\":\"ADDED\",\"tokenNum\":0,\"uriPath\":\"\"}]"}}
2025-11-10 14:56:39,384 - [Quantum_e2e_20251110.py:340] - [get_register_document] - INFO - 文档数量: 9
2025-11-10 14:56:39,384 - [Quantum_e2e_20251110.py:363] - [get_register_document] - INFO - 文档总数: 9, COMPLETED状态的文档数量: 0
2025-11-10 14:56:39,385 - [Quantum_e2e_20251110.py:395] - [get_register_document] - INFO - 仍有文档在处理中
2025-11-10 14:56:39,385 - [Quantum_e2e_20251110.py:1154] - [process_document_registration_only] - INFO - 文档仍在处理中，等待2秒后重试...
2025-11-10 14:56:41,397 - [Quantum_e2e_20251110.py:1145] - [process_document_registration_only] - INFO - 第4次检查文档处理状态...
2025-11-10 14:56:41,398 - [Quantum_e2e_20251110.py:289] - [get_register_document] - INFO - 检查文档注册状态...
2025-11-10 14:56:41,401 - [connectionpool.py:243] - [_new_conn] - DEBUG - Starting new HTTP connection (1): 127.0.0.1:35253
2025-11-10 14:56:41,405 - [connectionpool.py:546] - [_make_request] - DEBUG - http://127.0.0.1:35253 "POST /upload HTTP/11" 200 19
2025-11-10 14:56:41,406 - [Quantum_e2e_20251110.py:299] - [get_register_document] - INFO - 文档注册已用时间: 8.99秒 (00:08)
2025-11-10 14:56:41,406 - [Quantum_e2e_20251110.py:303] - [get_register_document] - INFO - 成功获取文档列表，upload_id: 8490909074901835367
2025-11-10 14:56:41,408 - [connectionpool.py:243] - [_new_conn] - DEBUG - Starting new HTTP connection (1): 127.0.0.1:35253
2025-11-10 14:56:41,413 - [connectionpool.py:546] - [_make_request] - DEBUG - http://127.0.0.1:35253 "GET /query?fileData=8490909074901835367 HTTP/11" 200 None
2025-11-10 14:56:41,541 - [Quantum_e2e_20251110.py:583] - [get_response_content_detailed] - INFO - 响应时间: 0.01秒
2025-11-10 14:56:41,541 - [Quantum_e2e_20251110.py:310] - [get_register_document] - INFO - 获取到的result_text: {"jobId":6,"status":"complete","data":{"text":"[{\"createTime\":\"2025-11-10T14:56:32.563\",\"description\":\"\",\"docName\":\"\",\"editTime\":\"2025-11-10T14:56:32.564\",\"errorDescription\":\"\",\"fileName\":\"2403.19401.pdf\",\"folder\":\"C:\\\\Users\\\\XiaoXinPro 16 IAH\\\\Desktop\\\\LRIA_llm_eval\\\\eval\\\\Quantum_e2e_v20251106\\\\Bvt1110\\\\bvtfiles\",\"id\":1987776370834542592,\"isDeleted\":0,\"isTmpFile\":false,\"labelNameList\":[],\"lastModifyTime\":\"2025-09-17T09:45:00\",\"md5\":\"4ff6ba88616fcf7a71d1dca6c9adc14c\",\"path\":\"C:\\\\Users\\\\XiaoXinPro 16 IAH\\\\Desktop\\\\LRIA_llm_eval\\\\eval\\\\Quantum_e2e_v20251106\\\\Bvt1110\\\\bvtfiles\\\\2403.19401.pdf\",\"priority\":1,\"score\":0.0,\"status\":\"ADDED\",\"tokenNum\":0,\"uriPath\":\"\"},{\"createTime\":\"2025-11-10T14:56:32.609\",\"description\":\"\",\"docName\":\"\",\"editTime\":\"2025-11-10T14:56:32.609\",\"errorDescription\":\"\",\"fileName\":\"3nql1cs15r8aviz39pth2bpsr4zvy1.txt\",\"folder\":\"C:\\\\Users\\\\XiaoXinPro 16 IAH\\\\Desktop\\\\LRIA_llm_eval\\\\eval\\\\Quantum_e2e_v20251106\\\\Bvt1110\\\\bvtfiles\",\"id\":1987776371027480576,\"isDeleted\":0,\"isTmpFile\":false,\"labelNameList\":[],\"lastModifyTime\":\"2025-09-17T09:45:00\",\"md5\":\"da0c0f7162b267cca0de596df4c40c56\",\"path\":\"C:\\\\Users\\\\XiaoXinPro 16 IAH\\\\Desktop\\\\LRIA_llm_eval\\\\eval\\\\Quantum_e2e_v20251106\\\\Bvt1110\\\\bvtfiles\\\\3nql1cs15r8aviz39pth2bpsr4zvy1.txt\",\"priority\":2,\"score\":0.0,\"status\":\"ADDED\",\"tokenNum\":0,\"uriPath\":\"\"},{\"createTime\":\"2025-11-10T14:56:32.639\",\"description\":\"\",\"docName\":\"\",\"editTime\":\"2025-11-10T14:56:32.639\",\"errorDescription\":\"\",\"fileName\":\"3u84xhcdicdb6vqtlfud7syhj444z2.txt\",\"folder\":\"C:\\\\Users\\\\XiaoXinPro 16 IAH\\\\Desktop\\\\LRIA_llm_eval\\\\eval\\\\Quantum_e2e_v20251106\\\\Bvt1110\\\\bvtfiles\",\"id\":1987776371153309696,\"isDeleted\":0,\"isTmpFile\":false,\"labelNameList\":[],\"lastModifyTime\":\"2025-09-17T09:45:00\",\"md5\":\"a80f0ad4af9fd250a462680c85e6fbf0\",\"path\":\"C:\\\\Users\\\\XiaoXinPro 16 IAH\\\\Desktop\\\\LRIA_llm_eval\\\\eval\\\\Quantum_e2e_v20251106\\\\Bvt1110\\\\bvtfiles\\\\3u84xhcdicdb6vqtlfud7syhj444z2.txt\",\"priority\":3,\"score\":0.0,\"status\":\"ADDED\",\"tokenNum\":0,\"uriPath\":\"\"},{\"createTime\":\"2025-11-10T14:56:32.666\",\"description\":\"\",\"docName\":\"\",\"editTime\":\"2025-11-10T14:56:32.666\",\"errorDescription\":\"\",\"fileName\":\"3z3zlgnnsiuha76yy56h6uu71bh3q1.txt\",\"folder\":\"C:\\\\Users\\\\XiaoXinPro 16 IAH\\\\Desktop\\\\LRIA_llm_eval\\\\eval\\\\Quantum_e2e_v20251106\\\\Bvt1110\\\\bvtfiles\",\"id\":1987776371266555904,\"isDeleted\":0,\"isTmpFile\":false,\"labelNameList\":[],\"lastModifyTime\":\"2025-09-17T09:45:00\",\"md5\":\"bb28043dd606535bdcaf1ee30346b0f9\",\"path\":\"C:\\\\Users\\\\XiaoXinPro 16 IAH\\\\Desktop\\\\LRIA_llm_eval\\\\eval\\\\Quantum_e2e_v20251106\\\\Bvt1110\\\\bvtfiles\\\\3z3zlgnnsiuha76yy56h6uu71bh3q1.txt\",\"priority\":4,\"score\":0.0,\"status\":\"ADDED\",\"tokenNum\":0,\"uriPath\":\"\"},{\"createTime\":\"2025-11-10T14:56:32.695\",\"description\":\"\",\"docName\":\"\",\"editTime\":\"2025-11-10T14:56:32.695\",\"errorDescription\":\"\",\"fileName\":\"AI_Face_Test_Set_Collection_Method_Design.pptx\",\"folder\":\"C:\\\\Users\\\\XiaoXinPro 16 IAH\\\\Desktop\\\\LRIA_llm_eval\\\\eval\\\\Quantum_e2e_v20251106\\\\Bvt1110\\\\bvtfiles\",\"id\":1987776371388190720,\"isDeleted\":0,\"isTmpFile\":false,\"labelNameList\":[],\"lastModifyTime\":\"2025-09-17T09:46:00\",\"md5\":\"b0f396e7936e0f6192cd880927e8e74b\",\"path\":\"C:\\\\Users\\\\XiaoXinPro 16 IAH\\\\Desktop\\\\LRIA_llm_eval\\\\eval\\\\Quantum_e2e_v20251106\\\\Bvt1110\\\\bvtfiles\\\\AI_Face_Test_Set_Collection_Method_Design.pptx\",\"priority\":5,\"score\":0.0,\"status\":\"ADDED\",\"tokenNum\":0,\"uriPath\":\"\"},{\"createTime\":\"2025-11-10T14:56:32.726\",\"description\":\"\",\"docName\":\"\",\"editTime\":\"2025-11-10T14:56:32.726\",\"errorDescription\":\"\",\"fileName\":\"A_brief_introduction_of_LP_liutao21_20220615.pptx\",\"folder\":\"C:\\\\Users\\\\XiaoXinPro 16 IAH\\\\Desktop\\\\LRIA_llm_eval\\\\eval\\\\Quantum_e2e_v20251106\\\\Bvt1110\\\\bvtfiles\",\"id\":1987776371518214144,\"isDeleted\":0,\"isTmpFile\":false,\"labelNameList\":[],\"lastModifyTime\":\"2025-09-17T09:46:00\",\"md5\":\"0dbb2532524843af54fb3388b7bf3381\",\"path\":\"C:\\\\Users\\\\XiaoXinPro 16 IAH\\\\Desktop\\\\LRIA_llm_eval\\\\eval\\\\Quantum_e2e_v20251106\\\\Bvt1110\\\\bvtfiles\\\\A_brief_introduction_of_LP_liutao21_20220615.pptx\",\"priority\":6,\"score\":0.0,\"status\":\"ADDED\",\"tokenNum\":0,\"uriPath\":\"\"},{\"createTime\":\"2025-11-10T14:56:32.800\",\"description\":\"\",\"docName\":\"\",\"editTime\":\"2025-11-10T14:56:32.800\",\"errorDescription\":\"\",\"fileName\":\"Belfast-English.docx\",\"folder\":\"C:\\\\Users\\\\XiaoXinPro 16 IAH\\\\Desktop\\\\LRIA_llm_eval\\\\eval\\\\Quantum_e2e_v20251106\\\\Bvt1110\\\\bvtfiles\",\"id\":1987776371828592640,\"isDeleted\":0,\"isTmpFile\":false,\"labelNameList\":[],\"lastModifyTime\":\"2025-09-17T09:45:00\",\"md5\":\"3193e699ffa92db332ae31a9fb1d3cb4\",\"path\":\"C:\\\\Users\\\\XiaoXinPro 16 IAH\\\\Desktop\\\\LRIA_llm_eval\\\\eval\\\\Quantum_e2e_v20251106\\\\Bvt1110\\\\bvtfiles\\\\Belfast-English.docx\",\"priority\":7,\"score\":0.0,\"status\":\"ADDED\",\"tokenNum\":0,\"uriPath\":\"\"},{\"createTime\":\"2025-11-10T14:56:32.823\",\"description\":\"\",\"docName\":\"\",\"editTime\":\"2025-11-10T14:56:32.823\",\"errorDescription\":\"\",\"fileName\":\"British-Food-Culture.doc\",\"folder\":\"C:\\\\Users\\\\XiaoXinPro 16 IAH\\\\Desktop\\\\LRIA_llm_eval\\\\eval\\\\Quantum_e2e_v20251106\\\\Bvt1110\\\\bvtfiles\",\"id\":1987776371925061632,\"isDeleted\":0,\"isTmpFile\":false,\"labelNameList\":[],\"lastModifyTime\":\"2025-09-17T09:45:00\",\"md5\":\"435798f1c3377c7f5b71e18d733ca579\",\"path\":\"C:\\\\Users\\\\XiaoXinPro 16 IAH\\\\Desktop\\\\LRIA_llm_eval\\\\eval\\\\Quantum_e2e_v20251106\\\\Bvt1110\\\\bvtfiles\\\\British-Food-Culture.doc\",\"priority\":8,\"score\":0.0,\"status\":\"ADDED\",\"tokenNum\":0,\"uriPath\":\"\"},{\"createTime\":\"2025-11-10T14:56:32.847\",\"description\":\"\",\"docName\":\"\",\"editTime\":\"2025-11-10T14:56:32.847\",\"errorDescription\":\"\",\"fileName\":\"Netflix Becomes a Broadway Producer With Peter Morgan’s Patriots.txt\",\"folder\":\"C:\\\\Users\\\\XiaoXinPro 16 IAH\\\\Desktop\\\\LRIA_llm_eval\\\\eval\\\\Quantum_e2e_v20251106\\\\Bvt1110\\\\bvtfiles\",\"id\":1987776372025724928,\"isDeleted\":0,\"isTmpFile\":false,\"labelNameList\":[],\"lastModifyTime\":\"2025-09-17T09:46:00\",\"md5\":\"ab84c46eaa62a18048fb0241446da4ca\",\"path\":\"C:\\\\Users\\\\XiaoXinPro 16 IAH\\\\Desktop\\\\LRIA_llm_eval\\\\eval\\\\Quantum_e2e_v20251106\\\\Bvt1110\\\\bvtfiles\\\\Netflix Becomes a Broadway Producer With Peter Morgan’s Patriots.txt\",\"priority\":9,\"score\":0.0,\"status\":\"ADDED\",\"tokenNum\":0,\"uriPath\":\"\"}]"}}
2025-11-10 14:56:41,542 - [Quantum_e2e_20251110.py:340] - [get_register_document] - INFO - 文档数量: 9
2025-11-10 14:56:41,542 - [Quantum_e2e_20251110.py:363] - [get_register_document] - INFO - 文档总数: 9, COMPLETED状态的文档数量: 0
2025-11-10 14:56:41,542 - [Quantum_e2e_20251110.py:395] - [get_register_document] - INFO - 仍有文档在处理中
2025-11-10 14:56:41,542 - [Quantum_e2e_20251110.py:1154] - [process_document_registration_only] - INFO - 文档仍在处理中，等待2秒后重试...
2025-11-10 14:56:43,547 - [Quantum_e2e_20251110.py:1145] - [process_document_registration_only] - INFO - 第5次检查文档处理状态...
2025-11-10 14:56:43,548 - [Quantum_e2e_20251110.py:289] - [get_register_document] - INFO - 检查文档注册状态...
2025-11-10 14:56:43,549 - [connectionpool.py:243] - [_new_conn] - DEBUG - Starting new HTTP connection (1): 127.0.0.1:35253
2025-11-10 14:56:43,554 - [connectionpool.py:546] - [_make_request] - DEBUG - http://127.0.0.1:35253 "POST /upload HTTP/11" 200 19
2025-11-10 14:56:43,555 - [Quantum_e2e_20251110.py:299] - [get_register_document] - INFO - 文档注册已用时间: 11.14秒 (00:11)
2025-11-10 14:56:43,555 - [Quantum_e2e_20251110.py:303] - [get_register_document] - INFO - 成功获取文档列表，upload_id: -759648108356424449
2025-11-10 14:56:43,557 - [connectionpool.py:243] - [_new_conn] - DEBUG - Starting new HTTP connection (1): 127.0.0.1:35253
2025-11-10 14:56:43,561 - [connectionpool.py:546] - [_make_request] - DEBUG - http://127.0.0.1:35253 "GET /query?fileData=-759648108356424449 HTTP/11" 200 None
2025-11-10 14:56:43,710 - [Quantum_e2e_20251110.py:583] - [get_response_content_detailed] - INFO - 响应时间: 0.01秒
2025-11-10 14:56:43,710 - [Quantum_e2e_20251110.py:310] - [get_register_document] - INFO - 获取到的result_text: {"jobId":7,"status":"complete","data":{"text":"[{\"createTime\":\"2025-11-10T14:56:32.563\",\"description\":\"\",\"docName\":\"\",\"editTime\":\"2025-11-10T14:56:32.564\",\"errorDescription\":\"\",\"fileName\":\"2403.19401.pdf\",\"folder\":\"C:\\\\Users\\\\XiaoXinPro 16 IAH\\\\Desktop\\\\LRIA_llm_eval\\\\eval\\\\Quantum_e2e_v20251106\\\\Bvt1110\\\\bvtfiles\",\"id\":1987776370834542592,\"isDeleted\":0,\"isTmpFile\":false,\"labelNameList\":[],\"lastModifyTime\":\"2025-09-17T09:45:00\",\"md5\":\"4ff6ba88616fcf7a71d1dca6c9adc14c\",\"path\":\"C:\\\\Users\\\\XiaoXinPro 16 IAH\\\\Desktop\\\\LRIA_llm_eval\\\\eval\\\\Quantum_e2e_v20251106\\\\Bvt1110\\\\bvtfiles\\\\2403.19401.pdf\",\"priority\":1,\"score\":0.0,\"status\":\"ADDED\",\"tokenNum\":0,\"uriPath\":\"\"},{\"createTime\":\"2025-11-10T14:56:32.609\",\"description\":\"\",\"docName\":\"\",\"editTime\":\"2025-11-10T14:56:32.609\",\"errorDescription\":\"\",\"fileName\":\"3nql1cs15r8aviz39pth2bpsr4zvy1.txt\",\"folder\":\"C:\\\\Users\\\\XiaoXinPro 16 IAH\\\\Desktop\\\\LRIA_llm_eval\\\\eval\\\\Quantum_e2e_v20251106\\\\Bvt1110\\\\bvtfiles\",\"id\":1987776371027480576,\"isDeleted\":0,\"isTmpFile\":false,\"labelNameList\":[],\"lastModifyTime\":\"2025-09-17T09:45:00\",\"md5\":\"da0c0f7162b267cca0de596df4c40c56\",\"path\":\"C:\\\\Users\\\\XiaoXinPro 16 IAH\\\\Desktop\\\\LRIA_llm_eval\\\\eval\\\\Quantum_e2e_v20251106\\\\Bvt1110\\\\bvtfiles\\\\3nql1cs15r8aviz39pth2bpsr4zvy1.txt\",\"priority\":2,\"score\":0.0,\"status\":\"ADDED\",\"tokenNum\":0,\"uriPath\":\"\"},{\"createTime\":\"2025-11-10T14:56:32.639\",\"description\":\"\",\"docName\":\"\",\"editTime\":\"2025-11-10T14:56:32.639\",\"errorDescription\":\"\",\"fileName\":\"3u84xhcdicdb6vqtlfud7syhj444z2.txt\",\"folder\":\"C:\\\\Users\\\\XiaoXinPro 16 IAH\\\\Desktop\\\\LRIA_llm_eval\\\\eval\\\\Quantum_e2e_v20251106\\\\Bvt1110\\\\bvtfiles\",\"id\":1987776371153309696,\"isDeleted\":0,\"isTmpFile\":false,\"labelNameList\":[],\"lastModifyTime\":\"2025-09-17T09:45:00\",\"md5\":\"a80f0ad4af9fd250a462680c85e6fbf0\",\"path\":\"C:\\\\Users\\\\XiaoXinPro 16 IAH\\\\Desktop\\\\LRIA_llm_eval\\\\eval\\\\Quantum_e2e_v20251106\\\\Bvt1110\\\\bvtfiles\\\\3u84xhcdicdb6vqtlfud7syhj444z2.txt\",\"priority\":3,\"score\":0.0,\"status\":\"ADDED\",\"tokenNum\":0,\"uriPath\":\"\"},{\"createTime\":\"2025-11-10T14:56:32.666\",\"description\":\"\",\"docName\":\"\",\"editTime\":\"2025-11-10T14:56:32.666\",\"errorDescription\":\"\",\"fileName\":\"3z3zlgnnsiuha76yy56h6uu71bh3q1.txt\",\"folder\":\"C:\\\\Users\\\\XiaoXinPro 16 IAH\\\\Desktop\\\\LRIA_llm_eval\\\\eval\\\\Quantum_e2e_v20251106\\\\Bvt1110\\\\bvtfiles\",\"id\":1987776371266555904,\"isDeleted\":0,\"isTmpFile\":false,\"labelNameList\":[],\"lastModifyTime\":\"2025-09-17T09:45:00\",\"md5\":\"bb28043dd606535bdcaf1ee30346b0f9\",\"path\":\"C:\\\\Users\\\\XiaoXinPro 16 IAH\\\\Desktop\\\\LRIA_llm_eval\\\\eval\\\\Quantum_e2e_v20251106\\\\Bvt1110\\\\bvtfiles\\\\3z3zlgnnsiuha76yy56h6uu71bh3q1.txt\",\"priority\":4,\"score\":0.0,\"status\":\"ADDED\",\"tokenNum\":0,\"uriPath\":\"\"},{\"createTime\":\"2025-11-10T14:56:32.695\",\"description\":\"\",\"docName\":\"\",\"editTime\":\"2025-11-10T14:56:32.695\",\"errorDescription\":\"\",\"fileName\":\"AI_Face_Test_Set_Collection_Method_Design.pptx\",\"folder\":\"C:\\\\Users\\\\XiaoXinPro 16 IAH\\\\Desktop\\\\LRIA_llm_eval\\\\eval\\\\Quantum_e2e_v20251106\\\\Bvt1110\\\\bvtfiles\",\"id\":1987776371388190720,\"isDeleted\":0,\"isTmpFile\":false,\"labelNameList\":[],\"lastModifyTime\":\"2025-09-17T09:46:00\",\"md5\":\"b0f396e7936e0f6192cd880927e8e74b\",\"path\":\"C:\\\\Users\\\\XiaoXinPro 16 IAH\\\\Desktop\\\\LRIA_llm_eval\\\\eval\\\\Quantum_e2e_v20251106\\\\Bvt1110\\\\bvtfiles\\\\AI_Face_Test_Set_Collection_Method_Design.pptx\",\"priority\":5,\"score\":0.0,\"status\":\"ADDED\",\"tokenNum\":0,\"uriPath\":\"\"},{\"createTime\":\"2025-11-10T14:56:32.726\",\"description\":\"\",\"docName\":\"\",\"editTime\":\"2025-11-10T14:56:32.726\",\"errorDescription\":\"\",\"fileName\":\"A_brief_introduction_of_LP_liutao21_20220615.pptx\",\"folder\":\"C:\\\\Users\\\\XiaoXinPro 16 IAH\\\\Desktop\\\\LRIA_llm_eval\\\\eval\\\\Quantum_e2e_v20251106\\\\Bvt1110\\\\bvtfiles\",\"id\":1987776371518214144,\"isDeleted\":0,\"isTmpFile\":false,\"labelNameList\":[],\"lastModifyTime\":\"2025-09-17T09:46:00\",\"md5\":\"0dbb2532524843af54fb3388b7bf3381\",\"path\":\"C:\\\\Users\\\\XiaoXinPro 16 IAH\\\\Desktop\\\\LRIA_llm_eval\\\\eval\\\\Quantum_e2e_v20251106\\\\Bvt1110\\\\bvtfiles\\\\A_brief_introduction_of_LP_liutao21_20220615.pptx\",\"priority\":6,\"score\":0.0,\"status\":\"ADDED\",\"tokenNum\":0,\"uriPath\":\"\"},{\"createTime\":\"2025-11-10T14:56:32.800\",\"description\":\"\",\"docName\":\"\",\"editTime\":\"2025-11-10T14:56:32.800\",\"errorDescription\":\"\",\"fileName\":\"Belfast-English.docx\",\"folder\":\"C:\\\\Users\\\\XiaoXinPro 16 IAH\\\\Desktop\\\\LRIA_llm_eval\\\\eval\\\\Quantum_e2e_v20251106\\\\Bvt1110\\\\bvtfiles\",\"id\":1987776371828592640,\"isDeleted\":0,\"isTmpFile\":false,\"labelNameList\":[],\"lastModifyTime\":\"2025-09-17T09:45:00\",\"md5\":\"3193e699ffa92db332ae31a9fb1d3cb4\",\"path\":\"C:\\\\Users\\\\XiaoXinPro 16 IAH\\\\Desktop\\\\LRIA_llm_eval\\\\eval\\\\Quantum_e2e_v20251106\\\\Bvt1110\\\\bvtfiles\\\\Belfast-English.docx\",\"priority\":7,\"score\":0.0,\"status\":\"ADDED\",\"tokenNum\":0,\"uriPath\":\"\"},{\"createTime\":\"2025-11-10T14:56:32.823\",\"description\":\"\",\"docName\":\"\",\"editTime\":\"2025-11-10T14:56:32.823\",\"errorDescription\":\"\",\"fileName\":\"British-Food-Culture.doc\",\"folder\":\"C:\\\\Users\\\\XiaoXinPro 16 IAH\\\\Desktop\\\\LRIA_llm_eval\\\\eval\\\\Quantum_e2e_v20251106\\\\Bvt1110\\\\bvtfiles\",\"id\":1987776371925061632,\"isDeleted\":0,\"isTmpFile\":false,\"labelNameList\":[],\"lastModifyTime\":\"2025-09-17T09:45:00\",\"md5\":\"435798f1c3377c7f5b71e18d733ca579\",\"path\":\"C:\\\\Users\\\\XiaoXinPro 16 IAH\\\\Desktop\\\\LRIA_llm_eval\\\\eval\\\\Quantum_e2e_v20251106\\\\Bvt1110\\\\bvtfiles\\\\British-Food-Culture.doc\",\"priority\":8,\"score\":0.0,\"status\":\"ADDED\",\"tokenNum\":0,\"uriPath\":\"\"},{\"createTime\":\"2025-11-10T14:56:32.847\",\"description\":\"\",\"docName\":\"\",\"editTime\":\"2025-11-10T14:56:32.847\",\"errorDescription\":\"\",\"fileName\":\"Netflix Becomes a Broadway Producer With Peter Morgan’s Patriots.txt\",\"folder\":\"C:\\\\Users\\\\XiaoXinPro 16 IAH\\\\Desktop\\\\LRIA_llm_eval\\\\eval\\\\Quantum_e2e_v20251106\\\\Bvt1110\\\\bvtfiles\",\"id\":1987776372025724928,\"isDeleted\":0,\"isTmpFile\":false,\"labelNameList\":[],\"lastModifyTime\":\"2025-09-17T09:46:00\",\"md5\":\"ab84c46eaa62a18048fb0241446da4ca\",\"path\":\"C:\\\\Users\\\\XiaoXinPro 16 IAH\\\\Desktop\\\\LRIA_llm_eval\\\\eval\\\\Quantum_e2e_v20251106\\\\Bvt1110\\\\bvtfiles\\\\Netflix Becomes a Broadway Producer With Peter Morgan’s Patriots.txt\",\"priority\":9,\"score\":0.0,\"status\":\"ADDED\",\"tokenNum\":0,\"uriPath\":\"\"}]"}}
2025-11-10 14:56:43,711 - [Quantum_e2e_20251110.py:340] - [get_register_document] - INFO - 文档数量: 9
2025-11-10 14:56:43,711 - [Quantum_e2e_20251110.py:363] - [get_register_document] - INFO - 文档总数: 9, COMPLETED状态的文档数量: 0
2025-11-10 14:56:43,711 - [Quantum_e2e_20251110.py:395] - [get_register_document] - INFO - 仍有文档在处理中
2025-11-10 14:56:43,712 - [Quantum_e2e_20251110.py:1154] - [process_document_registration_only] - INFO - 文档仍在处理中，等待2秒后重试...
2025-11-10 14:56:45,714 - [Quantum_e2e_20251110.py:1145] - [process_document_registration_only] - INFO - 第6次检查文档处理状态...
2025-11-10 14:56:45,715 - [Quantum_e2e_20251110.py:289] - [get_register_document] - INFO - 检查文档注册状态...
2025-11-10 14:56:45,718 - [connectionpool.py:243] - [_new_conn] - DEBUG - Starting new HTTP connection (1): 127.0.0.1:35253
2025-11-10 14:56:45,722 - [connectionpool.py:546] - [_make_request] - DEBUG - http://127.0.0.1:35253 "POST /upload HTTP/11" 200 20
2025-11-10 14:56:45,723 - [Quantum_e2e_20251110.py:299] - [get_register_document] - INFO - 文档注册已用时间: 13.31秒 (00:13)
2025-11-10 14:56:45,723 - [Quantum_e2e_20251110.py:303] - [get_register_document] - INFO - 成功获取文档列表，upload_id: -7774913935589620040
2025-11-10 14:56:45,725 - [connectionpool.py:243] - [_new_conn] - DEBUG - Starting new HTTP connection (1): 127.0.0.1:35253
2025-11-10 14:56:45,730 - [connectionpool.py:546] - [_make_request] - DEBUG - http://127.0.0.1:35253 "GET /query?fileData=-7774913935589620040 HTTP/11" 200 None
2025-11-10 14:56:45,844 - [Quantum_e2e_20251110.py:583] - [get_response_content_detailed] - INFO - 响应时间: 0.01秒
2025-11-10 14:56:45,845 - [Quantum_e2e_20251110.py:310] - [get_register_document] - INFO - 获取到的result_text: {"jobId":8,"status":"complete","data":{"text":"[{\"createTime\":\"2025-11-10T14:56:32.563\",\"description\":\"\",\"docName\":\"\",\"editTime\":\"2025-11-10T14:56:32.564\",\"errorDescription\":\"\",\"fileName\":\"2403.19401.pdf\",\"folder\":\"C:\\\\Users\\\\XiaoXinPro 16 IAH\\\\Desktop\\\\LRIA_llm_eval\\\\eval\\\\Quantum_e2e_v20251106\\\\Bvt1110\\\\bvtfiles\",\"id\":1987776370834542592,\"isDeleted\":0,\"isTmpFile\":false,\"labelNameList\":[],\"lastModifyTime\":\"2025-09-17T09:45:00\",\"md5\":\"4ff6ba88616fcf7a71d1dca6c9adc14c\",\"path\":\"C:\\\\Users\\\\XiaoXinPro 16 IAH\\\\Desktop\\\\LRIA_llm_eval\\\\eval\\\\Quantum_e2e_v20251106\\\\Bvt1110\\\\bvtfiles\\\\2403.19401.pdf\",\"priority\":1,\"score\":0.0,\"status\":\"ADDED\",\"tokenNum\":0,\"uriPath\":\"\"},{\"createTime\":\"2025-11-10T14:56:32.609\",\"description\":\"\",\"docName\":\"\",\"editTime\":\"2025-11-10T14:56:32.609\",\"errorDescription\":\"\",\"fileName\":\"3nql1cs15r8aviz39pth2bpsr4zvy1.txt\",\"folder\":\"C:\\\\Users\\\\XiaoXinPro 16 IAH\\\\Desktop\\\\LRIA_llm_eval\\\\eval\\\\Quantum_e2e_v20251106\\\\Bvt1110\\\\bvtfiles\",\"id\":1987776371027480576,\"isDeleted\":0,\"isTmpFile\":false,\"labelNameList\":[],\"lastModifyTime\":\"2025-09-17T09:45:00\",\"md5\":\"da0c0f7162b267cca0de596df4c40c56\",\"path\":\"C:\\\\Users\\\\XiaoXinPro 16 IAH\\\\Desktop\\\\LRIA_llm_eval\\\\eval\\\\Quantum_e2e_v20251106\\\\Bvt1110\\\\bvtfiles\\\\3nql1cs15r8aviz39pth2bpsr4zvy1.txt\",\"priority\":2,\"score\":0.0,\"status\":\"ADDED\",\"tokenNum\":0,\"uriPath\":\"\"},{\"createTime\":\"2025-11-10T14:56:32.639\",\"description\":\"\",\"docName\":\"\",\"editTime\":\"2025-11-10T14:56:32.639\",\"errorDescription\":\"\",\"fileName\":\"3u84xhcdicdb6vqtlfud7syhj444z2.txt\",\"folder\":\"C:\\\\Users\\\\XiaoXinPro 16 IAH\\\\Desktop\\\\LRIA_llm_eval\\\\eval\\\\Quantum_e2e_v20251106\\\\Bvt1110\\\\bvtfiles\",\"id\":1987776371153309696,\"isDeleted\":0,\"isTmpFile\":false,\"labelNameList\":[],\"lastModifyTime\":\"2025-09-17T09:45:00\",\"md5\":\"a80f0ad4af9fd250a462680c85e6fbf0\",\"path\":\"C:\\\\Users\\\\XiaoXinPro 16 IAH\\\\Desktop\\\\LRIA_llm_eval\\\\eval\\\\Quantum_e2e_v20251106\\\\Bvt1110\\\\bvtfiles\\\\3u84xhcdicdb6vqtlfud7syhj444z2.txt\",\"priority\":3,\"score\":0.0,\"status\":\"ADDED\",\"tokenNum\":0,\"uriPath\":\"\"},{\"createTime\":\"2025-11-10T14:56:32.666\",\"description\":\"\",\"docName\":\"\",\"editTime\":\"2025-11-10T14:56:32.666\",\"errorDescription\":\"\",\"fileName\":\"3z3zlgnnsiuha76yy56h6uu71bh3q1.txt\",\"folder\":\"C:\\\\Users\\\\XiaoXinPro 16 IAH\\\\Desktop\\\\LRIA_llm_eval\\\\eval\\\\Quantum_e2e_v20251106\\\\Bvt1110\\\\bvtfiles\",\"id\":1987776371266555904,\"isDeleted\":0,\"isTmpFile\":false,\"labelNameList\":[],\"lastModifyTime\":\"2025-09-17T09:45:00\",\"md5\":\"bb28043dd606535bdcaf1ee30346b0f9\",\"path\":\"C:\\\\Users\\\\XiaoXinPro 16 IAH\\\\Desktop\\\\LRIA_llm_eval\\\\eval\\\\Quantum_e2e_v20251106\\\\Bvt1110\\\\bvtfiles\\\\3z3zlgnnsiuha76yy56h6uu71bh3q1.txt\",\"priority\":4,\"score\":0.0,\"status\":\"ADDED\",\"tokenNum\":0,\"uriPath\":\"\"},{\"createTime\":\"2025-11-10T14:56:32.695\",\"description\":\"\",\"docName\":\"\",\"editTime\":\"2025-11-10T14:56:32.695\",\"errorDescription\":\"\",\"fileName\":\"AI_Face_Test_Set_Collection_Method_Design.pptx\",\"folder\":\"C:\\\\Users\\\\XiaoXinPro 16 IAH\\\\Desktop\\\\LRIA_llm_eval\\\\eval\\\\Quantum_e2e_v20251106\\\\Bvt1110\\\\bvtfiles\",\"id\":1987776371388190720,\"isDeleted\":0,\"isTmpFile\":false,\"labelNameList\":[],\"lastModifyTime\":\"2025-09-17T09:46:00\",\"md5\":\"b0f396e7936e0f6192cd880927e8e74b\",\"path\":\"C:\\\\Users\\\\XiaoXinPro 16 IAH\\\\Desktop\\\\LRIA_llm_eval\\\\eval\\\\Quantum_e2e_v20251106\\\\Bvt1110\\\\bvtfiles\\\\AI_Face_Test_Set_Collection_Method_Design.pptx\",\"priority\":5,\"score\":0.0,\"status\":\"ADDED\",\"tokenNum\":0,\"uriPath\":\"\"},{\"createTime\":\"2025-11-10T14:56:32.726\",\"description\":\"\",\"docName\":\"\",\"editTime\":\"2025-11-10T14:56:32.726\",\"errorDescription\":\"\",\"fileName\":\"A_brief_introduction_of_LP_liutao21_20220615.pptx\",\"folder\":\"C:\\\\Users\\\\XiaoXinPro 16 IAH\\\\Desktop\\\\LRIA_llm_eval\\\\eval\\\\Quantum_e2e_v20251106\\\\Bvt1110\\\\bvtfiles\",\"id\":1987776371518214144,\"isDeleted\":0,\"isTmpFile\":false,\"labelNameList\":[],\"lastModifyTime\":\"2025-09-17T09:46:00\",\"md5\":\"0dbb2532524843af54fb3388b7bf3381\",\"path\":\"C:\\\\Users\\\\XiaoXinPro 16 IAH\\\\Desktop\\\\LRIA_llm_eval\\\\eval\\\\Quantum_e2e_v20251106\\\\Bvt1110\\\\bvtfiles\\\\A_brief_introduction_of_LP_liutao21_20220615.pptx\",\"priority\":6,\"score\":0.0,\"status\":\"ADDED\",\"tokenNum\":0,\"uriPath\":\"\"},{\"createTime\":\"2025-11-10T14:56:32.800\",\"description\":\"\",\"docName\":\"\",\"editTime\":\"2025-11-10T14:56:32.800\",\"errorDescription\":\"\",\"fileName\":\"Belfast-English.docx\",\"folder\":\"C:\\\\Users\\\\XiaoXinPro 16 IAH\\\\Desktop\\\\LRIA_llm_eval\\\\eval\\\\Quantum_e2e_v20251106\\\\Bvt1110\\\\bvtfiles\",\"id\":1987776371828592640,\"isDeleted\":0,\"isTmpFile\":false,\"labelNameList\":[],\"lastModifyTime\":\"2025-09-17T09:45:00\",\"md5\":\"3193e699ffa92db332ae31a9fb1d3cb4\",\"path\":\"C:\\\\Users\\\\XiaoXinPro 16 IAH\\\\Desktop\\\\LRIA_llm_eval\\\\eval\\\\Quantum_e2e_v20251106\\\\Bvt1110\\\\bvtfiles\\\\Belfast-English.docx\",\"priority\":7,\"score\":0.0,\"status\":\"ADDED\",\"tokenNum\":0,\"uriPath\":\"\"},{\"createTime\":\"2025-11-10T14:56:32.823\",\"description\":\"\",\"docName\":\"\",\"editTime\":\"2025-11-10T14:56:32.823\",\"errorDescription\":\"\",\"fileName\":\"British-Food-Culture.doc\",\"folder\":\"C:\\\\Users\\\\XiaoXinPro 16 IAH\\\\Desktop\\\\LRIA_llm_eval\\\\eval\\\\Quantum_e2e_v20251106\\\\Bvt1110\\\\bvtfiles\",\"id\":1987776371925061632,\"isDeleted\":0,\"isTmpFile\":false,\"labelNameList\":[],\"lastModifyTime\":\"2025-09-17T09:45:00\",\"md5\":\"435798f1c3377c7f5b71e18d733ca579\",\"path\":\"C:\\\\Users\\\\XiaoXinPro 16 IAH\\\\Desktop\\\\LRIA_llm_eval\\\\eval\\\\Quantum_e2e_v20251106\\\\Bvt1110\\\\bvtfiles\\\\British-Food-Culture.doc\",\"priority\":8,\"score\":0.0,\"status\":\"ADDED\",\"tokenNum\":0,\"uriPath\":\"\"},{\"createTime\":\"2025-11-10T14:56:32.847\",\"description\":\"\",\"docName\":\"\",\"editTime\":\"2025-11-10T14:56:32.847\",\"errorDescription\":\"\",\"fileName\":\"Netflix Becomes a Broadway Producer With Peter Morgan’s Patriots.txt\",\"folder\":\"C:\\\\Users\\\\XiaoXinPro 16 IAH\\\\Desktop\\\\LRIA_llm_eval\\\\eval\\\\Quantum_e2e_v20251106\\\\Bvt1110\\\\bvtfiles\",\"id\":1987776372025724928,\"isDeleted\":0,\"isTmpFile\":false,\"labelNameList\":[],\"lastModifyTime\":\"2025-09-17T09:46:00\",\"md5\":\"ab84c46eaa62a18048fb0241446da4ca\",\"path\":\"C:\\\\Users\\\\XiaoXinPro 16 IAH\\\\Desktop\\\\LRIA_llm_eval\\\\eval\\\\Quantum_e2e_v20251106\\\\Bvt1110\\\\bvtfiles\\\\Netflix Becomes a Broadway Producer With Peter Morgan’s Patriots.txt\",\"priority\":9,\"score\":0.0,\"status\":\"ADDED\",\"tokenNum\":0,\"uriPath\":\"\"}]"}}
2025-11-10 14:56:45,846 - [Quantum_e2e_20251110.py:340] - [get_register_document] - INFO - 文档数量: 9
2025-11-10 14:56:45,846 - [Quantum_e2e_20251110.py:363] - [get_register_document] - INFO - 文档总数: 9, COMPLETED状态的文档数量: 0
2025-11-10 14:56:45,846 - [Quantum_e2e_20251110.py:395] - [get_register_document] - INFO - 仍有文档在处理中
2025-11-10 14:56:45,847 - [Quantum_e2e_20251110.py:1154] - [process_document_registration_only] - INFO - 文档仍在处理中，等待2秒后重试...
2025-11-10 14:56:47,856 - [Quantum_e2e_20251110.py:1145] - [process_document_registration_only] - INFO - 第7次检查文档处理状态...
2025-11-10 14:56:47,856 - [Quantum_e2e_20251110.py:289] - [get_register_document] - INFO - 检查文档注册状态...
2025-11-10 14:56:47,857 - [connectionpool.py:243] - [_new_conn] - DEBUG - Starting new HTTP connection (1): 127.0.0.1:35253
2025-11-10 14:56:47,862 - [connectionpool.py:546] - [_make_request] - DEBUG - http://127.0.0.1:35253 "POST /upload HTTP/11" 200 19
2025-11-10 14:56:47,862 - [Quantum_e2e_20251110.py:299] - [get_register_document] - INFO - 文档注册已用时间: 15.45秒 (00:15)
2025-11-10 14:56:47,863 - [Quantum_e2e_20251110.py:303] - [get_register_document] - INFO - 成功获取文档列表，upload_id: 2032439816481659099
2025-11-10 14:56:47,864 - [connectionpool.py:243] - [_new_conn] - DEBUG - Starting new HTTP connection (1): 127.0.0.1:35253
2025-11-10 14:56:47,871 - [connectionpool.py:546] - [_make_request] - DEBUG - http://127.0.0.1:35253 "GET /query?fileData=2032439816481659099 HTTP/11" 200 None
2025-11-10 14:56:48,016 - [Quantum_e2e_20251110.py:583] - [get_response_content_detailed] - INFO - 响应时间: 0.01秒
2025-11-10 14:56:48,016 - [Quantum_e2e_20251110.py:310] - [get_register_document] - INFO - 获取到的result_text: {"jobId":9,"status":"complete","data":{"text":"[{\"createTime\":\"2025-11-10T14:56:32.563\",\"description\":\"\",\"docName\":\"\",\"editTime\":\"2025-11-10T14:56:32.564\",\"errorDescription\":\"\",\"fileName\":\"2403.19401.pdf\",\"folder\":\"C:\\\\Users\\\\XiaoXinPro 16 IAH\\\\Desktop\\\\LRIA_llm_eval\\\\eval\\\\Quantum_e2e_v20251106\\\\Bvt1110\\\\bvtfiles\",\"id\":1987776370834542592,\"isDeleted\":0,\"isTmpFile\":false,\"labelNameList\":[],\"lastModifyTime\":\"2025-09-17T09:45:00\",\"md5\":\"4ff6ba88616fcf7a71d1dca6c9adc14c\",\"path\":\"C:\\\\Users\\\\XiaoXinPro 16 IAH\\\\Desktop\\\\LRIA_llm_eval\\\\eval\\\\Quantum_e2e_v20251106\\\\Bvt1110\\\\bvtfiles\\\\2403.19401.pdf\",\"priority\":1,\"score\":0.0,\"status\":\"ADDED\",\"tokenNum\":0,\"uriPath\":\"\"},{\"createTime\":\"2025-11-10T14:56:32.609\",\"description\":\"\",\"docName\":\"\",\"editTime\":\"2025-11-10T14:56:32.609\",\"errorDescription\":\"\",\"fileName\":\"3nql1cs15r8aviz39pth2bpsr4zvy1.txt\",\"folder\":\"C:\\\\Users\\\\XiaoXinPro 16 IAH\\\\Desktop\\\\LRIA_llm_eval\\\\eval\\\\Quantum_e2e_v20251106\\\\Bvt1110\\\\bvtfiles\",\"id\":1987776371027480576,\"isDeleted\":0,\"isTmpFile\":false,\"labelNameList\":[],\"lastModifyTime\":\"2025-09-17T09:45:00\",\"md5\":\"da0c0f7162b267cca0de596df4c40c56\",\"path\":\"C:\\\\Users\\\\XiaoXinPro 16 IAH\\\\Desktop\\\\LRIA_llm_eval\\\\eval\\\\Quantum_e2e_v20251106\\\\Bvt1110\\\\bvtfiles\\\\3nql1cs15r8aviz39pth2bpsr4zvy1.txt\",\"priority\":2,\"score\":0.0,\"status\":\"ADDED\",\"tokenNum\":0,\"uriPath\":\"\"},{\"createTime\":\"2025-11-10T14:56:32.639\",\"description\":\"\",\"docName\":\"\",\"editTime\":\"2025-11-10T14:56:32.639\",\"errorDescription\":\"\",\"fileName\":\"3u84xhcdicdb6vqtlfud7syhj444z2.txt\",\"folder\":\"C:\\\\Users\\\\XiaoXinPro 16 IAH\\\\Desktop\\\\LRIA_llm_eval\\\\eval\\\\Quantum_e2e_v20251106\\\\Bvt1110\\\\bvtfiles\",\"id\":1987776371153309696,\"isDeleted\":0,\"isTmpFile\":false,\"labelNameList\":[],\"lastModifyTime\":\"2025-09-17T09:45:00\",\"md5\":\"a80f0ad4af9fd250a462680c85e6fbf0\",\"path\":\"C:\\\\Users\\\\XiaoXinPro 16 IAH\\\\Desktop\\\\LRIA_llm_eval\\\\eval\\\\Quantum_e2e_v20251106\\\\Bvt1110\\\\bvtfiles\\\\3u84xhcdicdb6vqtlfud7syhj444z2.txt\",\"priority\":3,\"score\":0.0,\"status\":\"ADDED\",\"tokenNum\":0,\"uriPath\":\"\"},{\"createTime\":\"2025-11-10T14:56:32.666\",\"description\":\"\",\"docName\":\"\",\"editTime\":\"2025-11-10T14:56:32.666\",\"errorDescription\":\"\",\"fileName\":\"3z3zlgnnsiuha76yy56h6uu71bh3q1.txt\",\"folder\":\"C:\\\\Users\\\\XiaoXinPro 16 IAH\\\\Desktop\\\\LRIA_llm_eval\\\\eval\\\\Quantum_e2e_v20251106\\\\Bvt1110\\\\bvtfiles\",\"id\":1987776371266555904,\"isDeleted\":0,\"isTmpFile\":false,\"labelNameList\":[],\"lastModifyTime\":\"2025-09-17T09:45:00\",\"md5\":\"bb28043dd606535bdcaf1ee30346b0f9\",\"path\":\"C:\\\\Users\\\\XiaoXinPro 16 IAH\\\\Desktop\\\\LRIA_llm_eval\\\\eval\\\\Quantum_e2e_v20251106\\\\Bvt1110\\\\bvtfiles\\\\3z3zlgnnsiuha76yy56h6uu71bh3q1.txt\",\"priority\":4,\"score\":0.0,\"status\":\"ADDED\",\"tokenNum\":0,\"uriPath\":\"\"},{\"createTime\":\"2025-11-10T14:56:32.695\",\"description\":\"\",\"docName\":\"\",\"editTime\":\"2025-11-10T14:56:32.695\",\"errorDescription\":\"\",\"fileName\":\"AI_Face_Test_Set_Collection_Method_Design.pptx\",\"folder\":\"C:\\\\Users\\\\XiaoXinPro 16 IAH\\\\Desktop\\\\LRIA_llm_eval\\\\eval\\\\Quantum_e2e_v20251106\\\\Bvt1110\\\\bvtfiles\",\"id\":1987776371388190720,\"isDeleted\":0,\"isTmpFile\":false,\"labelNameList\":[],\"lastModifyTime\":\"2025-09-17T09:46:00\",\"md5\":\"b0f396e7936e0f6192cd880927e8e74b\",\"path\":\"C:\\\\Users\\\\XiaoXinPro 16 IAH\\\\Desktop\\\\LRIA_llm_eval\\\\eval\\\\Quantum_e2e_v20251106\\\\Bvt1110\\\\bvtfiles\\\\AI_Face_Test_Set_Collection_Method_Design.pptx\",\"priority\":5,\"score\":0.0,\"status\":\"ADDED\",\"tokenNum\":0,\"uriPath\":\"\"},{\"createTime\":\"2025-11-10T14:56:32.726\",\"description\":\"\",\"docName\":\"\",\"editTime\":\"2025-11-10T14:56:32.726\",\"errorDescription\":\"\",\"fileName\":\"A_brief_introduction_of_LP_liutao21_20220615.pptx\",\"folder\":\"C:\\\\Users\\\\XiaoXinPro 16 IAH\\\\Desktop\\\\LRIA_llm_eval\\\\eval\\\\Quantum_e2e_v20251106\\\\Bvt1110\\\\bvtfiles\",\"id\":1987776371518214144,\"isDeleted\":0,\"isTmpFile\":false,\"labelNameList\":[],\"lastModifyTime\":\"2025-09-17T09:46:00\",\"md5\":\"0dbb2532524843af54fb3388b7bf3381\",\"path\":\"C:\\\\Users\\\\XiaoXinPro 16 IAH\\\\Desktop\\\\LRIA_llm_eval\\\\eval\\\\Quantum_e2e_v20251106\\\\Bvt1110\\\\bvtfiles\\\\A_brief_introduction_of_LP_liutao21_20220615.pptx\",\"priority\":6,\"score\":0.0,\"status\":\"ADDED\",\"tokenNum\":0,\"uriPath\":\"\"},{\"createTime\":\"2025-11-10T14:56:32.800\",\"description\":\"\",\"docName\":\"\",\"editTime\":\"2025-11-10T14:56:32.800\",\"errorDescription\":\"\",\"fileName\":\"Belfast-English.docx\",\"folder\":\"C:\\\\Users\\\\XiaoXinPro 16 IAH\\\\Desktop\\\\LRIA_llm_eval\\\\eval\\\\Quantum_e2e_v20251106\\\\Bvt1110\\\\bvtfiles\",\"id\":1987776371828592640,\"isDeleted\":0,\"isTmpFile\":false,\"labelNameList\":[],\"lastModifyTime\":\"2025-09-17T09:45:00\",\"md5\":\"3193e699ffa92db332ae31a9fb1d3cb4\",\"path\":\"C:\\\\Users\\\\XiaoXinPro 16 IAH\\\\Desktop\\\\LRIA_llm_eval\\\\eval\\\\Quantum_e2e_v20251106\\\\Bvt1110\\\\bvtfiles\\\\Belfast-English.docx\",\"priority\":7,\"score\":0.0,\"status\":\"ADDED\",\"tokenNum\":0,\"uriPath\":\"\"},{\"createTime\":\"2025-11-10T14:56:32.823\",\"description\":\"\",\"docName\":\"\",\"editTime\":\"2025-11-10T14:56:32.823\",\"errorDescription\":\"\",\"fileName\":\"British-Food-Culture.doc\",\"folder\":\"C:\\\\Users\\\\XiaoXinPro 16 IAH\\\\Desktop\\\\LRIA_llm_eval\\\\eval\\\\Quantum_e2e_v20251106\\\\Bvt1110\\\\bvtfiles\",\"id\":1987776371925061632,\"isDeleted\":0,\"isTmpFile\":false,\"labelNameList\":[],\"lastModifyTime\":\"2025-09-17T09:45:00\",\"md5\":\"435798f1c3377c7f5b71e18d733ca579\",\"path\":\"C:\\\\Users\\\\XiaoXinPro 16 IAH\\\\Desktop\\\\LRIA_llm_eval\\\\eval\\\\Quantum_e2e_v20251106\\\\Bvt1110\\\\bvtfiles\\\\British-Food-Culture.doc\",\"priority\":8,\"score\":0.0,\"status\":\"ADDED\",\"tokenNum\":0,\"uriPath\":\"\"},{\"createTime\":\"2025-11-10T14:56:32.847\",\"description\":\"\",\"docName\":\"\",\"editTime\":\"2025-11-10T14:56:32.847\",\"errorDescription\":\"\",\"fileName\":\"Netflix Becomes a Broadway Producer With Peter Morgan’s Patriots.txt\",\"folder\":\"C:\\\\Users\\\\XiaoXinPro 16 IAH\\\\Desktop\\\\LRIA_llm_eval\\\\eval\\\\Quantum_e2e_v20251106\\\\Bvt1110\\\\bvtfiles\",\"id\":1987776372025724928,\"isDeleted\":0,\"isTmpFile\":false,\"labelNameList\":[],\"lastModifyTime\":\"2025-09-17T09:46:00\",\"md5\":\"ab84c46eaa62a18048fb0241446da4ca\",\"path\":\"C:\\\\Users\\\\XiaoXinPro 16 IAH\\\\Desktop\\\\LRIA_llm_eval\\\\eval\\\\Quantum_e2e_v20251106\\\\Bvt1110\\\\bvtfiles\\\\Netflix Becomes a Broadway Producer With Peter Morgan’s Patriots.txt\",\"priority\":9,\"score\":0.0,\"status\":\"ADDED\",\"tokenNum\":0,\"uriPath\":\"\"}]"}}
2025-11-10 14:56:48,017 - [Quantum_e2e_20251110.py:340] - [get_register_document] - INFO - 文档数量: 9
2025-11-10 14:56:48,017 - [Quantum_e2e_20251110.py:363] - [get_register_document] - INFO - 文档总数: 9, COMPLETED状态的文档数量: 0
2025-11-10 14:56:48,017 - [Quantum_e2e_20251110.py:395] - [get_register_document] - INFO - 仍有文档在处理中
2025-11-10 14:56:48,018 - [Quantum_e2e_20251110.py:1154] - [process_document_registration_only] - INFO - 文档仍在处理中，等待2秒后重试...
2025-11-10 14:56:50,032 - [Quantum_e2e_20251110.py:1145] - [process_document_registration_only] - INFO - 第8次检查文档处理状态...
2025-11-10 14:56:50,033 - [Quantum_e2e_20251110.py:289] - [get_register_document] - INFO - 检查文档注册状态...
2025-11-10 14:56:50,036 - [connectionpool.py:243] - [_new_conn] - DEBUG - Starting new HTTP connection (1): 127.0.0.1:35253
2025-11-10 14:56:50,041 - [connectionpool.py:546] - [_make_request] - DEBUG - http://127.0.0.1:35253 "POST /upload HTTP/11" 200 19
2025-11-10 14:56:50,042 - [Quantum_e2e_20251110.py:299] - [get_register_document] - INFO - 文档注册已用时间: 17.63秒 (00:17)
2025-11-10 14:56:50,042 - [Quantum_e2e_20251110.py:303] - [get_register_document] - INFO - 成功获取文档列表，upload_id: 3916787089812643849
2025-11-10 14:56:50,044 - [connectionpool.py:243] - [_new_conn] - DEBUG - Starting new HTTP connection (1): 127.0.0.1:35253
2025-11-10 14:56:50,048 - [connectionpool.py:546] - [_make_request] - DEBUG - http://127.0.0.1:35253 "GET /query?fileData=3916787089812643849 HTTP/11" 200 None
2025-11-10 14:56:50,180 - [Quantum_e2e_20251110.py:583] - [get_response_content_detailed] - INFO - 响应时间: 0.01秒
2025-11-10 14:56:50,180 - [Quantum_e2e_20251110.py:310] - [get_register_document] - INFO - 获取到的result_text: {"jobId":10,"status":"complete","data":{"text":"[{\"createTime\":\"2025-11-10T14:56:32.563\",\"description\":\"\",\"docName\":\"\",\"editTime\":\"2025-11-10T14:56:32.564\",\"errorDescription\":\"\",\"fileName\":\"2403.19401.pdf\",\"folder\":\"C:\\\\Users\\\\XiaoXinPro 16 IAH\\\\Desktop\\\\LRIA_llm_eval\\\\eval\\\\Quantum_e2e_v20251106\\\\Bvt1110\\\\bvtfiles\",\"id\":1987776370834542592,\"isDeleted\":0,\"isTmpFile\":false,\"labelNameList\":[],\"lastModifyTime\":\"2025-09-17T09:45:00\",\"md5\":\"4ff6ba88616fcf7a71d1dca6c9adc14c\",\"path\":\"C:\\\\Users\\\\XiaoXinPro 16 IAH\\\\Desktop\\\\LRIA_llm_eval\\\\eval\\\\Quantum_e2e_v20251106\\\\Bvt1110\\\\bvtfiles\\\\2403.19401.pdf\",\"priority\":1,\"score\":0.0,\"status\":\"ADDED\",\"tokenNum\":0,\"uriPath\":\"\"},{\"createTime\":\"2025-11-10T14:56:32.609\",\"description\":\"\",\"docName\":\"\",\"editTime\":\"2025-11-10T14:56:32.609\",\"errorDescription\":\"\",\"fileName\":\"3nql1cs15r8aviz39pth2bpsr4zvy1.txt\",\"folder\":\"C:\\\\Users\\\\XiaoXinPro 16 IAH\\\\Desktop\\\\LRIA_llm_eval\\\\eval\\\\Quantum_e2e_v20251106\\\\Bvt1110\\\\bvtfiles\",\"id\":1987776371027480576,\"isDeleted\":0,\"isTmpFile\":false,\"labelNameList\":[],\"lastModifyTime\":\"2025-09-17T09:45:00\",\"md5\":\"da0c0f7162b267cca0de596df4c40c56\",\"path\":\"C:\\\\Users\\\\XiaoXinPro 16 IAH\\\\Desktop\\\\LRIA_llm_eval\\\\eval\\\\Quantum_e2e_v20251106\\\\Bvt1110\\\\bvtfiles\\\\3nql1cs15r8aviz39pth2bpsr4zvy1.txt\",\"priority\":2,\"score\":0.0,\"status\":\"ADDED\",\"tokenNum\":0,\"uriPath\":\"\"},{\"createTime\":\"2025-11-10T14:56:32.639\",\"description\":\"\",\"docName\":\"\",\"editTime\":\"2025-11-10T14:56:32.639\",\"errorDescription\":\"\",\"fileName\":\"3u84xhcdicdb6vqtlfud7syhj444z2.txt\",\"folder\":\"C:\\\\Users\\\\XiaoXinPro 16 IAH\\\\Desktop\\\\LRIA_llm_eval\\\\eval\\\\Quantum_e2e_v20251106\\\\Bvt1110\\\\bvtfiles\",\"id\":1987776371153309696,\"isDeleted\":0,\"isTmpFile\":false,\"labelNameList\":[],\"lastModifyTime\":\"2025-09-17T09:45:00\",\"md5\":\"a80f0ad4af9fd250a462680c85e6fbf0\",\"path\":\"C:\\\\Users\\\\XiaoXinPro 16 IAH\\\\Desktop\\\\LRIA_llm_eval\\\\eval\\\\Quantum_e2e_v20251106\\\\Bvt1110\\\\bvtfiles\\\\3u84xhcdicdb6vqtlfud7syhj444z2.txt\",\"priority\":3,\"score\":0.0,\"status\":\"ADDED\",\"tokenNum\":0,\"uriPath\":\"\"},{\"createTime\":\"2025-11-10T14:56:32.666\",\"description\":\"\",\"docName\":\"\",\"editTime\":\"2025-11-10T14:56:32.666\",\"errorDescription\":\"\",\"fileName\":\"3z3zlgnnsiuha76yy56h6uu71bh3q1.txt\",\"folder\":\"C:\\\\Users\\\\XiaoXinPro 16 IAH\\\\Desktop\\\\LRIA_llm_eval\\\\eval\\\\Quantum_e2e_v20251106\\\\Bvt1110\\\\bvtfiles\",\"id\":1987776371266555904,\"isDeleted\":0,\"isTmpFile\":false,\"labelNameList\":[],\"lastModifyTime\":\"2025-09-17T09:45:00\",\"md5\":\"bb28043dd606535bdcaf1ee30346b0f9\",\"path\":\"C:\\\\Users\\\\XiaoXinPro 16 IAH\\\\Desktop\\\\LRIA_llm_eval\\\\eval\\\\Quantum_e2e_v20251106\\\\Bvt1110\\\\bvtfiles\\\\3z3zlgnnsiuha76yy56h6uu71bh3q1.txt\",\"priority\":4,\"score\":0.0,\"status\":\"ADDED\",\"tokenNum\":0,\"uriPath\":\"\"},{\"createTime\":\"2025-11-10T14:56:32.695\",\"description\":\"\",\"docName\":\"\",\"editTime\":\"2025-11-10T14:56:32.695\",\"errorDescription\":\"\",\"fileName\":\"AI_Face_Test_Set_Collection_Method_Design.pptx\",\"folder\":\"C:\\\\Users\\\\XiaoXinPro 16 IAH\\\\Desktop\\\\LRIA_llm_eval\\\\eval\\\\Quantum_e2e_v20251106\\\\Bvt1110\\\\bvtfiles\",\"id\":1987776371388190720,\"isDeleted\":0,\"isTmpFile\":false,\"labelNameList\":[],\"lastModifyTime\":\"2025-09-17T09:46:00\",\"md5\":\"b0f396e7936e0f6192cd880927e8e74b\",\"path\":\"C:\\\\Users\\\\XiaoXinPro 16 IAH\\\\Desktop\\\\LRIA_llm_eval\\\\eval\\\\Quantum_e2e_v20251106\\\\Bvt1110\\\\bvtfiles\\\\AI_Face_Test_Set_Collection_Method_Design.pptx\",\"priority\":5,\"score\":0.0,\"status\":\"ADDED\",\"tokenNum\":0,\"uriPath\":\"\"},{\"createTime\":\"2025-11-10T14:56:32.726\",\"description\":\"\",\"docName\":\"\",\"editTime\":\"2025-11-10T14:56:32.726\",\"errorDescription\":\"\",\"fileName\":\"A_brief_introduction_of_LP_liutao21_20220615.pptx\",\"folder\":\"C:\\\\Users\\\\XiaoXinPro 16 IAH\\\\Desktop\\\\LRIA_llm_eval\\\\eval\\\\Quantum_e2e_v20251106\\\\Bvt1110\\\\bvtfiles\",\"id\":1987776371518214144,\"isDeleted\":0,\"isTmpFile\":false,\"labelNameList\":[],\"lastModifyTime\":\"2025-09-17T09:46:00\",\"md5\":\"0dbb2532524843af54fb3388b7bf3381\",\"path\":\"C:\\\\Users\\\\XiaoXinPro 16 IAH\\\\Desktop\\\\LRIA_llm_eval\\\\eval\\\\Quantum_e2e_v20251106\\\\Bvt1110\\\\bvtfiles\\\\A_brief_introduction_of_LP_liutao21_20220615.pptx\",\"priority\":6,\"score\":0.0,\"status\":\"ADDED\",\"tokenNum\":0,\"uriPath\":\"\"},{\"createTime\":\"2025-11-10T14:56:32.800\",\"description\":\"\",\"docName\":\"\",\"editTime\":\"2025-11-10T14:56:32.800\",\"errorDescription\":\"\",\"fileName\":\"Belfast-English.docx\",\"folder\":\"C:\\\\Users\\\\XiaoXinPro 16 IAH\\\\Desktop\\\\LRIA_llm_eval\\\\eval\\\\Quantum_e2e_v20251106\\\\Bvt1110\\\\bvtfiles\",\"id\":1987776371828592640,\"isDeleted\":0,\"isTmpFile\":false,\"labelNameList\":[],\"lastModifyTime\":\"2025-09-17T09:45:00\",\"md5\":\"3193e699ffa92db332ae31a9fb1d3cb4\",\"path\":\"C:\\\\Users\\\\XiaoXinPro 16 IAH\\\\Desktop\\\\LRIA_llm_eval\\\\eval\\\\Quantum_e2e_v20251106\\\\Bvt1110\\\\bvtfiles\\\\Belfast-English.docx\",\"priority\":7,\"score\":0.0,\"status\":\"ADDED\",\"tokenNum\":0,\"uriPath\":\"\"},{\"createTime\":\"2025-11-10T14:56:32.823\",\"description\":\"\",\"docName\":\"\",\"editTime\":\"2025-11-10T14:56:32.823\",\"errorDescription\":\"\",\"fileName\":\"British-Food-Culture.doc\",\"folder\":\"C:\\\\Users\\\\XiaoXinPro 16 IAH\\\\Desktop\\\\LRIA_llm_eval\\\\eval\\\\Quantum_e2e_v20251106\\\\Bvt1110\\\\bvtfiles\",\"id\":1987776371925061632,\"isDeleted\":0,\"isTmpFile\":false,\"labelNameList\":[],\"lastModifyTime\":\"2025-09-17T09:45:00\",\"md5\":\"435798f1c3377c7f5b71e18d733ca579\",\"path\":\"C:\\\\Users\\\\XiaoXinPro 16 IAH\\\\Desktop\\\\LRIA_llm_eval\\\\eval\\\\Quantum_e2e_v20251106\\\\Bvt1110\\\\bvtfiles\\\\British-Food-Culture.doc\",\"priority\":8,\"score\":0.0,\"status\":\"ADDED\",\"tokenNum\":0,\"uriPath\":\"\"},{\"createTime\":\"2025-11-10T14:56:32.847\",\"description\":\"\",\"docName\":\"\",\"editTime\":\"2025-11-10T14:56:32.847\",\"errorDescription\":\"\",\"fileName\":\"Netflix Becomes a Broadway Producer With Peter Morgan’s Patriots.txt\",\"folder\":\"C:\\\\Users\\\\XiaoXinPro 16 IAH\\\\Desktop\\\\LRIA_llm_eval\\\\eval\\\\Quantum_e2e_v20251106\\\\Bvt1110\\\\bvtfiles\",\"id\":1987776372025724928,\"isDeleted\":0,\"isTmpFile\":false,\"labelNameList\":[],\"lastModifyTime\":\"2025-09-17T09:46:00\",\"md5\":\"ab84c46eaa62a18048fb0241446da4ca\",\"path\":\"C:\\\\Users\\\\XiaoXinPro 16 IAH\\\\Desktop\\\\LRIA_llm_eval\\\\eval\\\\Quantum_e2e_v20251106\\\\Bvt1110\\\\bvtfiles\\\\Netflix Becomes a Broadway Producer With Peter Morgan’s Patriots.txt\",\"priority\":9,\"score\":0.0,\"status\":\"ADDED\",\"tokenNum\":0,\"uriPath\":\"\"}]"}}
2025-11-10 14:56:50,181 - [Quantum_e2e_20251110.py:340] - [get_register_document] - INFO - 文档数量: 9
2025-11-10 14:56:50,181 - [Quantum_e2e_20251110.py:363] - [get_register_document] - INFO - 文档总数: 9, COMPLETED状态的文档数量: 0
2025-11-10 14:56:50,182 - [Quantum_e2e_20251110.py:395] - [get_register_document] - INFO - 仍有文档在处理中
2025-11-10 14:56:50,182 - [Quantum_e2e_20251110.py:1154] - [process_document_registration_only] - INFO - 文档仍在处理中，等待2秒后重试...
2025-11-10 14:56:52,192 - [Quantum_e2e_20251110.py:1145] - [process_document_registration_only] - INFO - 第9次检查文档处理状态...
2025-11-10 14:56:52,192 - [Quantum_e2e_20251110.py:289] - [get_register_document] - INFO - 检查文档注册状态...
2025-11-10 14:56:52,195 - [connectionpool.py:243] - [_new_conn] - DEBUG - Starting new HTTP connection (1): 127.0.0.1:35253
2025-11-10 14:56:52,199 - [connectionpool.py:546] - [_make_request] - DEBUG - http://127.0.0.1:35253 "POST /upload HTTP/11" 200 20
2025-11-10 14:56:52,200 - [Quantum_e2e_20251110.py:299] - [get_register_document] - INFO - 文档注册已用时间: 19.79秒 (00:19)
2025-11-10 14:56:52,200 - [Quantum_e2e_20251110.py:303] - [get_register_document] - INFO - 成功获取文档列表，upload_id: -7860090769942600215
2025-11-10 14:56:52,202 - [connectionpool.py:243] - [_new_conn] - DEBUG - Starting new HTTP connection (1): 127.0.0.1:35253
2025-11-10 14:56:52,208 - [connectionpool.py:546] - [_make_request] - DEBUG - http://127.0.0.1:35253 "GET /query?fileData=-7860090769942600215 HTTP/11" 200 None
2025-11-10 14:56:52,335 - [Quantum_e2e_20251110.py:583] - [get_response_content_detailed] - INFO - 响应时间: 0.01秒
2025-11-10 14:56:52,336 - [Quantum_e2e_20251110.py:310] - [get_register_document] - INFO - 获取到的result_text: {"jobId":11,"status":"complete","data":{"text":"[{\"createTime\":\"2025-11-10T14:56:32.563\",\"description\":\"\",\"docName\":\"\",\"editTime\":\"2025-11-10T14:56:32.564\",\"errorDescription\":\"\",\"fileName\":\"2403.19401.pdf\",\"folder\":\"C:\\\\Users\\\\XiaoXinPro 16 IAH\\\\Desktop\\\\LRIA_llm_eval\\\\eval\\\\Quantum_e2e_v20251106\\\\Bvt1110\\\\bvtfiles\",\"id\":1987776370834542592,\"isDeleted\":0,\"isTmpFile\":false,\"labelNameList\":[],\"lastModifyTime\":\"2025-09-17T09:45:00\",\"md5\":\"4ff6ba88616fcf7a71d1dca6c9adc14c\",\"path\":\"C:\\\\Users\\\\XiaoXinPro 16 IAH\\\\Desktop\\\\LRIA_llm_eval\\\\eval\\\\Quantum_e2e_v20251106\\\\Bvt1110\\\\bvtfiles\\\\2403.19401.pdf\",\"priority\":1,\"score\":0.0,\"status\":\"ADDED\",\"tokenNum\":0,\"uriPath\":\"\"},{\"createTime\":\"2025-11-10T14:56:32.609\",\"description\":\"\",\"docName\":\"\",\"editTime\":\"2025-11-10T14:56:32.609\",\"errorDescription\":\"\",\"fileName\":\"3nql1cs15r8aviz39pth2bpsr4zvy1.txt\",\"folder\":\"C:\\\\Users\\\\XiaoXinPro 16 IAH\\\\Desktop\\\\LRIA_llm_eval\\\\eval\\\\Quantum_e2e_v20251106\\\\Bvt1110\\\\bvtfiles\",\"id\":1987776371027480576,\"isDeleted\":0,\"isTmpFile\":false,\"labelNameList\":[],\"lastModifyTime\":\"2025-09-17T09:45:00\",\"md5\":\"da0c0f7162b267cca0de596df4c40c56\",\"path\":\"C:\\\\Users\\\\XiaoXinPro 16 IAH\\\\Desktop\\\\LRIA_llm_eval\\\\eval\\\\Quantum_e2e_v20251106\\\\Bvt1110\\\\bvtfiles\\\\3nql1cs15r8aviz39pth2bpsr4zvy1.txt\",\"priority\":2,\"score\":0.0,\"status\":\"ADDED\",\"tokenNum\":0,\"uriPath\":\"\"},{\"createTime\":\"2025-11-10T14:56:32.639\",\"description\":\"\",\"docName\":\"\",\"editTime\":\"2025-11-10T14:56:32.639\",\"errorDescription\":\"\",\"fileName\":\"3u84xhcdicdb6vqtlfud7syhj444z2.txt\",\"folder\":\"C:\\\\Users\\\\XiaoXinPro 16 IAH\\\\Desktop\\\\LRIA_llm_eval\\\\eval\\\\Quantum_e2e_v20251106\\\\Bvt1110\\\\bvtfiles\",\"id\":1987776371153309696,\"isDeleted\":0,\"isTmpFile\":false,\"labelNameList\":[],\"lastModifyTime\":\"2025-09-17T09:45:00\",\"md5\":\"a80f0ad4af9fd250a462680c85e6fbf0\",\"path\":\"C:\\\\Users\\\\XiaoXinPro 16 IAH\\\\Desktop\\\\LRIA_llm_eval\\\\eval\\\\Quantum_e2e_v20251106\\\\Bvt1110\\\\bvtfiles\\\\3u84xhcdicdb6vqtlfud7syhj444z2.txt\",\"priority\":3,\"score\":0.0,\"status\":\"ADDED\",\"tokenNum\":0,\"uriPath\":\"\"},{\"createTime\":\"2025-11-10T14:56:32.666\",\"description\":\"\",\"docName\":\"\",\"editTime\":\"2025-11-10T14:56:32.666\",\"errorDescription\":\"\",\"fileName\":\"3z3zlgnnsiuha76yy56h6uu71bh3q1.txt\",\"folder\":\"C:\\\\Users\\\\XiaoXinPro 16 IAH\\\\Desktop\\\\LRIA_llm_eval\\\\eval\\\\Quantum_e2e_v20251106\\\\Bvt1110\\\\bvtfiles\",\"id\":1987776371266555904,\"isDeleted\":0,\"isTmpFile\":false,\"labelNameList\":[],\"lastModifyTime\":\"2025-09-17T09:45:00\",\"md5\":\"bb28043dd606535bdcaf1ee30346b0f9\",\"path\":\"C:\\\\Users\\\\XiaoXinPro 16 IAH\\\\Desktop\\\\LRIA_llm_eval\\\\eval\\\\Quantum_e2e_v20251106\\\\Bvt1110\\\\bvtfiles\\\\3z3zlgnnsiuha76yy56h6uu71bh3q1.txt\",\"priority\":4,\"score\":0.0,\"status\":\"ADDED\",\"tokenNum\":0,\"uriPath\":\"\"},{\"createTime\":\"2025-11-10T14:56:32.695\",\"description\":\"\",\"docName\":\"\",\"editTime\":\"2025-11-10T14:56:32.695\",\"errorDescription\":\"\",\"fileName\":\"AI_Face_Test_Set_Collection_Method_Design.pptx\",\"folder\":\"C:\\\\Users\\\\XiaoXinPro 16 IAH\\\\Desktop\\\\LRIA_llm_eval\\\\eval\\\\Quantum_e2e_v20251106\\\\Bvt1110\\\\bvtfiles\",\"id\":1987776371388190720,\"isDeleted\":0,\"isTmpFile\":false,\"labelNameList\":[],\"lastModifyTime\":\"2025-09-17T09:46:00\",\"md5\":\"b0f396e7936e0f6192cd880927e8e74b\",\"path\":\"C:\\\\Users\\\\XiaoXinPro 16 IAH\\\\Desktop\\\\LRIA_llm_eval\\\\eval\\\\Quantum_e2e_v20251106\\\\Bvt1110\\\\bvtfiles\\\\AI_Face_Test_Set_Collection_Method_Design.pptx\",\"priority\":5,\"score\":0.0,\"status\":\"ADDED\",\"tokenNum\":0,\"uriPath\":\"\"},{\"createTime\":\"2025-11-10T14:56:32.726\",\"description\":\"\",\"docName\":\"\",\"editTime\":\"2025-11-10T14:56:32.726\",\"errorDescription\":\"\",\"fileName\":\"A_brief_introduction_of_LP_liutao21_20220615.pptx\",\"folder\":\"C:\\\\Users\\\\XiaoXinPro 16 IAH\\\\Desktop\\\\LRIA_llm_eval\\\\eval\\\\Quantum_e2e_v20251106\\\\Bvt1110\\\\bvtfiles\",\"id\":1987776371518214144,\"isDeleted\":0,\"isTmpFile\":false,\"labelNameList\":[],\"lastModifyTime\":\"2025-09-17T09:46:00\",\"md5\":\"0dbb2532524843af54fb3388b7bf3381\",\"path\":\"C:\\\\Users\\\\XiaoXinPro 16 IAH\\\\Desktop\\\\LRIA_llm_eval\\\\eval\\\\Quantum_e2e_v20251106\\\\Bvt1110\\\\bvtfiles\\\\A_brief_introduction_of_LP_liutao21_20220615.pptx\",\"priority\":6,\"score\":0.0,\"status\":\"ADDED\",\"tokenNum\":0,\"uriPath\":\"\"},{\"createTime\":\"2025-11-10T14:56:32.800\",\"description\":\"\",\"docName\":\"\",\"editTime\":\"2025-11-10T14:56:32.800\",\"errorDescription\":\"\",\"fileName\":\"Belfast-English.docx\",\"folder\":\"C:\\\\Users\\\\XiaoXinPro 16 IAH\\\\Desktop\\\\LRIA_llm_eval\\\\eval\\\\Quantum_e2e_v20251106\\\\Bvt1110\\\\bvtfiles\",\"id\":1987776371828592640,\"isDeleted\":0,\"isTmpFile\":false,\"labelNameList\":[],\"lastModifyTime\":\"2025-09-17T09:45:00\",\"md5\":\"3193e699ffa92db332ae31a9fb1d3cb4\",\"path\":\"C:\\\\Users\\\\XiaoXinPro 16 IAH\\\\Desktop\\\\LRIA_llm_eval\\\\eval\\\\Quantum_e2e_v20251106\\\\Bvt1110\\\\bvtfiles\\\\Belfast-English.docx\",\"priority\":7,\"score\":0.0,\"status\":\"ADDED\",\"tokenNum\":0,\"uriPath\":\"\"},{\"createTime\":\"2025-11-10T14:56:32.823\",\"description\":\"\",\"docName\":\"\",\"editTime\":\"2025-11-10T14:56:32.823\",\"errorDescription\":\"\",\"fileName\":\"British-Food-Culture.doc\",\"folder\":\"C:\\\\Users\\\\XiaoXinPro 16 IAH\\\\Desktop\\\\LRIA_llm_eval\\\\eval\\\\Quantum_e2e_v20251106\\\\Bvt1110\\\\bvtfiles\",\"id\":1987776371925061632,\"isDeleted\":0,\"isTmpFile\":false,\"labelNameList\":[],\"lastModifyTime\":\"2025-09-17T09:45:00\",\"md5\":\"435798f1c3377c7f5b71e18d733ca579\",\"path\":\"C:\\\\Users\\\\XiaoXinPro 16 IAH\\\\Desktop\\\\LRIA_llm_eval\\\\eval\\\\Quantum_e2e_v20251106\\\\Bvt1110\\\\bvtfiles\\\\British-Food-Culture.doc\",\"priority\":8,\"score\":0.0,\"status\":\"ADDED\",\"tokenNum\":0,\"uriPath\":\"\"},{\"createTime\":\"2025-11-10T14:56:32.847\",\"description\":\"\",\"docName\":\"\",\"editTime\":\"2025-11-10T14:56:32.847\",\"errorDescription\":\"\",\"fileName\":\"Netflix Becomes a Broadway Producer With Peter Morgan’s Patriots.txt\",\"folder\":\"C:\\\\Users\\\\XiaoXinPro 16 IAH\\\\Desktop\\\\LRIA_llm_eval\\\\eval\\\\Quantum_e2e_v20251106\\\\Bvt1110\\\\bvtfiles\",\"id\":1987776372025724928,\"isDeleted\":0,\"isTmpFile\":false,\"labelNameList\":[],\"lastModifyTime\":\"2025-09-17T09:46:00\",\"md5\":\"ab84c46eaa62a18048fb0241446da4ca\",\"path\":\"C:\\\\Users\\\\XiaoXinPro 16 IAH\\\\Desktop\\\\LRIA_llm_eval\\\\eval\\\\Quantum_e2e_v20251106\\\\Bvt1110\\\\bvtfiles\\\\Netflix Becomes a Broadway Producer With Peter Morgan’s Patriots.txt\",\"priority\":9,\"score\":0.0,\"status\":\"ADDED\",\"tokenNum\":0,\"uriPath\":\"\"}]"}}
2025-11-10 14:56:52,337 - [Quantum_e2e_20251110.py:340] - [get_register_document] - INFO - 文档数量: 9
2025-11-10 14:56:52,337 - [Quantum_e2e_20251110.py:363] - [get_register_document] - INFO - 文档总数: 9, COMPLETED状态的文档数量: 0
2025-11-10 14:56:52,337 - [Quantum_e2e_20251110.py:395] - [get_register_document] - INFO - 仍有文档在处理中
2025-11-10 14:56:52,337 - [Quantum_e2e_20251110.py:1154] - [process_document_registration_only] - INFO - 文档仍在处理中，等待2秒后重试...
2025-11-10 14:56:54,341 - [Quantum_e2e_20251110.py:1145] - [process_document_registration_only] - INFO - 第10次检查文档处理状态...
2025-11-10 14:56:54,341 - [Quantum_e2e_20251110.py:289] - [get_register_document] - INFO - 检查文档注册状态...
2025-11-10 14:56:54,344 - [connectionpool.py:243] - [_new_conn] - DEBUG - Starting new HTTP connection (1): 127.0.0.1:35253
2025-11-10 14:56:54,349 - [connectionpool.py:546] - [_make_request] - DEBUG - http://127.0.0.1:35253 "POST /upload HTTP/11" 200 20
2025-11-10 14:56:54,350 - [Quantum_e2e_20251110.py:299] - [get_register_document] - INFO - 文档注册已用时间: 21.94秒 (00:21)
2025-11-10 14:56:54,350 - [Quantum_e2e_20251110.py:303] - [get_register_document] - INFO - 成功获取文档列表，upload_id: -1625294797731609240
2025-11-10 14:56:54,352 - [connectionpool.py:243] - [_new_conn] - DEBUG - Starting new HTTP connection (1): 127.0.0.1:35253
2025-11-10 14:56:54,357 - [connectionpool.py:546] - [_make_request] - DEBUG - http://127.0.0.1:35253 "GET /query?fileData=-1625294797731609240 HTTP/11" 200 None
2025-11-10 14:56:54,477 - [Quantum_e2e_20251110.py:583] - [get_response_content_detailed] - INFO - 响应时间: 0.01秒
2025-11-10 14:56:54,478 - [Quantum_e2e_20251110.py:310] - [get_register_document] - INFO - 获取到的result_text: {"jobId":12,"status":"complete","data":{"text":"[{\"createTime\":\"2025-11-10T14:56:32.563\",\"description\":\"\",\"docName\":\"\",\"editTime\":\"2025-11-10T14:56:32.564\",\"errorDescription\":\"\",\"fileName\":\"2403.19401.pdf\",\"folder\":\"C:\\\\Users\\\\XiaoXinPro 16 IAH\\\\Desktop\\\\LRIA_llm_eval\\\\eval\\\\Quantum_e2e_v20251106\\\\Bvt1110\\\\bvtfiles\",\"id\":1987776370834542592,\"isDeleted\":0,\"isTmpFile\":false,\"labelNameList\":[],\"lastModifyTime\":\"2025-09-17T09:45:00\",\"md5\":\"4ff6ba88616fcf7a71d1dca6c9adc14c\",\"path\":\"C:\\\\Users\\\\XiaoXinPro 16 IAH\\\\Desktop\\\\LRIA_llm_eval\\\\eval\\\\Quantum_e2e_v20251106\\\\Bvt1110\\\\bvtfiles\\\\2403.19401.pdf\",\"priority\":1,\"score\":0.0,\"status\":\"ADDED\",\"tokenNum\":0,\"uriPath\":\"\"},{\"createTime\":\"2025-11-10T14:56:32.609\",\"description\":\"\",\"docName\":\"\",\"editTime\":\"2025-11-10T14:56:32.609\",\"errorDescription\":\"\",\"fileName\":\"3nql1cs15r8aviz39pth2bpsr4zvy1.txt\",\"folder\":\"C:\\\\Users\\\\XiaoXinPro 16 IAH\\\\Desktop\\\\LRIA_llm_eval\\\\eval\\\\Quantum_e2e_v20251106\\\\Bvt1110\\\\bvtfiles\",\"id\":1987776371027480576,\"isDeleted\":0,\"isTmpFile\":false,\"labelNameList\":[],\"lastModifyTime\":\"2025-09-17T09:45:00\",\"md5\":\"da0c0f7162b267cca0de596df4c40c56\",\"path\":\"C:\\\\Users\\\\XiaoXinPro 16 IAH\\\\Desktop\\\\LRIA_llm_eval\\\\eval\\\\Quantum_e2e_v20251106\\\\Bvt1110\\\\bvtfiles\\\\3nql1cs15r8aviz39pth2bpsr4zvy1.txt\",\"priority\":2,\"score\":0.0,\"status\":\"ADDED\",\"tokenNum\":0,\"uriPath\":\"\"},{\"createTime\":\"2025-11-10T14:56:32.639\",\"description\":\"\",\"docName\":\"\",\"editTime\":\"2025-11-10T14:56:32.639\",\"errorDescription\":\"\",\"fileName\":\"3u84xhcdicdb6vqtlfud7syhj444z2.txt\",\"folder\":\"C:\\\\Users\\\\XiaoXinPro 16 IAH\\\\Desktop\\\\LRIA_llm_eval\\\\eval\\\\Quantum_e2e_v20251106\\\\Bvt1110\\\\bvtfiles\",\"id\":1987776371153309696,\"isDeleted\":0,\"isTmpFile\":false,\"labelNameList\":[],\"lastModifyTime\":\"2025-09-17T09:45:00\",\"md5\":\"a80f0ad4af9fd250a462680c85e6fbf0\",\"path\":\"C:\\\\Users\\\\XiaoXinPro 16 IAH\\\\Desktop\\\\LRIA_llm_eval\\\\eval\\\\Quantum_e2e_v20251106\\\\Bvt1110\\\\bvtfiles\\\\3u84xhcdicdb6vqtlfud7syhj444z2.txt\",\"priority\":3,\"score\":0.0,\"status\":\"ADDED\",\"tokenNum\":0,\"uriPath\":\"\"},{\"createTime\":\"2025-11-10T14:56:32.666\",\"description\":\"\",\"docName\":\"\",\"editTime\":\"2025-11-10T14:56:32.666\",\"errorDescription\":\"\",\"fileName\":\"3z3zlgnnsiuha76yy56h6uu71bh3q1.txt\",\"folder\":\"C:\\\\Users\\\\XiaoXinPro 16 IAH\\\\Desktop\\\\LRIA_llm_eval\\\\eval\\\\Quantum_e2e_v20251106\\\\Bvt1110\\\\bvtfiles\",\"id\":1987776371266555904,\"isDeleted\":0,\"isTmpFile\":false,\"labelNameList\":[],\"lastModifyTime\":\"2025-09-17T09:45:00\",\"md5\":\"bb28043dd606535bdcaf1ee30346b0f9\",\"path\":\"C:\\\\Users\\\\XiaoXinPro 16 IAH\\\\Desktop\\\\LRIA_llm_eval\\\\eval\\\\Quantum_e2e_v20251106\\\\Bvt1110\\\\bvtfiles\\\\3z3zlgnnsiuha76yy56h6uu71bh3q1.txt\",\"priority\":4,\"score\":0.0,\"status\":\"ADDED\",\"tokenNum\":0,\"uriPath\":\"\"},{\"createTime\":\"2025-11-10T14:56:32.695\",\"description\":\"\",\"docName\":\"\",\"editTime\":\"2025-11-10T14:56:32.695\",\"errorDescription\":\"\",\"fileName\":\"AI_Face_Test_Set_Collection_Method_Design.pptx\",\"folder\":\"C:\\\\Users\\\\XiaoXinPro 16 IAH\\\\Desktop\\\\LRIA_llm_eval\\\\eval\\\\Quantum_e2e_v20251106\\\\Bvt1110\\\\bvtfiles\",\"id\":1987776371388190720,\"isDeleted\":0,\"isTmpFile\":false,\"labelNameList\":[],\"lastModifyTime\":\"2025-09-17T09:46:00\",\"md5\":\"b0f396e7936e0f6192cd880927e8e74b\",\"path\":\"C:\\\\Users\\\\XiaoXinPro 16 IAH\\\\Desktop\\\\LRIA_llm_eval\\\\eval\\\\Quantum_e2e_v20251106\\\\Bvt1110\\\\bvtfiles\\\\AI_Face_Test_Set_Collection_Method_Design.pptx\",\"priority\":5,\"score\":0.0,\"status\":\"ADDED\",\"tokenNum\":0,\"uriPath\":\"\"},{\"createTime\":\"2025-11-10T14:56:32.726\",\"description\":\"\",\"docName\":\"\",\"editTime\":\"2025-11-10T14:56:32.726\",\"errorDescription\":\"\",\"fileName\":\"A_brief_introduction_of_LP_liutao21_20220615.pptx\",\"folder\":\"C:\\\\Users\\\\XiaoXinPro 16 IAH\\\\Desktop\\\\LRIA_llm_eval\\\\eval\\\\Quantum_e2e_v20251106\\\\Bvt1110\\\\bvtfiles\",\"id\":1987776371518214144,\"isDeleted\":0,\"isTmpFile\":false,\"labelNameList\":[],\"lastModifyTime\":\"2025-09-17T09:46:00\",\"md5\":\"0dbb2532524843af54fb3388b7bf3381\",\"path\":\"C:\\\\Users\\\\XiaoXinPro 16 IAH\\\\Desktop\\\\LRIA_llm_eval\\\\eval\\\\Quantum_e2e_v20251106\\\\Bvt1110\\\\bvtfiles\\\\A_brief_introduction_of_LP_liutao21_20220615.pptx\",\"priority\":6,\"score\":0.0,\"status\":\"ADDED\",\"tokenNum\":0,\"uriPath\":\"\"},{\"createTime\":\"2025-11-10T14:56:32.800\",\"description\":\"\",\"docName\":\"\",\"editTime\":\"2025-11-10T14:56:32.800\",\"errorDescription\":\"\",\"fileName\":\"Belfast-English.docx\",\"folder\":\"C:\\\\Users\\\\XiaoXinPro 16 IAH\\\\Desktop\\\\LRIA_llm_eval\\\\eval\\\\Quantum_e2e_v20251106\\\\Bvt1110\\\\bvtfiles\",\"id\":1987776371828592640,\"isDeleted\":0,\"isTmpFile\":false,\"labelNameList\":[],\"lastModifyTime\":\"2025-09-17T09:45:00\",\"md5\":\"3193e699ffa92db332ae31a9fb1d3cb4\",\"path\":\"C:\\\\Users\\\\XiaoXinPro 16 IAH\\\\Desktop\\\\LRIA_llm_eval\\\\eval\\\\Quantum_e2e_v20251106\\\\Bvt1110\\\\bvtfiles\\\\Belfast-English.docx\",\"priority\":7,\"score\":0.0,\"status\":\"ADDED\",\"tokenNum\":0,\"uriPath\":\"\"},{\"createTime\":\"2025-11-10T14:56:32.823\",\"description\":\"\",\"docName\":\"\",\"editTime\":\"2025-11-10T14:56:32.823\",\"errorDescription\":\"\",\"fileName\":\"British-Food-Culture.doc\",\"folder\":\"C:\\\\Users\\\\XiaoXinPro 16 IAH\\\\Desktop\\\\LRIA_llm_eval\\\\eval\\\\Quantum_e2e_v20251106\\\\Bvt1110\\\\bvtfiles\",\"id\":1987776371925061632,\"isDeleted\":0,\"isTmpFile\":false,\"labelNameList\":[],\"lastModifyTime\":\"2025-09-17T09:45:00\",\"md5\":\"435798f1c3377c7f5b71e18d733ca579\",\"path\":\"C:\\\\Users\\\\XiaoXinPro 16 IAH\\\\Desktop\\\\LRIA_llm_eval\\\\eval\\\\Quantum_e2e_v20251106\\\\Bvt1110\\\\bvtfiles\\\\British-Food-Culture.doc\",\"priority\":8,\"score\":0.0,\"status\":\"ADDED\",\"tokenNum\":0,\"uriPath\":\"\"},{\"createTime\":\"2025-11-10T14:56:32.847\",\"description\":\"\",\"docName\":\"\",\"editTime\":\"2025-11-10T14:56:32.847\",\"errorDescription\":\"\",\"fileName\":\"Netflix Becomes a Broadway Producer With Peter Morgan’s Patriots.txt\",\"folder\":\"C:\\\\Users\\\\XiaoXinPro 16 IAH\\\\Desktop\\\\LRIA_llm_eval\\\\eval\\\\Quantum_e2e_v20251106\\\\Bvt1110\\\\bvtfiles\",\"id\":1987776372025724928,\"isDeleted\":0,\"isTmpFile\":false,\"labelNameList\":[],\"lastModifyTime\":\"2025-09-17T09:46:00\",\"md5\":\"ab84c46eaa62a18048fb0241446da4ca\",\"path\":\"C:\\\\Users\\\\XiaoXinPro 16 IAH\\\\Desktop\\\\LRIA_llm_eval\\\\eval\\\\Quantum_e2e_v20251106\\\\Bvt1110\\\\bvtfiles\\\\Netflix Becomes a Broadway Producer With Peter Morgan’s Patriots.txt\",\"priority\":9,\"score\":0.0,\"status\":\"ADDED\",\"tokenNum\":0,\"uriPath\":\"\"}]"}}
2025-11-10 14:56:54,479 - [Quantum_e2e_20251110.py:340] - [get_register_document] - INFO - 文档数量: 9
2025-11-10 14:56:54,479 - [Quantum_e2e_20251110.py:363] - [get_register_document] - INFO - 文档总数: 9, COMPLETED状态的文档数量: 0
2025-11-10 14:56:54,479 - [Quantum_e2e_20251110.py:395] - [get_register_document] - INFO - 仍有文档在处理中
2025-11-10 14:56:54,480 - [Quantum_e2e_20251110.py:1154] - [process_document_registration_only] - INFO - 文档仍在处理中，等待2秒后重试...
2025-11-10 14:56:56,489 - [Quantum_e2e_20251110.py:1145] - [process_document_registration_only] - INFO - 第11次检查文档处理状态...
2025-11-10 14:56:56,490 - [Quantum_e2e_20251110.py:289] - [get_register_document] - INFO - 检查文档注册状态...
2025-11-10 14:56:56,493 - [connectionpool.py:243] - [_new_conn] - DEBUG - Starting new HTTP connection (1): 127.0.0.1:35253
2025-11-10 14:56:56,498 - [connectionpool.py:546] - [_make_request] - DEBUG - http://127.0.0.1:35253 "POST /upload HTTP/11" 200 20
2025-11-10 14:56:56,499 - [Quantum_e2e_20251110.py:299] - [get_register_document] - INFO - 文档注册已用时间: 24.09秒 (00:24)
2025-11-10 14:56:56,499 - [Quantum_e2e_20251110.py:303] - [get_register_document] - INFO - 成功获取文档列表，upload_id: -5652172549565260135
2025-11-10 14:56:56,501 - [connectionpool.py:243] - [_new_conn] - DEBUG - Starting new HTTP connection (1): 127.0.0.1:35253
2025-11-10 14:56:56,505 - [connectionpool.py:546] - [_make_request] - DEBUG - http://127.0.0.1:35253 "GET /query?fileData=-5652172549565260135 HTTP/11" 200 None
2025-11-10 14:56:56,626 - [Quantum_e2e_20251110.py:583] - [get_response_content_detailed] - INFO - 响应时间: 0.01秒
2025-11-10 14:56:56,626 - [Quantum_e2e_20251110.py:310] - [get_register_document] - INFO - 获取到的result_text: {"jobId":13,"status":"complete","data":{"text":"[{\"createTime\":\"2025-11-10T14:56:32.563\",\"description\":\"\",\"docName\":\"\",\"editTime\":\"2025-11-10T14:56:32.564\",\"errorDescription\":\"\",\"fileName\":\"2403.19401.pdf\",\"folder\":\"C:\\\\Users\\\\XiaoXinPro 16 IAH\\\\Desktop\\\\LRIA_llm_eval\\\\eval\\\\Quantum_e2e_v20251106\\\\Bvt1110\\\\bvtfiles\",\"id\":1987776370834542592,\"isDeleted\":0,\"isTmpFile\":false,\"labelNameList\":[],\"lastModifyTime\":\"2025-09-17T09:45:00\",\"md5\":\"4ff6ba88616fcf7a71d1dca6c9adc14c\",\"path\":\"C:\\\\Users\\\\XiaoXinPro 16 IAH\\\\Desktop\\\\LRIA_llm_eval\\\\eval\\\\Quantum_e2e_v20251106\\\\Bvt1110\\\\bvtfiles\\\\2403.19401.pdf\",\"priority\":1,\"score\":0.0,\"status\":\"ADDED\",\"tokenNum\":0,\"uriPath\":\"\"},{\"createTime\":\"2025-11-10T14:56:32.609\",\"description\":\"\",\"docName\":\"\",\"editTime\":\"2025-11-10T14:56:32.609\",\"errorDescription\":\"\",\"fileName\":\"3nql1cs15r8aviz39pth2bpsr4zvy1.txt\",\"folder\":\"C:\\\\Users\\\\XiaoXinPro 16 IAH\\\\Desktop\\\\LRIA_llm_eval\\\\eval\\\\Quantum_e2e_v20251106\\\\Bvt1110\\\\bvtfiles\",\"id\":1987776371027480576,\"isDeleted\":0,\"isTmpFile\":false,\"labelNameList\":[],\"lastModifyTime\":\"2025-09-17T09:45:00\",\"md5\":\"da0c0f7162b267cca0de596df4c40c56\",\"path\":\"C:\\\\Users\\\\XiaoXinPro 16 IAH\\\\Desktop\\\\LRIA_llm_eval\\\\eval\\\\Quantum_e2e_v20251106\\\\Bvt1110\\\\bvtfiles\\\\3nql1cs15r8aviz39pth2bpsr4zvy1.txt\",\"priority\":2,\"score\":0.0,\"status\":\"ADDED\",\"tokenNum\":0,\"uriPath\":\"\"},{\"createTime\":\"2025-11-10T14:56:32.639\",\"description\":\"\",\"docName\":\"\",\"editTime\":\"2025-11-10T14:56:32.639\",\"errorDescription\":\"\",\"fileName\":\"3u84xhcdicdb6vqtlfud7syhj444z2.txt\",\"folder\":\"C:\\\\Users\\\\XiaoXinPro 16 IAH\\\\Desktop\\\\LRIA_llm_eval\\\\eval\\\\Quantum_e2e_v20251106\\\\Bvt1110\\\\bvtfiles\",\"id\":1987776371153309696,\"isDeleted\":0,\"isTmpFile\":false,\"labelNameList\":[],\"lastModifyTime\":\"2025-09-17T09:45:00\",\"md5\":\"a80f0ad4af9fd250a462680c85e6fbf0\",\"path\":\"C:\\\\Users\\\\XiaoXinPro 16 IAH\\\\Desktop\\\\LRIA_llm_eval\\\\eval\\\\Quantum_e2e_v20251106\\\\Bvt1110\\\\bvtfiles\\\\3u84xhcdicdb6vqtlfud7syhj444z2.txt\",\"priority\":3,\"score\":0.0,\"status\":\"ADDED\",\"tokenNum\":0,\"uriPath\":\"\"},{\"createTime\":\"2025-11-10T14:56:32.666\",\"description\":\"\",\"docName\":\"\",\"editTime\":\"2025-11-10T14:56:32.666\",\"errorDescription\":\"\",\"fileName\":\"3z3zlgnnsiuha76yy56h6uu71bh3q1.txt\",\"folder\":\"C:\\\\Users\\\\XiaoXinPro 16 IAH\\\\Desktop\\\\LRIA_llm_eval\\\\eval\\\\Quantum_e2e_v20251106\\\\Bvt1110\\\\bvtfiles\",\"id\":1987776371266555904,\"isDeleted\":0,\"isTmpFile\":false,\"labelNameList\":[],\"lastModifyTime\":\"2025-09-17T09:45:00\",\"md5\":\"bb28043dd606535bdcaf1ee30346b0f9\",\"path\":\"C:\\\\Users\\\\XiaoXinPro 16 IAH\\\\Desktop\\\\LRIA_llm_eval\\\\eval\\\\Quantum_e2e_v20251106\\\\Bvt1110\\\\bvtfiles\\\\3z3zlgnnsiuha76yy56h6uu71bh3q1.txt\",\"priority\":4,\"score\":0.0,\"status\":\"ADDED\",\"tokenNum\":0,\"uriPath\":\"\"},{\"createTime\":\"2025-11-10T14:56:32.695\",\"description\":\"\",\"docName\":\"\",\"editTime\":\"2025-11-10T14:56:32.695\",\"errorDescription\":\"\",\"fileName\":\"AI_Face_Test_Set_Collection_Method_Design.pptx\",\"folder\":\"C:\\\\Users\\\\XiaoXinPro 16 IAH\\\\Desktop\\\\LRIA_llm_eval\\\\eval\\\\Quantum_e2e_v20251106\\\\Bvt1110\\\\bvtfiles\",\"id\":1987776371388190720,\"isDeleted\":0,\"isTmpFile\":false,\"labelNameList\":[],\"lastModifyTime\":\"2025-09-17T09:46:00\",\"md5\":\"b0f396e7936e0f6192cd880927e8e74b\",\"path\":\"C:\\\\Users\\\\XiaoXinPro 16 IAH\\\\Desktop\\\\LRIA_llm_eval\\\\eval\\\\Quantum_e2e_v20251106\\\\Bvt1110\\\\bvtfiles\\\\AI_Face_Test_Set_Collection_Method_Design.pptx\",\"priority\":5,\"score\":0.0,\"status\":\"ADDED\",\"tokenNum\":0,\"uriPath\":\"\"},{\"createTime\":\"2025-11-10T14:56:32.726\",\"description\":\"\",\"docName\":\"\",\"editTime\":\"2025-11-10T14:56:32.726\",\"errorDescription\":\"\",\"fileName\":\"A_brief_introduction_of_LP_liutao21_20220615.pptx\",\"folder\":\"C:\\\\Users\\\\XiaoXinPro 16 IAH\\\\Desktop\\\\LRIA_llm_eval\\\\eval\\\\Quantum_e2e_v20251106\\\\Bvt1110\\\\bvtfiles\",\"id\":1987776371518214144,\"isDeleted\":0,\"isTmpFile\":false,\"labelNameList\":[],\"lastModifyTime\":\"2025-09-17T09:46:00\",\"md5\":\"0dbb2532524843af54fb3388b7bf3381\",\"path\":\"C:\\\\Users\\\\XiaoXinPro 16 IAH\\\\Desktop\\\\LRIA_llm_eval\\\\eval\\\\Quantum_e2e_v20251106\\\\Bvt1110\\\\bvtfiles\\\\A_brief_introduction_of_LP_liutao21_20220615.pptx\",\"priority\":6,\"score\":0.0,\"status\":\"ADDED\",\"tokenNum\":0,\"uriPath\":\"\"},{\"createTime\":\"2025-11-10T14:56:32.800\",\"description\":\"\",\"docName\":\"\",\"editTime\":\"2025-11-10T14:56:32.800\",\"errorDescription\":\"\",\"fileName\":\"Belfast-English.docx\",\"folder\":\"C:\\\\Users\\\\XiaoXinPro 16 IAH\\\\Desktop\\\\LRIA_llm_eval\\\\eval\\\\Quantum_e2e_v20251106\\\\Bvt1110\\\\bvtfiles\",\"id\":1987776371828592640,\"isDeleted\":0,\"isTmpFile\":false,\"labelNameList\":[],\"lastModifyTime\":\"2025-09-17T09:45:00\",\"md5\":\"3193e699ffa92db332ae31a9fb1d3cb4\",\"path\":\"C:\\\\Users\\\\XiaoXinPro 16 IAH\\\\Desktop\\\\LRIA_llm_eval\\\\eval\\\\Quantum_e2e_v20251106\\\\Bvt1110\\\\bvtfiles\\\\Belfast-English.docx\",\"priority\":7,\"score\":0.0,\"status\":\"ADDED\",\"tokenNum\":0,\"uriPath\":\"\"},{\"createTime\":\"2025-11-10T14:56:32.823\",\"description\":\"\",\"docName\":\"\",\"editTime\":\"2025-11-10T14:56:32.823\",\"errorDescription\":\"\",\"fileName\":\"British-Food-Culture.doc\",\"folder\":\"C:\\\\Users\\\\XiaoXinPro 16 IAH\\\\Desktop\\\\LRIA_llm_eval\\\\eval\\\\Quantum_e2e_v20251106\\\\Bvt1110\\\\bvtfiles\",\"id\":1987776371925061632,\"isDeleted\":0,\"isTmpFile\":false,\"labelNameList\":[],\"lastModifyTime\":\"2025-09-17T09:45:00\",\"md5\":\"435798f1c3377c7f5b71e18d733ca579\",\"path\":\"C:\\\\Users\\\\XiaoXinPro 16 IAH\\\\Desktop\\\\LRIA_llm_eval\\\\eval\\\\Quantum_e2e_v20251106\\\\Bvt1110\\\\bvtfiles\\\\British-Food-Culture.doc\",\"priority\":8,\"score\":0.0,\"status\":\"ADDED\",\"tokenNum\":0,\"uriPath\":\"\"},{\"createTime\":\"2025-11-10T14:56:32.847\",\"description\":\"\",\"docName\":\"\",\"editTime\":\"2025-11-10T14:56:32.847\",\"errorDescription\":\"\",\"fileName\":\"Netflix Becomes a Broadway Producer With Peter Morgan’s Patriots.txt\",\"folder\":\"C:\\\\Users\\\\XiaoXinPro 16 IAH\\\\Desktop\\\\LRIA_llm_eval\\\\eval\\\\Quantum_e2e_v20251106\\\\Bvt1110\\\\bvtfiles\",\"id\":1987776372025724928,\"isDeleted\":0,\"isTmpFile\":false,\"labelNameList\":[],\"lastModifyTime\":\"2025-09-17T09:46:00\",\"md5\":\"ab84c46eaa62a18048fb0241446da4ca\",\"path\":\"C:\\\\Users\\\\XiaoXinPro 16 IAH\\\\Desktop\\\\LRIA_llm_eval\\\\eval\\\\Quantum_e2e_v20251106\\\\Bvt1110\\\\bvtfiles\\\\Netflix Becomes a Broadway Producer With Peter Morgan’s Patriots.txt\",\"priority\":9,\"score\":0.0,\"status\":\"ADDED\",\"tokenNum\":0,\"uriPath\":\"\"}]"}}
2025-11-10 14:56:56,627 - [Quantum_e2e_20251110.py:340] - [get_register_document] - INFO - 文档数量: 9
2025-11-10 14:56:56,628 - [Quantum_e2e_20251110.py:363] - [get_register_document] - INFO - 文档总数: 9, COMPLETED状态的文档数量: 0
2025-11-10 14:56:56,628 - [Quantum_e2e_20251110.py:395] - [get_register_document] - INFO - 仍有文档在处理中
2025-11-10 14:56:56,628 - [Quantum_e2e_20251110.py:1154] - [process_document_registration_only] - INFO - 文档仍在处理中，等待2秒后重试...
2025-11-10 14:56:58,634 - [Quantum_e2e_20251110.py:1145] - [process_document_registration_only] - INFO - 第12次检查文档处理状态...
2025-11-10 14:56:58,634 - [Quantum_e2e_20251110.py:289] - [get_register_document] - INFO - 检查文档注册状态...
2025-11-10 14:56:58,636 - [connectionpool.py:243] - [_new_conn] - DEBUG - Starting new HTTP connection (1): 127.0.0.1:35253
2025-11-10 14:56:58,641 - [connectionpool.py:546] - [_make_request] - DEBUG - http://127.0.0.1:35253 "POST /upload HTTP/11" 200 19
2025-11-10 14:56:58,642 - [Quantum_e2e_20251110.py:299] - [get_register_document] - INFO - 文档注册已用时间: 26.23秒 (00:26)
2025-11-10 14:56:58,642 - [Quantum_e2e_20251110.py:303] - [get_register_document] - INFO - 成功获取文档列表，upload_id: 9128943631853445197
2025-11-10 14:56:58,644 - [connectionpool.py:243] - [_new_conn] - DEBUG - Starting new HTTP connection (1): 127.0.0.1:35253
2025-11-10 14:56:58,650 - [connectionpool.py:546] - [_make_request] - DEBUG - http://127.0.0.1:35253 "GET /query?fileData=9128943631853445197 HTTP/11" 200 None
2025-11-10 14:56:58,787 - [Quantum_e2e_20251110.py:583] - [get_response_content_detailed] - INFO - 响应时间: 0.01秒
2025-11-10 14:56:58,788 - [Quantum_e2e_20251110.py:310] - [get_register_document] - INFO - 获取到的result_text: {"jobId":14,"status":"complete","data":{"text":"[{\"createTime\":\"2025-11-10T14:56:32.563\",\"description\":\"\",\"docName\":\"\",\"editTime\":\"2025-11-10T14:56:32.564\",\"errorDescription\":\"\",\"fileName\":\"2403.19401.pdf\",\"folder\":\"C:\\\\Users\\\\XiaoXinPro 16 IAH\\\\Desktop\\\\LRIA_llm_eval\\\\eval\\\\Quantum_e2e_v20251106\\\\Bvt1110\\\\bvtfiles\",\"id\":1987776370834542592,\"isDeleted\":0,\"isTmpFile\":false,\"labelNameList\":[],\"lastModifyTime\":\"2025-09-17T09:45:00\",\"md5\":\"4ff6ba88616fcf7a71d1dca6c9adc14c\",\"path\":\"C:\\\\Users\\\\XiaoXinPro 16 IAH\\\\Desktop\\\\LRIA_llm_eval\\\\eval\\\\Quantum_e2e_v20251106\\\\Bvt1110\\\\bvtfiles\\\\2403.19401.pdf\",\"priority\":1,\"score\":0.0,\"status\":\"ADDED\",\"tokenNum\":0,\"uriPath\":\"\"},{\"createTime\":\"2025-11-10T14:56:32.609\",\"description\":\"\",\"docName\":\"\",\"editTime\":\"2025-11-10T14:56:32.609\",\"errorDescription\":\"\",\"fileName\":\"3nql1cs15r8aviz39pth2bpsr4zvy1.txt\",\"folder\":\"C:\\\\Users\\\\XiaoXinPro 16 IAH\\\\Desktop\\\\LRIA_llm_eval\\\\eval\\\\Quantum_e2e_v20251106\\\\Bvt1110\\\\bvtfiles\",\"id\":1987776371027480576,\"isDeleted\":0,\"isTmpFile\":false,\"labelNameList\":[],\"lastModifyTime\":\"2025-09-17T09:45:00\",\"md5\":\"da0c0f7162b267cca0de596df4c40c56\",\"path\":\"C:\\\\Users\\\\XiaoXinPro 16 IAH\\\\Desktop\\\\LRIA_llm_eval\\\\eval\\\\Quantum_e2e_v20251106\\\\Bvt1110\\\\bvtfiles\\\\3nql1cs15r8aviz39pth2bpsr4zvy1.txt\",\"priority\":2,\"score\":0.0,\"status\":\"ADDED\",\"tokenNum\":0,\"uriPath\":\"\"},{\"createTime\":\"2025-11-10T14:56:32.639\",\"description\":\"\",\"docName\":\"\",\"editTime\":\"2025-11-10T14:56:32.639\",\"errorDescription\":\"\",\"fileName\":\"3u84xhcdicdb6vqtlfud7syhj444z2.txt\",\"folder\":\"C:\\\\Users\\\\XiaoXinPro 16 IAH\\\\Desktop\\\\LRIA_llm_eval\\\\eval\\\\Quantum_e2e_v20251106\\\\Bvt1110\\\\bvtfiles\",\"id\":1987776371153309696,\"isDeleted\":0,\"isTmpFile\":false,\"labelNameList\":[],\"lastModifyTime\":\"2025-09-17T09:45:00\",\"md5\":\"a80f0ad4af9fd250a462680c85e6fbf0\",\"path\":\"C:\\\\Users\\\\XiaoXinPro 16 IAH\\\\Desktop\\\\LRIA_llm_eval\\\\eval\\\\Quantum_e2e_v20251106\\\\Bvt1110\\\\bvtfiles\\\\3u84xhcdicdb6vqtlfud7syhj444z2.txt\",\"priority\":3,\"score\":0.0,\"status\":\"ADDED\",\"tokenNum\":0,\"uriPath\":\"\"},{\"createTime\":\"2025-11-10T14:56:32.666\",\"description\":\"\",\"docName\":\"\",\"editTime\":\"2025-11-10T14:56:32.666\",\"errorDescription\":\"\",\"fileName\":\"3z3zlgnnsiuha76yy56h6uu71bh3q1.txt\",\"folder\":\"C:\\\\Users\\\\XiaoXinPro 16 IAH\\\\Desktop\\\\LRIA_llm_eval\\\\eval\\\\Quantum_e2e_v20251106\\\\Bvt1110\\\\bvtfiles\",\"id\":1987776371266555904,\"isDeleted\":0,\"isTmpFile\":false,\"labelNameList\":[],\"lastModifyTime\":\"2025-09-17T09:45:00\",\"md5\":\"bb28043dd606535bdcaf1ee30346b0f9\",\"path\":\"C:\\\\Users\\\\XiaoXinPro 16 IAH\\\\Desktop\\\\LRIA_llm_eval\\\\eval\\\\Quantum_e2e_v20251106\\\\Bvt1110\\\\bvtfiles\\\\3z3zlgnnsiuha76yy56h6uu71bh3q1.txt\",\"priority\":4,\"score\":0.0,\"status\":\"ADDED\",\"tokenNum\":0,\"uriPath\":\"\"},{\"createTime\":\"2025-11-10T14:56:32.695\",\"description\":\"\",\"docName\":\"\",\"editTime\":\"2025-11-10T14:56:32.695\",\"errorDescription\":\"\",\"fileName\":\"AI_Face_Test_Set_Collection_Method_Design.pptx\",\"folder\":\"C:\\\\Users\\\\XiaoXinPro 16 IAH\\\\Desktop\\\\LRIA_llm_eval\\\\eval\\\\Quantum_e2e_v20251106\\\\Bvt1110\\\\bvtfiles\",\"id\":1987776371388190720,\"isDeleted\":0,\"isTmpFile\":false,\"labelNameList\":[],\"lastModifyTime\":\"2025-09-17T09:46:00\",\"md5\":\"b0f396e7936e0f6192cd880927e8e74b\",\"path\":\"C:\\\\Users\\\\XiaoXinPro 16 IAH\\\\Desktop\\\\LRIA_llm_eval\\\\eval\\\\Quantum_e2e_v20251106\\\\Bvt1110\\\\bvtfiles\\\\AI_Face_Test_Set_Collection_Method_Design.pptx\",\"priority\":5,\"score\":0.0,\"status\":\"ADDED\",\"tokenNum\":0,\"uriPath\":\"\"},{\"createTime\":\"2025-11-10T14:56:32.726\",\"description\":\"\",\"docName\":\"\",\"editTime\":\"2025-11-10T14:56:32.726\",\"errorDescription\":\"\",\"fileName\":\"A_brief_introduction_of_LP_liutao21_20220615.pptx\",\"folder\":\"C:\\\\Users\\\\XiaoXinPro 16 IAH\\\\Desktop\\\\LRIA_llm_eval\\\\eval\\\\Quantum_e2e_v20251106\\\\Bvt1110\\\\bvtfiles\",\"id\":1987776371518214144,\"isDeleted\":0,\"isTmpFile\":false,\"labelNameList\":[],\"lastModifyTime\":\"2025-09-17T09:46:00\",\"md5\":\"0dbb2532524843af54fb3388b7bf3381\",\"path\":\"C:\\\\Users\\\\XiaoXinPro 16 IAH\\\\Desktop\\\\LRIA_llm_eval\\\\eval\\\\Quantum_e2e_v20251106\\\\Bvt1110\\\\bvtfiles\\\\A_brief_introduction_of_LP_liutao21_20220615.pptx\",\"priority\":6,\"score\":0.0,\"status\":\"ADDED\",\"tokenNum\":0,\"uriPath\":\"\"},{\"createTime\":\"2025-11-10T14:56:32.800\",\"description\":\"\",\"docName\":\"\",\"editTime\":\"2025-11-10T14:56:32.800\",\"errorDescription\":\"\",\"fileName\":\"Belfast-English.docx\",\"folder\":\"C:\\\\Users\\\\XiaoXinPro 16 IAH\\\\Desktop\\\\LRIA_llm_eval\\\\eval\\\\Quantum_e2e_v20251106\\\\Bvt1110\\\\bvtfiles\",\"id\":1987776371828592640,\"isDeleted\":0,\"isTmpFile\":false,\"labelNameList\":[],\"lastModifyTime\":\"2025-09-17T09:45:00\",\"md5\":\"3193e699ffa92db332ae31a9fb1d3cb4\",\"path\":\"C:\\\\Users\\\\XiaoXinPro 16 IAH\\\\Desktop\\\\LRIA_llm_eval\\\\eval\\\\Quantum_e2e_v20251106\\\\Bvt1110\\\\bvtfiles\\\\Belfast-English.docx\",\"priority\":7,\"score\":0.0,\"status\":\"ADDED\",\"tokenNum\":0,\"uriPath\":\"\"},{\"createTime\":\"2025-11-10T14:56:32.823\",\"description\":\"\",\"docName\":\"\",\"editTime\":\"2025-11-10T14:56:32.823\",\"errorDescription\":\"\",\"fileName\":\"British-Food-Culture.doc\",\"folder\":\"C:\\\\Users\\\\XiaoXinPro 16 IAH\\\\Desktop\\\\LRIA_llm_eval\\\\eval\\\\Quantum_e2e_v20251106\\\\Bvt1110\\\\bvtfiles\",\"id\":1987776371925061632,\"isDeleted\":0,\"isTmpFile\":false,\"labelNameList\":[],\"lastModifyTime\":\"2025-09-17T09:45:00\",\"md5\":\"435798f1c3377c7f5b71e18d733ca579\",\"path\":\"C:\\\\Users\\\\XiaoXinPro 16 IAH\\\\Desktop\\\\LRIA_llm_eval\\\\eval\\\\Quantum_e2e_v20251106\\\\Bvt1110\\\\bvtfiles\\\\British-Food-Culture.doc\",\"priority\":8,\"score\":0.0,\"status\":\"ADDED\",\"tokenNum\":0,\"uriPath\":\"\"},{\"createTime\":\"2025-11-10T14:56:32.847\",\"description\":\"\",\"docName\":\"\",\"editTime\":\"2025-11-10T14:56:32.847\",\"errorDescription\":\"\",\"fileName\":\"Netflix Becomes a Broadway Producer With Peter Morgan’s Patriots.txt\",\"folder\":\"C:\\\\Users\\\\XiaoXinPro 16 IAH\\\\Desktop\\\\LRIA_llm_eval\\\\eval\\\\Quantum_e2e_v20251106\\\\Bvt1110\\\\bvtfiles\",\"id\":1987776372025724928,\"isDeleted\":0,\"isTmpFile\":false,\"labelNameList\":[],\"lastModifyTime\":\"2025-09-17T09:46:00\",\"md5\":\"ab84c46eaa62a18048fb0241446da4ca\",\"path\":\"C:\\\\Users\\\\XiaoXinPro 16 IAH\\\\Desktop\\\\LRIA_llm_eval\\\\eval\\\\Quantum_e2e_v20251106\\\\Bvt1110\\\\bvtfiles\\\\Netflix Becomes a Broadway Producer With Peter Morgan’s Patriots.txt\",\"priority\":9,\"score\":0.0,\"status\":\"ADDED\",\"tokenNum\":0,\"uriPath\":\"\"}]"}}
2025-11-10 14:56:58,788 - [Quantum_e2e_20251110.py:340] - [get_register_document] - INFO - 文档数量: 9
2025-11-10 14:56:58,788 - [Quantum_e2e_20251110.py:363] - [get_register_document] - INFO - 文档总数: 9, COMPLETED状态的文档数量: 0
2025-11-10 14:56:58,789 - [Quantum_e2e_20251110.py:395] - [get_register_document] - INFO - 仍有文档在处理中
2025-11-10 14:56:58,789 - [Quantum_e2e_20251110.py:1154] - [process_document_registration_only] - INFO - 文档仍在处理中，等待2秒后重试...
2025-11-10 14:57:00,790 - [Quantum_e2e_20251110.py:1145] - [process_document_registration_only] - INFO - 第13次检查文档处理状态...
2025-11-10 14:57:00,790 - [Quantum_e2e_20251110.py:289] - [get_register_document] - INFO - 检查文档注册状态...
2025-11-10 14:57:00,792 - [connectionpool.py:243] - [_new_conn] - DEBUG - Starting new HTTP connection (1): 127.0.0.1:35253
2025-11-10 14:57:00,796 - [connectionpool.py:546] - [_make_request] - DEBUG - http://127.0.0.1:35253 "POST /upload HTTP/11" 200 20
2025-11-10 14:57:00,797 - [Quantum_e2e_20251110.py:299] - [get_register_document] - INFO - 文档注册已用时间: 28.39秒 (00:28)
2025-11-10 14:57:00,797 - [Quantum_e2e_20251110.py:303] - [get_register_document] - INFO - 成功获取文档列表，upload_id: -2050534467871015575
2025-11-10 14:57:00,799 - [connectionpool.py:243] - [_new_conn] - DEBUG - Starting new HTTP connection (1): 127.0.0.1:35253
2025-11-10 14:57:00,805 - [connectionpool.py:546] - [_make_request] - DEBUG - http://127.0.0.1:35253 "GET /query?fileData=-2050534467871015575 HTTP/11" 200 None
2025-11-10 14:57:00,943 - [Quantum_e2e_20251110.py:583] - [get_response_content_detailed] - INFO - 响应时间: 0.01秒
2025-11-10 14:57:00,944 - [Quantum_e2e_20251110.py:310] - [get_register_document] - INFO - 获取到的result_text: {"jobId":15,"status":"complete","data":{"text":"[{\"createTime\":\"2025-11-10T14:56:32.563\",\"description\":\"\",\"docName\":\"\",\"editTime\":\"2025-11-10T14:56:32.564\",\"errorDescription\":\"\",\"fileName\":\"2403.19401.pdf\",\"folder\":\"C:\\\\Users\\\\XiaoXinPro 16 IAH\\\\Desktop\\\\LRIA_llm_eval\\\\eval\\\\Quantum_e2e_v20251106\\\\Bvt1110\\\\bvtfiles\",\"id\":1987776370834542592,\"isDeleted\":0,\"isTmpFile\":false,\"labelNameList\":[],\"lastModifyTime\":\"2025-09-17T09:45:00\",\"md5\":\"4ff6ba88616fcf7a71d1dca6c9adc14c\",\"path\":\"C:\\\\Users\\\\XiaoXinPro 16 IAH\\\\Desktop\\\\LRIA_llm_eval\\\\eval\\\\Quantum_e2e_v20251106\\\\Bvt1110\\\\bvtfiles\\\\2403.19401.pdf\",\"priority\":1,\"score\":0.0,\"status\":\"ADDED\",\"tokenNum\":0,\"uriPath\":\"\"},{\"createTime\":\"2025-11-10T14:56:32.609\",\"description\":\"\",\"docName\":\"\",\"editTime\":\"2025-11-10T14:56:32.609\",\"errorDescription\":\"\",\"fileName\":\"3nql1cs15r8aviz39pth2bpsr4zvy1.txt\",\"folder\":\"C:\\\\Users\\\\XiaoXinPro 16 IAH\\\\Desktop\\\\LRIA_llm_eval\\\\eval\\\\Quantum_e2e_v20251106\\\\Bvt1110\\\\bvtfiles\",\"id\":1987776371027480576,\"isDeleted\":0,\"isTmpFile\":false,\"labelNameList\":[],\"lastModifyTime\":\"2025-09-17T09:45:00\",\"md5\":\"da0c0f7162b267cca0de596df4c40c56\",\"path\":\"C:\\\\Users\\\\XiaoXinPro 16 IAH\\\\Desktop\\\\LRIA_llm_eval\\\\eval\\\\Quantum_e2e_v20251106\\\\Bvt1110\\\\bvtfiles\\\\3nql1cs15r8aviz39pth2bpsr4zvy1.txt\",\"priority\":2,\"score\":0.0,\"status\":\"ADDED\",\"tokenNum\":0,\"uriPath\":\"\"},{\"createTime\":\"2025-11-10T14:56:32.639\",\"description\":\"\",\"docName\":\"\",\"editTime\":\"2025-11-10T14:56:32.639\",\"errorDescription\":\"\",\"fileName\":\"3u84xhcdicdb6vqtlfud7syhj444z2.txt\",\"folder\":\"C:\\\\Users\\\\XiaoXinPro 16 IAH\\\\Desktop\\\\LRIA_llm_eval\\\\eval\\\\Quantum_e2e_v20251106\\\\Bvt1110\\\\bvtfiles\",\"id\":1987776371153309696,\"isDeleted\":0,\"isTmpFile\":false,\"labelNameList\":[],\"lastModifyTime\":\"2025-09-17T09:45:00\",\"md5\":\"a80f0ad4af9fd250a462680c85e6fbf0\",\"path\":\"C:\\\\Users\\\\XiaoXinPro 16 IAH\\\\Desktop\\\\LRIA_llm_eval\\\\eval\\\\Quantum_e2e_v20251106\\\\Bvt1110\\\\bvtfiles\\\\3u84xhcdicdb6vqtlfud7syhj444z2.txt\",\"priority\":3,\"score\":0.0,\"status\":\"ADDED\",\"tokenNum\":0,\"uriPath\":\"\"},{\"createTime\":\"2025-11-10T14:56:32.666\",\"description\":\"\",\"docName\":\"\",\"editTime\":\"2025-11-10T14:56:32.666\",\"errorDescription\":\"\",\"fileName\":\"3z3zlgnnsiuha76yy56h6uu71bh3q1.txt\",\"folder\":\"C:\\\\Users\\\\XiaoXinPro 16 IAH\\\\Desktop\\\\LRIA_llm_eval\\\\eval\\\\Quantum_e2e_v20251106\\\\Bvt1110\\\\bvtfiles\",\"id\":1987776371266555904,\"isDeleted\":0,\"isTmpFile\":false,\"labelNameList\":[],\"lastModifyTime\":\"2025-09-17T09:45:00\",\"md5\":\"bb28043dd606535bdcaf1ee30346b0f9\",\"path\":\"C:\\\\Users\\\\XiaoXinPro 16 IAH\\\\Desktop\\\\LRIA_llm_eval\\\\eval\\\\Quantum_e2e_v20251106\\\\Bvt1110\\\\bvtfiles\\\\3z3zlgnnsiuha76yy56h6uu71bh3q1.txt\",\"priority\":4,\"score\":0.0,\"status\":\"ADDED\",\"tokenNum\":0,\"uriPath\":\"\"},{\"createTime\":\"2025-11-10T14:56:32.695\",\"description\":\"\",\"docName\":\"\",\"editTime\":\"2025-11-10T14:56:32.695\",\"errorDescription\":\"\",\"fileName\":\"AI_Face_Test_Set_Collection_Method_Design.pptx\",\"folder\":\"C:\\\\Users\\\\XiaoXinPro 16 IAH\\\\Desktop\\\\LRIA_llm_eval\\\\eval\\\\Quantum_e2e_v20251106\\\\Bvt1110\\\\bvtfiles\",\"id\":1987776371388190720,\"isDeleted\":0,\"isTmpFile\":false,\"labelNameList\":[],\"lastModifyTime\":\"2025-09-17T09:46:00\",\"md5\":\"b0f396e7936e0f6192cd880927e8e74b\",\"path\":\"C:\\\\Users\\\\XiaoXinPro 16 IAH\\\\Desktop\\\\LRIA_llm_eval\\\\eval\\\\Quantum_e2e_v20251106\\\\Bvt1110\\\\bvtfiles\\\\AI_Face_Test_Set_Collection_Method_Design.pptx\",\"priority\":5,\"score\":0.0,\"status\":\"ADDED\",\"tokenNum\":0,\"uriPath\":\"\"},{\"createTime\":\"2025-11-10T14:56:32.726\",\"description\":\"\",\"docName\":\"\",\"editTime\":\"2025-11-10T14:56:32.726\",\"errorDescription\":\"\",\"fileName\":\"A_brief_introduction_of_LP_liutao21_20220615.pptx\",\"folder\":\"C:\\\\Users\\\\XiaoXinPro 16 IAH\\\\Desktop\\\\LRIA_llm_eval\\\\eval\\\\Quantum_e2e_v20251106\\\\Bvt1110\\\\bvtfiles\",\"id\":1987776371518214144,\"isDeleted\":0,\"isTmpFile\":false,\"labelNameList\":[],\"lastModifyTime\":\"2025-09-17T09:46:00\",\"md5\":\"0dbb2532524843af54fb3388b7bf3381\",\"path\":\"C:\\\\Users\\\\XiaoXinPro 16 IAH\\\\Desktop\\\\LRIA_llm_eval\\\\eval\\\\Quantum_e2e_v20251106\\\\Bvt1110\\\\bvtfiles\\\\A_brief_introduction_of_LP_liutao21_20220615.pptx\",\"priority\":6,\"score\":0.0,\"status\":\"ADDED\",\"tokenNum\":0,\"uriPath\":\"\"},{\"createTime\":\"2025-11-10T14:56:32.800\",\"description\":\"\",\"docName\":\"\",\"editTime\":\"2025-11-10T14:56:32.800\",\"errorDescription\":\"\",\"fileName\":\"Belfast-English.docx\",\"folder\":\"C:\\\\Users\\\\XiaoXinPro 16 IAH\\\\Desktop\\\\LRIA_llm_eval\\\\eval\\\\Quantum_e2e_v20251106\\\\Bvt1110\\\\bvtfiles\",\"id\":1987776371828592640,\"isDeleted\":0,\"isTmpFile\":false,\"labelNameList\":[],\"lastModifyTime\":\"2025-09-17T09:45:00\",\"md5\":\"3193e699ffa92db332ae31a9fb1d3cb4\",\"path\":\"C:\\\\Users\\\\XiaoXinPro 16 IAH\\\\Desktop\\\\LRIA_llm_eval\\\\eval\\\\Quantum_e2e_v20251106\\\\Bvt1110\\\\bvtfiles\\\\Belfast-English.docx\",\"priority\":7,\"score\":0.0,\"status\":\"ADDED\",\"tokenNum\":0,\"uriPath\":\"\"},{\"createTime\":\"2025-11-10T14:56:32.823\",\"description\":\"\",\"docName\":\"\",\"editTime\":\"2025-11-10T14:56:32.823\",\"errorDescription\":\"\",\"fileName\":\"British-Food-Culture.doc\",\"folder\":\"C:\\\\Users\\\\XiaoXinPro 16 IAH\\\\Desktop\\\\LRIA_llm_eval\\\\eval\\\\Quantum_e2e_v20251106\\\\Bvt1110\\\\bvtfiles\",\"id\":1987776371925061632,\"isDeleted\":0,\"isTmpFile\":false,\"labelNameList\":[],\"lastModifyTime\":\"2025-09-17T09:45:00\",\"md5\":\"435798f1c3377c7f5b71e18d733ca579\",\"path\":\"C:\\\\Users\\\\XiaoXinPro 16 IAH\\\\Desktop\\\\LRIA_llm_eval\\\\eval\\\\Quantum_e2e_v20251106\\\\Bvt1110\\\\bvtfiles\\\\British-Food-Culture.doc\",\"priority\":8,\"score\":0.0,\"status\":\"ADDED\",\"tokenNum\":0,\"uriPath\":\"\"},{\"createTime\":\"2025-11-10T14:56:32.847\",\"description\":\"\",\"docName\":\"\",\"editTime\":\"2025-11-10T14:56:32.847\",\"errorDescription\":\"\",\"fileName\":\"Netflix Becomes a Broadway Producer With Peter Morgan’s Patriots.txt\",\"folder\":\"C:\\\\Users\\\\XiaoXinPro 16 IAH\\\\Desktop\\\\LRIA_llm_eval\\\\eval\\\\Quantum_e2e_v20251106\\\\Bvt1110\\\\bvtfiles\",\"id\":1987776372025724928,\"isDeleted\":0,\"isTmpFile\":false,\"labelNameList\":[],\"lastModifyTime\":\"2025-09-17T09:46:00\",\"md5\":\"ab84c46eaa62a18048fb0241446da4ca\",\"path\":\"C:\\\\Users\\\\XiaoXinPro 16 IAH\\\\Desktop\\\\LRIA_llm_eval\\\\eval\\\\Quantum_e2e_v20251106\\\\Bvt1110\\\\bvtfiles\\\\Netflix Becomes a Broadway Producer With Peter Morgan’s Patriots.txt\",\"priority\":9,\"score\":0.0,\"status\":\"ADDED\",\"tokenNum\":0,\"uriPath\":\"\"}]"}}
2025-11-10 14:57:00,945 - [Quantum_e2e_20251110.py:340] - [get_register_document] - INFO - 文档数量: 9
2025-11-10 14:57:00,945 - [Quantum_e2e_20251110.py:363] - [get_register_document] - INFO - 文档总数: 9, COMPLETED状态的文档数量: 0
2025-11-10 14:57:00,946 - [Quantum_e2e_20251110.py:395] - [get_register_document] - INFO - 仍有文档在处理中
2025-11-10 14:57:00,946 - [Quantum_e2e_20251110.py:1154] - [process_document_registration_only] - INFO - 文档仍在处理中，等待2秒后重试...
2025-11-10 14:57:02,952 - [Quantum_e2e_20251110.py:1145] - [process_document_registration_only] - INFO - 第14次检查文档处理状态...
2025-11-10 14:57:02,952 - [Quantum_e2e_20251110.py:289] - [get_register_document] - INFO - 检查文档注册状态...
2025-11-10 14:57:02,955 - [connectionpool.py:243] - [_new_conn] - DEBUG - Starting new HTTP connection (1): 127.0.0.1:35253
2025-11-10 14:57:02,959 - [connectionpool.py:546] - [_make_request] - DEBUG - http://127.0.0.1:35253 "POST /upload HTTP/11" 200 20
2025-11-10 14:57:02,960 - [Quantum_e2e_20251110.py:299] - [get_register_document] - INFO - 文档注册已用时间: 30.55秒 (00:30)
2025-11-10 14:57:02,960 - [Quantum_e2e_20251110.py:303] - [get_register_document] - INFO - 成功获取文档列表，upload_id: -6910694008231008690
2025-11-10 14:57:02,963 - [connectionpool.py:243] - [_new_conn] - DEBUG - Starting new HTTP connection (1): 127.0.0.1:35253
2025-11-10 14:57:02,967 - [connectionpool.py:546] - [_make_request] - DEBUG - http://127.0.0.1:35253 "GET /query?fileData=-6910694008231008690 HTTP/11" 200 None
2025-11-10 14:57:03,080 - [Quantum_e2e_20251110.py:583] - [get_response_content_detailed] - INFO - 响应时间: 0.01秒
2025-11-10 14:57:03,082 - [Quantum_e2e_20251110.py:310] - [get_register_document] - INFO - 获取到的result_text: {"jobId":16,"status":"complete","data":{"text":"[{\"createTime\":\"2025-11-10T14:56:32.563\",\"description\":\"\",\"docName\":\"\",\"editTime\":\"2025-11-10T14:56:32.564\",\"errorDescription\":\"\",\"fileName\":\"2403.19401.pdf\",\"folder\":\"C:\\\\Users\\\\XiaoXinPro 16 IAH\\\\Desktop\\\\LRIA_llm_eval\\\\eval\\\\Quantum_e2e_v20251106\\\\Bvt1110\\\\bvtfiles\",\"id\":1987776370834542592,\"isDeleted\":0,\"isTmpFile\":false,\"labelNameList\":[],\"lastModifyTime\":\"2025-09-17T09:45:00\",\"md5\":\"4ff6ba88616fcf7a71d1dca6c9adc14c\",\"path\":\"C:\\\\Users\\\\XiaoXinPro 16 IAH\\\\Desktop\\\\LRIA_llm_eval\\\\eval\\\\Quantum_e2e_v20251106\\\\Bvt1110\\\\bvtfiles\\\\2403.19401.pdf\",\"priority\":1,\"score\":0.0,\"status\":\"ADDED\",\"tokenNum\":0,\"uriPath\":\"\"},{\"createTime\":\"2025-11-10T14:56:32.609\",\"description\":\"\",\"docName\":\"\",\"editTime\":\"2025-11-10T14:56:32.609\",\"errorDescription\":\"\",\"fileName\":\"3nql1cs15r8aviz39pth2bpsr4zvy1.txt\",\"folder\":\"C:\\\\Users\\\\XiaoXinPro 16 IAH\\\\Desktop\\\\LRIA_llm_eval\\\\eval\\\\Quantum_e2e_v20251106\\\\Bvt1110\\\\bvtfiles\",\"id\":1987776371027480576,\"isDeleted\":0,\"isTmpFile\":false,\"labelNameList\":[],\"lastModifyTime\":\"2025-09-17T09:45:00\",\"md5\":\"da0c0f7162b267cca0de596df4c40c56\",\"path\":\"C:\\\\Users\\\\XiaoXinPro 16 IAH\\\\Desktop\\\\LRIA_llm_eval\\\\eval\\\\Quantum_e2e_v20251106\\\\Bvt1110\\\\bvtfiles\\\\3nql1cs15r8aviz39pth2bpsr4zvy1.txt\",\"priority\":2,\"score\":0.0,\"status\":\"ADDED\",\"tokenNum\":0,\"uriPath\":\"\"},{\"createTime\":\"2025-11-10T14:56:32.639\",\"description\":\"\",\"docName\":\"\",\"editTime\":\"2025-11-10T14:56:32.639\",\"errorDescription\":\"\",\"fileName\":\"3u84xhcdicdb6vqtlfud7syhj444z2.txt\",\"folder\":\"C:\\\\Users\\\\XiaoXinPro 16 IAH\\\\Desktop\\\\LRIA_llm_eval\\\\eval\\\\Quantum_e2e_v20251106\\\\Bvt1110\\\\bvtfiles\",\"id\":1987776371153309696,\"isDeleted\":0,\"isTmpFile\":false,\"labelNameList\":[],\"lastModifyTime\":\"2025-09-17T09:45:00\",\"md5\":\"a80f0ad4af9fd250a462680c85e6fbf0\",\"path\":\"C:\\\\Users\\\\XiaoXinPro 16 IAH\\\\Desktop\\\\LRIA_llm_eval\\\\eval\\\\Quantum_e2e_v20251106\\\\Bvt1110\\\\bvtfiles\\\\3u84xhcdicdb6vqtlfud7syhj444z2.txt\",\"priority\":3,\"score\":0.0,\"status\":\"ADDED\",\"tokenNum\":0,\"uriPath\":\"\"},{\"createTime\":\"2025-11-10T14:56:32.666\",\"description\":\"\",\"docName\":\"\",\"editTime\":\"2025-11-10T14:56:32.666\",\"errorDescription\":\"\",\"fileName\":\"3z3zlgnnsiuha76yy56h6uu71bh3q1.txt\",\"folder\":\"C:\\\\Users\\\\XiaoXinPro 16 IAH\\\\Desktop\\\\LRIA_llm_eval\\\\eval\\\\Quantum_e2e_v20251106\\\\Bvt1110\\\\bvtfiles\",\"id\":1987776371266555904,\"isDeleted\":0,\"isTmpFile\":false,\"labelNameList\":[],\"lastModifyTime\":\"2025-09-17T09:45:00\",\"md5\":\"bb28043dd606535bdcaf1ee30346b0f9\",\"path\":\"C:\\\\Users\\\\XiaoXinPro 16 IAH\\\\Desktop\\\\LRIA_llm_eval\\\\eval\\\\Quantum_e2e_v20251106\\\\Bvt1110\\\\bvtfiles\\\\3z3zlgnnsiuha76yy56h6uu71bh3q1.txt\",\"priority\":4,\"score\":0.0,\"status\":\"ADDED\",\"tokenNum\":0,\"uriPath\":\"\"},{\"createTime\":\"2025-11-10T14:56:32.695\",\"description\":\"\",\"docName\":\"\",\"editTime\":\"2025-11-10T14:56:32.695\",\"errorDescription\":\"\",\"fileName\":\"AI_Face_Test_Set_Collection_Method_Design.pptx\",\"folder\":\"C:\\\\Users\\\\XiaoXinPro 16 IAH\\\\Desktop\\\\LRIA_llm_eval\\\\eval\\\\Quantum_e2e_v20251106\\\\Bvt1110\\\\bvtfiles\",\"id\":1987776371388190720,\"isDeleted\":0,\"isTmpFile\":false,\"labelNameList\":[],\"lastModifyTime\":\"2025-09-17T09:46:00\",\"md5\":\"b0f396e7936e0f6192cd880927e8e74b\",\"path\":\"C:\\\\Users\\\\XiaoXinPro 16 IAH\\\\Desktop\\\\LRIA_llm_eval\\\\eval\\\\Quantum_e2e_v20251106\\\\Bvt1110\\\\bvtfiles\\\\AI_Face_Test_Set_Collection_Method_Design.pptx\",\"priority\":5,\"score\":0.0,\"status\":\"ADDED\",\"tokenNum\":0,\"uriPath\":\"\"},{\"createTime\":\"2025-11-10T14:56:32.726\",\"description\":\"\",\"docName\":\"\",\"editTime\":\"2025-11-10T14:56:32.726\",\"errorDescription\":\"\",\"fileName\":\"A_brief_introduction_of_LP_liutao21_20220615.pptx\",\"folder\":\"C:\\\\Users\\\\XiaoXinPro 16 IAH\\\\Desktop\\\\LRIA_llm_eval\\\\eval\\\\Quantum_e2e_v20251106\\\\Bvt1110\\\\bvtfiles\",\"id\":1987776371518214144,\"isDeleted\":0,\"isTmpFile\":false,\"labelNameList\":[],\"lastModifyTime\":\"2025-09-17T09:46:00\",\"md5\":\"0dbb2532524843af54fb3388b7bf3381\",\"path\":\"C:\\\\Users\\\\XiaoXinPro 16 IAH\\\\Desktop\\\\LRIA_llm_eval\\\\eval\\\\Quantum_e2e_v20251106\\\\Bvt1110\\\\bvtfiles\\\\A_brief_introduction_of_LP_liutao21_20220615.pptx\",\"priority\":6,\"score\":0.0,\"status\":\"ADDED\",\"tokenNum\":0,\"uriPath\":\"\"},{\"createTime\":\"2025-11-10T14:56:32.800\",\"description\":\"\",\"docName\":\"\",\"editTime\":\"2025-11-10T14:56:32.800\",\"errorDescription\":\"\",\"fileName\":\"Belfast-English.docx\",\"folder\":\"C:\\\\Users\\\\XiaoXinPro 16 IAH\\\\Desktop\\\\LRIA_llm_eval\\\\eval\\\\Quantum_e2e_v20251106\\\\Bvt1110\\\\bvtfiles\",\"id\":1987776371828592640,\"isDeleted\":0,\"isTmpFile\":false,\"labelNameList\":[],\"lastModifyTime\":\"2025-09-17T09:45:00\",\"md5\":\"3193e699ffa92db332ae31a9fb1d3cb4\",\"path\":\"C:\\\\Users\\\\XiaoXinPro 16 IAH\\\\Desktop\\\\LRIA_llm_eval\\\\eval\\\\Quantum_e2e_v20251106\\\\Bvt1110\\\\bvtfiles\\\\Belfast-English.docx\",\"priority\":7,\"score\":0.0,\"status\":\"ADDED\",\"tokenNum\":0,\"uriPath\":\"\"},{\"createTime\":\"2025-11-10T14:56:32.823\",\"description\":\"\",\"docName\":\"\",\"editTime\":\"2025-11-10T14:56:32.823\",\"errorDescription\":\"\",\"fileName\":\"British-Food-Culture.doc\",\"folder\":\"C:\\\\Users\\\\XiaoXinPro 16 IAH\\\\Desktop\\\\LRIA_llm_eval\\\\eval\\\\Quantum_e2e_v20251106\\\\Bvt1110\\\\bvtfiles\",\"id\":1987776371925061632,\"isDeleted\":0,\"isTmpFile\":false,\"labelNameList\":[],\"lastModifyTime\":\"2025-09-17T09:45:00\",\"md5\":\"435798f1c3377c7f5b71e18d733ca579\",\"path\":\"C:\\\\Users\\\\XiaoXinPro 16 IAH\\\\Desktop\\\\LRIA_llm_eval\\\\eval\\\\Quantum_e2e_v20251106\\\\Bvt1110\\\\bvtfiles\\\\British-Food-Culture.doc\",\"priority\":8,\"score\":0.0,\"status\":\"ADDED\",\"tokenNum\":0,\"uriPath\":\"\"},{\"createTime\":\"2025-11-10T14:56:32.847\",\"description\":\"\",\"docName\":\"\",\"editTime\":\"2025-11-10T14:56:32.847\",\"errorDescription\":\"\",\"fileName\":\"Netflix Becomes a Broadway Producer With Peter Morgan’s Patriots.txt\",\"folder\":\"C:\\\\Users\\\\XiaoXinPro 16 IAH\\\\Desktop\\\\LRIA_llm_eval\\\\eval\\\\Quantum_e2e_v20251106\\\\Bvt1110\\\\bvtfiles\",\"id\":1987776372025724928,\"isDeleted\":0,\"isTmpFile\":false,\"labelNameList\":[],\"lastModifyTime\":\"2025-09-17T09:46:00\",\"md5\":\"ab84c46eaa62a18048fb0241446da4ca\",\"path\":\"C:\\\\Users\\\\XiaoXinPro 16 IAH\\\\Desktop\\\\LRIA_llm_eval\\\\eval\\\\Quantum_e2e_v20251106\\\\Bvt1110\\\\bvtfiles\\\\Netflix Becomes a Broadway Producer With Peter Morgan’s Patriots.txt\",\"priority\":9,\"score\":0.0,\"status\":\"ADDED\",\"tokenNum\":0,\"uriPath\":\"\"}]"}}
2025-11-10 14:57:03,082 - [Quantum_e2e_20251110.py:340] - [get_register_document] - INFO - 文档数量: 9
2025-11-10 14:57:03,082 - [Quantum_e2e_20251110.py:363] - [get_register_document] - INFO - 文档总数: 9, COMPLETED状态的文档数量: 0
2025-11-10 14:57:03,083 - [Quantum_e2e_20251110.py:395] - [get_register_document] - INFO - 仍有文档在处理中
2025-11-10 14:57:03,083 - [Quantum_e2e_20251110.py:1154] - [process_document_registration_only] - INFO - 文档仍在处理中，等待2秒后重试...
2025-11-10 14:57:05,096 - [Quantum_e2e_20251110.py:1145] - [process_document_registration_only] - INFO - 第15次检查文档处理状态...
2025-11-10 14:57:05,096 - [Quantum_e2e_20251110.py:289] - [get_register_document] - INFO - 检查文档注册状态...
2025-11-10 14:57:05,098 - [connectionpool.py:243] - [_new_conn] - DEBUG - Starting new HTTP connection (1): 127.0.0.1:35253
2025-11-10 14:57:05,101 - [connectionpool.py:546] - [_make_request] - DEBUG - http://127.0.0.1:35253 "POST /upload HTTP/11" 200 20
2025-11-10 14:57:05,101 - [Quantum_e2e_20251110.py:299] - [get_register_document] - INFO - 文档注册已用时间: 32.69秒 (00:32)
2025-11-10 14:57:05,102 - [Quantum_e2e_20251110.py:303] - [get_register_document] - INFO - 成功获取文档列表，upload_id: -8351593751999639664
2025-11-10 14:57:05,104 - [connectionpool.py:243] - [_new_conn] - DEBUG - Starting new HTTP connection (1): 127.0.0.1:35253
2025-11-10 14:57:05,112 - [connectionpool.py:546] - [_make_request] - DEBUG - http://127.0.0.1:35253 "GET /query?fileData=-8351593751999639664 HTTP/11" 200 None
2025-11-10 14:57:05,226 - [Quantum_e2e_20251110.py:583] - [get_response_content_detailed] - INFO - 响应时间: 0.01秒
2025-11-10 14:57:05,227 - [Quantum_e2e_20251110.py:310] - [get_register_document] - INFO - 获取到的result_text: {"jobId":17,"status":"complete","data":{"text":"[{\"createTime\":\"2025-11-10T14:56:32.563\",\"description\":\"\",\"docName\":\"\",\"editTime\":\"2025-11-10T14:56:32.564\",\"errorDescription\":\"\",\"fileName\":\"2403.19401.pdf\",\"folder\":\"C:\\\\Users\\\\XiaoXinPro 16 IAH\\\\Desktop\\\\LRIA_llm_eval\\\\eval\\\\Quantum_e2e_v20251106\\\\Bvt1110\\\\bvtfiles\",\"id\":1987776370834542592,\"isDeleted\":0,\"isTmpFile\":false,\"labelNameList\":[],\"lastModifyTime\":\"2025-09-17T09:45:00\",\"md5\":\"4ff6ba88616fcf7a71d1dca6c9adc14c\",\"path\":\"C:\\\\Users\\\\XiaoXinPro 16 IAH\\\\Desktop\\\\LRIA_llm_eval\\\\eval\\\\Quantum_e2e_v20251106\\\\Bvt1110\\\\bvtfiles\\\\2403.19401.pdf\",\"priority\":1,\"score\":0.0,\"status\":\"ADDED\",\"tokenNum\":0,\"uriPath\":\"\"},{\"createTime\":\"2025-11-10T14:56:32.609\",\"description\":\"\",\"docName\":\"\",\"editTime\":\"2025-11-10T14:56:32.609\",\"errorDescription\":\"\",\"fileName\":\"3nql1cs15r8aviz39pth2bpsr4zvy1.txt\",\"folder\":\"C:\\\\Users\\\\XiaoXinPro 16 IAH\\\\Desktop\\\\LRIA_llm_eval\\\\eval\\\\Quantum_e2e_v20251106\\\\Bvt1110\\\\bvtfiles\",\"id\":1987776371027480576,\"isDeleted\":0,\"isTmpFile\":false,\"labelNameList\":[],\"lastModifyTime\":\"2025-09-17T09:45:00\",\"md5\":\"da0c0f7162b267cca0de596df4c40c56\",\"path\":\"C:\\\\Users\\\\XiaoXinPro 16 IAH\\\\Desktop\\\\LRIA_llm_eval\\\\eval\\\\Quantum_e2e_v20251106\\\\Bvt1110\\\\bvtfiles\\\\3nql1cs15r8aviz39pth2bpsr4zvy1.txt\",\"priority\":2,\"score\":0.0,\"status\":\"ADDED\",\"tokenNum\":0,\"uriPath\":\"\"},{\"createTime\":\"2025-11-10T14:56:32.639\",\"description\":\"\",\"docName\":\"\",\"editTime\":\"2025-11-10T14:56:32.639\",\"errorDescription\":\"\",\"fileName\":\"3u84xhcdicdb6vqtlfud7syhj444z2.txt\",\"folder\":\"C:\\\\Users\\\\XiaoXinPro 16 IAH\\\\Desktop\\\\LRIA_llm_eval\\\\eval\\\\Quantum_e2e_v20251106\\\\Bvt1110\\\\bvtfiles\",\"id\":1987776371153309696,\"isDeleted\":0,\"isTmpFile\":false,\"labelNameList\":[],\"lastModifyTime\":\"2025-09-17T09:45:00\",\"md5\":\"a80f0ad4af9fd250a462680c85e6fbf0\",\"path\":\"C:\\\\Users\\\\XiaoXinPro 16 IAH\\\\Desktop\\\\LRIA_llm_eval\\\\eval\\\\Quantum_e2e_v20251106\\\\Bvt1110\\\\bvtfiles\\\\3u84xhcdicdb6vqtlfud7syhj444z2.txt\",\"priority\":3,\"score\":0.0,\"status\":\"ADDED\",\"tokenNum\":0,\"uriPath\":\"\"},{\"createTime\":\"2025-11-10T14:56:32.666\",\"description\":\"\",\"docName\":\"\",\"editTime\":\"2025-11-10T14:56:32.666\",\"errorDescription\":\"\",\"fileName\":\"3z3zlgnnsiuha76yy56h6uu71bh3q1.txt\",\"folder\":\"C:\\\\Users\\\\XiaoXinPro 16 IAH\\\\Desktop\\\\LRIA_llm_eval\\\\eval\\\\Quantum_e2e_v20251106\\\\Bvt1110\\\\bvtfiles\",\"id\":1987776371266555904,\"isDeleted\":0,\"isTmpFile\":false,\"labelNameList\":[],\"lastModifyTime\":\"2025-09-17T09:45:00\",\"md5\":\"bb28043dd606535bdcaf1ee30346b0f9\",\"path\":\"C:\\\\Users\\\\XiaoXinPro 16 IAH\\\\Desktop\\\\LRIA_llm_eval\\\\eval\\\\Quantum_e2e_v20251106\\\\Bvt1110\\\\bvtfiles\\\\3z3zlgnnsiuha76yy56h6uu71bh3q1.txt\",\"priority\":4,\"score\":0.0,\"status\":\"ADDED\",\"tokenNum\":0,\"uriPath\":\"\"},{\"createTime\":\"2025-11-10T14:56:32.695\",\"description\":\"\",\"docName\":\"\",\"editTime\":\"2025-11-10T14:56:32.695\",\"errorDescription\":\"\",\"fileName\":\"AI_Face_Test_Set_Collection_Method_Design.pptx\",\"folder\":\"C:\\\\Users\\\\XiaoXinPro 16 IAH\\\\Desktop\\\\LRIA_llm_eval\\\\eval\\\\Quantum_e2e_v20251106\\\\Bvt1110\\\\bvtfiles\",\"id\":1987776371388190720,\"isDeleted\":0,\"isTmpFile\":false,\"labelNameList\":[],\"lastModifyTime\":\"2025-09-17T09:46:00\",\"md5\":\"b0f396e7936e0f6192cd880927e8e74b\",\"path\":\"C:\\\\Users\\\\XiaoXinPro 16 IAH\\\\Desktop\\\\LRIA_llm_eval\\\\eval\\\\Quantum_e2e_v20251106\\\\Bvt1110\\\\bvtfiles\\\\AI_Face_Test_Set_Collection_Method_Design.pptx\",\"priority\":5,\"score\":0.0,\"status\":\"ADDED\",\"tokenNum\":0,\"uriPath\":\"\"},{\"createTime\":\"2025-11-10T14:56:32.726\",\"description\":\"\",\"docName\":\"\",\"editTime\":\"2025-11-10T14:56:32.726\",\"errorDescription\":\"\",\"fileName\":\"A_brief_introduction_of_LP_liutao21_20220615.pptx\",\"folder\":\"C:\\\\Users\\\\XiaoXinPro 16 IAH\\\\Desktop\\\\LRIA_llm_eval\\\\eval\\\\Quantum_e2e_v20251106\\\\Bvt1110\\\\bvtfiles\",\"id\":1987776371518214144,\"isDeleted\":0,\"isTmpFile\":false,\"labelNameList\":[],\"lastModifyTime\":\"2025-09-17T09:46:00\",\"md5\":\"0dbb2532524843af54fb3388b7bf3381\",\"path\":\"C:\\\\Users\\\\XiaoXinPro 16 IAH\\\\Desktop\\\\LRIA_llm_eval\\\\eval\\\\Quantum_e2e_v20251106\\\\Bvt1110\\\\bvtfiles\\\\A_brief_introduction_of_LP_liutao21_20220615.pptx\",\"priority\":6,\"score\":0.0,\"status\":\"ADDED\",\"tokenNum\":0,\"uriPath\":\"\"},{\"createTime\":\"2025-11-10T14:56:32.800\",\"description\":\"\",\"docName\":\"\",\"editTime\":\"2025-11-10T14:56:32.800\",\"errorDescription\":\"\",\"fileName\":\"Belfast-English.docx\",\"folder\":\"C:\\\\Users\\\\XiaoXinPro 16 IAH\\\\Desktop\\\\LRIA_llm_eval\\\\eval\\\\Quantum_e2e_v20251106\\\\Bvt1110\\\\bvtfiles\",\"id\":1987776371828592640,\"isDeleted\":0,\"isTmpFile\":false,\"labelNameList\":[],\"lastModifyTime\":\"2025-09-17T09:45:00\",\"md5\":\"3193e699ffa92db332ae31a9fb1d3cb4\",\"path\":\"C:\\\\Users\\\\XiaoXinPro 16 IAH\\\\Desktop\\\\LRIA_llm_eval\\\\eval\\\\Quantum_e2e_v20251106\\\\Bvt1110\\\\bvtfiles\\\\Belfast-English.docx\",\"priority\":7,\"score\":0.0,\"status\":\"ADDED\",\"tokenNum\":0,\"uriPath\":\"\"},{\"createTime\":\"2025-11-10T14:56:32.823\",\"description\":\"\",\"docName\":\"\",\"editTime\":\"2025-11-10T14:56:32.823\",\"errorDescription\":\"\",\"fileName\":\"British-Food-Culture.doc\",\"folder\":\"C:\\\\Users\\\\XiaoXinPro 16 IAH\\\\Desktop\\\\LRIA_llm_eval\\\\eval\\\\Quantum_e2e_v20251106\\\\Bvt1110\\\\bvtfiles\",\"id\":1987776371925061632,\"isDeleted\":0,\"isTmpFile\":false,\"labelNameList\":[],\"lastModifyTime\":\"2025-09-17T09:45:00\",\"md5\":\"435798f1c3377c7f5b71e18d733ca579\",\"path\":\"C:\\\\Users\\\\XiaoXinPro 16 IAH\\\\Desktop\\\\LRIA_llm_eval\\\\eval\\\\Quantum_e2e_v20251106\\\\Bvt1110\\\\bvtfiles\\\\British-Food-Culture.doc\",\"priority\":8,\"score\":0.0,\"status\":\"ADDED\",\"tokenNum\":0,\"uriPath\":\"\"},{\"createTime\":\"2025-11-10T14:56:32.847\",\"description\":\"\",\"docName\":\"\",\"editTime\":\"2025-11-10T14:56:32.847\",\"errorDescription\":\"\",\"fileName\":\"Netflix Becomes a Broadway Producer With Peter Morgan’s Patriots.txt\",\"folder\":\"C:\\\\Users\\\\XiaoXinPro 16 IAH\\\\Desktop\\\\LRIA_llm_eval\\\\eval\\\\Quantum_e2e_v20251106\\\\Bvt1110\\\\bvtfiles\",\"id\":1987776372025724928,\"isDeleted\":0,\"isTmpFile\":false,\"labelNameList\":[],\"lastModifyTime\":\"2025-09-17T09:46:00\",\"md5\":\"ab84c46eaa62a18048fb0241446da4ca\",\"path\":\"C:\\\\Users\\\\XiaoXinPro 16 IAH\\\\Desktop\\\\LRIA_llm_eval\\\\eval\\\\Quantum_e2e_v20251106\\\\Bvt1110\\\\bvtfiles\\\\Netflix Becomes a Broadway Producer With Peter Morgan’s Patriots.txt\",\"priority\":9,\"score\":0.0,\"status\":\"ADDED\",\"tokenNum\":0,\"uriPath\":\"\"}]"}}
2025-11-10 14:57:05,227 - [Quantum_e2e_20251110.py:340] - [get_register_document] - INFO - 文档数量: 9
2025-11-10 14:57:05,227 - [Quantum_e2e_20251110.py:363] - [get_register_document] - INFO - 文档总数: 9, COMPLETED状态的文档数量: 0
2025-11-10 14:57:05,228 - [Quantum_e2e_20251110.py:395] - [get_register_document] - INFO - 仍有文档在处理中
2025-11-10 14:57:05,228 - [Quantum_e2e_20251110.py:1154] - [process_document_registration_only] - INFO - 文档仍在处理中，等待2秒后重试...
2025-11-10 14:57:07,229 - [Quantum_e2e_20251110.py:1145] - [process_document_registration_only] - INFO - 第16次检查文档处理状态...
2025-11-10 14:57:07,230 - [Quantum_e2e_20251110.py:289] - [get_register_document] - INFO - 检查文档注册状态...
2025-11-10 14:57:07,233 - [connectionpool.py:243] - [_new_conn] - DEBUG - Starting new HTTP connection (1): 127.0.0.1:35253
2025-11-10 14:57:07,237 - [connectionpool.py:546] - [_make_request] - DEBUG - http://127.0.0.1:35253 "POST /upload HTTP/11" 200 20
2025-11-10 14:57:07,238 - [Quantum_e2e_20251110.py:299] - [get_register_document] - INFO - 文档注册已用时间: 34.83秒 (00:34)
2025-11-10 14:57:07,238 - [Quantum_e2e_20251110.py:303] - [get_register_document] - INFO - 成功获取文档列表，upload_id: -6335588633456279372
2025-11-10 14:57:07,240 - [connectionpool.py:243] - [_new_conn] - DEBUG - Starting new HTTP connection (1): 127.0.0.1:35253
2025-11-10 14:57:07,244 - [connectionpool.py:546] - [_make_request] - DEBUG - http://127.0.0.1:35253 "GET /query?fileData=-6335588633456279372 HTTP/11" 200 None
2025-11-10 14:57:07,373 - [Quantum_e2e_20251110.py:583] - [get_response_content_detailed] - INFO - 响应时间: 0.01秒
2025-11-10 14:57:07,373 - [Quantum_e2e_20251110.py:310] - [get_register_document] - INFO - 获取到的result_text: {"jobId":18,"status":"complete","data":{"text":"[{\"createTime\":\"2025-11-10T14:56:32.563\",\"description\":\"\",\"docName\":\"\",\"editTime\":\"2025-11-10T14:56:32.564\",\"errorDescription\":\"\",\"fileName\":\"2403.19401.pdf\",\"folder\":\"C:\\\\Users\\\\XiaoXinPro 16 IAH\\\\Desktop\\\\LRIA_llm_eval\\\\eval\\\\Quantum_e2e_v20251106\\\\Bvt1110\\\\bvtfiles\",\"id\":1987776370834542592,\"isDeleted\":0,\"isTmpFile\":false,\"labelNameList\":[],\"lastModifyTime\":\"2025-09-17T09:45:00\",\"md5\":\"4ff6ba88616fcf7a71d1dca6c9adc14c\",\"path\":\"C:\\\\Users\\\\XiaoXinPro 16 IAH\\\\Desktop\\\\LRIA_llm_eval\\\\eval\\\\Quantum_e2e_v20251106\\\\Bvt1110\\\\bvtfiles\\\\2403.19401.pdf\",\"priority\":1,\"score\":0.0,\"status\":\"ADDED\",\"tokenNum\":0,\"uriPath\":\"\"},{\"createTime\":\"2025-11-10T14:56:32.609\",\"description\":\"\",\"docName\":\"\",\"editTime\":\"2025-11-10T14:56:32.609\",\"errorDescription\":\"\",\"fileName\":\"3nql1cs15r8aviz39pth2bpsr4zvy1.txt\",\"folder\":\"C:\\\\Users\\\\XiaoXinPro 16 IAH\\\\Desktop\\\\LRIA_llm_eval\\\\eval\\\\Quantum_e2e_v20251106\\\\Bvt1110\\\\bvtfiles\",\"id\":1987776371027480576,\"isDeleted\":0,\"isTmpFile\":false,\"labelNameList\":[],\"lastModifyTime\":\"2025-09-17T09:45:00\",\"md5\":\"da0c0f7162b267cca0de596df4c40c56\",\"path\":\"C:\\\\Users\\\\XiaoXinPro 16 IAH\\\\Desktop\\\\LRIA_llm_eval\\\\eval\\\\Quantum_e2e_v20251106\\\\Bvt1110\\\\bvtfiles\\\\3nql1cs15r8aviz39pth2bpsr4zvy1.txt\",\"priority\":2,\"score\":0.0,\"status\":\"ADDED\",\"tokenNum\":0,\"uriPath\":\"\"},{\"createTime\":\"2025-11-10T14:56:32.639\",\"description\":\"\",\"docName\":\"\",\"editTime\":\"2025-11-10T14:56:32.639\",\"errorDescription\":\"\",\"fileName\":\"3u84xhcdicdb6vqtlfud7syhj444z2.txt\",\"folder\":\"C:\\\\Users\\\\XiaoXinPro 16 IAH\\\\Desktop\\\\LRIA_llm_eval\\\\eval\\\\Quantum_e2e_v20251106\\\\Bvt1110\\\\bvtfiles\",\"id\":1987776371153309696,\"isDeleted\":0,\"isTmpFile\":false,\"labelNameList\":[],\"lastModifyTime\":\"2025-09-17T09:45:00\",\"md5\":\"a80f0ad4af9fd250a462680c85e6fbf0\",\"path\":\"C:\\\\Users\\\\XiaoXinPro 16 IAH\\\\Desktop\\\\LRIA_llm_eval\\\\eval\\\\Quantum_e2e_v20251106\\\\Bvt1110\\\\bvtfiles\\\\3u84xhcdicdb6vqtlfud7syhj444z2.txt\",\"priority\":3,\"score\":0.0,\"status\":\"ADDED\",\"tokenNum\":0,\"uriPath\":\"\"},{\"createTime\":\"2025-11-10T14:56:32.666\",\"description\":\"\",\"docName\":\"\",\"editTime\":\"2025-11-10T14:56:32.666\",\"errorDescription\":\"\",\"fileName\":\"3z3zlgnnsiuha76yy56h6uu71bh3q1.txt\",\"folder\":\"C:\\\\Users\\\\XiaoXinPro 16 IAH\\\\Desktop\\\\LRIA_llm_eval\\\\eval\\\\Quantum_e2e_v20251106\\\\Bvt1110\\\\bvtfiles\",\"id\":1987776371266555904,\"isDeleted\":0,\"isTmpFile\":false,\"labelNameList\":[],\"lastModifyTime\":\"2025-09-17T09:45:00\",\"md5\":\"bb28043dd606535bdcaf1ee30346b0f9\",\"path\":\"C:\\\\Users\\\\XiaoXinPro 16 IAH\\\\Desktop\\\\LRIA_llm_eval\\\\eval\\\\Quantum_e2e_v20251106\\\\Bvt1110\\\\bvtfiles\\\\3z3zlgnnsiuha76yy56h6uu71bh3q1.txt\",\"priority\":4,\"score\":0.0,\"status\":\"ADDED\",\"tokenNum\":0,\"uriPath\":\"\"},{\"createTime\":\"2025-11-10T14:56:32.695\",\"description\":\"\",\"docName\":\"\",\"editTime\":\"2025-11-10T14:56:32.695\",\"errorDescription\":\"\",\"fileName\":\"AI_Face_Test_Set_Collection_Method_Design.pptx\",\"folder\":\"C:\\\\Users\\\\XiaoXinPro 16 IAH\\\\Desktop\\\\LRIA_llm_eval\\\\eval\\\\Quantum_e2e_v20251106\\\\Bvt1110\\\\bvtfiles\",\"id\":1987776371388190720,\"isDeleted\":0,\"isTmpFile\":false,\"labelNameList\":[],\"lastModifyTime\":\"2025-09-17T09:46:00\",\"md5\":\"b0f396e7936e0f6192cd880927e8e74b\",\"path\":\"C:\\\\Users\\\\XiaoXinPro 16 IAH\\\\Desktop\\\\LRIA_llm_eval\\\\eval\\\\Quantum_e2e_v20251106\\\\Bvt1110\\\\bvtfiles\\\\AI_Face_Test_Set_Collection_Method_Design.pptx\",\"priority\":5,\"score\":0.0,\"status\":\"ADDED\",\"tokenNum\":0,\"uriPath\":\"\"},{\"createTime\":\"2025-11-10T14:56:32.726\",\"description\":\"\",\"docName\":\"\",\"editTime\":\"2025-11-10T14:56:32.726\",\"errorDescription\":\"\",\"fileName\":\"A_brief_introduction_of_LP_liutao21_20220615.pptx\",\"folder\":\"C:\\\\Users\\\\XiaoXinPro 16 IAH\\\\Desktop\\\\LRIA_llm_eval\\\\eval\\\\Quantum_e2e_v20251106\\\\Bvt1110\\\\bvtfiles\",\"id\":1987776371518214144,\"isDeleted\":0,\"isTmpFile\":false,\"labelNameList\":[],\"lastModifyTime\":\"2025-09-17T09:46:00\",\"md5\":\"0dbb2532524843af54fb3388b7bf3381\",\"path\":\"C:\\\\Users\\\\XiaoXinPro 16 IAH\\\\Desktop\\\\LRIA_llm_eval\\\\eval\\\\Quantum_e2e_v20251106\\\\Bvt1110\\\\bvtfiles\\\\A_brief_introduction_of_LP_liutao21_20220615.pptx\",\"priority\":6,\"score\":0.0,\"status\":\"ADDED\",\"tokenNum\":0,\"uriPath\":\"\"},{\"createTime\":\"2025-11-10T14:56:32.800\",\"description\":\"\",\"docName\":\"\",\"editTime\":\"2025-11-10T14:56:32.800\",\"errorDescription\":\"\",\"fileName\":\"Belfast-English.docx\",\"folder\":\"C:\\\\Users\\\\XiaoXinPro 16 IAH\\\\Desktop\\\\LRIA_llm_eval\\\\eval\\\\Quantum_e2e_v20251106\\\\Bvt1110\\\\bvtfiles\",\"id\":1987776371828592640,\"isDeleted\":0,\"isTmpFile\":false,\"labelNameList\":[],\"lastModifyTime\":\"2025-09-17T09:45:00\",\"md5\":\"3193e699ffa92db332ae31a9fb1d3cb4\",\"path\":\"C:\\\\Users\\\\XiaoXinPro 16 IAH\\\\Desktop\\\\LRIA_llm_eval\\\\eval\\\\Quantum_e2e_v20251106\\\\Bvt1110\\\\bvtfiles\\\\Belfast-English.docx\",\"priority\":7,\"score\":0.0,\"status\":\"ADDED\",\"tokenNum\":0,\"uriPath\":\"\"},{\"createTime\":\"2025-11-10T14:56:32.823\",\"description\":\"\",\"docName\":\"\",\"editTime\":\"2025-11-10T14:56:32.823\",\"errorDescription\":\"\",\"fileName\":\"British-Food-Culture.doc\",\"folder\":\"C:\\\\Users\\\\XiaoXinPro 16 IAH\\\\Desktop\\\\LRIA_llm_eval\\\\eval\\\\Quantum_e2e_v20251106\\\\Bvt1110\\\\bvtfiles\",\"id\":1987776371925061632,\"isDeleted\":0,\"isTmpFile\":false,\"labelNameList\":[],\"lastModifyTime\":\"2025-09-17T09:45:00\",\"md5\":\"435798f1c3377c7f5b71e18d733ca579\",\"path\":\"C:\\\\Users\\\\XiaoXinPro 16 IAH\\\\Desktop\\\\LRIA_llm_eval\\\\eval\\\\Quantum_e2e_v20251106\\\\Bvt1110\\\\bvtfiles\\\\British-Food-Culture.doc\",\"priority\":8,\"score\":0.0,\"status\":\"ADDED\",\"tokenNum\":0,\"uriPath\":\"\"},{\"createTime\":\"2025-11-10T14:56:32.847\",\"description\":\"\",\"docName\":\"\",\"editTime\":\"2025-11-10T14:56:32.847\",\"errorDescription\":\"\",\"fileName\":\"Netflix Becomes a Broadway Producer With Peter Morgan’s Patriots.txt\",\"folder\":\"C:\\\\Users\\\\XiaoXinPro 16 IAH\\\\Desktop\\\\LRIA_llm_eval\\\\eval\\\\Quantum_e2e_v20251106\\\\Bvt1110\\\\bvtfiles\",\"id\":1987776372025724928,\"isDeleted\":0,\"isTmpFile\":false,\"labelNameList\":[],\"lastModifyTime\":\"2025-09-17T09:46:00\",\"md5\":\"ab84c46eaa62a18048fb0241446da4ca\",\"path\":\"C:\\\\Users\\\\XiaoXinPro 16 IAH\\\\Desktop\\\\LRIA_llm_eval\\\\eval\\\\Quantum_e2e_v20251106\\\\Bvt1110\\\\bvtfiles\\\\Netflix Becomes a Broadway Producer With Peter Morgan’s Patriots.txt\",\"priority\":9,\"score\":0.0,\"status\":\"ADDED\",\"tokenNum\":0,\"uriPath\":\"\"}]"}}
2025-11-10 14:57:07,374 - [Quantum_e2e_20251110.py:340] - [get_register_document] - INFO - 文档数量: 9
2025-11-10 14:57:07,374 - [Quantum_e2e_20251110.py:363] - [get_register_document] - INFO - 文档总数: 9, COMPLETED状态的文档数量: 0
2025-11-10 14:57:07,374 - [Quantum_e2e_20251110.py:395] - [get_register_document] - INFO - 仍有文档在处理中
2025-11-10 14:57:07,375 - [Quantum_e2e_20251110.py:1154] - [process_document_registration_only] - INFO - 文档仍在处理中，等待2秒后重试...
2025-11-10 14:57:09,390 - [Quantum_e2e_20251110.py:1145] - [process_document_registration_only] - INFO - 第17次检查文档处理状态...
2025-11-10 14:57:09,390 - [Quantum_e2e_20251110.py:289] - [get_register_document] - INFO - 检查文档注册状态...
2025-11-10 14:57:09,392 - [connectionpool.py:243] - [_new_conn] - DEBUG - Starting new HTTP connection (1): 127.0.0.1:35253
2025-11-10 14:57:09,396 - [connectionpool.py:546] - [_make_request] - DEBUG - http://127.0.0.1:35253 "POST /upload HTTP/11" 200 19
2025-11-10 14:57:09,397 - [Quantum_e2e_20251110.py:299] - [get_register_document] - INFO - 文档注册已用时间: 36.99秒 (00:36)
2025-11-10 14:57:09,397 - [Quantum_e2e_20251110.py:303] - [get_register_document] - INFO - 成功获取文档列表，upload_id: 2180225257141470399
2025-11-10 14:57:09,399 - [connectionpool.py:243] - [_new_conn] - DEBUG - Starting new HTTP connection (1): 127.0.0.1:35253
2025-11-10 14:57:09,406 - [connectionpool.py:546] - [_make_request] - DEBUG - http://127.0.0.1:35253 "GET /query?fileData=2180225257141470399 HTTP/11" 200 None
2025-11-10 14:57:09,518 - [Quantum_e2e_20251110.py:583] - [get_response_content_detailed] - INFO - 响应时间: 0.01秒
2025-11-10 14:57:09,518 - [Quantum_e2e_20251110.py:310] - [get_register_document] - INFO - 获取到的result_text: {"jobId":19,"status":"complete","data":{"text":"[{\"createTime\":\"2025-11-10T14:56:32.563\",\"description\":\"\",\"docName\":\"\",\"editTime\":\"2025-11-10T14:57:09.178\",\"fileName\":\"2403.19401.pdf\",\"folder\":\"C:\\\\Users\\\\XiaoXinPro 16 IAH\\\\Desktop\\\\LRIA_llm_eval\\\\eval\\\\Quantum_e2e_v20251106\\\\Bvt1110\\\\bvtfiles\",\"id\":1987776370834542592,\"isDeleted\":0,\"isTmpFile\":false,\"labelNameList\":[],\"lastModifyTime\":\"2025-09-17T09:45:00\",\"md5\":\"4ff6ba88616fcf7a71d1dca6c9adc14c\",\"path\":\"C:\\\\Users\\\\XiaoXinPro 16 IAH\\\\Desktop\\\\LRIA_llm_eval\\\\eval\\\\Quantum_e2e_v20251106\\\\Bvt1110\\\\bvtfiles\\\\2403.19401.pdf\",\"priority\":1,\"score\":0.0,\"status\":\"RUNNING\",\"tokenNum\":0,\"uriPath\":\"\"},{\"createTime\":\"2025-11-10T14:56:32.609\",\"description\":\"\",\"docName\":\"\",\"editTime\":\"2025-11-10T14:56:32.609\",\"errorDescription\":\"\",\"fileName\":\"3nql1cs15r8aviz39pth2bpsr4zvy1.txt\",\"folder\":\"C:\\\\Users\\\\XiaoXinPro 16 IAH\\\\Desktop\\\\LRIA_llm_eval\\\\eval\\\\Quantum_e2e_v20251106\\\\Bvt1110\\\\bvtfiles\",\"id\":1987776371027480576,\"isDeleted\":0,\"isTmpFile\":false,\"labelNameList\":[],\"lastModifyTime\":\"2025-09-17T09:45:00\",\"md5\":\"da0c0f7162b267cca0de596df4c40c56\",\"path\":\"C:\\\\Users\\\\XiaoXinPro 16 IAH\\\\Desktop\\\\LRIA_llm_eval\\\\eval\\\\Quantum_e2e_v20251106\\\\Bvt1110\\\\bvtfiles\\\\3nql1cs15r8aviz39pth2bpsr4zvy1.txt\",\"priority\":2,\"score\":0.0,\"status\":\"ADDED\",\"tokenNum\":0,\"uriPath\":\"\"},{\"createTime\":\"2025-11-10T14:56:32.639\",\"description\":\"\",\"docName\":\"\",\"editTime\":\"2025-11-10T14:56:32.639\",\"errorDescription\":\"\",\"fileName\":\"3u84xhcdicdb6vqtlfud7syhj444z2.txt\",\"folder\":\"C:\\\\Users\\\\XiaoXinPro 16 IAH\\\\Desktop\\\\LRIA_llm_eval\\\\eval\\\\Quantum_e2e_v20251106\\\\Bvt1110\\\\bvtfiles\",\"id\":1987776371153309696,\"isDeleted\":0,\"isTmpFile\":false,\"labelNameList\":[],\"lastModifyTime\":\"2025-09-17T09:45:00\",\"md5\":\"a80f0ad4af9fd250a462680c85e6fbf0\",\"path\":\"C:\\\\Users\\\\XiaoXinPro 16 IAH\\\\Desktop\\\\LRIA_llm_eval\\\\eval\\\\Quantum_e2e_v20251106\\\\Bvt1110\\\\bvtfiles\\\\3u84xhcdicdb6vqtlfud7syhj444z2.txt\",\"priority\":3,\"score\":0.0,\"status\":\"ADDED\",\"tokenNum\":0,\"uriPath\":\"\"},{\"createTime\":\"2025-11-10T14:56:32.666\",\"description\":\"\",\"docName\":\"\",\"editTime\":\"2025-11-10T14:56:32.666\",\"errorDescription\":\"\",\"fileName\":\"3z3zlgnnsiuha76yy56h6uu71bh3q1.txt\",\"folder\":\"C:\\\\Users\\\\XiaoXinPro 16 IAH\\\\Desktop\\\\LRIA_llm_eval\\\\eval\\\\Quantum_e2e_v20251106\\\\Bvt1110\\\\bvtfiles\",\"id\":1987776371266555904,\"isDeleted\":0,\"isTmpFile\":false,\"labelNameList\":[],\"lastModifyTime\":\"2025-09-17T09:45:00\",\"md5\":\"bb28043dd606535bdcaf1ee30346b0f9\",\"path\":\"C:\\\\Users\\\\XiaoXinPro 16 IAH\\\\Desktop\\\\LRIA_llm_eval\\\\eval\\\\Quantum_e2e_v20251106\\\\Bvt1110\\\\bvtfiles\\\\3z3zlgnnsiuha76yy56h6uu71bh3q1.txt\",\"priority\":4,\"score\":0.0,\"status\":\"ADDED\",\"tokenNum\":0,\"uriPath\":\"\"},{\"createTime\":\"2025-11-10T14:56:32.695\",\"description\":\"\",\"docName\":\"\",\"editTime\":\"2025-11-10T14:56:32.695\",\"errorDescription\":\"\",\"fileName\":\"AI_Face_Test_Set_Collection_Method_Design.pptx\",\"folder\":\"C:\\\\Users\\\\XiaoXinPro 16 IAH\\\\Desktop\\\\LRIA_llm_eval\\\\eval\\\\Quantum_e2e_v20251106\\\\Bvt1110\\\\bvtfiles\",\"id\":1987776371388190720,\"isDeleted\":0,\"isTmpFile\":false,\"labelNameList\":[],\"lastModifyTime\":\"2025-09-17T09:46:00\",\"md5\":\"b0f396e7936e0f6192cd880927e8e74b\",\"path\":\"C:\\\\Users\\\\XiaoXinPro 16 IAH\\\\Desktop\\\\LRIA_llm_eval\\\\eval\\\\Quantum_e2e_v20251106\\\\Bvt1110\\\\bvtfiles\\\\AI_Face_Test_Set_Collection_Method_Design.pptx\",\"priority\":5,\"score\":0.0,\"status\":\"ADDED\",\"tokenNum\":0,\"uriPath\":\"\"},{\"createTime\":\"2025-11-10T14:56:32.726\",\"description\":\"\",\"docName\":\"\",\"editTime\":\"2025-11-10T14:56:32.726\",\"errorDescription\":\"\",\"fileName\":\"A_brief_introduction_of_LP_liutao21_20220615.pptx\",\"folder\":\"C:\\\\Users\\\\XiaoXinPro 16 IAH\\\\Desktop\\\\LRIA_llm_eval\\\\eval\\\\Quantum_e2e_v20251106\\\\Bvt1110\\\\bvtfiles\",\"id\":1987776371518214144,\"isDeleted\":0,\"isTmpFile\":false,\"labelNameList\":[],\"lastModifyTime\":\"2025-09-17T09:46:00\",\"md5\":\"0dbb2532524843af54fb3388b7bf3381\",\"path\":\"C:\\\\Users\\\\XiaoXinPro 16 IAH\\\\Desktop\\\\LRIA_llm_eval\\\\eval\\\\Quantum_e2e_v20251106\\\\Bvt1110\\\\bvtfiles\\\\A_brief_introduction_of_LP_liutao21_20220615.pptx\",\"priority\":6,\"score\":0.0,\"status\":\"ADDED\",\"tokenNum\":0,\"uriPath\":\"\"},{\"createTime\":\"2025-11-10T14:56:32.800\",\"description\":\"\",\"docName\":\"\",\"editTime\":\"2025-11-10T14:56:32.800\",\"errorDescription\":\"\",\"fileName\":\"Belfast-English.docx\",\"folder\":\"C:\\\\Users\\\\XiaoXinPro 16 IAH\\\\Desktop\\\\LRIA_llm_eval\\\\eval\\\\Quantum_e2e_v20251106\\\\Bvt1110\\\\bvtfiles\",\"id\":1987776371828592640,\"isDeleted\":0,\"isTmpFile\":false,\"labelNameList\":[],\"lastModifyTime\":\"2025-09-17T09:45:00\",\"md5\":\"3193e699ffa92db332ae31a9fb1d3cb4\",\"path\":\"C:\\\\Users\\\\XiaoXinPro 16 IAH\\\\Desktop\\\\LRIA_llm_eval\\\\eval\\\\Quantum_e2e_v20251106\\\\Bvt1110\\\\bvtfiles\\\\Belfast-English.docx\",\"priority\":7,\"score\":0.0,\"status\":\"ADDED\",\"tokenNum\":0,\"uriPath\":\"\"},{\"createTime\":\"2025-11-10T14:56:32.823\",\"description\":\"\",\"docName\":\"\",\"editTime\":\"2025-11-10T14:56:32.823\",\"errorDescription\":\"\",\"fileName\":\"British-Food-Culture.doc\",\"folder\":\"C:\\\\Users\\\\XiaoXinPro 16 IAH\\\\Desktop\\\\LRIA_llm_eval\\\\eval\\\\Quantum_e2e_v20251106\\\\Bvt1110\\\\bvtfiles\",\"id\":1987776371925061632,\"isDeleted\":0,\"isTmpFile\":false,\"labelNameList\":[],\"lastModifyTime\":\"2025-09-17T09:45:00\",\"md5\":\"435798f1c3377c7f5b71e18d733ca579\",\"path\":\"C:\\\\Users\\\\XiaoXinPro 16 IAH\\\\Desktop\\\\LRIA_llm_eval\\\\eval\\\\Quantum_e2e_v20251106\\\\Bvt1110\\\\bvtfiles\\\\British-Food-Culture.doc\",\"priority\":8,\"score\":0.0,\"status\":\"ADDED\",\"tokenNum\":0,\"uriPath\":\"\"},{\"createTime\":\"2025-11-10T14:56:32.847\",\"description\":\"\",\"docName\":\"\",\"editTime\":\"2025-11-10T14:56:32.847\",\"errorDescription\":\"\",\"fileName\":\"Netflix Becomes a Broadway Producer With Peter Morgan’s Patriots.txt\",\"folder\":\"C:\\\\Users\\\\XiaoXinPro 16 IAH\\\\Desktop\\\\LRIA_llm_eval\\\\eval\\\\Quantum_e2e_v20251106\\\\Bvt1110\\\\bvtfiles\",\"id\":1987776372025724928,\"isDeleted\":0,\"isTmpFile\":false,\"labelNameList\":[],\"lastModifyTime\":\"2025-09-17T09:46:00\",\"md5\":\"ab84c46eaa62a18048fb0241446da4ca\",\"path\":\"C:\\\\Users\\\\XiaoXinPro 16 IAH\\\\Desktop\\\\LRIA_llm_eval\\\\eval\\\\Quantum_e2e_v20251106\\\\Bvt1110\\\\bvtfiles\\\\Netflix Becomes a Broadway Producer With Peter Morgan’s Patriots.txt\",\"priority\":9,\"score\":0.0,\"status\":\"ADDED\",\"tokenNum\":0,\"uriPath\":\"\"}]"}}
2025-11-10 14:57:09,519 - [Quantum_e2e_20251110.py:340] - [get_register_document] - INFO - 文档数量: 9
2025-11-10 14:57:09,519 - [Quantum_e2e_20251110.py:363] - [get_register_document] - INFO - 文档总数: 9, COMPLETED状态的文档数量: 0
2025-11-10 14:57:09,519 - [Quantum_e2e_20251110.py:395] - [get_register_document] - INFO - 仍有文档在处理中
2025-11-10 14:57:09,520 - [Quantum_e2e_20251110.py:1154] - [process_document_registration_only] - INFO - 文档仍在处理中，等待2秒后重试...
2025-11-10 14:57:11,521 - [Quantum_e2e_20251110.py:1145] - [process_document_registration_only] - INFO - 第18次检查文档处理状态...
2025-11-10 14:57:11,521 - [Quantum_e2e_20251110.py:289] - [get_register_document] - INFO - 检查文档注册状态...
2025-11-10 14:57:11,524 - [connectionpool.py:243] - [_new_conn] - DEBUG - Starting new HTTP connection (1): 127.0.0.1:35253
2025-11-10 14:57:11,528 - [connectionpool.py:546] - [_make_request] - DEBUG - http://127.0.0.1:35253 "POST /upload HTTP/11" 200 19
2025-11-10 14:57:11,529 - [Quantum_e2e_20251110.py:299] - [get_register_document] - INFO - 文档注册已用时间: 39.12秒 (00:39)
2025-11-10 14:57:11,530 - [Quantum_e2e_20251110.py:303] - [get_register_document] - INFO - 成功获取文档列表，upload_id: 4694319618172042647
2025-11-10 14:57:11,532 - [connectionpool.py:243] - [_new_conn] - DEBUG - Starting new HTTP connection (1): 127.0.0.1:35253
2025-11-10 14:57:11,536 - [connectionpool.py:546] - [_make_request] - DEBUG - http://127.0.0.1:35253 "GET /query?fileData=4694319618172042647 HTTP/11" 200 None
2025-11-10 14:57:11,649 - [Quantum_e2e_20251110.py:583] - [get_response_content_detailed] - INFO - 响应时间: 0.01秒
2025-11-10 14:57:11,650 - [Quantum_e2e_20251110.py:310] - [get_register_document] - INFO - 获取到的result_text: {"jobId":20,"status":"complete","data":{"text":"[{\"createTime\":\"2025-11-10T14:56:32.563\",\"description\":\"\",\"docName\":\"\",\"editTime\":\"2025-11-10T14:57:09.178\",\"fileName\":\"2403.19401.pdf\",\"folder\":\"C:\\\\Users\\\\XiaoXinPro 16 IAH\\\\Desktop\\\\LRIA_llm_eval\\\\eval\\\\Quantum_e2e_v20251106\\\\Bvt1110\\\\bvtfiles\",\"id\":1987776370834542592,\"isDeleted\":0,\"isTmpFile\":false,\"labelNameList\":[],\"lastModifyTime\":\"2025-09-17T09:45:00\",\"md5\":\"4ff6ba88616fcf7a71d1dca6c9adc14c\",\"path\":\"C:\\\\Users\\\\XiaoXinPro 16 IAH\\\\Desktop\\\\LRIA_llm_eval\\\\eval\\\\Quantum_e2e_v20251106\\\\Bvt1110\\\\bvtfiles\\\\2403.19401.pdf\",\"priority\":1,\"score\":0.0,\"status\":\"RUNNING\",\"tokenNum\":0,\"uriPath\":\"\"},{\"createTime\":\"2025-11-10T14:56:32.609\",\"description\":\"\",\"docName\":\"\",\"editTime\":\"2025-11-10T14:56:32.609\",\"errorDescription\":\"\",\"fileName\":\"3nql1cs15r8aviz39pth2bpsr4zvy1.txt\",\"folder\":\"C:\\\\Users\\\\XiaoXinPro 16 IAH\\\\Desktop\\\\LRIA_llm_eval\\\\eval\\\\Quantum_e2e_v20251106\\\\Bvt1110\\\\bvtfiles\",\"id\":1987776371027480576,\"isDeleted\":0,\"isTmpFile\":false,\"labelNameList\":[],\"lastModifyTime\":\"2025-09-17T09:45:00\",\"md5\":\"da0c0f7162b267cca0de596df4c40c56\",\"path\":\"C:\\\\Users\\\\XiaoXinPro 16 IAH\\\\Desktop\\\\LRIA_llm_eval\\\\eval\\\\Quantum_e2e_v20251106\\\\Bvt1110\\\\bvtfiles\\\\3nql1cs15r8aviz39pth2bpsr4zvy1.txt\",\"priority\":2,\"score\":0.0,\"status\":\"ADDED\",\"tokenNum\":0,\"uriPath\":\"\"},{\"createTime\":\"2025-11-10T14:56:32.639\",\"description\":\"\",\"docName\":\"\",\"editTime\":\"2025-11-10T14:56:32.639\",\"errorDescription\":\"\",\"fileName\":\"3u84xhcdicdb6vqtlfud7syhj444z2.txt\",\"folder\":\"C:\\\\Users\\\\XiaoXinPro 16 IAH\\\\Desktop\\\\LRIA_llm_eval\\\\eval\\\\Quantum_e2e_v20251106\\\\Bvt1110\\\\bvtfiles\",\"id\":1987776371153309696,\"isDeleted\":0,\"isTmpFile\":false,\"labelNameList\":[],\"lastModifyTime\":\"2025-09-17T09:45:00\",\"md5\":\"a80f0ad4af9fd250a462680c85e6fbf0\",\"path\":\"C:\\\\Users\\\\XiaoXinPro 16 IAH\\\\Desktop\\\\LRIA_llm_eval\\\\eval\\\\Quantum_e2e_v20251106\\\\Bvt1110\\\\bvtfiles\\\\3u84xhcdicdb6vqtlfud7syhj444z2.txt\",\"priority\":3,\"score\":0.0,\"status\":\"ADDED\",\"tokenNum\":0,\"uriPath\":\"\"},{\"createTime\":\"2025-11-10T14:56:32.666\",\"description\":\"\",\"docName\":\"\",\"editTime\":\"2025-11-10T14:56:32.666\",\"errorDescription\":\"\",\"fileName\":\"3z3zlgnnsiuha76yy56h6uu71bh3q1.txt\",\"folder\":\"C:\\\\Users\\\\XiaoXinPro 16 IAH\\\\Desktop\\\\LRIA_llm_eval\\\\eval\\\\Quantum_e2e_v20251106\\\\Bvt1110\\\\bvtfiles\",\"id\":1987776371266555904,\"isDeleted\":0,\"isTmpFile\":false,\"labelNameList\":[],\"lastModifyTime\":\"2025-09-17T09:45:00\",\"md5\":\"bb28043dd606535bdcaf1ee30346b0f9\",\"path\":\"C:\\\\Users\\\\XiaoXinPro 16 IAH\\\\Desktop\\\\LRIA_llm_eval\\\\eval\\\\Quantum_e2e_v20251106\\\\Bvt1110\\\\bvtfiles\\\\3z3zlgnnsiuha76yy56h6uu71bh3q1.txt\",\"priority\":4,\"score\":0.0,\"status\":\"ADDED\",\"tokenNum\":0,\"uriPath\":\"\"},{\"createTime\":\"2025-11-10T14:56:32.695\",\"description\":\"\",\"docName\":\"\",\"editTime\":\"2025-11-10T14:56:32.695\",\"errorDescription\":\"\",\"fileName\":\"AI_Face_Test_Set_Collection_Method_Design.pptx\",\"folder\":\"C:\\\\Users\\\\XiaoXinPro 16 IAH\\\\Desktop\\\\LRIA_llm_eval\\\\eval\\\\Quantum_e2e_v20251106\\\\Bvt1110\\\\bvtfiles\",\"id\":1987776371388190720,\"isDeleted\":0,\"isTmpFile\":false,\"labelNameList\":[],\"lastModifyTime\":\"2025-09-17T09:46:00\",\"md5\":\"b0f396e7936e0f6192cd880927e8e74b\",\"path\":\"C:\\\\Users\\\\XiaoXinPro 16 IAH\\\\Desktop\\\\LRIA_llm_eval\\\\eval\\\\Quantum_e2e_v20251106\\\\Bvt1110\\\\bvtfiles\\\\AI_Face_Test_Set_Collection_Method_Design.pptx\",\"priority\":5,\"score\":0.0,\"status\":\"ADDED\",\"tokenNum\":0,\"uriPath\":\"\"},{\"createTime\":\"2025-11-10T14:56:32.726\",\"description\":\"\",\"docName\":\"\",\"editTime\":\"2025-11-10T14:56:32.726\",\"errorDescription\":\"\",\"fileName\":\"A_brief_introduction_of_LP_liutao21_20220615.pptx\",\"folder\":\"C:\\\\Users\\\\XiaoXinPro 16 IAH\\\\Desktop\\\\LRIA_llm_eval\\\\eval\\\\Quantum_e2e_v20251106\\\\Bvt1110\\\\bvtfiles\",\"id\":1987776371518214144,\"isDeleted\":0,\"isTmpFile\":false,\"labelNameList\":[],\"lastModifyTime\":\"2025-09-17T09:46:00\",\"md5\":\"0dbb2532524843af54fb3388b7bf3381\",\"path\":\"C:\\\\Users\\\\XiaoXinPro 16 IAH\\\\Desktop\\\\LRIA_llm_eval\\\\eval\\\\Quantum_e2e_v20251106\\\\Bvt1110\\\\bvtfiles\\\\A_brief_introduction_of_LP_liutao21_20220615.pptx\",\"priority\":6,\"score\":0.0,\"status\":\"ADDED\",\"tokenNum\":0,\"uriPath\":\"\"},{\"createTime\":\"2025-11-10T14:56:32.800\",\"description\":\"\",\"docName\":\"\",\"editTime\":\"2025-11-10T14:56:32.800\",\"errorDescription\":\"\",\"fileName\":\"Belfast-English.docx\",\"folder\":\"C:\\\\Users\\\\XiaoXinPro 16 IAH\\\\Desktop\\\\LRIA_llm_eval\\\\eval\\\\Quantum_e2e_v20251106\\\\Bvt1110\\\\bvtfiles\",\"id\":1987776371828592640,\"isDeleted\":0,\"isTmpFile\":false,\"labelNameList\":[],\"lastModifyTime\":\"2025-09-17T09:45:00\",\"md5\":\"3193e699ffa92db332ae31a9fb1d3cb4\",\"path\":\"C:\\\\Users\\\\XiaoXinPro 16 IAH\\\\Desktop\\\\LRIA_llm_eval\\\\eval\\\\Quantum_e2e_v20251106\\\\Bvt1110\\\\bvtfiles\\\\Belfast-English.docx\",\"priority\":7,\"score\":0.0,\"status\":\"ADDED\",\"tokenNum\":0,\"uriPath\":\"\"},{\"createTime\":\"2025-11-10T14:56:32.823\",\"description\":\"\",\"docName\":\"\",\"editTime\":\"2025-11-10T14:56:32.823\",\"errorDescription\":\"\",\"fileName\":\"British-Food-Culture.doc\",\"folder\":\"C:\\\\Users\\\\XiaoXinPro 16 IAH\\\\Desktop\\\\LRIA_llm_eval\\\\eval\\\\Quantum_e2e_v20251106\\\\Bvt1110\\\\bvtfiles\",\"id\":1987776371925061632,\"isDeleted\":0,\"isTmpFile\":false,\"labelNameList\":[],\"lastModifyTime\":\"2025-09-17T09:45:00\",\"md5\":\"435798f1c3377c7f5b71e18d733ca579\",\"path\":\"C:\\\\Users\\\\XiaoXinPro 16 IAH\\\\Desktop\\\\LRIA_llm_eval\\\\eval\\\\Quantum_e2e_v20251106\\\\Bvt1110\\\\bvtfiles\\\\British-Food-Culture.doc\",\"priority\":8,\"score\":0.0,\"status\":\"ADDED\",\"tokenNum\":0,\"uriPath\":\"\"},{\"createTime\":\"2025-11-10T14:56:32.847\",\"description\":\"\",\"docName\":\"\",\"editTime\":\"2025-11-10T14:56:32.847\",\"errorDescription\":\"\",\"fileName\":\"Netflix Becomes a Broadway Producer With Peter Morgan’s Patriots.txt\",\"folder\":\"C:\\\\Users\\\\XiaoXinPro 16 IAH\\\\Desktop\\\\LRIA_llm_eval\\\\eval\\\\Quantum_e2e_v20251106\\\\Bvt1110\\\\bvtfiles\",\"id\":1987776372025724928,\"isDeleted\":0,\"isTmpFile\":false,\"labelNameList\":[],\"lastModifyTime\":\"2025-09-17T09:46:00\",\"md5\":\"ab84c46eaa62a18048fb0241446da4ca\",\"path\":\"C:\\\\Users\\\\XiaoXinPro 16 IAH\\\\Desktop\\\\LRIA_llm_eval\\\\eval\\\\Quantum_e2e_v20251106\\\\Bvt1110\\\\bvtfiles\\\\Netflix Becomes a Broadway Producer With Peter Morgan’s Patriots.txt\",\"priority\":9,\"score\":0.0,\"status\":\"ADDED\",\"tokenNum\":0,\"uriPath\":\"\"}]"}}
2025-11-10 14:57:11,650 - [Quantum_e2e_20251110.py:340] - [get_register_document] - INFO - 文档数量: 9
2025-11-10 14:57:11,651 - [Quantum_e2e_20251110.py:363] - [get_register_document] - INFO - 文档总数: 9, COMPLETED状态的文档数量: 0
2025-11-10 14:57:11,651 - [Quantum_e2e_20251110.py:395] - [get_register_document] - INFO - 仍有文档在处理中
2025-11-10 14:57:11,651 - [Quantum_e2e_20251110.py:1154] - [process_document_registration_only] - INFO - 文档仍在处理中，等待2秒后重试...
2025-11-10 14:57:13,653 - [Quantum_e2e_20251110.py:1145] - [process_document_registration_only] - INFO - 第19次检查文档处理状态...
2025-11-10 14:57:13,654 - [Quantum_e2e_20251110.py:289] - [get_register_document] - INFO - 检查文档注册状态...
2025-11-10 14:57:13,656 - [connectionpool.py:243] - [_new_conn] - DEBUG - Starting new HTTP connection (1): 127.0.0.1:35253
2025-11-10 14:57:13,660 - [connectionpool.py:546] - [_make_request] - DEBUG - http://127.0.0.1:35253 "POST /upload HTTP/11" 200 20
2025-11-10 14:57:13,661 - [Quantum_e2e_20251110.py:299] - [get_register_document] - INFO - 文档注册已用时间: 41.25秒 (00:41)
2025-11-10 14:57:13,661 - [Quantum_e2e_20251110.py:303] - [get_register_document] - INFO - 成功获取文档列表，upload_id: -8505695048481882533
2025-11-10 14:57:13,663 - [connectionpool.py:243] - [_new_conn] - DEBUG - Starting new HTTP connection (1): 127.0.0.1:35253
2025-11-10 14:57:13,669 - [connectionpool.py:546] - [_make_request] - DEBUG - http://127.0.0.1:35253 "GET /query?fileData=-8505695048481882533 HTTP/11" 200 None
2025-11-10 14:57:13,766 - [Quantum_e2e_20251110.py:583] - [get_response_content_detailed] - INFO - 响应时间: 0.01秒
2025-11-10 14:57:13,767 - [Quantum_e2e_20251110.py:310] - [get_register_document] - INFO - 获取到的result_text: {"jobId":21,"status":"complete","data":{"text":"[{\"createTime\":\"2025-11-10T14:56:32.563\",\"description\":\"\",\"docName\":\"\",\"editTime\":\"2025-11-10T14:57:09.178\",\"fileName\":\"2403.19401.pdf\",\"folder\":\"C:\\\\Users\\\\XiaoXinPro 16 IAH\\\\Desktop\\\\LRIA_llm_eval\\\\eval\\\\Quantum_e2e_v20251106\\\\Bvt1110\\\\bvtfiles\",\"id\":1987776370834542592,\"isDeleted\":0,\"isTmpFile\":false,\"labelNameList\":[],\"lastModifyTime\":\"2025-09-17T09:45:00\",\"md5\":\"4ff6ba88616fcf7a71d1dca6c9adc14c\",\"path\":\"C:\\\\Users\\\\XiaoXinPro 16 IAH\\\\Desktop\\\\LRIA_llm_eval\\\\eval\\\\Quantum_e2e_v20251106\\\\Bvt1110\\\\bvtfiles\\\\2403.19401.pdf\",\"priority\":1,\"score\":0.0,\"status\":\"RUNNING\",\"tokenNum\":0,\"uriPath\":\"\"},{\"createTime\":\"2025-11-10T14:56:32.609\",\"description\":\"\",\"docName\":\"\",\"editTime\":\"2025-11-10T14:56:32.609\",\"errorDescription\":\"\",\"fileName\":\"3nql1cs15r8aviz39pth2bpsr4zvy1.txt\",\"folder\":\"C:\\\\Users\\\\XiaoXinPro 16 IAH\\\\Desktop\\\\LRIA_llm_eval\\\\eval\\\\Quantum_e2e_v20251106\\\\Bvt1110\\\\bvtfiles\",\"id\":1987776371027480576,\"isDeleted\":0,\"isTmpFile\":false,\"labelNameList\":[],\"lastModifyTime\":\"2025-09-17T09:45:00\",\"md5\":\"da0c0f7162b267cca0de596df4c40c56\",\"path\":\"C:\\\\Users\\\\XiaoXinPro 16 IAH\\\\Desktop\\\\LRIA_llm_eval\\\\eval\\\\Quantum_e2e_v20251106\\\\Bvt1110\\\\bvtfiles\\\\3nql1cs15r8aviz39pth2bpsr4zvy1.txt\",\"priority\":2,\"score\":0.0,\"status\":\"ADDED\",\"tokenNum\":0,\"uriPath\":\"\"},{\"createTime\":\"2025-11-10T14:56:32.639\",\"description\":\"\",\"docName\":\"\",\"editTime\":\"2025-11-10T14:56:32.639\",\"errorDescription\":\"\",\"fileName\":\"3u84xhcdicdb6vqtlfud7syhj444z2.txt\",\"folder\":\"C:\\\\Users\\\\XiaoXinPro 16 IAH\\\\Desktop\\\\LRIA_llm_eval\\\\eval\\\\Quantum_e2e_v20251106\\\\Bvt1110\\\\bvtfiles\",\"id\":1987776371153309696,\"isDeleted\":0,\"isTmpFile\":false,\"labelNameList\":[],\"lastModifyTime\":\"2025-09-17T09:45:00\",\"md5\":\"a80f0ad4af9fd250a462680c85e6fbf0\",\"path\":\"C:\\\\Users\\\\XiaoXinPro 16 IAH\\\\Desktop\\\\LRIA_llm_eval\\\\eval\\\\Quantum_e2e_v20251106\\\\Bvt1110\\\\bvtfiles\\\\3u84xhcdicdb6vqtlfud7syhj444z2.txt\",\"priority\":3,\"score\":0.0,\"status\":\"ADDED\",\"tokenNum\":0,\"uriPath\":\"\"},{\"createTime\":\"2025-11-10T14:56:32.666\",\"description\":\"\",\"docName\":\"\",\"editTime\":\"2025-11-10T14:56:32.666\",\"errorDescription\":\"\",\"fileName\":\"3z3zlgnnsiuha76yy56h6uu71bh3q1.txt\",\"folder\":\"C:\\\\Users\\\\XiaoXinPro 16 IAH\\\\Desktop\\\\LRIA_llm_eval\\\\eval\\\\Quantum_e2e_v20251106\\\\Bvt1110\\\\bvtfiles\",\"id\":1987776371266555904,\"isDeleted\":0,\"isTmpFile\":false,\"labelNameList\":[],\"lastModifyTime\":\"2025-09-17T09:45:00\",\"md5\":\"bb28043dd606535bdcaf1ee30346b0f9\",\"path\":\"C:\\\\Users\\\\XiaoXinPro 16 IAH\\\\Desktop\\\\LRIA_llm_eval\\\\eval\\\\Quantum_e2e_v20251106\\\\Bvt1110\\\\bvtfiles\\\\3z3zlgnnsiuha76yy56h6uu71bh3q1.txt\",\"priority\":4,\"score\":0.0,\"status\":\"ADDED\",\"tokenNum\":0,\"uriPath\":\"\"},{\"createTime\":\"2025-11-10T14:56:32.695\",\"description\":\"\",\"docName\":\"\",\"editTime\":\"2025-11-10T14:56:32.695\",\"errorDescription\":\"\",\"fileName\":\"AI_Face_Test_Set_Collection_Method_Design.pptx\",\"folder\":\"C:\\\\Users\\\\XiaoXinPro 16 IAH\\\\Desktop\\\\LRIA_llm_eval\\\\eval\\\\Quantum_e2e_v20251106\\\\Bvt1110\\\\bvtfiles\",\"id\":1987776371388190720,\"isDeleted\":0,\"isTmpFile\":false,\"labelNameList\":[],\"lastModifyTime\":\"2025-09-17T09:46:00\",\"md5\":\"b0f396e7936e0f6192cd880927e8e74b\",\"path\":\"C:\\\\Users\\\\XiaoXinPro 16 IAH\\\\Desktop\\\\LRIA_llm_eval\\\\eval\\\\Quantum_e2e_v20251106\\\\Bvt1110\\\\bvtfiles\\\\AI_Face_Test_Set_Collection_Method_Design.pptx\",\"priority\":5,\"score\":0.0,\"status\":\"ADDED\",\"tokenNum\":0,\"uriPath\":\"\"},{\"createTime\":\"2025-11-10T14:56:32.726\",\"description\":\"\",\"docName\":\"\",\"editTime\":\"2025-11-10T14:56:32.726\",\"errorDescription\":\"\",\"fileName\":\"A_brief_introduction_of_LP_liutao21_20220615.pptx\",\"folder\":\"C:\\\\Users\\\\XiaoXinPro 16 IAH\\\\Desktop\\\\LRIA_llm_eval\\\\eval\\\\Quantum_e2e_v20251106\\\\Bvt1110\\\\bvtfiles\",\"id\":1987776371518214144,\"isDeleted\":0,\"isTmpFile\":false,\"labelNameList\":[],\"lastModifyTime\":\"2025-09-17T09:46:00\",\"md5\":\"0dbb2532524843af54fb3388b7bf3381\",\"path\":\"C:\\\\Users\\\\XiaoXinPro 16 IAH\\\\Desktop\\\\LRIA_llm_eval\\\\eval\\\\Quantum_e2e_v20251106\\\\Bvt1110\\\\bvtfiles\\\\A_brief_introduction_of_LP_liutao21_20220615.pptx\",\"priority\":6,\"score\":0.0,\"status\":\"ADDED\",\"tokenNum\":0,\"uriPath\":\"\"},{\"createTime\":\"2025-11-10T14:56:32.800\",\"description\":\"\",\"docName\":\"\",\"editTime\":\"2025-11-10T14:56:32.800\",\"errorDescription\":\"\",\"fileName\":\"Belfast-English.docx\",\"folder\":\"C:\\\\Users\\\\XiaoXinPro 16 IAH\\\\Desktop\\\\LRIA_llm_eval\\\\eval\\\\Quantum_e2e_v20251106\\\\Bvt1110\\\\bvtfiles\",\"id\":1987776371828592640,\"isDeleted\":0,\"isTmpFile\":false,\"labelNameList\":[],\"lastModifyTime\":\"2025-09-17T09:45:00\",\"md5\":\"3193e699ffa92db332ae31a9fb1d3cb4\",\"path\":\"C:\\\\Users\\\\XiaoXinPro 16 IAH\\\\Desktop\\\\LRIA_llm_eval\\\\eval\\\\Quantum_e2e_v20251106\\\\Bvt1110\\\\bvtfiles\\\\Belfast-English.docx\",\"priority\":7,\"score\":0.0,\"status\":\"ADDED\",\"tokenNum\":0,\"uriPath\":\"\"},{\"createTime\":\"2025-11-10T14:56:32.823\",\"description\":\"\",\"docName\":\"\",\"editTime\":\"2025-11-10T14:56:32.823\",\"errorDescription\":\"\",\"fileName\":\"British-Food-Culture.doc\",\"folder\":\"C:\\\\Users\\\\XiaoXinPro 16 IAH\\\\Desktop\\\\LRIA_llm_eval\\\\eval\\\\Quantum_e2e_v20251106\\\\Bvt1110\\\\bvtfiles\",\"id\":1987776371925061632,\"isDeleted\":0,\"isTmpFile\":false,\"labelNameList\":[],\"lastModifyTime\":\"2025-09-17T09:45:00\",\"md5\":\"435798f1c3377c7f5b71e18d733ca579\",\"path\":\"C:\\\\Users\\\\XiaoXinPro 16 IAH\\\\Desktop\\\\LRIA_llm_eval\\\\eval\\\\Quantum_e2e_v20251106\\\\Bvt1110\\\\bvtfiles\\\\British-Food-Culture.doc\",\"priority\":8,\"score\":0.0,\"status\":\"ADDED\",\"tokenNum\":0,\"uriPath\":\"\"},{\"createTime\":\"2025-11-10T14:56:32.847\",\"description\":\"\",\"docName\":\"\",\"editTime\":\"2025-11-10T14:56:32.847\",\"errorDescription\":\"\",\"fileName\":\"Netflix Becomes a Broadway Producer With Peter Morgan’s Patriots.txt\",\"folder\":\"C:\\\\Users\\\\XiaoXinPro 16 IAH\\\\Desktop\\\\LRIA_llm_eval\\\\eval\\\\Quantum_e2e_v20251106\\\\Bvt1110\\\\bvtfiles\",\"id\":1987776372025724928,\"isDeleted\":0,\"isTmpFile\":false,\"labelNameList\":[],\"lastModifyTime\":\"2025-09-17T09:46:00\",\"md5\":\"ab84c46eaa62a18048fb0241446da4ca\",\"path\":\"C:\\\\Users\\\\XiaoXinPro 16 IAH\\\\Desktop\\\\LRIA_llm_eval\\\\eval\\\\Quantum_e2e_v20251106\\\\Bvt1110\\\\bvtfiles\\\\Netflix Becomes a Broadway Producer With Peter Morgan’s Patriots.txt\",\"priority\":9,\"score\":0.0,\"status\":\"ADDED\",\"tokenNum\":0,\"uriPath\":\"\"}]"}}
2025-11-10 14:57:13,767 - [Quantum_e2e_20251110.py:340] - [get_register_document] - INFO - 文档数量: 9
2025-11-10 14:57:13,768 - [Quantum_e2e_20251110.py:363] - [get_register_document] - INFO - 文档总数: 9, COMPLETED状态的文档数量: 0
2025-11-10 14:57:13,768 - [Quantum_e2e_20251110.py:395] - [get_register_document] - INFO - 仍有文档在处理中
2025-11-10 14:57:13,768 - [Quantum_e2e_20251110.py:1154] - [process_document_registration_only] - INFO - 文档仍在处理中，等待2秒后重试...
2025-11-10 14:57:15,783 - [Quantum_e2e_20251110.py:1145] - [process_document_registration_only] - INFO - 第20次检查文档处理状态...
2025-11-10 14:57:15,783 - [Quantum_e2e_20251110.py:289] - [get_register_document] - INFO - 检查文档注册状态...
2025-11-10 14:57:15,785 - [connectionpool.py:243] - [_new_conn] - DEBUG - Starting new HTTP connection (1): 127.0.0.1:35253
2025-11-10 14:57:15,788 - [connectionpool.py:546] - [_make_request] - DEBUG - http://127.0.0.1:35253 "POST /upload HTTP/11" 200 19
2025-11-10 14:57:15,789 - [Quantum_e2e_20251110.py:299] - [get_register_document] - INFO - 文档注册已用时间: 43.38秒 (00:43)
2025-11-10 14:57:15,789 - [Quantum_e2e_20251110.py:303] - [get_register_document] - INFO - 成功获取文档列表，upload_id: 7857524655385397708
2025-11-10 14:57:15,791 - [connectionpool.py:243] - [_new_conn] - DEBUG - Starting new HTTP connection (1): 127.0.0.1:35253
2025-11-10 14:57:15,799 - [connectionpool.py:546] - [_make_request] - DEBUG - http://127.0.0.1:35253 "GET /query?fileData=7857524655385397708 HTTP/11" 200 None
2025-11-10 14:57:15,964 - [Quantum_e2e_20251110.py:583] - [get_response_content_detailed] - INFO - 响应时间: 0.01秒
2025-11-10 14:57:15,967 - [Quantum_e2e_20251110.py:310] - [get_register_document] - INFO - 获取到的result_text: {"jobId":22,"status":"complete","data":{"text":"[{\"createTime\":\"2025-11-10T14:56:32.563\",\"description\":\"\",\"docName\":\"\",\"editTime\":\"2025-11-10T14:57:09.178\",\"fileName\":\"2403.19401.pdf\",\"folder\":\"C:\\\\Users\\\\XiaoXinPro 16 IAH\\\\Desktop\\\\LRIA_llm_eval\\\\eval\\\\Quantum_e2e_v20251106\\\\Bvt1110\\\\bvtfiles\",\"id\":1987776370834542592,\"isDeleted\":0,\"isTmpFile\":false,\"labelNameList\":[],\"lastModifyTime\":\"2025-09-17T09:45:00\",\"md5\":\"4ff6ba88616fcf7a71d1dca6c9adc14c\",\"path\":\"C:\\\\Users\\\\XiaoXinPro 16 IAH\\\\Desktop\\\\LRIA_llm_eval\\\\eval\\\\Quantum_e2e_v20251106\\\\Bvt1110\\\\bvtfiles\\\\2403.19401.pdf\",\"priority\":1,\"score\":0.0,\"status\":\"RUNNING\",\"tokenNum\":0,\"uriPath\":\"\"},{\"createTime\":\"2025-11-10T14:56:32.609\",\"description\":\"\",\"docName\":\"\",\"editTime\":\"2025-11-10T14:56:32.609\",\"errorDescription\":\"\",\"fileName\":\"3nql1cs15r8aviz39pth2bpsr4zvy1.txt\",\"folder\":\"C:\\\\Users\\\\XiaoXinPro 16 IAH\\\\Desktop\\\\LRIA_llm_eval\\\\eval\\\\Quantum_e2e_v20251106\\\\Bvt1110\\\\bvtfiles\",\"id\":1987776371027480576,\"isDeleted\":0,\"isTmpFile\":false,\"labelNameList\":[],\"lastModifyTime\":\"2025-09-17T09:45:00\",\"md5\":\"da0c0f7162b267cca0de596df4c40c56\",\"path\":\"C:\\\\Users\\\\XiaoXinPro 16 IAH\\\\Desktop\\\\LRIA_llm_eval\\\\eval\\\\Quantum_e2e_v20251106\\\\Bvt1110\\\\bvtfiles\\\\3nql1cs15r8aviz39pth2bpsr4zvy1.txt\",\"priority\":2,\"score\":0.0,\"status\":\"ADDED\",\"tokenNum\":0,\"uriPath\":\"\"},{\"createTime\":\"2025-11-10T14:56:32.639\",\"description\":\"\",\"docName\":\"\",\"editTime\":\"2025-11-10T14:56:32.639\",\"errorDescription\":\"\",\"fileName\":\"3u84xhcdicdb6vqtlfud7syhj444z2.txt\",\"folder\":\"C:\\\\Users\\\\XiaoXinPro 16 IAH\\\\Desktop\\\\LRIA_llm_eval\\\\eval\\\\Quantum_e2e_v20251106\\\\Bvt1110\\\\bvtfiles\",\"id\":1987776371153309696,\"isDeleted\":0,\"isTmpFile\":false,\"labelNameList\":[],\"lastModifyTime\":\"2025-09-17T09:45:00\",\"md5\":\"a80f0ad4af9fd250a462680c85e6fbf0\",\"path\":\"C:\\\\Users\\\\XiaoXinPro 16 IAH\\\\Desktop\\\\LRIA_llm_eval\\\\eval\\\\Quantum_e2e_v20251106\\\\Bvt1110\\\\bvtfiles\\\\3u84xhcdicdb6vqtlfud7syhj444z2.txt\",\"priority\":3,\"score\":0.0,\"status\":\"ADDED\",\"tokenNum\":0,\"uriPath\":\"\"},{\"createTime\":\"2025-11-10T14:56:32.666\",\"description\":\"\",\"docName\":\"\",\"editTime\":\"2025-11-10T14:56:32.666\",\"errorDescription\":\"\",\"fileName\":\"3z3zlgnnsiuha76yy56h6uu71bh3q1.txt\",\"folder\":\"C:\\\\Users\\\\XiaoXinPro 16 IAH\\\\Desktop\\\\LRIA_llm_eval\\\\eval\\\\Quantum_e2e_v20251106\\\\Bvt1110\\\\bvtfiles\",\"id\":1987776371266555904,\"isDeleted\":0,\"isTmpFile\":false,\"labelNameList\":[],\"lastModifyTime\":\"2025-09-17T09:45:00\",\"md5\":\"bb28043dd606535bdcaf1ee30346b0f9\",\"path\":\"C:\\\\Users\\\\XiaoXinPro 16 IAH\\\\Desktop\\\\LRIA_llm_eval\\\\eval\\\\Quantum_e2e_v20251106\\\\Bvt1110\\\\bvtfiles\\\\3z3zlgnnsiuha76yy56h6uu71bh3q1.txt\",\"priority\":4,\"score\":0.0,\"status\":\"ADDED\",\"tokenNum\":0,\"uriPath\":\"\"},{\"createTime\":\"2025-11-10T14:56:32.695\",\"description\":\"\",\"docName\":\"\",\"editTime\":\"2025-11-10T14:56:32.695\",\"errorDescription\":\"\",\"fileName\":\"AI_Face_Test_Set_Collection_Method_Design.pptx\",\"folder\":\"C:\\\\Users\\\\XiaoXinPro 16 IAH\\\\Desktop\\\\LRIA_llm_eval\\\\eval\\\\Quantum_e2e_v20251106\\\\Bvt1110\\\\bvtfiles\",\"id\":1987776371388190720,\"isDeleted\":0,\"isTmpFile\":false,\"labelNameList\":[],\"lastModifyTime\":\"2025-09-17T09:46:00\",\"md5\":\"b0f396e7936e0f6192cd880927e8e74b\",\"path\":\"C:\\\\Users\\\\XiaoXinPro 16 IAH\\\\Desktop\\\\LRIA_llm_eval\\\\eval\\\\Quantum_e2e_v20251106\\\\Bvt1110\\\\bvtfiles\\\\AI_Face_Test_Set_Collection_Method_Design.pptx\",\"priority\":5,\"score\":0.0,\"status\":\"ADDED\",\"tokenNum\":0,\"uriPath\":\"\"},{\"createTime\":\"2025-11-10T14:56:32.726\",\"description\":\"\",\"docName\":\"\",\"editTime\":\"2025-11-10T14:56:32.726\",\"errorDescription\":\"\",\"fileName\":\"A_brief_introduction_of_LP_liutao21_20220615.pptx\",\"folder\":\"C:\\\\Users\\\\XiaoXinPro 16 IAH\\\\Desktop\\\\LRIA_llm_eval\\\\eval\\\\Quantum_e2e_v20251106\\\\Bvt1110\\\\bvtfiles\",\"id\":1987776371518214144,\"isDeleted\":0,\"isTmpFile\":false,\"labelNameList\":[],\"lastModifyTime\":\"2025-09-17T09:46:00\",\"md5\":\"0dbb2532524843af54fb3388b7bf3381\",\"path\":\"C:\\\\Users\\\\XiaoXinPro 16 IAH\\\\Desktop\\\\LRIA_llm_eval\\\\eval\\\\Quantum_e2e_v20251106\\\\Bvt1110\\\\bvtfiles\\\\A_brief_introduction_of_LP_liutao21_20220615.pptx\",\"priority\":6,\"score\":0.0,\"status\":\"ADDED\",\"tokenNum\":0,\"uriPath\":\"\"},{\"createTime\":\"2025-11-10T14:56:32.800\",\"description\":\"\",\"docName\":\"\",\"editTime\":\"2025-11-10T14:56:32.800\",\"errorDescription\":\"\",\"fileName\":\"Belfast-English.docx\",\"folder\":\"C:\\\\Users\\\\XiaoXinPro 16 IAH\\\\Desktop\\\\LRIA_llm_eval\\\\eval\\\\Quantum_e2e_v20251106\\\\Bvt1110\\\\bvtfiles\",\"id\":1987776371828592640,\"isDeleted\":0,\"isTmpFile\":false,\"labelNameList\":[],\"lastModifyTime\":\"2025-09-17T09:45:00\",\"md5\":\"3193e699ffa92db332ae31a9fb1d3cb4\",\"path\":\"C:\\\\Users\\\\XiaoXinPro 16 IAH\\\\Desktop\\\\LRIA_llm_eval\\\\eval\\\\Quantum_e2e_v20251106\\\\Bvt1110\\\\bvtfiles\\\\Belfast-English.docx\",\"priority\":7,\"score\":0.0,\"status\":\"ADDED\",\"tokenNum\":0,\"uriPath\":\"\"},{\"createTime\":\"2025-11-10T14:56:32.823\",\"description\":\"\",\"docName\":\"\",\"editTime\":\"2025-11-10T14:56:32.823\",\"errorDescription\":\"\",\"fileName\":\"British-Food-Culture.doc\",\"folder\":\"C:\\\\Users\\\\XiaoXinPro 16 IAH\\\\Desktop\\\\LRIA_llm_eval\\\\eval\\\\Quantum_e2e_v20251106\\\\Bvt1110\\\\bvtfiles\",\"id\":1987776371925061632,\"isDeleted\":0,\"isTmpFile\":false,\"labelNameList\":[],\"lastModifyTime\":\"2025-09-17T09:45:00\",\"md5\":\"435798f1c3377c7f5b71e18d733ca579\",\"path\":\"C:\\\\Users\\\\XiaoXinPro 16 IAH\\\\Desktop\\\\LRIA_llm_eval\\\\eval\\\\Quantum_e2e_v20251106\\\\Bvt1110\\\\bvtfiles\\\\British-Food-Culture.doc\",\"priority\":8,\"score\":0.0,\"status\":\"ADDED\",\"tokenNum\":0,\"uriPath\":\"\"},{\"createTime\":\"2025-11-10T14:56:32.847\",\"description\":\"\",\"docName\":\"\",\"editTime\":\"2025-11-10T14:56:32.847\",\"errorDescription\":\"\",\"fileName\":\"Netflix Becomes a Broadway Producer With Peter Morgan’s Patriots.txt\",\"folder\":\"C:\\\\Users\\\\XiaoXinPro 16 IAH\\\\Desktop\\\\LRIA_llm_eval\\\\eval\\\\Quantum_e2e_v20251106\\\\Bvt1110\\\\bvtfiles\",\"id\":1987776372025724928,\"isDeleted\":0,\"isTmpFile\":false,\"labelNameList\":[],\"lastModifyTime\":\"2025-09-17T09:46:00\",\"md5\":\"ab84c46eaa62a18048fb0241446da4ca\",\"path\":\"C:\\\\Users\\\\XiaoXinPro 16 IAH\\\\Desktop\\\\LRIA_llm_eval\\\\eval\\\\Quantum_e2e_v20251106\\\\Bvt1110\\\\bvtfiles\\\\Netflix Becomes a Broadway Producer With Peter Morgan’s Patriots.txt\",\"priority\":9,\"score\":0.0,\"status\":\"ADDED\",\"tokenNum\":0,\"uriPath\":\"\"}]"}}
2025-11-10 14:57:15,970 - [Quantum_e2e_20251110.py:340] - [get_register_document] - INFO - 文档数量: 9
2025-11-10 14:57:15,980 - [Quantum_e2e_20251110.py:363] - [get_register_document] - INFO - 文档总数: 9, COMPLETED状态的文档数量: 0
2025-11-10 14:57:15,985 - [Quantum_e2e_20251110.py:395] - [get_register_document] - INFO - 仍有文档在处理中
2025-11-10 14:57:15,986 - [Quantum_e2e_20251110.py:1154] - [process_document_registration_only] - INFO - 文档仍在处理中，等待2秒后重试...
2025-11-10 14:57:18,000 - [Quantum_e2e_20251110.py:1145] - [process_document_registration_only] - INFO - 第21次检查文档处理状态...
2025-11-10 14:57:18,000 - [Quantum_e2e_20251110.py:289] - [get_register_document] - INFO - 检查文档注册状态...
2025-11-10 14:57:18,002 - [connectionpool.py:243] - [_new_conn] - DEBUG - Starting new HTTP connection (1): 127.0.0.1:35253
2025-11-10 14:57:18,006 - [connectionpool.py:546] - [_make_request] - DEBUG - http://127.0.0.1:35253 "POST /upload HTTP/11" 200 20
2025-11-10 14:57:18,020 - [Quantum_e2e_20251110.py:299] - [get_register_document] - INFO - 文档注册已用时间: 45.61秒 (00:45)
2025-11-10 14:57:18,020 - [Quantum_e2e_20251110.py:303] - [get_register_document] - INFO - 成功获取文档列表，upload_id: -1696118970781369893
2025-11-10 14:57:18,022 - [connectionpool.py:243] - [_new_conn] - DEBUG - Starting new HTTP connection (1): 127.0.0.1:35253
2025-11-10 14:57:18,029 - [connectionpool.py:546] - [_make_request] - DEBUG - http://127.0.0.1:35253 "GET /query?fileData=-1696118970781369893 HTTP/11" 200 None
2025-11-10 14:57:18,167 - [Quantum_e2e_20251110.py:583] - [get_response_content_detailed] - INFO - 响应时间: 0.01秒
2025-11-10 14:57:18,168 - [Quantum_e2e_20251110.py:310] - [get_register_document] - INFO - 获取到的result_text: {"jobId":23,"status":"complete","data":{"text":"[{\"createTime\":\"2025-11-10T14:56:32.563\",\"description\":\"\",\"docName\":\"\",\"editTime\":\"2025-11-10T14:57:09.178\",\"fileName\":\"2403.19401.pdf\",\"folder\":\"C:\\\\Users\\\\XiaoXinPro 16 IAH\\\\Desktop\\\\LRIA_llm_eval\\\\eval\\\\Quantum_e2e_v20251106\\\\Bvt1110\\\\bvtfiles\",\"id\":1987776370834542592,\"isDeleted\":0,\"isTmpFile\":false,\"labelNameList\":[],\"lastModifyTime\":\"2025-09-17T09:45:00\",\"md5\":\"4ff6ba88616fcf7a71d1dca6c9adc14c\",\"path\":\"C:\\\\Users\\\\XiaoXinPro 16 IAH\\\\Desktop\\\\LRIA_llm_eval\\\\eval\\\\Quantum_e2e_v20251106\\\\Bvt1110\\\\bvtfiles\\\\2403.19401.pdf\",\"priority\":1,\"score\":0.0,\"status\":\"RUNNING\",\"tokenNum\":0,\"uriPath\":\"\"},{\"createTime\":\"2025-11-10T14:56:32.609\",\"description\":\"\",\"docName\":\"\",\"editTime\":\"2025-11-10T14:56:32.609\",\"errorDescription\":\"\",\"fileName\":\"3nql1cs15r8aviz39pth2bpsr4zvy1.txt\",\"folder\":\"C:\\\\Users\\\\XiaoXinPro 16 IAH\\\\Desktop\\\\LRIA_llm_eval\\\\eval\\\\Quantum_e2e_v20251106\\\\Bvt1110\\\\bvtfiles\",\"id\":1987776371027480576,\"isDeleted\":0,\"isTmpFile\":false,\"labelNameList\":[],\"lastModifyTime\":\"2025-09-17T09:45:00\",\"md5\":\"da0c0f7162b267cca0de596df4c40c56\",\"path\":\"C:\\\\Users\\\\XiaoXinPro 16 IAH\\\\Desktop\\\\LRIA_llm_eval\\\\eval\\\\Quantum_e2e_v20251106\\\\Bvt1110\\\\bvtfiles\\\\3nql1cs15r8aviz39pth2bpsr4zvy1.txt\",\"priority\":2,\"score\":0.0,\"status\":\"ADDED\",\"tokenNum\":0,\"uriPath\":\"\"},{\"createTime\":\"2025-11-10T14:56:32.639\",\"description\":\"\",\"docName\":\"\",\"editTime\":\"2025-11-10T14:56:32.639\",\"errorDescription\":\"\",\"fileName\":\"3u84xhcdicdb6vqtlfud7syhj444z2.txt\",\"folder\":\"C:\\\\Users\\\\XiaoXinPro 16 IAH\\\\Desktop\\\\LRIA_llm_eval\\\\eval\\\\Quantum_e2e_v20251106\\\\Bvt1110\\\\bvtfiles\",\"id\":1987776371153309696,\"isDeleted\":0,\"isTmpFile\":false,\"labelNameList\":[],\"lastModifyTime\":\"2025-09-17T09:45:00\",\"md5\":\"a80f0ad4af9fd250a462680c85e6fbf0\",\"path\":\"C:\\\\Users\\\\XiaoXinPro 16 IAH\\\\Desktop\\\\LRIA_llm_eval\\\\eval\\\\Quantum_e2e_v20251106\\\\Bvt1110\\\\bvtfiles\\\\3u84xhcdicdb6vqtlfud7syhj444z2.txt\",\"priority\":3,\"score\":0.0,\"status\":\"ADDED\",\"tokenNum\":0,\"uriPath\":\"\"},{\"createTime\":\"2025-11-10T14:56:32.666\",\"description\":\"\",\"docName\":\"\",\"editTime\":\"2025-11-10T14:56:32.666\",\"errorDescription\":\"\",\"fileName\":\"3z3zlgnnsiuha76yy56h6uu71bh3q1.txt\",\"folder\":\"C:\\\\Users\\\\XiaoXinPro 16 IAH\\\\Desktop\\\\LRIA_llm_eval\\\\eval\\\\Quantum_e2e_v20251106\\\\Bvt1110\\\\bvtfiles\",\"id\":1987776371266555904,\"isDeleted\":0,\"isTmpFile\":false,\"labelNameList\":[],\"lastModifyTime\":\"2025-09-17T09:45:00\",\"md5\":\"bb28043dd606535bdcaf1ee30346b0f9\",\"path\":\"C:\\\\Users\\\\XiaoXinPro 16 IAH\\\\Desktop\\\\LRIA_llm_eval\\\\eval\\\\Quantum_e2e_v20251106\\\\Bvt1110\\\\bvtfiles\\\\3z3zlgnnsiuha76yy56h6uu71bh3q1.txt\",\"priority\":4,\"score\":0.0,\"status\":\"ADDED\",\"tokenNum\":0,\"uriPath\":\"\"},{\"createTime\":\"2025-11-10T14:56:32.695\",\"description\":\"\",\"docName\":\"\",\"editTime\":\"2025-11-10T14:56:32.695\",\"errorDescription\":\"\",\"fileName\":\"AI_Face_Test_Set_Collection_Method_Design.pptx\",\"folder\":\"C:\\\\Users\\\\XiaoXinPro 16 IAH\\\\Desktop\\\\LRIA_llm_eval\\\\eval\\\\Quantum_e2e_v20251106\\\\Bvt1110\\\\bvtfiles\",\"id\":1987776371388190720,\"isDeleted\":0,\"isTmpFile\":false,\"labelNameList\":[],\"lastModifyTime\":\"2025-09-17T09:46:00\",\"md5\":\"b0f396e7936e0f6192cd880927e8e74b\",\"path\":\"C:\\\\Users\\\\XiaoXinPro 16 IAH\\\\Desktop\\\\LRIA_llm_eval\\\\eval\\\\Quantum_e2e_v20251106\\\\Bvt1110\\\\bvtfiles\\\\AI_Face_Test_Set_Collection_Method_Design.pptx\",\"priority\":5,\"score\":0.0,\"status\":\"ADDED\",\"tokenNum\":0,\"uriPath\":\"\"},{\"createTime\":\"2025-11-10T14:56:32.726\",\"description\":\"\",\"docName\":\"\",\"editTime\":\"2025-11-10T14:56:32.726\",\"errorDescription\":\"\",\"fileName\":\"A_brief_introduction_of_LP_liutao21_20220615.pptx\",\"folder\":\"C:\\\\Users\\\\XiaoXinPro 16 IAH\\\\Desktop\\\\LRIA_llm_eval\\\\eval\\\\Quantum_e2e_v20251106\\\\Bvt1110\\\\bvtfiles\",\"id\":1987776371518214144,\"isDeleted\":0,\"isTmpFile\":false,\"labelNameList\":[],\"lastModifyTime\":\"2025-09-17T09:46:00\",\"md5\":\"0dbb2532524843af54fb3388b7bf3381\",\"path\":\"C:\\\\Users\\\\XiaoXinPro 16 IAH\\\\Desktop\\\\LRIA_llm_eval\\\\eval\\\\Quantum_e2e_v20251106\\\\Bvt1110\\\\bvtfiles\\\\A_brief_introduction_of_LP_liutao21_20220615.pptx\",\"priority\":6,\"score\":0.0,\"status\":\"ADDED\",\"tokenNum\":0,\"uriPath\":\"\"},{\"createTime\":\"2025-11-10T14:56:32.800\",\"description\":\"\",\"docName\":\"\",\"editTime\":\"2025-11-10T14:56:32.800\",\"errorDescription\":\"\",\"fileName\":\"Belfast-English.docx\",\"folder\":\"C:\\\\Users\\\\XiaoXinPro 16 IAH\\\\Desktop\\\\LRIA_llm_eval\\\\eval\\\\Quantum_e2e_v20251106\\\\Bvt1110\\\\bvtfiles\",\"id\":1987776371828592640,\"isDeleted\":0,\"isTmpFile\":false,\"labelNameList\":[],\"lastModifyTime\":\"2025-09-17T09:45:00\",\"md5\":\"3193e699ffa92db332ae31a9fb1d3cb4\",\"path\":\"C:\\\\Users\\\\XiaoXinPro 16 IAH\\\\Desktop\\\\LRIA_llm_eval\\\\eval\\\\Quantum_e2e_v20251106\\\\Bvt1110\\\\bvtfiles\\\\Belfast-English.docx\",\"priority\":7,\"score\":0.0,\"status\":\"ADDED\",\"tokenNum\":0,\"uriPath\":\"\"},{\"createTime\":\"2025-11-10T14:56:32.823\",\"description\":\"\",\"docName\":\"\",\"editTime\":\"2025-11-10T14:56:32.823\",\"errorDescription\":\"\",\"fileName\":\"British-Food-Culture.doc\",\"folder\":\"C:\\\\Users\\\\XiaoXinPro 16 IAH\\\\Desktop\\\\LRIA_llm_eval\\\\eval\\\\Quantum_e2e_v20251106\\\\Bvt1110\\\\bvtfiles\",\"id\":1987776371925061632,\"isDeleted\":0,\"isTmpFile\":false,\"labelNameList\":[],\"lastModifyTime\":\"2025-09-17T09:45:00\",\"md5\":\"435798f1c3377c7f5b71e18d733ca579\",\"path\":\"C:\\\\Users\\\\XiaoXinPro 16 IAH\\\\Desktop\\\\LRIA_llm_eval\\\\eval\\\\Quantum_e2e_v20251106\\\\Bvt1110\\\\bvtfiles\\\\British-Food-Culture.doc\",\"priority\":8,\"score\":0.0,\"status\":\"ADDED\",\"tokenNum\":0,\"uriPath\":\"\"},{\"createTime\":\"2025-11-10T14:56:32.847\",\"description\":\"\",\"docName\":\"\",\"editTime\":\"2025-11-10T14:56:32.847\",\"errorDescription\":\"\",\"fileName\":\"Netflix Becomes a Broadway Producer With Peter Morgan’s Patriots.txt\",\"folder\":\"C:\\\\Users\\\\XiaoXinPro 16 IAH\\\\Desktop\\\\LRIA_llm_eval\\\\eval\\\\Quantum_e2e_v20251106\\\\Bvt1110\\\\bvtfiles\",\"id\":1987776372025724928,\"isDeleted\":0,\"isTmpFile\":false,\"labelNameList\":[],\"lastModifyTime\":\"2025-09-17T09:46:00\",\"md5\":\"ab84c46eaa62a18048fb0241446da4ca\",\"path\":\"C:\\\\Users\\\\XiaoXinPro 16 IAH\\\\Desktop\\\\LRIA_llm_eval\\\\eval\\\\Quantum_e2e_v20251106\\\\Bvt1110\\\\bvtfiles\\\\Netflix Becomes a Broadway Producer With Peter Morgan’s Patriots.txt\",\"priority\":9,\"score\":0.0,\"status\":\"ADDED\",\"tokenNum\":0,\"uriPath\":\"\"}]"}}
2025-11-10 14:57:18,169 - [Quantum_e2e_20251110.py:340] - [get_register_document] - INFO - 文档数量: 9
2025-11-10 14:57:18,169 - [Quantum_e2e_20251110.py:363] - [get_register_document] - INFO - 文档总数: 9, COMPLETED状态的文档数量: 0
2025-11-10 14:57:18,169 - [Quantum_e2e_20251110.py:395] - [get_register_document] - INFO - 仍有文档在处理中
2025-11-10 14:57:18,170 - [Quantum_e2e_20251110.py:1154] - [process_document_registration_only] - INFO - 文档仍在处理中，等待2秒后重试...
2025-11-10 14:57:20,173 - [Quantum_e2e_20251110.py:1145] - [process_document_registration_only] - INFO - 第22次检查文档处理状态...
2025-11-10 14:57:20,173 - [Quantum_e2e_20251110.py:289] - [get_register_document] - INFO - 检查文档注册状态...
2025-11-10 14:57:20,175 - [connectionpool.py:243] - [_new_conn] - DEBUG - Starting new HTTP connection (1): 127.0.0.1:35253
2025-11-10 14:57:20,179 - [connectionpool.py:546] - [_make_request] - DEBUG - http://127.0.0.1:35253 "POST /upload HTTP/11" 200 19
2025-11-10 14:57:20,180 - [Quantum_e2e_20251110.py:299] - [get_register_document] - INFO - 文档注册已用时间: 47.77秒 (00:47)
2025-11-10 14:57:20,180 - [Quantum_e2e_20251110.py:303] - [get_register_document] - INFO - 成功获取文档列表，upload_id: 6875970975750768890
2025-11-10 14:57:20,181 - [connectionpool.py:243] - [_new_conn] - DEBUG - Starting new HTTP connection (1): 127.0.0.1:35253
2025-11-10 14:57:20,189 - [connectionpool.py:546] - [_make_request] - DEBUG - http://127.0.0.1:35253 "GET /query?fileData=6875970975750768890 HTTP/11" 200 None
2025-11-10 14:57:20,348 - [Quantum_e2e_20251110.py:583] - [get_response_content_detailed] - INFO - 响应时间: 0.01秒
2025-11-10 14:57:20,349 - [Quantum_e2e_20251110.py:310] - [get_register_document] - INFO - 获取到的result_text: {"jobId":24,"status":"complete","data":{"text":"[{\"createTime\":\"2025-11-10T14:56:32.563\",\"description\":\"\",\"docName\":\"\",\"editTime\":\"2025-11-10T14:57:09.178\",\"fileName\":\"2403.19401.pdf\",\"folder\":\"C:\\\\Users\\\\XiaoXinPro 16 IAH\\\\Desktop\\\\LRIA_llm_eval\\\\eval\\\\Quantum_e2e_v20251106\\\\Bvt1110\\\\bvtfiles\",\"id\":1987776370834542592,\"isDeleted\":0,\"isTmpFile\":false,\"labelNameList\":[],\"lastModifyTime\":\"2025-09-17T09:45:00\",\"md5\":\"4ff6ba88616fcf7a71d1dca6c9adc14c\",\"path\":\"C:\\\\Users\\\\XiaoXinPro 16 IAH\\\\Desktop\\\\LRIA_llm_eval\\\\eval\\\\Quantum_e2e_v20251106\\\\Bvt1110\\\\bvtfiles\\\\2403.19401.pdf\",\"priority\":1,\"score\":0.0,\"status\":\"RUNNING\",\"tokenNum\":0,\"uriPath\":\"\"},{\"createTime\":\"2025-11-10T14:56:32.609\",\"description\":\"\",\"docName\":\"\",\"editTime\":\"2025-11-10T14:56:32.609\",\"errorDescription\":\"\",\"fileName\":\"3nql1cs15r8aviz39pth2bpsr4zvy1.txt\",\"folder\":\"C:\\\\Users\\\\XiaoXinPro 16 IAH\\\\Desktop\\\\LRIA_llm_eval\\\\eval\\\\Quantum_e2e_v20251106\\\\Bvt1110\\\\bvtfiles\",\"id\":1987776371027480576,\"isDeleted\":0,\"isTmpFile\":false,\"labelNameList\":[],\"lastModifyTime\":\"2025-09-17T09:45:00\",\"md5\":\"da0c0f7162b267cca0de596df4c40c56\",\"path\":\"C:\\\\Users\\\\XiaoXinPro 16 IAH\\\\Desktop\\\\LRIA_llm_eval\\\\eval\\\\Quantum_e2e_v20251106\\\\Bvt1110\\\\bvtfiles\\\\3nql1cs15r8aviz39pth2bpsr4zvy1.txt\",\"priority\":2,\"score\":0.0,\"status\":\"ADDED\",\"tokenNum\":0,\"uriPath\":\"\"},{\"createTime\":\"2025-11-10T14:56:32.639\",\"description\":\"\",\"docName\":\"\",\"editTime\":\"2025-11-10T14:56:32.639\",\"errorDescription\":\"\",\"fileName\":\"3u84xhcdicdb6vqtlfud7syhj444z2.txt\",\"folder\":\"C:\\\\Users\\\\XiaoXinPro 16 IAH\\\\Desktop\\\\LRIA_llm_eval\\\\eval\\\\Quantum_e2e_v20251106\\\\Bvt1110\\\\bvtfiles\",\"id\":1987776371153309696,\"isDeleted\":0,\"isTmpFile\":false,\"labelNameList\":[],\"lastModifyTime\":\"2025-09-17T09:45:00\",\"md5\":\"a80f0ad4af9fd250a462680c85e6fbf0\",\"path\":\"C:\\\\Users\\\\XiaoXinPro 16 IAH\\\\Desktop\\\\LRIA_llm_eval\\\\eval\\\\Quantum_e2e_v20251106\\\\Bvt1110\\\\bvtfiles\\\\3u84xhcdicdb6vqtlfud7syhj444z2.txt\",\"priority\":3,\"score\":0.0,\"status\":\"ADDED\",\"tokenNum\":0,\"uriPath\":\"\"},{\"createTime\":\"2025-11-10T14:56:32.666\",\"description\":\"\",\"docName\":\"\",\"editTime\":\"2025-11-10T14:56:32.666\",\"errorDescription\":\"\",\"fileName\":\"3z3zlgnnsiuha76yy56h6uu71bh3q1.txt\",\"folder\":\"C:\\\\Users\\\\XiaoXinPro 16 IAH\\\\Desktop\\\\LRIA_llm_eval\\\\eval\\\\Quantum_e2e_v20251106\\\\Bvt1110\\\\bvtfiles\",\"id\":1987776371266555904,\"isDeleted\":0,\"isTmpFile\":false,\"labelNameList\":[],\"lastModifyTime\":\"2025-09-17T09:45:00\",\"md5\":\"bb28043dd606535bdcaf1ee30346b0f9\",\"path\":\"C:\\\\Users\\\\XiaoXinPro 16 IAH\\\\Desktop\\\\LRIA_llm_eval\\\\eval\\\\Quantum_e2e_v20251106\\\\Bvt1110\\\\bvtfiles\\\\3z3zlgnnsiuha76yy56h6uu71bh3q1.txt\",\"priority\":4,\"score\":0.0,\"status\":\"ADDED\",\"tokenNum\":0,\"uriPath\":\"\"},{\"createTime\":\"2025-11-10T14:56:32.695\",\"description\":\"\",\"docName\":\"\",\"editTime\":\"2025-11-10T14:56:32.695\",\"errorDescription\":\"\",\"fileName\":\"AI_Face_Test_Set_Collection_Method_Design.pptx\",\"folder\":\"C:\\\\Users\\\\XiaoXinPro 16 IAH\\\\Desktop\\\\LRIA_llm_eval\\\\eval\\\\Quantum_e2e_v20251106\\\\Bvt1110\\\\bvtfiles\",\"id\":1987776371388190720,\"isDeleted\":0,\"isTmpFile\":false,\"labelNameList\":[],\"lastModifyTime\":\"2025-09-17T09:46:00\",\"md5\":\"b0f396e7936e0f6192cd880927e8e74b\",\"path\":\"C:\\\\Users\\\\XiaoXinPro 16 IAH\\\\Desktop\\\\LRIA_llm_eval\\\\eval\\\\Quantum_e2e_v20251106\\\\Bvt1110\\\\bvtfiles\\\\AI_Face_Test_Set_Collection_Method_Design.pptx\",\"priority\":5,\"score\":0.0,\"status\":\"ADDED\",\"tokenNum\":0,\"uriPath\":\"\"},{\"createTime\":\"2025-11-10T14:56:32.726\",\"description\":\"\",\"docName\":\"\",\"editTime\":\"2025-11-10T14:56:32.726\",\"errorDescription\":\"\",\"fileName\":\"A_brief_introduction_of_LP_liutao21_20220615.pptx\",\"folder\":\"C:\\\\Users\\\\XiaoXinPro 16 IAH\\\\Desktop\\\\LRIA_llm_eval\\\\eval\\\\Quantum_e2e_v20251106\\\\Bvt1110\\\\bvtfiles\",\"id\":1987776371518214144,\"isDeleted\":0,\"isTmpFile\":false,\"labelNameList\":[],\"lastModifyTime\":\"2025-09-17T09:46:00\",\"md5\":\"0dbb2532524843af54fb3388b7bf3381\",\"path\":\"C:\\\\Users\\\\XiaoXinPro 16 IAH\\\\Desktop\\\\LRIA_llm_eval\\\\eval\\\\Quantum_e2e_v20251106\\\\Bvt1110\\\\bvtfiles\\\\A_brief_introduction_of_LP_liutao21_20220615.pptx\",\"priority\":6,\"score\":0.0,\"status\":\"ADDED\",\"tokenNum\":0,\"uriPath\":\"\"},{\"createTime\":\"2025-11-10T14:56:32.800\",\"description\":\"\",\"docName\":\"\",\"editTime\":\"2025-11-10T14:56:32.800\",\"errorDescription\":\"\",\"fileName\":\"Belfast-English.docx\",\"folder\":\"C:\\\\Users\\\\XiaoXinPro 16 IAH\\\\Desktop\\\\LRIA_llm_eval\\\\eval\\\\Quantum_e2e_v20251106\\\\Bvt1110\\\\bvtfiles\",\"id\":1987776371828592640,\"isDeleted\":0,\"isTmpFile\":false,\"labelNameList\":[],\"lastModifyTime\":\"2025-09-17T09:45:00\",\"md5\":\"3193e699ffa92db332ae31a9fb1d3cb4\",\"path\":\"C:\\\\Users\\\\XiaoXinPro 16 IAH\\\\Desktop\\\\LRIA_llm_eval\\\\eval\\\\Quantum_e2e_v20251106\\\\Bvt1110\\\\bvtfiles\\\\Belfast-English.docx\",\"priority\":7,\"score\":0.0,\"status\":\"ADDED\",\"tokenNum\":0,\"uriPath\":\"\"},{\"createTime\":\"2025-11-10T14:56:32.823\",\"description\":\"\",\"docName\":\"\",\"editTime\":\"2025-11-10T14:56:32.823\",\"errorDescription\":\"\",\"fileName\":\"British-Food-Culture.doc\",\"folder\":\"C:\\\\Users\\\\XiaoXinPro 16 IAH\\\\Desktop\\\\LRIA_llm_eval\\\\eval\\\\Quantum_e2e_v20251106\\\\Bvt1110\\\\bvtfiles\",\"id\":1987776371925061632,\"isDeleted\":0,\"isTmpFile\":false,\"labelNameList\":[],\"lastModifyTime\":\"2025-09-17T09:45:00\",\"md5\":\"435798f1c3377c7f5b71e18d733ca579\",\"path\":\"C:\\\\Users\\\\XiaoXinPro 16 IAH\\\\Desktop\\\\LRIA_llm_eval\\\\eval\\\\Quantum_e2e_v20251106\\\\Bvt1110\\\\bvtfiles\\\\British-Food-Culture.doc\",\"priority\":8,\"score\":0.0,\"status\":\"ADDED\",\"tokenNum\":0,\"uriPath\":\"\"},{\"createTime\":\"2025-11-10T14:56:32.847\",\"description\":\"\",\"docName\":\"\",\"editTime\":\"2025-11-10T14:56:32.847\",\"errorDescription\":\"\",\"fileName\":\"Netflix Becomes a Broadway Producer With Peter Morgan’s Patriots.txt\",\"folder\":\"C:\\\\Users\\\\XiaoXinPro 16 IAH\\\\Desktop\\\\LRIA_llm_eval\\\\eval\\\\Quantum_e2e_v20251106\\\\Bvt1110\\\\bvtfiles\",\"id\":1987776372025724928,\"isDeleted\":0,\"isTmpFile\":false,\"labelNameList\":[],\"lastModifyTime\":\"2025-09-17T09:46:00\",\"md5\":\"ab84c46eaa62a18048fb0241446da4ca\",\"path\":\"C:\\\\Users\\\\XiaoXinPro 16 IAH\\\\Desktop\\\\LRIA_llm_eval\\\\eval\\\\Quantum_e2e_v20251106\\\\Bvt1110\\\\bvtfiles\\\\Netflix Becomes a Broadway Producer With Peter Morgan’s Patriots.txt\",\"priority\":9,\"score\":0.0,\"status\":\"ADDED\",\"tokenNum\":0,\"uriPath\":\"\"}]"}}
2025-11-10 14:57:20,350 - [Quantum_e2e_20251110.py:340] - [get_register_document] - INFO - 文档数量: 9
2025-11-10 14:57:20,350 - [Quantum_e2e_20251110.py:363] - [get_register_document] - INFO - 文档总数: 9, COMPLETED状态的文档数量: 0
2025-11-10 14:57:20,350 - [Quantum_e2e_20251110.py:395] - [get_register_document] - INFO - 仍有文档在处理中
2025-11-10 14:57:20,350 - [Quantum_e2e_20251110.py:1154] - [process_document_registration_only] - INFO - 文档仍在处理中，等待2秒后重试...
2025-11-10 14:57:22,363 - [Quantum_e2e_20251110.py:1145] - [process_document_registration_only] - INFO - 第23次检查文档处理状态...
2025-11-10 14:57:22,371 - [Quantum_e2e_20251110.py:289] - [get_register_document] - INFO - 检查文档注册状态...
2025-11-10 14:57:22,372 - [connectionpool.py:243] - [_new_conn] - DEBUG - Starting new HTTP connection (1): 127.0.0.1:35253
2025-11-10 14:57:22,375 - [connectionpool.py:546] - [_make_request] - DEBUG - http://127.0.0.1:35253 "POST /upload HTTP/11" 200 19
2025-11-10 14:57:22,376 - [Quantum_e2e_20251110.py:299] - [get_register_document] - INFO - 文档注册已用时间: 49.96秒 (00:49)
2025-11-10 14:57:22,376 - [Quantum_e2e_20251110.py:303] - [get_register_document] - INFO - 成功获取文档列表，upload_id: -475519365318136063
2025-11-10 14:57:22,377 - [connectionpool.py:243] - [_new_conn] - DEBUG - Starting new HTTP connection (1): 127.0.0.1:35253
2025-11-10 14:57:22,394 - [connectionpool.py:546] - [_make_request] - DEBUG - http://127.0.0.1:35253 "GET /query?fileData=-475519365318136063 HTTP/11" 200 None
2025-11-10 14:57:22,536 - [Quantum_e2e_20251110.py:583] - [get_response_content_detailed] - INFO - 响应时间: 0.02秒
2025-11-10 14:57:22,536 - [Quantum_e2e_20251110.py:310] - [get_register_document] - INFO - 获取到的result_text: {"jobId":25,"status":"complete","data":{"text":"[{\"createTime\":\"2025-11-10T14:56:32.563\",\"description\":\"\",\"docName\":\"\",\"editTime\":\"2025-11-10T14:57:09.178\",\"fileName\":\"2403.19401.pdf\",\"folder\":\"C:\\\\Users\\\\XiaoXinPro 16 IAH\\\\Desktop\\\\LRIA_llm_eval\\\\eval\\\\Quantum_e2e_v20251106\\\\Bvt1110\\\\bvtfiles\",\"id\":1987776370834542592,\"isDeleted\":0,\"isTmpFile\":false,\"labelNameList\":[],\"lastModifyTime\":\"2025-09-17T09:45:00\",\"md5\":\"4ff6ba88616fcf7a71d1dca6c9adc14c\",\"path\":\"C:\\\\Users\\\\XiaoXinPro 16 IAH\\\\Desktop\\\\LRIA_llm_eval\\\\eval\\\\Quantum_e2e_v20251106\\\\Bvt1110\\\\bvtfiles\\\\2403.19401.pdf\",\"priority\":1,\"score\":0.0,\"status\":\"RUNNING\",\"tokenNum\":0,\"uriPath\":\"\"},{\"createTime\":\"2025-11-10T14:56:32.609\",\"description\":\"\",\"docName\":\"\",\"editTime\":\"2025-11-10T14:56:32.609\",\"errorDescription\":\"\",\"fileName\":\"3nql1cs15r8aviz39pth2bpsr4zvy1.txt\",\"folder\":\"C:\\\\Users\\\\XiaoXinPro 16 IAH\\\\Desktop\\\\LRIA_llm_eval\\\\eval\\\\Quantum_e2e_v20251106\\\\Bvt1110\\\\bvtfiles\",\"id\":1987776371027480576,\"isDeleted\":0,\"isTmpFile\":false,\"labelNameList\":[],\"lastModifyTime\":\"2025-09-17T09:45:00\",\"md5\":\"da0c0f7162b267cca0de596df4c40c56\",\"path\":\"C:\\\\Users\\\\XiaoXinPro 16 IAH\\\\Desktop\\\\LRIA_llm_eval\\\\eval\\\\Quantum_e2e_v20251106\\\\Bvt1110\\\\bvtfiles\\\\3nql1cs15r8aviz39pth2bpsr4zvy1.txt\",\"priority\":2,\"score\":0.0,\"status\":\"ADDED\",\"tokenNum\":0,\"uriPath\":\"\"},{\"createTime\":\"2025-11-10T14:56:32.639\",\"description\":\"\",\"docName\":\"\",\"editTime\":\"2025-11-10T14:56:32.639\",\"errorDescription\":\"\",\"fileName\":\"3u84xhcdicdb6vqtlfud7syhj444z2.txt\",\"folder\":\"C:\\\\Users\\\\XiaoXinPro 16 IAH\\\\Desktop\\\\LRIA_llm_eval\\\\eval\\\\Quantum_e2e_v20251106\\\\Bvt1110\\\\bvtfiles\",\"id\":1987776371153309696,\"isDeleted\":0,\"isTmpFile\":false,\"labelNameList\":[],\"lastModifyTime\":\"2025-09-17T09:45:00\",\"md5\":\"a80f0ad4af9fd250a462680c85e6fbf0\",\"path\":\"C:\\\\Users\\\\XiaoXinPro 16 IAH\\\\Desktop\\\\LRIA_llm_eval\\\\eval\\\\Quantum_e2e_v20251106\\\\Bvt1110\\\\bvtfiles\\\\3u84xhcdicdb6vqtlfud7syhj444z2.txt\",\"priority\":3,\"score\":0.0,\"status\":\"ADDED\",\"tokenNum\":0,\"uriPath\":\"\"},{\"createTime\":\"2025-11-10T14:56:32.666\",\"description\":\"\",\"docName\":\"\",\"editTime\":\"2025-11-10T14:56:32.666\",\"errorDescription\":\"\",\"fileName\":\"3z3zlgnnsiuha76yy56h6uu71bh3q1.txt\",\"folder\":\"C:\\\\Users\\\\XiaoXinPro 16 IAH\\\\Desktop\\\\LRIA_llm_eval\\\\eval\\\\Quantum_e2e_v20251106\\\\Bvt1110\\\\bvtfiles\",\"id\":1987776371266555904,\"isDeleted\":0,\"isTmpFile\":false,\"labelNameList\":[],\"lastModifyTime\":\"2025-09-17T09:45:00\",\"md5\":\"bb28043dd606535bdcaf1ee30346b0f9\",\"path\":\"C:\\\\Users\\\\XiaoXinPro 16 IAH\\\\Desktop\\\\LRIA_llm_eval\\\\eval\\\\Quantum_e2e_v20251106\\\\Bvt1110\\\\bvtfiles\\\\3z3zlgnnsiuha76yy56h6uu71bh3q1.txt\",\"priority\":4,\"score\":0.0,\"status\":\"ADDED\",\"tokenNum\":0,\"uriPath\":\"\"},{\"createTime\":\"2025-11-10T14:56:32.695\",\"description\":\"\",\"docName\":\"\",\"editTime\":\"2025-11-10T14:56:32.695\",\"errorDescription\":\"\",\"fileName\":\"AI_Face_Test_Set_Collection_Method_Design.pptx\",\"folder\":\"C:\\\\Users\\\\XiaoXinPro 16 IAH\\\\Desktop\\\\LRIA_llm_eval\\\\eval\\\\Quantum_e2e_v20251106\\\\Bvt1110\\\\bvtfiles\",\"id\":1987776371388190720,\"isDeleted\":0,\"isTmpFile\":false,\"labelNameList\":[],\"lastModifyTime\":\"2025-09-17T09:46:00\",\"md5\":\"b0f396e7936e0f6192cd880927e8e74b\",\"path\":\"C:\\\\Users\\\\XiaoXinPro 16 IAH\\\\Desktop\\\\LRIA_llm_eval\\\\eval\\\\Quantum_e2e_v20251106\\\\Bvt1110\\\\bvtfiles\\\\AI_Face_Test_Set_Collection_Method_Design.pptx\",\"priority\":5,\"score\":0.0,\"status\":\"ADDED\",\"tokenNum\":0,\"uriPath\":\"\"},{\"createTime\":\"2025-11-10T14:56:32.726\",\"description\":\"\",\"docName\":\"\",\"editTime\":\"2025-11-10T14:56:32.726\",\"errorDescription\":\"\",\"fileName\":\"A_brief_introduction_of_LP_liutao21_20220615.pptx\",\"folder\":\"C:\\\\Users\\\\XiaoXinPro 16 IAH\\\\Desktop\\\\LRIA_llm_eval\\\\eval\\\\Quantum_e2e_v20251106\\\\Bvt1110\\\\bvtfiles\",\"id\":1987776371518214144,\"isDeleted\":0,\"isTmpFile\":false,\"labelNameList\":[],\"lastModifyTime\":\"2025-09-17T09:46:00\",\"md5\":\"0dbb2532524843af54fb3388b7bf3381\",\"path\":\"C:\\\\Users\\\\XiaoXinPro 16 IAH\\\\Desktop\\\\LRIA_llm_eval\\\\eval\\\\Quantum_e2e_v20251106\\\\Bvt1110\\\\bvtfiles\\\\A_brief_introduction_of_LP_liutao21_20220615.pptx\",\"priority\":6,\"score\":0.0,\"status\":\"ADDED\",\"tokenNum\":0,\"uriPath\":\"\"},{\"createTime\":\"2025-11-10T14:56:32.800\",\"description\":\"\",\"docName\":\"\",\"editTime\":\"2025-11-10T14:56:32.800\",\"errorDescription\":\"\",\"fileName\":\"Belfast-English.docx\",\"folder\":\"C:\\\\Users\\\\XiaoXinPro 16 IAH\\\\Desktop\\\\LRIA_llm_eval\\\\eval\\\\Quantum_e2e_v20251106\\\\Bvt1110\\\\bvtfiles\",\"id\":1987776371828592640,\"isDeleted\":0,\"isTmpFile\":false,\"labelNameList\":[],\"lastModifyTime\":\"2025-09-17T09:45:00\",\"md5\":\"3193e699ffa92db332ae31a9fb1d3cb4\",\"path\":\"C:\\\\Users\\\\XiaoXinPro 16 IAH\\\\Desktop\\\\LRIA_llm_eval\\\\eval\\\\Quantum_e2e_v20251106\\\\Bvt1110\\\\bvtfiles\\\\Belfast-English.docx\",\"priority\":7,\"score\":0.0,\"status\":\"ADDED\",\"tokenNum\":0,\"uriPath\":\"\"},{\"createTime\":\"2025-11-10T14:56:32.823\",\"description\":\"\",\"docName\":\"\",\"editTime\":\"2025-11-10T14:56:32.823\",\"errorDescription\":\"\",\"fileName\":\"British-Food-Culture.doc\",\"folder\":\"C:\\\\Users\\\\XiaoXinPro 16 IAH\\\\Desktop\\\\LRIA_llm_eval\\\\eval\\\\Quantum_e2e_v20251106\\\\Bvt1110\\\\bvtfiles\",\"id\":1987776371925061632,\"isDeleted\":0,\"isTmpFile\":false,\"labelNameList\":[],\"lastModifyTime\":\"2025-09-17T09:45:00\",\"md5\":\"435798f1c3377c7f5b71e18d733ca579\",\"path\":\"C:\\\\Users\\\\XiaoXinPro 16 IAH\\\\Desktop\\\\LRIA_llm_eval\\\\eval\\\\Quantum_e2e_v20251106\\\\Bvt1110\\\\bvtfiles\\\\British-Food-Culture.doc\",\"priority\":8,\"score\":0.0,\"status\":\"ADDED\",\"tokenNum\":0,\"uriPath\":\"\"},{\"createTime\":\"2025-11-10T14:56:32.847\",\"description\":\"\",\"docName\":\"\",\"editTime\":\"2025-11-10T14:56:32.847\",\"errorDescription\":\"\",\"fileName\":\"Netflix Becomes a Broadway Producer With Peter Morgan’s Patriots.txt\",\"folder\":\"C:\\\\Users\\\\XiaoXinPro 16 IAH\\\\Desktop\\\\LRIA_llm_eval\\\\eval\\\\Quantum_e2e_v20251106\\\\Bvt1110\\\\bvtfiles\",\"id\":1987776372025724928,\"isDeleted\":0,\"isTmpFile\":false,\"labelNameList\":[],\"lastModifyTime\":\"2025-09-17T09:46:00\",\"md5\":\"ab84c46eaa62a18048fb0241446da4ca\",\"path\":\"C:\\\\Users\\\\XiaoXinPro 16 IAH\\\\Desktop\\\\LRIA_llm_eval\\\\eval\\\\Quantum_e2e_v20251106\\\\Bvt1110\\\\bvtfiles\\\\Netflix Becomes a Broadway Producer With Peter Morgan’s Patriots.txt\",\"priority\":9,\"score\":0.0,\"status\":\"ADDED\",\"tokenNum\":0,\"uriPath\":\"\"}]"}}
2025-11-10 14:57:22,537 - [Quantum_e2e_20251110.py:340] - [get_register_document] - INFO - 文档数量: 9
2025-11-10 14:57:22,537 - [Quantum_e2e_20251110.py:363] - [get_register_document] - INFO - 文档总数: 9, COMPLETED状态的文档数量: 0
2025-11-10 14:57:22,538 - [Quantum_e2e_20251110.py:395] - [get_register_document] - INFO - 仍有文档在处理中
2025-11-10 14:57:22,538 - [Quantum_e2e_20251110.py:1154] - [process_document_registration_only] - INFO - 文档仍在处理中，等待2秒后重试...
2025-11-10 14:57:24,551 - [Quantum_e2e_20251110.py:1145] - [process_document_registration_only] - INFO - 第24次检查文档处理状态...
2025-11-10 14:57:24,551 - [Quantum_e2e_20251110.py:289] - [get_register_document] - INFO - 检查文档注册状态...
2025-11-10 14:57:24,553 - [connectionpool.py:243] - [_new_conn] - DEBUG - Starting new HTTP connection (1): 127.0.0.1:35253
2025-11-10 14:57:24,557 - [connectionpool.py:546] - [_make_request] - DEBUG - http://127.0.0.1:35253 "POST /upload HTTP/11" 200 20
2025-11-10 14:57:24,557 - [Quantum_e2e_20251110.py:299] - [get_register_document] - INFO - 文档注册已用时间: 52.15秒 (00:52)
2025-11-10 14:57:24,558 - [Quantum_e2e_20251110.py:303] - [get_register_document] - INFO - 成功获取文档列表，upload_id: -7093448773254914466
2025-11-10 14:57:24,559 - [connectionpool.py:243] - [_new_conn] - DEBUG - Starting new HTTP connection (1): 127.0.0.1:35253
2025-11-10 14:57:24,567 - [connectionpool.py:546] - [_make_request] - DEBUG - http://127.0.0.1:35253 "GET /query?fileData=-7093448773254914466 HTTP/11" 200 None
2025-11-10 14:57:24,801 - [Quantum_e2e_20251110.py:583] - [get_response_content_detailed] - INFO - 响应时间: 0.01秒
2025-11-10 14:57:24,801 - [Quantum_e2e_20251110.py:310] - [get_register_document] - INFO - 获取到的result_text: {"jobId":26,"status":"complete","data":{"text":"[{\"createTime\":\"2025-11-10T14:56:32.563\",\"description\":\"\",\"docName\":\"\",\"editTime\":\"2025-11-10T14:57:09.178\",\"fileName\":\"2403.19401.pdf\",\"folder\":\"C:\\\\Users\\\\XiaoXinPro 16 IAH\\\\Desktop\\\\LRIA_llm_eval\\\\eval\\\\Quantum_e2e_v20251106\\\\Bvt1110\\\\bvtfiles\",\"id\":1987776370834542592,\"isDeleted\":0,\"isTmpFile\":false,\"labelNameList\":[],\"lastModifyTime\":\"2025-09-17T09:45:00\",\"md5\":\"4ff6ba88616fcf7a71d1dca6c9adc14c\",\"path\":\"C:\\\\Users\\\\XiaoXinPro 16 IAH\\\\Desktop\\\\LRIA_llm_eval\\\\eval\\\\Quantum_e2e_v20251106\\\\Bvt1110\\\\bvtfiles\\\\2403.19401.pdf\",\"priority\":1,\"score\":0.0,\"status\":\"RUNNING\",\"tokenNum\":0,\"uriPath\":\"\"},{\"createTime\":\"2025-11-10T14:56:32.609\",\"description\":\"\",\"docName\":\"\",\"editTime\":\"2025-11-10T14:56:32.609\",\"errorDescription\":\"\",\"fileName\":\"3nql1cs15r8aviz39pth2bpsr4zvy1.txt\",\"folder\":\"C:\\\\Users\\\\XiaoXinPro 16 IAH\\\\Desktop\\\\LRIA_llm_eval\\\\eval\\\\Quantum_e2e_v20251106\\\\Bvt1110\\\\bvtfiles\",\"id\":1987776371027480576,\"isDeleted\":0,\"isTmpFile\":false,\"labelNameList\":[],\"lastModifyTime\":\"2025-09-17T09:45:00\",\"md5\":\"da0c0f7162b267cca0de596df4c40c56\",\"path\":\"C:\\\\Users\\\\XiaoXinPro 16 IAH\\\\Desktop\\\\LRIA_llm_eval\\\\eval\\\\Quantum_e2e_v20251106\\\\Bvt1110\\\\bvtfiles\\\\3nql1cs15r8aviz39pth2bpsr4zvy1.txt\",\"priority\":2,\"score\":0.0,\"status\":\"ADDED\",\"tokenNum\":0,\"uriPath\":\"\"},{\"createTime\":\"2025-11-10T14:56:32.639\",\"description\":\"\",\"docName\":\"\",\"editTime\":\"2025-11-10T14:56:32.639\",\"errorDescription\":\"\",\"fileName\":\"3u84xhcdicdb6vqtlfud7syhj444z2.txt\",\"folder\":\"C:\\\\Users\\\\XiaoXinPro 16 IAH\\\\Desktop\\\\LRIA_llm_eval\\\\eval\\\\Quantum_e2e_v20251106\\\\Bvt1110\\\\bvtfiles\",\"id\":1987776371153309696,\"isDeleted\":0,\"isTmpFile\":false,\"labelNameList\":[],\"lastModifyTime\":\"2025-09-17T09:45:00\",\"md5\":\"a80f0ad4af9fd250a462680c85e6fbf0\",\"path\":\"C:\\\\Users\\\\XiaoXinPro 16 IAH\\\\Desktop\\\\LRIA_llm_eval\\\\eval\\\\Quantum_e2e_v20251106\\\\Bvt1110\\\\bvtfiles\\\\3u84xhcdicdb6vqtlfud7syhj444z2.txt\",\"priority\":3,\"score\":0.0,\"status\":\"ADDED\",\"tokenNum\":0,\"uriPath\":\"\"},{\"createTime\":\"2025-11-10T14:56:32.666\",\"description\":\"\",\"docName\":\"\",\"editTime\":\"2025-11-10T14:56:32.666\",\"errorDescription\":\"\",\"fileName\":\"3z3zlgnnsiuha76yy56h6uu71bh3q1.txt\",\"folder\":\"C:\\\\Users\\\\XiaoXinPro 16 IAH\\\\Desktop\\\\LRIA_llm_eval\\\\eval\\\\Quantum_e2e_v20251106\\\\Bvt1110\\\\bvtfiles\",\"id\":1987776371266555904,\"isDeleted\":0,\"isTmpFile\":false,\"labelNameList\":[],\"lastModifyTime\":\"2025-09-17T09:45:00\",\"md5\":\"bb28043dd606535bdcaf1ee30346b0f9\",\"path\":\"C:\\\\Users\\\\XiaoXinPro 16 IAH\\\\Desktop\\\\LRIA_llm_eval\\\\eval\\\\Quantum_e2e_v20251106\\\\Bvt1110\\\\bvtfiles\\\\3z3zlgnnsiuha76yy56h6uu71bh3q1.txt\",\"priority\":4,\"score\":0.0,\"status\":\"ADDED\",\"tokenNum\":0,\"uriPath\":\"\"},{\"createTime\":\"2025-11-10T14:56:32.695\",\"description\":\"\",\"docName\":\"\",\"editTime\":\"2025-11-10T14:56:32.695\",\"errorDescription\":\"\",\"fileName\":\"AI_Face_Test_Set_Collection_Method_Design.pptx\",\"folder\":\"C:\\\\Users\\\\XiaoXinPro 16 IAH\\\\Desktop\\\\LRIA_llm_eval\\\\eval\\\\Quantum_e2e_v20251106\\\\Bvt1110\\\\bvtfiles\",\"id\":1987776371388190720,\"isDeleted\":0,\"isTmpFile\":false,\"labelNameList\":[],\"lastModifyTime\":\"2025-09-17T09:46:00\",\"md5\":\"b0f396e7936e0f6192cd880927e8e74b\",\"path\":\"C:\\\\Users\\\\XiaoXinPro 16 IAH\\\\Desktop\\\\LRIA_llm_eval\\\\eval\\\\Quantum_e2e_v20251106\\\\Bvt1110\\\\bvtfiles\\\\AI_Face_Test_Set_Collection_Method_Design.pptx\",\"priority\":5,\"score\":0.0,\"status\":\"ADDED\",\"tokenNum\":0,\"uriPath\":\"\"},{\"createTime\":\"2025-11-10T14:56:32.726\",\"description\":\"\",\"docName\":\"\",\"editTime\":\"2025-11-10T14:56:32.726\",\"errorDescription\":\"\",\"fileName\":\"A_brief_introduction_of_LP_liutao21_20220615.pptx\",\"folder\":\"C:\\\\Users\\\\XiaoXinPro 16 IAH\\\\Desktop\\\\LRIA_llm_eval\\\\eval\\\\Quantum_e2e_v20251106\\\\Bvt1110\\\\bvtfiles\",\"id\":1987776371518214144,\"isDeleted\":0,\"isTmpFile\":false,\"labelNameList\":[],\"lastModifyTime\":\"2025-09-17T09:46:00\",\"md5\":\"0dbb2532524843af54fb3388b7bf3381\",\"path\":\"C:\\\\Users\\\\XiaoXinPro 16 IAH\\\\Desktop\\\\LRIA_llm_eval\\\\eval\\\\Quantum_e2e_v20251106\\\\Bvt1110\\\\bvtfiles\\\\A_brief_introduction_of_LP_liutao21_20220615.pptx\",\"priority\":6,\"score\":0.0,\"status\":\"ADDED\",\"tokenNum\":0,\"uriPath\":\"\"},{\"createTime\":\"2025-11-10T14:56:32.800\",\"description\":\"\",\"docName\":\"\",\"editTime\":\"2025-11-10T14:56:32.800\",\"errorDescription\":\"\",\"fileName\":\"Belfast-English.docx\",\"folder\":\"C:\\\\Users\\\\XiaoXinPro 16 IAH\\\\Desktop\\\\LRIA_llm_eval\\\\eval\\\\Quantum_e2e_v20251106\\\\Bvt1110\\\\bvtfiles\",\"id\":1987776371828592640,\"isDeleted\":0,\"isTmpFile\":false,\"labelNameList\":[],\"lastModifyTime\":\"2025-09-17T09:45:00\",\"md5\":\"3193e699ffa92db332ae31a9fb1d3cb4\",\"path\":\"C:\\\\Users\\\\XiaoXinPro 16 IAH\\\\Desktop\\\\LRIA_llm_eval\\\\eval\\\\Quantum_e2e_v20251106\\\\Bvt1110\\\\bvtfiles\\\\Belfast-English.docx\",\"priority\":7,\"score\":0.0,\"status\":\"ADDED\",\"tokenNum\":0,\"uriPath\":\"\"},{\"createTime\":\"2025-11-10T14:56:32.823\",\"description\":\"\",\"docName\":\"\",\"editTime\":\"2025-11-10T14:56:32.823\",\"errorDescription\":\"\",\"fileName\":\"British-Food-Culture.doc\",\"folder\":\"C:\\\\Users\\\\XiaoXinPro 16 IAH\\\\Desktop\\\\LRIA_llm_eval\\\\eval\\\\Quantum_e2e_v20251106\\\\Bvt1110\\\\bvtfiles\",\"id\":1987776371925061632,\"isDeleted\":0,\"isTmpFile\":false,\"labelNameList\":[],\"lastModifyTime\":\"2025-09-17T09:45:00\",\"md5\":\"435798f1c3377c7f5b71e18d733ca579\",\"path\":\"C:\\\\Users\\\\XiaoXinPro 16 IAH\\\\Desktop\\\\LRIA_llm_eval\\\\eval\\\\Quantum_e2e_v20251106\\\\Bvt1110\\\\bvtfiles\\\\British-Food-Culture.doc\",\"priority\":8,\"score\":0.0,\"status\":\"ADDED\",\"tokenNum\":0,\"uriPath\":\"\"},{\"createTime\":\"2025-11-10T14:56:32.847\",\"description\":\"\",\"docName\":\"\",\"editTime\":\"2025-11-10T14:56:32.847\",\"errorDescription\":\"\",\"fileName\":\"Netflix Becomes a Broadway Producer With Peter Morgan’s Patriots.txt\",\"folder\":\"C:\\\\Users\\\\XiaoXinPro 16 IAH\\\\Desktop\\\\LRIA_llm_eval\\\\eval\\\\Quantum_e2e_v20251106\\\\Bvt1110\\\\bvtfiles\",\"id\":1987776372025724928,\"isDeleted\":0,\"isTmpFile\":false,\"labelNameList\":[],\"lastModifyTime\":\"2025-09-17T09:46:00\",\"md5\":\"ab84c46eaa62a18048fb0241446da4ca\",\"path\":\"C:\\\\Users\\\\XiaoXinPro 16 IAH\\\\Desktop\\\\LRIA_llm_eval\\\\eval\\\\Quantum_e2e_v20251106\\\\Bvt1110\\\\bvtfiles\\\\Netflix Becomes a Broadway Producer With Peter Morgan’s Patriots.txt\",\"priority\":9,\"score\":0.0,\"status\":\"ADDED\",\"tokenNum\":0,\"uriPath\":\"\"}]"}}
2025-11-10 14:57:24,802 - [Quantum_e2e_20251110.py:340] - [get_register_document] - INFO - 文档数量: 9
2025-11-10 14:57:24,802 - [Quantum_e2e_20251110.py:363] - [get_register_document] - INFO - 文档总数: 9, COMPLETED状态的文档数量: 0
2025-11-10 14:57:24,803 - [Quantum_e2e_20251110.py:395] - [get_register_document] - INFO - 仍有文档在处理中
2025-11-10 14:57:24,803 - [Quantum_e2e_20251110.py:1154] - [process_document_registration_only] - INFO - 文档仍在处理中，等待2秒后重试...
2025-11-10 14:57:26,812 - [Quantum_e2e_20251110.py:1145] - [process_document_registration_only] - INFO - 第25次检查文档处理状态...
2025-11-10 14:57:26,812 - [Quantum_e2e_20251110.py:289] - [get_register_document] - INFO - 检查文档注册状态...
2025-11-10 14:57:26,814 - [connectionpool.py:243] - [_new_conn] - DEBUG - Starting new HTTP connection (1): 127.0.0.1:35253
2025-11-10 14:57:26,819 - [connectionpool.py:546] - [_make_request] - DEBUG - http://127.0.0.1:35253 "POST /upload HTTP/11" 200 20
2025-11-10 14:57:26,819 - [Quantum_e2e_20251110.py:299] - [get_register_document] - INFO - 文档注册已用时间: 54.41秒 (00:54)
2025-11-10 14:57:26,820 - [Quantum_e2e_20251110.py:303] - [get_register_document] - INFO - 成功获取文档列表，upload_id: -8586159764188070675
2025-11-10 14:57:26,821 - [connectionpool.py:243] - [_new_conn] - DEBUG - Starting new HTTP connection (1): 127.0.0.1:35253
2025-11-10 14:57:26,828 - [connectionpool.py:546] - [_make_request] - DEBUG - http://127.0.0.1:35253 "GET /query?fileData=-8586159764188070675 HTTP/11" 200 None
2025-11-10 14:57:26,938 - [Quantum_e2e_20251110.py:583] - [get_response_content_detailed] - INFO - 响应时间: 0.01秒
2025-11-10 14:57:26,939 - [Quantum_e2e_20251110.py:310] - [get_register_document] - INFO - 获取到的result_text: {"jobId":27,"status":"complete","data":{"text":"[{\"createTime\":\"2025-11-10T14:56:32.563\",\"description\":\"\",\"docName\":\"\",\"editTime\":\"2025-11-10T14:57:09.178\",\"fileName\":\"2403.19401.pdf\",\"folder\":\"C:\\\\Users\\\\XiaoXinPro 16 IAH\\\\Desktop\\\\LRIA_llm_eval\\\\eval\\\\Quantum_e2e_v20251106\\\\Bvt1110\\\\bvtfiles\",\"id\":1987776370834542592,\"isDeleted\":0,\"isTmpFile\":false,\"labelNameList\":[],\"lastModifyTime\":\"2025-09-17T09:45:00\",\"md5\":\"4ff6ba88616fcf7a71d1dca6c9adc14c\",\"path\":\"C:\\\\Users\\\\XiaoXinPro 16 IAH\\\\Desktop\\\\LRIA_llm_eval\\\\eval\\\\Quantum_e2e_v20251106\\\\Bvt1110\\\\bvtfiles\\\\2403.19401.pdf\",\"priority\":1,\"score\":0.0,\"status\":\"RUNNING\",\"tokenNum\":0,\"uriPath\":\"\"},{\"createTime\":\"2025-11-10T14:56:32.609\",\"description\":\"\",\"docName\":\"\",\"editTime\":\"2025-11-10T14:56:32.609\",\"errorDescription\":\"\",\"fileName\":\"3nql1cs15r8aviz39pth2bpsr4zvy1.txt\",\"folder\":\"C:\\\\Users\\\\XiaoXinPro 16 IAH\\\\Desktop\\\\LRIA_llm_eval\\\\eval\\\\Quantum_e2e_v20251106\\\\Bvt1110\\\\bvtfiles\",\"id\":1987776371027480576,\"isDeleted\":0,\"isTmpFile\":false,\"labelNameList\":[],\"lastModifyTime\":\"2025-09-17T09:45:00\",\"md5\":\"da0c0f7162b267cca0de596df4c40c56\",\"path\":\"C:\\\\Users\\\\XiaoXinPro 16 IAH\\\\Desktop\\\\LRIA_llm_eval\\\\eval\\\\Quantum_e2e_v20251106\\\\Bvt1110\\\\bvtfiles\\\\3nql1cs15r8aviz39pth2bpsr4zvy1.txt\",\"priority\":2,\"score\":0.0,\"status\":\"ADDED\",\"tokenNum\":0,\"uriPath\":\"\"},{\"createTime\":\"2025-11-10T14:56:32.639\",\"description\":\"\",\"docName\":\"\",\"editTime\":\"2025-11-10T14:56:32.639\",\"errorDescription\":\"\",\"fileName\":\"3u84xhcdicdb6vqtlfud7syhj444z2.txt\",\"folder\":\"C:\\\\Users\\\\XiaoXinPro 16 IAH\\\\Desktop\\\\LRIA_llm_eval\\\\eval\\\\Quantum_e2e_v20251106\\\\Bvt1110\\\\bvtfiles\",\"id\":1987776371153309696,\"isDeleted\":0,\"isTmpFile\":false,\"labelNameList\":[],\"lastModifyTime\":\"2025-09-17T09:45:00\",\"md5\":\"a80f0ad4af9fd250a462680c85e6fbf0\",\"path\":\"C:\\\\Users\\\\XiaoXinPro 16 IAH\\\\Desktop\\\\LRIA_llm_eval\\\\eval\\\\Quantum_e2e_v20251106\\\\Bvt1110\\\\bvtfiles\\\\3u84xhcdicdb6vqtlfud7syhj444z2.txt\",\"priority\":3,\"score\":0.0,\"status\":\"ADDED\",\"tokenNum\":0,\"uriPath\":\"\"},{\"createTime\":\"2025-11-10T14:56:32.666\",\"description\":\"\",\"docName\":\"\",\"editTime\":\"2025-11-10T14:56:32.666\",\"errorDescription\":\"\",\"fileName\":\"3z3zlgnnsiuha76yy56h6uu71bh3q1.txt\",\"folder\":\"C:\\\\Users\\\\XiaoXinPro 16 IAH\\\\Desktop\\\\LRIA_llm_eval\\\\eval\\\\Quantum_e2e_v20251106\\\\Bvt1110\\\\bvtfiles\",\"id\":1987776371266555904,\"isDeleted\":0,\"isTmpFile\":false,\"labelNameList\":[],\"lastModifyTime\":\"2025-09-17T09:45:00\",\"md5\":\"bb28043dd606535bdcaf1ee30346b0f9\",\"path\":\"C:\\\\Users\\\\XiaoXinPro 16 IAH\\\\Desktop\\\\LRIA_llm_eval\\\\eval\\\\Quantum_e2e_v20251106\\\\Bvt1110\\\\bvtfiles\\\\3z3zlgnnsiuha76yy56h6uu71bh3q1.txt\",\"priority\":4,\"score\":0.0,\"status\":\"ADDED\",\"tokenNum\":0,\"uriPath\":\"\"},{\"createTime\":\"2025-11-10T14:56:32.695\",\"description\":\"\",\"docName\":\"\",\"editTime\":\"2025-11-10T14:56:32.695\",\"errorDescription\":\"\",\"fileName\":\"AI_Face_Test_Set_Collection_Method_Design.pptx\",\"folder\":\"C:\\\\Users\\\\XiaoXinPro 16 IAH\\\\Desktop\\\\LRIA_llm_eval\\\\eval\\\\Quantum_e2e_v20251106\\\\Bvt1110\\\\bvtfiles\",\"id\":1987776371388190720,\"isDeleted\":0,\"isTmpFile\":false,\"labelNameList\":[],\"lastModifyTime\":\"2025-09-17T09:46:00\",\"md5\":\"b0f396e7936e0f6192cd880927e8e74b\",\"path\":\"C:\\\\Users\\\\XiaoXinPro 16 IAH\\\\Desktop\\\\LRIA_llm_eval\\\\eval\\\\Quantum_e2e_v20251106\\\\Bvt1110\\\\bvtfiles\\\\AI_Face_Test_Set_Collection_Method_Design.pptx\",\"priority\":5,\"score\":0.0,\"status\":\"ADDED\",\"tokenNum\":0,\"uriPath\":\"\"},{\"createTime\":\"2025-11-10T14:56:32.726\",\"description\":\"\",\"docName\":\"\",\"editTime\":\"2025-11-10T14:56:32.726\",\"errorDescription\":\"\",\"fileName\":\"A_brief_introduction_of_LP_liutao21_20220615.pptx\",\"folder\":\"C:\\\\Users\\\\XiaoXinPro 16 IAH\\\\Desktop\\\\LRIA_llm_eval\\\\eval\\\\Quantum_e2e_v20251106\\\\Bvt1110\\\\bvtfiles\",\"id\":1987776371518214144,\"isDeleted\":0,\"isTmpFile\":false,\"labelNameList\":[],\"lastModifyTime\":\"2025-09-17T09:46:00\",\"md5\":\"0dbb2532524843af54fb3388b7bf3381\",\"path\":\"C:\\\\Users\\\\XiaoXinPro 16 IAH\\\\Desktop\\\\LRIA_llm_eval\\\\eval\\\\Quantum_e2e_v20251106\\\\Bvt1110\\\\bvtfiles\\\\A_brief_introduction_of_LP_liutao21_20220615.pptx\",\"priority\":6,\"score\":0.0,\"status\":\"ADDED\",\"tokenNum\":0,\"uriPath\":\"\"},{\"createTime\":\"2025-11-10T14:56:32.800\",\"description\":\"\",\"docName\":\"\",\"editTime\":\"2025-11-10T14:56:32.800\",\"errorDescription\":\"\",\"fileName\":\"Belfast-English.docx\",\"folder\":\"C:\\\\Users\\\\XiaoXinPro 16 IAH\\\\Desktop\\\\LRIA_llm_eval\\\\eval\\\\Quantum_e2e_v20251106\\\\Bvt1110\\\\bvtfiles\",\"id\":1987776371828592640,\"isDeleted\":0,\"isTmpFile\":false,\"labelNameList\":[],\"lastModifyTime\":\"2025-09-17T09:45:00\",\"md5\":\"3193e699ffa92db332ae31a9fb1d3cb4\",\"path\":\"C:\\\\Users\\\\XiaoXinPro 16 IAH\\\\Desktop\\\\LRIA_llm_eval\\\\eval\\\\Quantum_e2e_v20251106\\\\Bvt1110\\\\bvtfiles\\\\Belfast-English.docx\",\"priority\":7,\"score\":0.0,\"status\":\"ADDED\",\"tokenNum\":0,\"uriPath\":\"\"},{\"createTime\":\"2025-11-10T14:56:32.823\",\"description\":\"\",\"docName\":\"\",\"editTime\":\"2025-11-10T14:56:32.823\",\"errorDescription\":\"\",\"fileName\":\"British-Food-Culture.doc\",\"folder\":\"C:\\\\Users\\\\XiaoXinPro 16 IAH\\\\Desktop\\\\LRIA_llm_eval\\\\eval\\\\Quantum_e2e_v20251106\\\\Bvt1110\\\\bvtfiles\",\"id\":1987776371925061632,\"isDeleted\":0,\"isTmpFile\":false,\"labelNameList\":[],\"lastModifyTime\":\"2025-09-17T09:45:00\",\"md5\":\"435798f1c3377c7f5b71e18d733ca579\",\"path\":\"C:\\\\Users\\\\XiaoXinPro 16 IAH\\\\Desktop\\\\LRIA_llm_eval\\\\eval\\\\Quantum_e2e_v20251106\\\\Bvt1110\\\\bvtfiles\\\\British-Food-Culture.doc\",\"priority\":8,\"score\":0.0,\"status\":\"ADDED\",\"tokenNum\":0,\"uriPath\":\"\"},{\"createTime\":\"2025-11-10T14:56:32.847\",\"description\":\"\",\"docName\":\"\",\"editTime\":\"2025-11-10T14:56:32.847\",\"errorDescription\":\"\",\"fileName\":\"Netflix Becomes a Broadway Producer With Peter Morgan’s Patriots.txt\",\"folder\":\"C:\\\\Users\\\\XiaoXinPro 16 IAH\\\\Desktop\\\\LRIA_llm_eval\\\\eval\\\\Quantum_e2e_v20251106\\\\Bvt1110\\\\bvtfiles\",\"id\":1987776372025724928,\"isDeleted\":0,\"isTmpFile\":false,\"labelNameList\":[],\"lastModifyTime\":\"2025-09-17T09:46:00\",\"md5\":\"ab84c46eaa62a18048fb0241446da4ca\",\"path\":\"C:\\\\Users\\\\XiaoXinPro 16 IAH\\\\Desktop\\\\LRIA_llm_eval\\\\eval\\\\Quantum_e2e_v20251106\\\\Bvt1110\\\\bvtfiles\\\\Netflix Becomes a Broadway Producer With Peter Morgan’s Patriots.txt\",\"priority\":9,\"score\":0.0,\"status\":\"ADDED\",\"tokenNum\":0,\"uriPath\":\"\"}]"}}
2025-11-10 14:57:26,939 - [Quantum_e2e_20251110.py:340] - [get_register_document] - INFO - 文档数量: 9
2025-11-10 14:57:26,940 - [Quantum_e2e_20251110.py:363] - [get_register_document] - INFO - 文档总数: 9, COMPLETED状态的文档数量: 0
2025-11-10 14:57:26,940 - [Quantum_e2e_20251110.py:395] - [get_register_document] - INFO - 仍有文档在处理中
2025-11-10 14:57:26,940 - [Quantum_e2e_20251110.py:1154] - [process_document_registration_only] - INFO - 文档仍在处理中，等待2秒后重试...
2025-11-10 14:57:28,955 - [Quantum_e2e_20251110.py:1145] - [process_document_registration_only] - INFO - 第26次检查文档处理状态...
2025-11-10 14:57:28,955 - [Quantum_e2e_20251110.py:289] - [get_register_document] - INFO - 检查文档注册状态...
2025-11-10 14:57:28,958 - [connectionpool.py:243] - [_new_conn] - DEBUG - Starting new HTTP connection (1): 127.0.0.1:35253
2025-11-10 14:57:28,962 - [connectionpool.py:546] - [_make_request] - DEBUG - http://127.0.0.1:35253 "POST /upload HTTP/11" 200 20
2025-11-10 14:57:28,962 - [Quantum_e2e_20251110.py:299] - [get_register_document] - INFO - 文档注册已用时间: 56.55秒 (00:56)
2025-11-10 14:57:28,963 - [Quantum_e2e_20251110.py:303] - [get_register_document] - INFO - 成功获取文档列表，upload_id: -2592047950690436101
2025-11-10 14:57:28,964 - [connectionpool.py:243] - [_new_conn] - DEBUG - Starting new HTTP connection (1): 127.0.0.1:35253
2025-11-10 14:57:28,971 - [connectionpool.py:546] - [_make_request] - DEBUG - http://127.0.0.1:35253 "GET /query?fileData=-2592047950690436101 HTTP/11" 200 None
2025-11-10 14:57:29,091 - [Quantum_e2e_20251110.py:583] - [get_response_content_detailed] - INFO - 响应时间: 0.01秒
2025-11-10 14:57:29,091 - [Quantum_e2e_20251110.py:310] - [get_register_document] - INFO - 获取到的result_text: {"jobId":28,"status":"complete","data":{"text":"[{\"createTime\":\"2025-11-10T14:56:32.563\",\"description\":\"\",\"docName\":\"2403.19401\",\"editTime\":\"2025-11-10T14:57:27.725\",\"fileName\":\"2403.19401.pdf\",\"folder\":\"C:\\\\Users\\\\XiaoXinPro 16 IAH\\\\Desktop\\\\LRIA_llm_eval\\\\eval\\\\Quantum_e2e_v20251106\\\\Bvt1110\\\\bvtfiles\",\"id\":1987776370834542592,\"isDeleted\":0,\"isTmpFile\":false,\"labelNameList\":[],\"lastModifyTime\":\"2025-09-17T09:45:00\",\"md5\":\"4ff6ba88616fcf7a71d1dca6c9adc14c\",\"path\":\"C:\\\\Users\\\\XiaoXinPro 16 IAH\\\\Desktop\\\\LRIA_llm_eval\\\\eval\\\\Quantum_e2e_v20251106\\\\Bvt1110\\\\bvtfiles\\\\2403.19401.pdf\",\"previewPath\":\"c:\\\\users\\\\xiaoxinpro 16 iah\\\\documents\\\\qtcore\\\\pdffile\\\\b6e6995c4481f9cd5d6cfb8c79124693.pdf\",\"priority\":1,\"score\":0.0,\"status\":\"COMPLETED\",\"tokenNum\":14092,\"uriPath\":\"\"},{\"createTime\":\"2025-11-10T14:56:32.609\",\"description\":\"\",\"docName\":\"\",\"editTime\":\"2025-11-10T14:57:27.752\",\"fileName\":\"3nql1cs15r8aviz39pth2bpsr4zvy1.txt\",\"folder\":\"C:\\\\Users\\\\XiaoXinPro 16 IAH\\\\Desktop\\\\LRIA_llm_eval\\\\eval\\\\Quantum_e2e_v20251106\\\\Bvt1110\\\\bvtfiles\",\"id\":1987776371027480576,\"isDeleted\":0,\"isTmpFile\":false,\"labelNameList\":[],\"lastModifyTime\":\"2025-09-17T09:45:00\",\"md5\":\"da0c0f7162b267cca0de596df4c40c56\",\"path\":\"C:\\\\Users\\\\XiaoXinPro 16 IAH\\\\Desktop\\\\LRIA_llm_eval\\\\eval\\\\Quantum_e2e_v20251106\\\\Bvt1110\\\\bvtfiles\\\\3nql1cs15r8aviz39pth2bpsr4zvy1.txt\",\"priority\":2,\"score\":0.0,\"status\":\"RUNNING\",\"tokenNum\":0,\"uriPath\":\"\"},{\"createTime\":\"2025-11-10T14:56:32.639\",\"description\":\"\",\"docName\":\"\",\"editTime\":\"2025-11-10T14:56:32.639\",\"errorDescription\":\"\",\"fileName\":\"3u84xhcdicdb6vqtlfud7syhj444z2.txt\",\"folder\":\"C:\\\\Users\\\\XiaoXinPro 16 IAH\\\\Desktop\\\\LRIA_llm_eval\\\\eval\\\\Quantum_e2e_v20251106\\\\Bvt1110\\\\bvtfiles\",\"id\":1987776371153309696,\"isDeleted\":0,\"isTmpFile\":false,\"labelNameList\":[],\"lastModifyTime\":\"2025-09-17T09:45:00\",\"md5\":\"a80f0ad4af9fd250a462680c85e6fbf0\",\"path\":\"C:\\\\Users\\\\XiaoXinPro 16 IAH\\\\Desktop\\\\LRIA_llm_eval\\\\eval\\\\Quantum_e2e_v20251106\\\\Bvt1110\\\\bvtfiles\\\\3u84xhcdicdb6vqtlfud7syhj444z2.txt\",\"priority\":3,\"score\":0.0,\"status\":\"ADDED\",\"tokenNum\":0,\"uriPath\":\"\"},{\"createTime\":\"2025-11-10T14:56:32.666\",\"description\":\"\",\"docName\":\"\",\"editTime\":\"2025-11-10T14:56:32.666\",\"errorDescription\":\"\",\"fileName\":\"3z3zlgnnsiuha76yy56h6uu71bh3q1.txt\",\"folder\":\"C:\\\\Users\\\\XiaoXinPro 16 IAH\\\\Desktop\\\\LRIA_llm_eval\\\\eval\\\\Quantum_e2e_v20251106\\\\Bvt1110\\\\bvtfiles\",\"id\":1987776371266555904,\"isDeleted\":0,\"isTmpFile\":false,\"labelNameList\":[],\"lastModifyTime\":\"2025-09-17T09:45:00\",\"md5\":\"bb28043dd606535bdcaf1ee30346b0f9\",\"path\":\"C:\\\\Users\\\\XiaoXinPro 16 IAH\\\\Desktop\\\\LRIA_llm_eval\\\\eval\\\\Quantum_e2e_v20251106\\\\Bvt1110\\\\bvtfiles\\\\3z3zlgnnsiuha76yy56h6uu71bh3q1.txt\",\"priority\":4,\"score\":0.0,\"status\":\"ADDED\",\"tokenNum\":0,\"uriPath\":\"\"},{\"createTime\":\"2025-11-10T14:56:32.695\",\"description\":\"\",\"docName\":\"\",\"editTime\":\"2025-11-10T14:56:32.695\",\"errorDescription\":\"\",\"fileName\":\"AI_Face_Test_Set_Collection_Method_Design.pptx\",\"folder\":\"C:\\\\Users\\\\XiaoXinPro 16 IAH\\\\Desktop\\\\LRIA_llm_eval\\\\eval\\\\Quantum_e2e_v20251106\\\\Bvt1110\\\\bvtfiles\",\"id\":1987776371388190720,\"isDeleted\":0,\"isTmpFile\":false,\"labelNameList\":[],\"lastModifyTime\":\"2025-09-17T09:46:00\",\"md5\":\"b0f396e7936e0f6192cd880927e8e74b\",\"path\":\"C:\\\\Users\\\\XiaoXinPro 16 IAH\\\\Desktop\\\\LRIA_llm_eval\\\\eval\\\\Quantum_e2e_v20251106\\\\Bvt1110\\\\bvtfiles\\\\AI_Face_Test_Set_Collection_Method_Design.pptx\",\"priority\":5,\"score\":0.0,\"status\":\"ADDED\",\"tokenNum\":0,\"uriPath\":\"\"},{\"createTime\":\"2025-11-10T14:56:32.726\",\"description\":\"\",\"docName\":\"\",\"editTime\":\"2025-11-10T14:56:32.726\",\"errorDescription\":\"\",\"fileName\":\"A_brief_introduction_of_LP_liutao21_20220615.pptx\",\"folder\":\"C:\\\\Users\\\\XiaoXinPro 16 IAH\\\\Desktop\\\\LRIA_llm_eval\\\\eval\\\\Quantum_e2e_v20251106\\\\Bvt1110\\\\bvtfiles\",\"id\":1987776371518214144,\"isDeleted\":0,\"isTmpFile\":false,\"labelNameList\":[],\"lastModifyTime\":\"2025-09-17T09:46:00\",\"md5\":\"0dbb2532524843af54fb3388b7bf3381\",\"path\":\"C:\\\\Users\\\\XiaoXinPro 16 IAH\\\\Desktop\\\\LRIA_llm_eval\\\\eval\\\\Quantum_e2e_v20251106\\\\Bvt1110\\\\bvtfiles\\\\A_brief_introduction_of_LP_liutao21_20220615.pptx\",\"priority\":6,\"score\":0.0,\"status\":\"ADDED\",\"tokenNum\":0,\"uriPath\":\"\"},{\"createTime\":\"2025-11-10T14:56:32.800\",\"description\":\"\",\"docName\":\"\",\"editTime\":\"2025-11-10T14:56:32.800\",\"errorDescription\":\"\",\"fileName\":\"Belfast-English.docx\",\"folder\":\"C:\\\\Users\\\\XiaoXinPro 16 IAH\\\\Desktop\\\\LRIA_llm_eval\\\\eval\\\\Quantum_e2e_v20251106\\\\Bvt1110\\\\bvtfiles\",\"id\":1987776371828592640,\"isDeleted\":0,\"isTmpFile\":false,\"labelNameList\":[],\"lastModifyTime\":\"2025-09-17T09:45:00\",\"md5\":\"3193e699ffa92db332ae31a9fb1d3cb4\",\"path\":\"C:\\\\Users\\\\XiaoXinPro 16 IAH\\\\Desktop\\\\LRIA_llm_eval\\\\eval\\\\Quantum_e2e_v20251106\\\\Bvt1110\\\\bvtfiles\\\\Belfast-English.docx\",\"priority\":7,\"score\":0.0,\"status\":\"ADDED\",\"tokenNum\":0,\"uriPath\":\"\"},{\"createTime\":\"2025-11-10T14:56:32.823\",\"description\":\"\",\"docName\":\"\",\"editTime\":\"2025-11-10T14:56:32.823\",\"errorDescription\":\"\",\"fileName\":\"British-Food-Culture.doc\",\"folder\":\"C:\\\\Users\\\\XiaoXinPro 16 IAH\\\\Desktop\\\\LRIA_llm_eval\\\\eval\\\\Quantum_e2e_v20251106\\\\Bvt1110\\\\bvtfiles\",\"id\":1987776371925061632,\"isDeleted\":0,\"isTmpFile\":false,\"labelNameList\":[],\"lastModifyTime\":\"2025-09-17T09:45:00\",\"md5\":\"435798f1c3377c7f5b71e18d733ca579\",\"path\":\"C:\\\\Users\\\\XiaoXinPro 16 IAH\\\\Desktop\\\\LRIA_llm_eval\\\\eval\\\\Quantum_e2e_v20251106\\\\Bvt1110\\\\bvtfiles\\\\British-Food-Culture.doc\",\"priority\":8,\"score\":0.0,\"status\":\"ADDED\",\"tokenNum\":0,\"uriPath\":\"\"},{\"createTime\":\"2025-11-10T14:56:32.847\",\"description\":\"\",\"docName\":\"\",\"editTime\":\"2025-11-10T14:56:32.847\",\"errorDescription\":\"\",\"fileName\":\"Netflix Becomes a Broadway Producer With Peter Morgan’s Patriots.txt\",\"folder\":\"C:\\\\Users\\\\XiaoXinPro 16 IAH\\\\Desktop\\\\LRIA_llm_eval\\\\eval\\\\Quantum_e2e_v20251106\\\\Bvt1110\\\\bvtfiles\",\"id\":1987776372025724928,\"isDeleted\":0,\"isTmpFile\":false,\"labelNameList\":[],\"lastModifyTime\":\"2025-09-17T09:46:00\",\"md5\":\"ab84c46eaa62a18048fb0241446da4ca\",\"path\":\"C:\\\\Users\\\\XiaoXinPro 16 IAH\\\\Desktop\\\\LRIA_llm_eval\\\\eval\\\\Quantum_e2e_v20251106\\\\Bvt1110\\\\bvtfiles\\\\Netflix Becomes a Broadway Producer With Peter Morgan’s Patriots.txt\",\"priority\":9,\"score\":0.0,\"status\":\"ADDED\",\"tokenNum\":0,\"uriPath\":\"\"}]"}}
2025-11-10 14:57:29,092 - [Quantum_e2e_20251110.py:340] - [get_register_document] - INFO - 文档数量: 9
2025-11-10 14:57:29,092 - [Quantum_e2e_20251110.py:363] - [get_register_document] - INFO - 文档总数: 9, COMPLETED状态的文档数量: 1
2025-11-10 14:57:29,092 - [Quantum_e2e_20251110.py:395] - [get_register_document] - INFO - 仍有文档在处理中
2025-11-10 14:57:29,092 - [Quantum_e2e_20251110.py:1154] - [process_document_registration_only] - INFO - 文档仍在处理中，等待2秒后重试...
2025-11-10 14:57:31,093 - [Quantum_e2e_20251110.py:1145] - [process_document_registration_only] - INFO - 第27次检查文档处理状态...
2025-11-10 14:57:31,093 - [Quantum_e2e_20251110.py:289] - [get_register_document] - INFO - 检查文档注册状态...
2025-11-10 14:57:31,095 - [connectionpool.py:243] - [_new_conn] - DEBUG - Starting new HTTP connection (1): 127.0.0.1:35253
2025-11-10 14:57:31,099 - [connectionpool.py:546] - [_make_request] - DEBUG - http://127.0.0.1:35253 "POST /upload HTTP/11" 200 18
2025-11-10 14:57:31,099 - [Quantum_e2e_20251110.py:299] - [get_register_document] - INFO - 文档注册已用时间: 58.69秒 (00:58)
2025-11-10 14:57:31,100 - [Quantum_e2e_20251110.py:303] - [get_register_document] - INFO - 成功获取文档列表，upload_id: 896471377913182090
2025-11-10 14:57:31,102 - [connectionpool.py:243] - [_new_conn] - DEBUG - Starting new HTTP connection (1): 127.0.0.1:35253
2025-11-10 14:57:31,108 - [connectionpool.py:546] - [_make_request] - DEBUG - http://127.0.0.1:35253 "GET /query?fileData=896471377913182090 HTTP/11" 200 None
2025-11-10 14:57:31,228 - [Quantum_e2e_20251110.py:583] - [get_response_content_detailed] - INFO - 响应时间: 0.01秒
2025-11-10 14:57:31,229 - [Quantum_e2e_20251110.py:310] - [get_register_document] - INFO - 获取到的result_text: {"jobId":29,"status":"complete","data":{"text":"[{\"createTime\":\"2025-11-10T14:56:32.563\",\"description\":\"\",\"docName\":\"2403.19401\",\"editTime\":\"2025-11-10T14:57:27.725\",\"fileName\":\"2403.19401.pdf\",\"folder\":\"C:\\\\Users\\\\XiaoXinPro 16 IAH\\\\Desktop\\\\LRIA_llm_eval\\\\eval\\\\Quantum_e2e_v20251106\\\\Bvt1110\\\\bvtfiles\",\"id\":1987776370834542592,\"isDeleted\":0,\"isTmpFile\":false,\"labelNameList\":[],\"lastModifyTime\":\"2025-09-17T09:45:00\",\"md5\":\"4ff6ba88616fcf7a71d1dca6c9adc14c\",\"path\":\"C:\\\\Users\\\\XiaoXinPro 16 IAH\\\\Desktop\\\\LRIA_llm_eval\\\\eval\\\\Quantum_e2e_v20251106\\\\Bvt1110\\\\bvtfiles\\\\2403.19401.pdf\",\"previewPath\":\"c:\\\\users\\\\xiaoxinpro 16 iah\\\\documents\\\\qtcore\\\\pdffile\\\\b6e6995c4481f9cd5d6cfb8c79124693.pdf\",\"priority\":1,\"score\":0.0,\"status\":\"COMPLETED\",\"tokenNum\":14092,\"uriPath\":\"\"},{\"createTime\":\"2025-11-10T14:56:32.609\",\"description\":\"\",\"docName\":\"3nql1cs15r8aviz39pth2bpsr4zvy1\",\"editTime\":\"2025-11-10T14:57:30.947\",\"fileName\":\"3nql1cs15r8aviz39pth2bpsr4zvy1.txt\",\"folder\":\"C:\\\\Users\\\\XiaoXinPro 16 IAH\\\\Desktop\\\\LRIA_llm_eval\\\\eval\\\\Quantum_e2e_v20251106\\\\Bvt1110\\\\bvtfiles\",\"id\":1987776371027480576,\"isDeleted\":0,\"isTmpFile\":false,\"labelNameList\":[],\"lastModifyTime\":\"2025-09-17T09:45:00\",\"md5\":\"da0c0f7162b267cca0de596df4c40c56\",\"path\":\"C:\\\\Users\\\\XiaoXinPro 16 IAH\\\\Desktop\\\\LRIA_llm_eval\\\\eval\\\\Quantum_e2e_v20251106\\\\Bvt1110\\\\bvtfiles\\\\3nql1cs15r8aviz39pth2bpsr4zvy1.txt\",\"previewPath\":\"c:\\\\users\\\\xiaoxinpro 16 iah\\\\documents\\\\qtcore\\\\pdffile\\\\db8ff9222bdd0e56ba076310ced4c747.pdf\",\"priority\":2,\"score\":0.0,\"status\":\"COMPLETED\",\"tokenNum\":402,\"uriPath\":\"\"},{\"createTime\":\"2025-11-10T14:56:32.639\",\"description\":\"\",\"docName\":\"\",\"editTime\":\"2025-11-10T14:57:30.975\",\"fileName\":\"3u84xhcdicdb6vqtlfud7syhj444z2.txt\",\"folder\":\"C:\\\\Users\\\\XiaoXinPro 16 IAH\\\\Desktop\\\\LRIA_llm_eval\\\\eval\\\\Quantum_e2e_v20251106\\\\Bvt1110\\\\bvtfiles\",\"id\":1987776371153309696,\"isDeleted\":0,\"isTmpFile\":false,\"labelNameList\":[],\"lastModifyTime\":\"2025-09-17T09:45:00\",\"md5\":\"a80f0ad4af9fd250a462680c85e6fbf0\",\"path\":\"C:\\\\Users\\\\XiaoXinPro 16 IAH\\\\Desktop\\\\LRIA_llm_eval\\\\eval\\\\Quantum_e2e_v20251106\\\\Bvt1110\\\\bvtfiles\\\\3u84xhcdicdb6vqtlfud7syhj444z2.txt\",\"priority\":3,\"score\":0.0,\"status\":\"RUNNING\",\"tokenNum\":0,\"uriPath\":\"\"},{\"createTime\":\"2025-11-10T14:56:32.666\",\"description\":\"\",\"docName\":\"\",\"editTime\":\"2025-11-10T14:56:32.666\",\"errorDescription\":\"\",\"fileName\":\"3z3zlgnnsiuha76yy56h6uu71bh3q1.txt\",\"folder\":\"C:\\\\Users\\\\XiaoXinPro 16 IAH\\\\Desktop\\\\LRIA_llm_eval\\\\eval\\\\Quantum_e2e_v20251106\\\\Bvt1110\\\\bvtfiles\",\"id\":1987776371266555904,\"isDeleted\":0,\"isTmpFile\":false,\"labelNameList\":[],\"lastModifyTime\":\"2025-09-17T09:45:00\",\"md5\":\"bb28043dd606535bdcaf1ee30346b0f9\",\"path\":\"C:\\\\Users\\\\XiaoXinPro 16 IAH\\\\Desktop\\\\LRIA_llm_eval\\\\eval\\\\Quantum_e2e_v20251106\\\\Bvt1110\\\\bvtfiles\\\\3z3zlgnnsiuha76yy56h6uu71bh3q1.txt\",\"priority\":4,\"score\":0.0,\"status\":\"ADDED\",\"tokenNum\":0,\"uriPath\":\"\"},{\"createTime\":\"2025-11-10T14:56:32.695\",\"description\":\"\",\"docName\":\"\",\"editTime\":\"2025-11-10T14:56:32.695\",\"errorDescription\":\"\",\"fileName\":\"AI_Face_Test_Set_Collection_Method_Design.pptx\",\"folder\":\"C:\\\\Users\\\\XiaoXinPro 16 IAH\\\\Desktop\\\\LRIA_llm_eval\\\\eval\\\\Quantum_e2e_v20251106\\\\Bvt1110\\\\bvtfiles\",\"id\":1987776371388190720,\"isDeleted\":0,\"isTmpFile\":false,\"labelNameList\":[],\"lastModifyTime\":\"2025-09-17T09:46:00\",\"md5\":\"b0f396e7936e0f6192cd880927e8e74b\",\"path\":\"C:\\\\Users\\\\XiaoXinPro 16 IAH\\\\Desktop\\\\LRIA_llm_eval\\\\eval\\\\Quantum_e2e_v20251106\\\\Bvt1110\\\\bvtfiles\\\\AI_Face_Test_Set_Collection_Method_Design.pptx\",\"priority\":5,\"score\":0.0,\"status\":\"ADDED\",\"tokenNum\":0,\"uriPath\":\"\"},{\"createTime\":\"2025-11-10T14:56:32.726\",\"description\":\"\",\"docName\":\"\",\"editTime\":\"2025-11-10T14:56:32.726\",\"errorDescription\":\"\",\"fileName\":\"A_brief_introduction_of_LP_liutao21_20220615.pptx\",\"folder\":\"C:\\\\Users\\\\XiaoXinPro 16 IAH\\\\Desktop\\\\LRIA_llm_eval\\\\eval\\\\Quantum_e2e_v20251106\\\\Bvt1110\\\\bvtfiles\",\"id\":1987776371518214144,\"isDeleted\":0,\"isTmpFile\":false,\"labelNameList\":[],\"lastModifyTime\":\"2025-09-17T09:46:00\",\"md5\":\"0dbb2532524843af54fb3388b7bf3381\",\"path\":\"C:\\\\Users\\\\XiaoXinPro 16 IAH\\\\Desktop\\\\LRIA_llm_eval\\\\eval\\\\Quantum_e2e_v20251106\\\\Bvt1110\\\\bvtfiles\\\\A_brief_introduction_of_LP_liutao21_20220615.pptx\",\"priority\":6,\"score\":0.0,\"status\":\"ADDED\",\"tokenNum\":0,\"uriPath\":\"\"},{\"createTime\":\"2025-11-10T14:56:32.800\",\"description\":\"\",\"docName\":\"\",\"editTime\":\"2025-11-10T14:56:32.800\",\"errorDescription\":\"\",\"fileName\":\"Belfast-English.docx\",\"folder\":\"C:\\\\Users\\\\XiaoXinPro 16 IAH\\\\Desktop\\\\LRIA_llm_eval\\\\eval\\\\Quantum_e2e_v20251106\\\\Bvt1110\\\\bvtfiles\",\"id\":1987776371828592640,\"isDeleted\":0,\"isTmpFile\":false,\"labelNameList\":[],\"lastModifyTime\":\"2025-09-17T09:45:00\",\"md5\":\"3193e699ffa92db332ae31a9fb1d3cb4\",\"path\":\"C:\\\\Users\\\\XiaoXinPro 16 IAH\\\\Desktop\\\\LRIA_llm_eval\\\\eval\\\\Quantum_e2e_v20251106\\\\Bvt1110\\\\bvtfiles\\\\Belfast-English.docx\",\"priority\":7,\"score\":0.0,\"status\":\"ADDED\",\"tokenNum\":0,\"uriPath\":\"\"},{\"createTime\":\"2025-11-10T14:56:32.823\",\"description\":\"\",\"docName\":\"\",\"editTime\":\"2025-11-10T14:56:32.823\",\"errorDescription\":\"\",\"fileName\":\"British-Food-Culture.doc\",\"folder\":\"C:\\\\Users\\\\XiaoXinPro 16 IAH\\\\Desktop\\\\LRIA_llm_eval\\\\eval\\\\Quantum_e2e_v20251106\\\\Bvt1110\\\\bvtfiles\",\"id\":1987776371925061632,\"isDeleted\":0,\"isTmpFile\":false,\"labelNameList\":[],\"lastModifyTime\":\"2025-09-17T09:45:00\",\"md5\":\"435798f1c3377c7f5b71e18d733ca579\",\"path\":\"C:\\\\Users\\\\XiaoXinPro 16 IAH\\\\Desktop\\\\LRIA_llm_eval\\\\eval\\\\Quantum_e2e_v20251106\\\\Bvt1110\\\\bvtfiles\\\\British-Food-Culture.doc\",\"priority\":8,\"score\":0.0,\"status\":\"ADDED\",\"tokenNum\":0,\"uriPath\":\"\"},{\"createTime\":\"2025-11-10T14:56:32.847\",\"description\":\"\",\"docName\":\"\",\"editTime\":\"2025-11-10T14:56:32.847\",\"errorDescription\":\"\",\"fileName\":\"Netflix Becomes a Broadway Producer With Peter Morgan’s Patriots.txt\",\"folder\":\"C:\\\\Users\\\\XiaoXinPro 16 IAH\\\\Desktop\\\\LRIA_llm_eval\\\\eval\\\\Quantum_e2e_v20251106\\\\Bvt1110\\\\bvtfiles\",\"id\":1987776372025724928,\"isDeleted\":0,\"isTmpFile\":false,\"labelNameList\":[],\"lastModifyTime\":\"2025-09-17T09:46:00\",\"md5\":\"ab84c46eaa62a18048fb0241446da4ca\",\"path\":\"C:\\\\Users\\\\XiaoXinPro 16 IAH\\\\Desktop\\\\LRIA_llm_eval\\\\eval\\\\Quantum_e2e_v20251106\\\\Bvt1110\\\\bvtfiles\\\\Netflix Becomes a Broadway Producer With Peter Morgan’s Patriots.txt\",\"priority\":9,\"score\":0.0,\"status\":\"ADDED\",\"tokenNum\":0,\"uriPath\":\"\"}]"}}
2025-11-10 14:57:31,229 - [Quantum_e2e_20251110.py:340] - [get_register_document] - INFO - 文档数量: 9
2025-11-10 14:57:31,229 - [Quantum_e2e_20251110.py:363] - [get_register_document] - INFO - 文档总数: 9, COMPLETED状态的文档数量: 2
2025-11-10 14:57:31,230 - [Quantum_e2e_20251110.py:395] - [get_register_document] - INFO - 仍有文档在处理中
2025-11-10 14:57:31,230 - [Quantum_e2e_20251110.py:1154] - [process_document_registration_only] - INFO - 文档仍在处理中，等待2秒后重试...
2025-11-10 14:57:33,234 - [Quantum_e2e_20251110.py:1145] - [process_document_registration_only] - INFO - 第28次检查文档处理状态...
2025-11-10 14:57:33,237 - [Quantum_e2e_20251110.py:289] - [get_register_document] - INFO - 检查文档注册状态...
2025-11-10 14:57:33,240 - [connectionpool.py:243] - [_new_conn] - DEBUG - Starting new HTTP connection (1): 127.0.0.1:35253
2025-11-10 14:57:33,243 - [connectionpool.py:546] - [_make_request] - DEBUG - http://127.0.0.1:35253 "POST /upload HTTP/11" 200 20
2025-11-10 14:57:33,244 - [Quantum_e2e_20251110.py:299] - [get_register_document] - INFO - 文档注册已用时间: 60.83秒 (01:00)
2025-11-10 14:57:33,244 - [Quantum_e2e_20251110.py:303] - [get_register_document] - INFO - 成功获取文档列表，upload_id: -1525416381773280679
2025-11-10 14:57:33,246 - [connectionpool.py:243] - [_new_conn] - DEBUG - Starting new HTTP connection (1): 127.0.0.1:35253
2025-11-10 14:57:33,251 - [connectionpool.py:546] - [_make_request] - DEBUG - http://127.0.0.1:35253 "GET /query?fileData=-1525416381773280679 HTTP/11" 200 None
2025-11-10 14:57:33,386 - [Quantum_e2e_20251110.py:583] - [get_response_content_detailed] - INFO - 响应时间: 0.01秒
2025-11-10 14:57:33,389 - [Quantum_e2e_20251110.py:310] - [get_register_document] - INFO - 获取到的result_text: {"jobId":30,"status":"complete","data":{"text":"[{\"createTime\":\"2025-11-10T14:56:32.563\",\"description\":\"\",\"docName\":\"2403.19401\",\"editTime\":\"2025-11-10T14:57:27.725\",\"fileName\":\"2403.19401.pdf\",\"folder\":\"C:\\\\Users\\\\XiaoXinPro 16 IAH\\\\Desktop\\\\LRIA_llm_eval\\\\eval\\\\Quantum_e2e_v20251106\\\\Bvt1110\\\\bvtfiles\",\"id\":1987776370834542592,\"isDeleted\":0,\"isTmpFile\":false,\"labelNameList\":[],\"lastModifyTime\":\"2025-09-17T09:45:00\",\"md5\":\"4ff6ba88616fcf7a71d1dca6c9adc14c\",\"path\":\"C:\\\\Users\\\\XiaoXinPro 16 IAH\\\\Desktop\\\\LRIA_llm_eval\\\\eval\\\\Quantum_e2e_v20251106\\\\Bvt1110\\\\bvtfiles\\\\2403.19401.pdf\",\"previewPath\":\"c:\\\\users\\\\xiaoxinpro 16 iah\\\\documents\\\\qtcore\\\\pdffile\\\\b6e6995c4481f9cd5d6cfb8c79124693.pdf\",\"priority\":1,\"score\":0.0,\"status\":\"COMPLETED\",\"tokenNum\":14092,\"uriPath\":\"\"},{\"createTime\":\"2025-11-10T14:56:32.609\",\"description\":\"\",\"docName\":\"3nql1cs15r8aviz39pth2bpsr4zvy1\",\"editTime\":\"2025-11-10T14:57:30.947\",\"fileName\":\"3nql1cs15r8aviz39pth2bpsr4zvy1.txt\",\"folder\":\"C:\\\\Users\\\\XiaoXinPro 16 IAH\\\\Desktop\\\\LRIA_llm_eval\\\\eval\\\\Quantum_e2e_v20251106\\\\Bvt1110\\\\bvtfiles\",\"id\":1987776371027480576,\"isDeleted\":0,\"isTmpFile\":false,\"labelNameList\":[],\"lastModifyTime\":\"2025-09-17T09:45:00\",\"md5\":\"da0c0f7162b267cca0de596df4c40c56\",\"path\":\"C:\\\\Users\\\\XiaoXinPro 16 IAH\\\\Desktop\\\\LRIA_llm_eval\\\\eval\\\\Quantum_e2e_v20251106\\\\Bvt1110\\\\bvtfiles\\\\3nql1cs15r8aviz39pth2bpsr4zvy1.txt\",\"previewPath\":\"c:\\\\users\\\\xiaoxinpro 16 iah\\\\documents\\\\qtcore\\\\pdffile\\\\db8ff9222bdd0e56ba076310ced4c747.pdf\",\"priority\":2,\"score\":0.0,\"status\":\"COMPLETED\",\"tokenNum\":402,\"uriPath\":\"\"},{\"createTime\":\"2025-11-10T14:56:32.639\",\"description\":\"\",\"docName\":\"\",\"editTime\":\"2025-11-10T14:57:30.975\",\"fileName\":\"3u84xhcdicdb6vqtlfud7syhj444z2.txt\",\"folder\":\"C:\\\\Users\\\\XiaoXinPro 16 IAH\\\\Desktop\\\\LRIA_llm_eval\\\\eval\\\\Quantum_e2e_v20251106\\\\Bvt1110\\\\bvtfiles\",\"id\":1987776371153309696,\"isDeleted\":0,\"isTmpFile\":false,\"labelNameList\":[],\"lastModifyTime\":\"2025-09-17T09:45:00\",\"md5\":\"a80f0ad4af9fd250a462680c85e6fbf0\",\"path\":\"C:\\\\Users\\\\XiaoXinPro 16 IAH\\\\Desktop\\\\LRIA_llm_eval\\\\eval\\\\Quantum_e2e_v20251106\\\\Bvt1110\\\\bvtfiles\\\\3u84xhcdicdb6vqtlfud7syhj444z2.txt\",\"priority\":3,\"score\":0.0,\"status\":\"RUNNING\",\"tokenNum\":0,\"uriPath\":\"\"},{\"createTime\":\"2025-11-10T14:56:32.666\",\"description\":\"\",\"docName\":\"\",\"editTime\":\"2025-11-10T14:56:32.666\",\"errorDescription\":\"\",\"fileName\":\"3z3zlgnnsiuha76yy56h6uu71bh3q1.txt\",\"folder\":\"C:\\\\Users\\\\XiaoXinPro 16 IAH\\\\Desktop\\\\LRIA_llm_eval\\\\eval\\\\Quantum_e2e_v20251106\\\\Bvt1110\\\\bvtfiles\",\"id\":1987776371266555904,\"isDeleted\":0,\"isTmpFile\":false,\"labelNameList\":[],\"lastModifyTime\":\"2025-09-17T09:45:00\",\"md5\":\"bb28043dd606535bdcaf1ee30346b0f9\",\"path\":\"C:\\\\Users\\\\XiaoXinPro 16 IAH\\\\Desktop\\\\LRIA_llm_eval\\\\eval\\\\Quantum_e2e_v20251106\\\\Bvt1110\\\\bvtfiles\\\\3z3zlgnnsiuha76yy56h6uu71bh3q1.txt\",\"priority\":4,\"score\":0.0,\"status\":\"ADDED\",\"tokenNum\":0,\"uriPath\":\"\"},{\"createTime\":\"2025-11-10T14:56:32.695\",\"description\":\"\",\"docName\":\"\",\"editTime\":\"2025-11-10T14:56:32.695\",\"errorDescription\":\"\",\"fileName\":\"AI_Face_Test_Set_Collection_Method_Design.pptx\",\"folder\":\"C:\\\\Users\\\\XiaoXinPro 16 IAH\\\\Desktop\\\\LRIA_llm_eval\\\\eval\\\\Quantum_e2e_v20251106\\\\Bvt1110\\\\bvtfiles\",\"id\":1987776371388190720,\"isDeleted\":0,\"isTmpFile\":false,\"labelNameList\":[],\"lastModifyTime\":\"2025-09-17T09:46:00\",\"md5\":\"b0f396e7936e0f6192cd880927e8e74b\",\"path\":\"C:\\\\Users\\\\XiaoXinPro 16 IAH\\\\Desktop\\\\LRIA_llm_eval\\\\eval\\\\Quantum_e2e_v20251106\\\\Bvt1110\\\\bvtfiles\\\\AI_Face_Test_Set_Collection_Method_Design.pptx\",\"priority\":5,\"score\":0.0,\"status\":\"ADDED\",\"tokenNum\":0,\"uriPath\":\"\"},{\"createTime\":\"2025-11-10T14:56:32.726\",\"description\":\"\",\"docName\":\"\",\"editTime\":\"2025-11-10T14:56:32.726\",\"errorDescription\":\"\",\"fileName\":\"A_brief_introduction_of_LP_liutao21_20220615.pptx\",\"folder\":\"C:\\\\Users\\\\XiaoXinPro 16 IAH\\\\Desktop\\\\LRIA_llm_eval\\\\eval\\\\Quantum_e2e_v20251106\\\\Bvt1110\\\\bvtfiles\",\"id\":1987776371518214144,\"isDeleted\":0,\"isTmpFile\":false,\"labelNameList\":[],\"lastModifyTime\":\"2025-09-17T09:46:00\",\"md5\":\"0dbb2532524843af54fb3388b7bf3381\",\"path\":\"C:\\\\Users\\\\XiaoXinPro 16 IAH\\\\Desktop\\\\LRIA_llm_eval\\\\eval\\\\Quantum_e2e_v20251106\\\\Bvt1110\\\\bvtfiles\\\\A_brief_introduction_of_LP_liutao21_20220615.pptx\",\"priority\":6,\"score\":0.0,\"status\":\"ADDED\",\"tokenNum\":0,\"uriPath\":\"\"},{\"createTime\":\"2025-11-10T14:56:32.800\",\"description\":\"\",\"docName\":\"\",\"editTime\":\"2025-11-10T14:56:32.800\",\"errorDescription\":\"\",\"fileName\":\"Belfast-English.docx\",\"folder\":\"C:\\\\Users\\\\XiaoXinPro 16 IAH\\\\Desktop\\\\LRIA_llm_eval\\\\eval\\\\Quantum_e2e_v20251106\\\\Bvt1110\\\\bvtfiles\",\"id\":1987776371828592640,\"isDeleted\":0,\"isTmpFile\":false,\"labelNameList\":[],\"lastModifyTime\":\"2025-09-17T09:45:00\",\"md5\":\"3193e699ffa92db332ae31a9fb1d3cb4\",\"path\":\"C:\\\\Users\\\\XiaoXinPro 16 IAH\\\\Desktop\\\\LRIA_llm_eval\\\\eval\\\\Quantum_e2e_v20251106\\\\Bvt1110\\\\bvtfiles\\\\Belfast-English.docx\",\"priority\":7,\"score\":0.0,\"status\":\"ADDED\",\"tokenNum\":0,\"uriPath\":\"\"},{\"createTime\":\"2025-11-10T14:56:32.823\",\"description\":\"\",\"docName\":\"\",\"editTime\":\"2025-11-10T14:56:32.823\",\"errorDescription\":\"\",\"fileName\":\"British-Food-Culture.doc\",\"folder\":\"C:\\\\Users\\\\XiaoXinPro 16 IAH\\\\Desktop\\\\LRIA_llm_eval\\\\eval\\\\Quantum_e2e_v20251106\\\\Bvt1110\\\\bvtfiles\",\"id\":1987776371925061632,\"isDeleted\":0,\"isTmpFile\":false,\"labelNameList\":[],\"lastModifyTime\":\"2025-09-17T09:45:00\",\"md5\":\"435798f1c3377c7f5b71e18d733ca579\",\"path\":\"C:\\\\Users\\\\XiaoXinPro 16 IAH\\\\Desktop\\\\LRIA_llm_eval\\\\eval\\\\Quantum_e2e_v20251106\\\\Bvt1110\\\\bvtfiles\\\\British-Food-Culture.doc\",\"priority\":8,\"score\":0.0,\"status\":\"ADDED\",\"tokenNum\":0,\"uriPath\":\"\"},{\"createTime\":\"2025-11-10T14:56:32.847\",\"description\":\"\",\"docName\":\"\",\"editTime\":\"2025-11-10T14:56:32.847\",\"errorDescription\":\"\",\"fileName\":\"Netflix Becomes a Broadway Producer With Peter Morgan’s Patriots.txt\",\"folder\":\"C:\\\\Users\\\\XiaoXinPro 16 IAH\\\\Desktop\\\\LRIA_llm_eval\\\\eval\\\\Quantum_e2e_v20251106\\\\Bvt1110\\\\bvtfiles\",\"id\":1987776372025724928,\"isDeleted\":0,\"isTmpFile\":false,\"labelNameList\":[],\"lastModifyTime\":\"2025-09-17T09:46:00\",\"md5\":\"ab84c46eaa62a18048fb0241446da4ca\",\"path\":\"C:\\\\Users\\\\XiaoXinPro 16 IAH\\\\Desktop\\\\LRIA_llm_eval\\\\eval\\\\Quantum_e2e_v20251106\\\\Bvt1110\\\\bvtfiles\\\\Netflix Becomes a Broadway Producer With Peter Morgan’s Patriots.txt\",\"priority\":9,\"score\":0.0,\"status\":\"ADDED\",\"tokenNum\":0,\"uriPath\":\"\"}]"}}
2025-11-10 14:57:33,390 - [Quantum_e2e_20251110.py:340] - [get_register_document] - INFO - 文档数量: 9
2025-11-10 14:57:33,390 - [Quantum_e2e_20251110.py:363] - [get_register_document] - INFO - 文档总数: 9, COMPLETED状态的文档数量: 2
2025-11-10 14:57:33,390 - [Quantum_e2e_20251110.py:395] - [get_register_document] - INFO - 仍有文档在处理中
2025-11-10 14:57:33,391 - [Quantum_e2e_20251110.py:1154] - [process_document_registration_only] - INFO - 文档仍在处理中，等待2秒后重试...
2025-11-10 14:57:35,397 - [Quantum_e2e_20251110.py:1145] - [process_document_registration_only] - INFO - 第29次检查文档处理状态...
2025-11-10 14:57:35,397 - [Quantum_e2e_20251110.py:289] - [get_register_document] - INFO - 检查文档注册状态...
2025-11-10 14:57:35,400 - [connectionpool.py:243] - [_new_conn] - DEBUG - Starting new HTTP connection (1): 127.0.0.1:35253
2025-11-10 14:57:35,403 - [connectionpool.py:546] - [_make_request] - DEBUG - http://127.0.0.1:35253 "POST /upload HTTP/11" 200 20
2025-11-10 14:57:35,404 - [Quantum_e2e_20251110.py:299] - [get_register_document] - INFO - 文档注册已用时间: 62.99秒 (01:02)
2025-11-10 14:57:35,404 - [Quantum_e2e_20251110.py:303] - [get_register_document] - INFO - 成功获取文档列表，upload_id: -8910467354828802577
2025-11-10 14:57:35,405 - [connectionpool.py:243] - [_new_conn] - DEBUG - Starting new HTTP connection (1): 127.0.0.1:35253
2025-11-10 14:57:35,412 - [connectionpool.py:546] - [_make_request] - DEBUG - http://127.0.0.1:35253 "GET /query?fileData=-8910467354828802577 HTTP/11" 200 None
2025-11-10 14:57:35,534 - [Quantum_e2e_20251110.py:583] - [get_response_content_detailed] - INFO - 响应时间: 0.01秒
2025-11-10 14:57:35,534 - [Quantum_e2e_20251110.py:310] - [get_register_document] - INFO - 获取到的result_text: {"jobId":31,"status":"complete","data":{"text":"[{\"createTime\":\"2025-11-10T14:56:32.563\",\"description\":\"\",\"docName\":\"2403.19401\",\"editTime\":\"2025-11-10T14:57:27.725\",\"fileName\":\"2403.19401.pdf\",\"folder\":\"C:\\\\Users\\\\XiaoXinPro 16 IAH\\\\Desktop\\\\LRIA_llm_eval\\\\eval\\\\Quantum_e2e_v20251106\\\\Bvt1110\\\\bvtfiles\",\"id\":1987776370834542592,\"isDeleted\":0,\"isTmpFile\":false,\"labelNameList\":[],\"lastModifyTime\":\"2025-09-17T09:45:00\",\"md5\":\"4ff6ba88616fcf7a71d1dca6c9adc14c\",\"path\":\"C:\\\\Users\\\\XiaoXinPro 16 IAH\\\\Desktop\\\\LRIA_llm_eval\\\\eval\\\\Quantum_e2e_v20251106\\\\Bvt1110\\\\bvtfiles\\\\2403.19401.pdf\",\"previewPath\":\"c:\\\\users\\\\xiaoxinpro 16 iah\\\\documents\\\\qtcore\\\\pdffile\\\\b6e6995c4481f9cd5d6cfb8c79124693.pdf\",\"priority\":1,\"score\":0.0,\"status\":\"COMPLETED\",\"tokenNum\":14092,\"uriPath\":\"\"},{\"createTime\":\"2025-11-10T14:56:32.609\",\"description\":\"A One Day International (ODI) is a format of limited overs cricket played between teams with international status, typically consisting of 50 overs per side. Originating in the late twentieth century, the first ODI was played in 1971 between Australia and England after rain affected a Test match. Initially, ODIs featured white kits and a red ball. The late 1970s saw significant innovations through Kerry Packer's World Series Cricket, introducing colored uniforms, night games under floodlights using a white ball, and enhanced television broadcasts with multiple camera angles and audio effects. These changes increased professionalism in the sport, with international players receiving payments and TV rights shifting to Channel 9 in Australia. Over time, colored kits and the white ball became the norm, with the traditional white flannels and red ball phased out by 2001. ODIs are considered the pinnacle of List A cricket, with the format used in major tournaments like the Cricket World Cup.\",\"docName\":\"3nql1cs15r8aviz39pth2bpsr4zvy1\",\"editTime\":\"2025-11-10T14:57:34.270\",\"fileName\":\"3nql1cs15r8aviz39pth2bpsr4zvy1.txt\",\"folder\":\"C:\\\\Users\\\\XiaoXinPro 16 IAH\\\\Desktop\\\\LRIA_llm_eval\\\\eval\\\\Quantum_e2e_v20251106\\\\Bvt1110\\\\bvtfiles\",\"id\":1987776371027480576,\"isDeleted\":0,\"isTmpFile\":false,\"labelNameList\":[\"Sport\",\"Informational\",\"History\"],\"lastModifyTime\":\"2025-09-17T09:45:00\",\"md5\":\"da0c0f7162b267cca0de596df4c40c56\",\"path\":\"C:\\\\Users\\\\XiaoXinPro 16 IAH\\\\Desktop\\\\LRIA_llm_eval\\\\eval\\\\Quantum_e2e_v20251106\\\\Bvt1110\\\\bvtfiles\\\\3nql1cs15r8aviz39pth2bpsr4zvy1.txt\",\"previewPath\":\"c:\\\\users\\\\xiaoxinpro 16 iah\\\\documents\\\\qtcore\\\\pdffile\\\\db8ff9222bdd0e56ba076310ced4c747.pdf\",\"priority\":2,\"score\":0.0,\"status\":\"COMPLETED\",\"tokenNum\":402,\"uriPath\":\"\"},{\"createTime\":\"2025-11-10T14:56:32.639\",\"description\":\"\",\"docName\":\"3u84xhcdicdb6vqtlfud7syhj444z2\",\"editTime\":\"2025-11-10T14:57:34.138\",\"fileName\":\"3u84xhcdicdb6vqtlfud7syhj444z2.txt\",\"folder\":\"C:\\\\Users\\\\XiaoXinPro 16 IAH\\\\Desktop\\\\LRIA_llm_eval\\\\eval\\\\Quantum_e2e_v20251106\\\\Bvt1110\\\\bvtfiles\",\"id\":1987776371153309696,\"isDeleted\":0,\"isTmpFile\":false,\"labelNameList\":[],\"lastModifyTime\":\"2025-09-17T09:45:00\",\"md5\":\"a80f0ad4af9fd250a462680c85e6fbf0\",\"path\":\"C:\\\\Users\\\\XiaoXinPro 16 IAH\\\\Desktop\\\\LRIA_llm_eval\\\\eval\\\\Quantum_e2e_v20251106\\\\Bvt1110\\\\bvtfiles\\\\3u84xhcdicdb6vqtlfud7syhj444z2.txt\",\"previewPath\":\"c:\\\\users\\\\xiaoxinpro 16 iah\\\\documents\\\\qtcore\\\\pdffile\\\\4bb6e885c6b375f7991ed237ae550f5a.pdf\",\"priority\":3,\"score\":0.0,\"status\":\"COMPLETED\",\"tokenNum\":414,\"uriPath\":\"\"},{\"createTime\":\"2025-11-10T14:56:32.666\",\"description\":\"\",\"docName\":\"\",\"editTime\":\"2025-11-10T14:57:34.164\",\"fileName\":\"3z3zlgnnsiuha76yy56h6uu71bh3q1.txt\",\"folder\":\"C:\\\\Users\\\\XiaoXinPro 16 IAH\\\\Desktop\\\\LRIA_llm_eval\\\\eval\\\\Quantum_e2e_v20251106\\\\Bvt1110\\\\bvtfiles\",\"id\":1987776371266555904,\"isDeleted\":0,\"isTmpFile\":false,\"labelNameList\":[],\"lastModifyTime\":\"2025-09-17T09:45:00\",\"md5\":\"bb28043dd606535bdcaf1ee30346b0f9\",\"path\":\"C:\\\\Users\\\\XiaoXinPro 16 IAH\\\\Desktop\\\\LRIA_llm_eval\\\\eval\\\\Quantum_e2e_v20251106\\\\Bvt1110\\\\bvtfiles\\\\3z3zlgnnsiuha76yy56h6uu71bh3q1.txt\",\"priority\":4,\"score\":0.0,\"status\":\"RUNNING\",\"tokenNum\":0,\"uriPath\":\"\"},{\"createTime\":\"2025-11-10T14:56:32.695\",\"description\":\"\",\"docName\":\"\",\"editTime\":\"2025-11-10T14:56:32.695\",\"errorDescription\":\"\",\"fileName\":\"AI_Face_Test_Set_Collection_Method_Design.pptx\",\"folder\":\"C:\\\\Users\\\\XiaoXinPro 16 IAH\\\\Desktop\\\\LRIA_llm_eval\\\\eval\\\\Quantum_e2e_v20251106\\\\Bvt1110\\\\bvtfiles\",\"id\":1987776371388190720,\"isDeleted\":0,\"isTmpFile\":false,\"labelNameList\":[],\"lastModifyTime\":\"2025-09-17T09:46:00\",\"md5\":\"b0f396e7936e0f6192cd880927e8e74b\",\"path\":\"C:\\\\Users\\\\XiaoXinPro 16 IAH\\\\Desktop\\\\LRIA_llm_eval\\\\eval\\\\Quantum_e2e_v20251106\\\\Bvt1110\\\\bvtfiles\\\\AI_Face_Test_Set_Collection_Method_Design.pptx\",\"priority\":5,\"score\":0.0,\"status\":\"ADDED\",\"tokenNum\":0,\"uriPath\":\"\"},{\"createTime\":\"2025-11-10T14:56:32.726\",\"description\":\"\",\"docName\":\"\",\"editTime\":\"2025-11-10T14:56:32.726\",\"errorDescription\":\"\",\"fileName\":\"A_brief_introduction_of_LP_liutao21_20220615.pptx\",\"folder\":\"C:\\\\Users\\\\XiaoXinPro 16 IAH\\\\Desktop\\\\LRIA_llm_eval\\\\eval\\\\Quantum_e2e_v20251106\\\\Bvt1110\\\\bvtfiles\",\"id\":1987776371518214144,\"isDeleted\":0,\"isTmpFile\":false,\"labelNameList\":[],\"lastModifyTime\":\"2025-09-17T09:46:00\",\"md5\":\"0dbb2532524843af54fb3388b7bf3381\",\"path\":\"C:\\\\Users\\\\XiaoXinPro 16 IAH\\\\Desktop\\\\LRIA_llm_eval\\\\eval\\\\Quantum_e2e_v20251106\\\\Bvt1110\\\\bvtfiles\\\\A_brief_introduction_of_LP_liutao21_20220615.pptx\",\"priority\":6,\"score\":0.0,\"status\":\"ADDED\",\"tokenNum\":0,\"uriPath\":\"\"},{\"createTime\":\"2025-11-10T14:56:32.800\",\"description\":\"\",\"docName\":\"\",\"editTime\":\"2025-11-10T14:56:32.800\",\"errorDescription\":\"\",\"fileName\":\"Belfast-English.docx\",\"folder\":\"C:\\\\Users\\\\XiaoXinPro 16 IAH\\\\Desktop\\\\LRIA_llm_eval\\\\eval\\\\Quantum_e2e_v20251106\\\\Bvt1110\\\\bvtfiles\",\"id\":1987776371828592640,\"isDeleted\":0,\"isTmpFile\":false,\"labelNameList\":[],\"lastModifyTime\":\"2025-09-17T09:45:00\",\"md5\":\"3193e699ffa92db332ae31a9fb1d3cb4\",\"path\":\"C:\\\\Users\\\\XiaoXinPro 16 IAH\\\\Desktop\\\\LRIA_llm_eval\\\\eval\\\\Quantum_e2e_v20251106\\\\Bvt1110\\\\bvtfiles\\\\Belfast-English.docx\",\"priority\":7,\"score\":0.0,\"status\":\"ADDED\",\"tokenNum\":0,\"uriPath\":\"\"},{\"createTime\":\"2025-11-10T14:56:32.823\",\"description\":\"\",\"docName\":\"\",\"editTime\":\"2025-11-10T14:56:32.823\",\"errorDescription\":\"\",\"fileName\":\"British-Food-Culture.doc\",\"folder\":\"C:\\\\Users\\\\XiaoXinPro 16 IAH\\\\Desktop\\\\LRIA_llm_eval\\\\eval\\\\Quantum_e2e_v20251106\\\\Bvt1110\\\\bvtfiles\",\"id\":1987776371925061632,\"isDeleted\":0,\"isTmpFile\":false,\"labelNameList\":[],\"lastModifyTime\":\"2025-09-17T09:45:00\",\"md5\":\"435798f1c3377c7f5b71e18d733ca579\",\"path\":\"C:\\\\Users\\\\XiaoXinPro 16 IAH\\\\Desktop\\\\LRIA_llm_eval\\\\eval\\\\Quantum_e2e_v20251106\\\\Bvt1110\\\\bvtfiles\\\\British-Food-Culture.doc\",\"priority\":8,\"score\":0.0,\"status\":\"ADDED\",\"tokenNum\":0,\"uriPath\":\"\"},{\"createTime\":\"2025-11-10T14:56:32.847\",\"description\":\"\",\"docName\":\"\",\"editTime\":\"2025-11-10T14:56:32.847\",\"errorDescription\":\"\",\"fileName\":\"Netflix Becomes a Broadway Producer With Peter Morgan’s Patriots.txt\",\"folder\":\"C:\\\\Users\\\\XiaoXinPro 16 IAH\\\\Desktop\\\\LRIA_llm_eval\\\\eval\\\\Quantum_e2e_v20251106\\\\Bvt1110\\\\bvtfiles\",\"id\":1987776372025724928,\"isDeleted\":0,\"isTmpFile\":false,\"labelNameList\":[],\"lastModifyTime\":\"2025-09-17T09:46:00\",\"md5\":\"ab84c46eaa62a18048fb0241446da4ca\",\"path\":\"C:\\\\Users\\\\XiaoXinPro 16 IAH\\\\Desktop\\\\LRIA_llm_eval\\\\eval\\\\Quantum_e2e_v20251106\\\\Bvt1110\\\\bvtfiles\\\\Netflix Becomes a Broadway Producer With Peter Morgan’s Patriots.txt\",\"priority\":9,\"score\":0.0,\"status\":\"ADDED\",\"tokenNum\":0,\"uriPath\":\"\"}]"}}
2025-11-10 14:57:35,535 - [Quantum_e2e_20251110.py:340] - [get_register_document] - INFO - 文档数量: 9
2025-11-10 14:57:35,535 - [Quantum_e2e_20251110.py:363] - [get_register_document] - INFO - 文档总数: 9, COMPLETED状态的文档数量: 3
2025-11-10 14:57:35,535 - [Quantum_e2e_20251110.py:395] - [get_register_document] - INFO - 仍有文档在处理中
2025-11-10 14:57:35,536 - [Quantum_e2e_20251110.py:1154] - [process_document_registration_only] - INFO - 文档仍在处理中，等待2秒后重试...
2025-11-10 14:57:37,549 - [Quantum_e2e_20251110.py:1145] - [process_document_registration_only] - INFO - 第30次检查文档处理状态...
2025-11-10 14:57:37,549 - [Quantum_e2e_20251110.py:289] - [get_register_document] - INFO - 检查文档注册状态...
2025-11-10 14:57:37,551 - [connectionpool.py:243] - [_new_conn] - DEBUG - Starting new HTTP connection (1): 127.0.0.1:35253
2025-11-10 14:57:37,555 - [connectionpool.py:546] - [_make_request] - DEBUG - http://127.0.0.1:35253 "POST /upload HTTP/11" 200 20
2025-11-10 14:57:37,555 - [Quantum_e2e_20251110.py:299] - [get_register_document] - INFO - 文档注册已用时间: 65.14秒 (01:05)
2025-11-10 14:57:37,556 - [Quantum_e2e_20251110.py:303] - [get_register_document] - INFO - 成功获取文档列表，upload_id: -1927993239231941914
2025-11-10 14:57:37,557 - [connectionpool.py:243] - [_new_conn] - DEBUG - Starting new HTTP connection (1): 127.0.0.1:35253
2025-11-10 14:57:37,564 - [connectionpool.py:546] - [_make_request] - DEBUG - http://127.0.0.1:35253 "GET /query?fileData=-1927993239231941914 HTTP/11" 200 None
2025-11-10 14:57:37,680 - [Quantum_e2e_20251110.py:583] - [get_response_content_detailed] - INFO - 响应时间: 0.01秒
2025-11-10 14:57:37,681 - [Quantum_e2e_20251110.py:310] - [get_register_document] - INFO - 获取到的result_text: {"jobId":32,"status":"complete","data":{"text":"[{\"createTime\":\"2025-11-10T14:56:32.563\",\"description\":\"This paper studies the computational hardness of learning Boolean functions from label proportions (LLP), a machine learning setting where only aggregated label information within small subsets (bags) is available. LLP generalizes the PAC learning framework and is motivated by applications like privacy-preserving learning and domains with high labeling costs (e.g., medical imaging). The authors prove three main results: (1) It is NP-hard to learn an ℓ-clause CNF that satisfies any constant-fraction of bags when the underlying function is an OR, establishing hardness even for bags of size ≤2 and separating CNFs from halfspaces. (2) It is NP-hard to learn an ℓ-DNF that satisfies more than (1/2 + δ)-fraction of bags for any constant δ>0 and ℓ, ruling out constant-factor DNF approximations. (3) For parities, with bags of size ≤q, it is NP-hard to satisfy more than (q/2^{q-1} + δ)-fraction of the bags, with the hardness increasing exponentially in bag size. However, a randomized polynomial-time algorithm can achieve a (1/2^{q-2})-approximation for LLP parity learning. These findings show qualitative differences between the LLP and PAC settings: problems tractable in PAC (e.g., ORs, parities) become inapproximable in LLP. The results rely on reductions from Label Cover and Smooth Label Cover problems. Prior works are discussed, highlighting that LLP learnability has been far less explored compared to PAC learning. Applications include privacy and weak supervision scenarios.\",\"docName\":\"2403.19401\",\"editTime\":\"2025-11-10T14:57:36.527\",\"fileName\":\"2403.19401.pdf\",\"folder\":\"C:\\\\Users\\\\XiaoXinPro 16 IAH\\\\Desktop\\\\LRIA_llm_eval\\\\eval\\\\Quantum_e2e_v20251106\\\\Bvt1110\\\\bvtfiles\",\"id\":1987776370834542592,\"isDeleted\":0,\"isTmpFile\":false,\"labelNameList\":[\"Technology\",\"Data Analysis\",\"Research Paper\"],\"lastModifyTime\":\"2025-09-17T09:45:00\",\"md5\":\"4ff6ba88616fcf7a71d1dca6c9adc14c\",\"path\":\"C:\\\\Users\\\\XiaoXinPro 16 IAH\\\\Desktop\\\\LRIA_llm_eval\\\\eval\\\\Quantum_e2e_v20251106\\\\Bvt1110\\\\bvtfiles\\\\2403.19401.pdf\",\"previewPath\":\"c:\\\\users\\\\xiaoxinpro 16 iah\\\\documents\\\\qtcore\\\\pdffile\\\\b6e6995c4481f9cd5d6cfb8c79124693.pdf\",\"priority\":1,\"score\":0.0,\"status\":\"COMPLETED\",\"tokenNum\":14092,\"uriPath\":\"\"},{\"createTime\":\"2025-11-10T14:56:32.609\",\"description\":\"A One Day International (ODI) is a format of limited overs cricket played between teams with international status, typically consisting of 50 overs per side. Originating in the late twentieth century, the first ODI was played in 1971 between Australia and England after rain affected a Test match. Initially, ODIs featured white kits and a red ball. The late 1970s saw significant innovations through Kerry Packer's World Series Cricket, introducing colored uniforms, night games under floodlights using a white ball, and enhanced television broadcasts with multiple camera angles and audio effects. These changes increased professionalism in the sport, with international players receiving payments and TV rights shifting to Channel 9 in Australia. Over time, colored kits and the white ball became the norm, with the traditional white flannels and red ball phased out by 2001. ODIs are considered the pinnacle of List A cricket, with the format used in major tournaments like the Cricket World Cup.\",\"docName\":\"3nql1cs15r8aviz39pth2bpsr4zvy1\",\"editTime\":\"2025-11-10T14:57:34.270\",\"fileName\":\"3nql1cs15r8aviz39pth2bpsr4zvy1.txt\",\"folder\":\"C:\\\\Users\\\\XiaoXinPro 16 IAH\\\\Desktop\\\\LRIA_llm_eval\\\\eval\\\\Quantum_e2e_v20251106\\\\Bvt1110\\\\bvtfiles\",\"id\":1987776371027480576,\"isDeleted\":0,\"isTmpFile\":false,\"labelNameList\":[\"Sport\",\"Informational\",\"History\"],\"lastModifyTime\":\"2025-09-17T09:45:00\",\"md5\":\"da0c0f7162b267cca0de596df4c40c56\",\"path\":\"C:\\\\Users\\\\XiaoXinPro 16 IAH\\\\Desktop\\\\LRIA_llm_eval\\\\eval\\\\Quantum_e2e_v20251106\\\\Bvt1110\\\\bvtfiles\\\\3nql1cs15r8aviz39pth2bpsr4zvy1.txt\",\"previewPath\":\"c:\\\\users\\\\xiaoxinpro 16 iah\\\\documents\\\\qtcore\\\\pdffile\\\\db8ff9222bdd0e56ba076310ced4c747.pdf\",\"priority\":2,\"score\":0.0,\"status\":\"COMPLETED\",\"tokenNum\":402,\"uriPath\":\"\"},{\"createTime\":\"2025-11-10T14:56:32.639\",\"description\":\"\",\"docName\":\"3u84xhcdicdb6vqtlfud7syhj444z2\",\"editTime\":\"2025-11-10T14:57:34.138\",\"fileName\":\"3u84xhcdicdb6vqtlfud7syhj444z2.txt\",\"folder\":\"C:\\\\Users\\\\XiaoXinPro 16 IAH\\\\Desktop\\\\LRIA_llm_eval\\\\eval\\\\Quantum_e2e_v20251106\\\\Bvt1110\\\\bvtfiles\",\"id\":1987776371153309696,\"isDeleted\":0,\"isTmpFile\":false,\"labelNameList\":[],\"lastModifyTime\":\"2025-09-17T09:45:00\",\"md5\":\"a80f0ad4af9fd250a462680c85e6fbf0\",\"path\":\"C:\\\\Users\\\\XiaoXinPro 16 IAH\\\\Desktop\\\\LRIA_llm_eval\\\\eval\\\\Quantum_e2e_v20251106\\\\Bvt1110\\\\bvtfiles\\\\3u84xhcdicdb6vqtlfud7syhj444z2.txt\",\"previewPath\":\"c:\\\\users\\\\xiaoxinpro 16 iah\\\\documents\\\\qtcore\\\\pdffile\\\\4bb6e885c6b375f7991ed237ae550f5a.pdf\",\"priority\":3,\"score\":0.0,\"status\":\"COMPLETED\",\"tokenNum\":414,\"uriPath\":\"\"},{\"createTime\":\"2025-11-10T14:56:32.666\",\"description\":\"\",\"docName\":\"3z3zlgnnsiuha76yy56h6uu71bh3q1\",\"editTime\":\"2025-11-10T14:57:37.417\",\"fileName\":\"3z3zlgnnsiuha76yy56h6uu71bh3q1.txt\",\"folder\":\"C:\\\\Users\\\\XiaoXinPro 16 IAH\\\\Desktop\\\\LRIA_llm_eval\\\\eval\\\\Quantum_e2e_v20251106\\\\Bvt1110\\\\bvtfiles\",\"id\":1987776371266555904,\"isDeleted\":0,\"isTmpFile\":false,\"labelNameList\":[],\"lastModifyTime\":\"2025-09-17T09:45:00\",\"md5\":\"bb28043dd606535bdcaf1ee30346b0f9\",\"path\":\"C:\\\\Users\\\\XiaoXinPro 16 IAH\\\\Desktop\\\\LRIA_llm_eval\\\\eval\\\\Quantum_e2e_v20251106\\\\Bvt1110\\\\bvtfiles\\\\3z3zlgnnsiuha76yy56h6uu71bh3q1.txt\",\"previewPath\":\"c:\\\\users\\\\xiaoxinpro 16 iah\\\\documents\\\\qtcore\\\\pdffile\\\\e6e2343232ca421ef2da852a5f84548c.pdf\",\"priority\":4,\"score\":0.0,\"status\":\"COMPLETED\",\"tokenNum\":326,\"uriPath\":\"\"},{\"createTime\":\"2025-11-10T14:56:32.695\",\"description\":\"\",\"docName\":\"\",\"editTime\":\"2025-11-10T14:57:37.443\",\"fileName\":\"AI_Face_Test_Set_Collection_Method_Design.pptx\",\"folder\":\"C:\\\\Users\\\\XiaoXinPro 16 IAH\\\\Desktop\\\\LRIA_llm_eval\\\\eval\\\\Quantum_e2e_v20251106\\\\Bvt1110\\\\bvtfiles\",\"id\":1987776371388190720,\"isDeleted\":0,\"isTmpFile\":false,\"labelNameList\":[],\"lastModifyTime\":\"2025-09-17T09:46:00\",\"md5\":\"b0f396e7936e0f6192cd880927e8e74b\",\"path\":\"C:\\\\Users\\\\XiaoXinPro 16 IAH\\\\Desktop\\\\LRIA_llm_eval\\\\eval\\\\Quantum_e2e_v20251106\\\\Bvt1110\\\\bvtfiles\\\\AI_Face_Test_Set_Collection_Method_Design.pptx\",\"priority\":5,\"score\":0.0,\"status\":\"RUNNING\",\"tokenNum\":0,\"uriPath\":\"\"},{\"createTime\":\"2025-11-10T14:56:32.726\",\"description\":\"\",\"docName\":\"\",\"editTime\":\"2025-11-10T14:56:32.726\",\"errorDescription\":\"\",\"fileName\":\"A_brief_introduction_of_LP_liutao21_20220615.pptx\",\"folder\":\"C:\\\\Users\\\\XiaoXinPro 16 IAH\\\\Desktop\\\\LRIA_llm_eval\\\\eval\\\\Quantum_e2e_v20251106\\\\Bvt1110\\\\bvtfiles\",\"id\":1987776371518214144,\"isDeleted\":0,\"isTmpFile\":false,\"labelNameList\":[],\"lastModifyTime\":\"2025-09-17T09:46:00\",\"md5\":\"0dbb2532524843af54fb3388b7bf3381\",\"path\":\"C:\\\\Users\\\\XiaoXinPro 16 IAH\\\\Desktop\\\\LRIA_llm_eval\\\\eval\\\\Quantum_e2e_v20251106\\\\Bvt1110\\\\bvtfiles\\\\A_brief_introduction_of_LP_liutao21_20220615.pptx\",\"priority\":6,\"score\":0.0,\"status\":\"ADDED\",\"tokenNum\":0,\"uriPath\":\"\"},{\"createTime\":\"2025-11-10T14:56:32.800\",\"description\":\"\",\"docName\":\"\",\"editTime\":\"2025-11-10T14:56:32.800\",\"errorDescription\":\"\",\"fileName\":\"Belfast-English.docx\",\"folder\":\"C:\\\\Users\\\\XiaoXinPro 16 IAH\\\\Desktop\\\\LRIA_llm_eval\\\\eval\\\\Quantum_e2e_v20251106\\\\Bvt1110\\\\bvtfiles\",\"id\":1987776371828592640,\"isDeleted\":0,\"isTmpFile\":false,\"labelNameList\":[],\"lastModifyTime\":\"2025-09-17T09:45:00\",\"md5\":\"3193e699ffa92db332ae31a9fb1d3cb4\",\"path\":\"C:\\\\Users\\\\XiaoXinPro 16 IAH\\\\Desktop\\\\LRIA_llm_eval\\\\eval\\\\Quantum_e2e_v20251106\\\\Bvt1110\\\\bvtfiles\\\\Belfast-English.docx\",\"priority\":7,\"score\":0.0,\"status\":\"ADDED\",\"tokenNum\":0,\"uriPath\":\"\"},{\"createTime\":\"2025-11-10T14:56:32.823\",\"description\":\"\",\"docName\":\"\",\"editTime\":\"2025-11-10T14:56:32.823\",\"errorDescription\":\"\",\"fileName\":\"British-Food-Culture.doc\",\"folder\":\"C:\\\\Users\\\\XiaoXinPro 16 IAH\\\\Desktop\\\\LRIA_llm_eval\\\\eval\\\\Quantum_e2e_v20251106\\\\Bvt1110\\\\bvtfiles\",\"id\":1987776371925061632,\"isDeleted\":0,\"isTmpFile\":false,\"labelNameList\":[],\"lastModifyTime\":\"2025-09-17T09:45:00\",\"md5\":\"435798f1c3377c7f5b71e18d733ca579\",\"path\":\"C:\\\\Users\\\\XiaoXinPro 16 IAH\\\\Desktop\\\\LRIA_llm_eval\\\\eval\\\\Quantum_e2e_v20251106\\\\Bvt1110\\\\bvtfiles\\\\British-Food-Culture.doc\",\"priority\":8,\"score\":0.0,\"status\":\"ADDED\",\"tokenNum\":0,\"uriPath\":\"\"},{\"createTime\":\"2025-11-10T14:56:32.847\",\"description\":\"\",\"docName\":\"\",\"editTime\":\"2025-11-10T14:56:32.847\",\"errorDescription\":\"\",\"fileName\":\"Netflix Becomes a Broadway Producer With Peter Morgan’s Patriots.txt\",\"folder\":\"C:\\\\Users\\\\XiaoXinPro 16 IAH\\\\Desktop\\\\LRIA_llm_eval\\\\eval\\\\Quantum_e2e_v20251106\\\\Bvt1110\\\\bvtfiles\",\"id\":1987776372025724928,\"isDeleted\":0,\"isTmpFile\":false,\"labelNameList\":[],\"lastModifyTime\":\"2025-09-17T09:46:00\",\"md5\":\"ab84c46eaa62a18048fb0241446da4ca\",\"path\":\"C:\\\\Users\\\\XiaoXinPro 16 IAH\\\\Desktop\\\\LRIA_llm_eval\\\\eval\\\\Quantum_e2e_v20251106\\\\Bvt1110\\\\bvtfiles\\\\Netflix Becomes a Broadway Producer With Peter Morgan’s Patriots.txt\",\"priority\":9,\"score\":0.0,\"status\":\"ADDED\",\"tokenNum\":0,\"uriPath\":\"\"}]"}}
2025-11-10 14:57:37,682 - [Quantum_e2e_20251110.py:340] - [get_register_document] - INFO - 文档数量: 9
2025-11-10 14:57:37,682 - [Quantum_e2e_20251110.py:363] - [get_register_document] - INFO - 文档总数: 9, COMPLETED状态的文档数量: 4
2025-11-10 14:57:37,682 - [Quantum_e2e_20251110.py:395] - [get_register_document] - INFO - 仍有文档在处理中
2025-11-10 14:57:37,683 - [Quantum_e2e_20251110.py:1154] - [process_document_registration_only] - INFO - 文档仍在处理中，等待2秒后重试...
2025-11-10 14:57:39,684 - [Quantum_e2e_20251110.py:1145] - [process_document_registration_only] - INFO - 第31次检查文档处理状态...
2025-11-10 14:57:39,684 - [Quantum_e2e_20251110.py:289] - [get_register_document] - INFO - 检查文档注册状态...
2025-11-10 14:57:39,686 - [connectionpool.py:243] - [_new_conn] - DEBUG - Starting new HTTP connection (1): 127.0.0.1:35253
2025-11-10 14:57:39,689 - [connectionpool.py:546] - [_make_request] - DEBUG - http://127.0.0.1:35253 "POST /upload HTTP/11" 200 19
2025-11-10 14:57:39,689 - [Quantum_e2e_20251110.py:299] - [get_register_document] - INFO - 文档注册已用时间: 67.28秒 (01:07)
2025-11-10 14:57:39,689 - [Quantum_e2e_20251110.py:303] - [get_register_document] - INFO - 成功获取文档列表，upload_id: 3987510412293560578
2025-11-10 14:57:39,692 - [connectionpool.py:243] - [_new_conn] - DEBUG - Starting new HTTP connection (1): 127.0.0.1:35253
2025-11-10 14:57:39,699 - [connectionpool.py:546] - [_make_request] - DEBUG - http://127.0.0.1:35253 "GET /query?fileData=3987510412293560578 HTTP/11" 200 None
2025-11-10 14:57:39,821 - [Quantum_e2e_20251110.py:583] - [get_response_content_detailed] - INFO - 响应时间: 0.01秒
2025-11-10 14:57:39,821 - [Quantum_e2e_20251110.py:310] - [get_register_document] - INFO - 获取到的result_text: {"jobId":33,"status":"complete","data":{"text":"[{\"createTime\":\"2025-11-10T14:56:32.563\",\"description\":\"This paper studies the computational hardness of learning Boolean functions from label proportions (LLP), a machine learning setting where only aggregated label information within small subsets (bags) is available. LLP generalizes the PAC learning framework and is motivated by applications like privacy-preserving learning and domains with high labeling costs (e.g., medical imaging). The authors prove three main results: (1) It is NP-hard to learn an ℓ-clause CNF that satisfies any constant-fraction of bags when the underlying function is an OR, establishing hardness even for bags of size ≤2 and separating CNFs from halfspaces. (2) It is NP-hard to learn an ℓ-DNF that satisfies more than (1/2 + δ)-fraction of bags for any constant δ>0 and ℓ, ruling out constant-factor DNF approximations. (3) For parities, with bags of size ≤q, it is NP-hard to satisfy more than (q/2^{q-1} + δ)-fraction of the bags, with the hardness increasing exponentially in bag size. However, a randomized polynomial-time algorithm can achieve a (1/2^{q-2})-approximation for LLP parity learning. These findings show qualitative differences between the LLP and PAC settings: problems tractable in PAC (e.g., ORs, parities) become inapproximable in LLP. The results rely on reductions from Label Cover and Smooth Label Cover problems. Prior works are discussed, highlighting that LLP learnability has been far less explored compared to PAC learning. Applications include privacy and weak supervision scenarios.\",\"docName\":\"2403.19401\",\"editTime\":\"2025-11-10T14:57:36.527\",\"fileName\":\"2403.19401.pdf\",\"folder\":\"C:\\\\Users\\\\XiaoXinPro 16 IAH\\\\Desktop\\\\LRIA_llm_eval\\\\eval\\\\Quantum_e2e_v20251106\\\\Bvt1110\\\\bvtfiles\",\"id\":1987776370834542592,\"isDeleted\":0,\"isTmpFile\":false,\"labelNameList\":[\"Technology\",\"Data Analysis\",\"Research Paper\"],\"lastModifyTime\":\"2025-09-17T09:45:00\",\"md5\":\"4ff6ba88616fcf7a71d1dca6c9adc14c\",\"path\":\"C:\\\\Users\\\\XiaoXinPro 16 IAH\\\\Desktop\\\\LRIA_llm_eval\\\\eval\\\\Quantum_e2e_v20251106\\\\Bvt1110\\\\bvtfiles\\\\2403.19401.pdf\",\"previewPath\":\"c:\\\\users\\\\xiaoxinpro 16 iah\\\\documents\\\\qtcore\\\\pdffile\\\\b6e6995c4481f9cd5d6cfb8c79124693.pdf\",\"priority\":1,\"score\":0.0,\"status\":\"COMPLETED\",\"tokenNum\":14092,\"uriPath\":\"\"},{\"createTime\":\"2025-11-10T14:56:32.609\",\"description\":\"A One Day International (ODI) is a format of limited overs cricket played between teams with international status, typically consisting of 50 overs per side. Originating in the late twentieth century, the first ODI was played in 1971 between Australia and England after rain affected a Test match. Initially, ODIs featured white kits and a red ball. The late 1970s saw significant innovations through Kerry Packer's World Series Cricket, introducing colored uniforms, night games under floodlights using a white ball, and enhanced television broadcasts with multiple camera angles and audio effects. These changes increased professionalism in the sport, with international players receiving payments and TV rights shifting to Channel 9 in Australia. Over time, colored kits and the white ball became the norm, with the traditional white flannels and red ball phased out by 2001. ODIs are considered the pinnacle of List A cricket, with the format used in major tournaments like the Cricket World Cup.\",\"docName\":\"3nql1cs15r8aviz39pth2bpsr4zvy1\",\"editTime\":\"2025-11-10T14:57:34.270\",\"fileName\":\"3nql1cs15r8aviz39pth2bpsr4zvy1.txt\",\"folder\":\"C:\\\\Users\\\\XiaoXinPro 16 IAH\\\\Desktop\\\\LRIA_llm_eval\\\\eval\\\\Quantum_e2e_v20251106\\\\Bvt1110\\\\bvtfiles\",\"id\":1987776371027480576,\"isDeleted\":0,\"isTmpFile\":false,\"labelNameList\":[\"Sport\",\"Informational\",\"History\"],\"lastModifyTime\":\"2025-09-17T09:45:00\",\"md5\":\"da0c0f7162b267cca0de596df4c40c56\",\"path\":\"C:\\\\Users\\\\XiaoXinPro 16 IAH\\\\Desktop\\\\LRIA_llm_eval\\\\eval\\\\Quantum_e2e_v20251106\\\\Bvt1110\\\\bvtfiles\\\\3nql1cs15r8aviz39pth2bpsr4zvy1.txt\",\"previewPath\":\"c:\\\\users\\\\xiaoxinpro 16 iah\\\\documents\\\\qtcore\\\\pdffile\\\\db8ff9222bdd0e56ba076310ced4c747.pdf\",\"priority\":2,\"score\":0.0,\"status\":\"COMPLETED\",\"tokenNum\":402,\"uriPath\":\"\"},{\"createTime\":\"2025-11-10T14:56:32.639\",\"description\":\"Psychological identity encompasses self-image, self-esteem, and individuality, representing how individuals perceive themselves in the present, past, and future. According to Weinreich, identity is the totality of self-construal, reflecting continuity across time and aspirations. Ethnic identity, for example, is defined as the part of self-construal connecting ancestry and future goals in terms of ethnicity. The concept of identity is central to fields like psychology, sociology, and anthropology, requiring frameworks that address both unique personal attributes and shifting group affiliations. Weinreich’s Identity Structure Analysis (ISA) provides a structural approach to mapping identity, focusing on stable relationships between the self and others within socio-cultural contexts. ISA utilizes constructs from individual experience, group dynamics, and cultural norms, offering a methodology for analyzing how individuals use these elements to evaluate themselves, others, and institutions over time and in varying circumstances.\",\"docName\":\"3u84xhcdicdb6vqtlfud7syhj444z2\",\"editTime\":\"2025-11-10T14:57:38.411\",\"fileName\":\"3u84xhcdicdb6vqtlfud7syhj444z2.txt\",\"folder\":\"C:\\\\Users\\\\XiaoXinPro 16 IAH\\\\Desktop\\\\LRIA_llm_eval\\\\eval\\\\Quantum_e2e_v20251106\\\\Bvt1110\\\\bvtfiles\",\"id\":1987776371153309696,\"isDeleted\":0,\"isTmpFile\":false,\"labelNameList\":[\"Informational\",\"Research Paper\",\"Psychology\"],\"lastModifyTime\":\"2025-09-17T09:45:00\",\"md5\":\"a80f0ad4af9fd250a462680c85e6fbf0\",\"path\":\"C:\\\\Users\\\\XiaoXinPro 16 IAH\\\\Desktop\\\\LRIA_llm_eval\\\\eval\\\\Quantum_e2e_v20251106\\\\Bvt1110\\\\bvtfiles\\\\3u84xhcdicdb6vqtlfud7syhj444z2.txt\",\"previewPath\":\"c:\\\\users\\\\xiaoxinpro 16 iah\\\\documents\\\\qtcore\\\\pdffile\\\\4bb6e885c6b375f7991ed237ae550f5a.pdf\",\"priority\":3,\"score\":0.0,\"status\":\"COMPLETED\",\"tokenNum\":414,\"uriPath\":\"\"},{\"createTime\":\"2025-11-10T14:56:32.666\",\"description\":\"\",\"docName\":\"3z3zlgnnsiuha76yy56h6uu71bh3q1\",\"editTime\":\"2025-11-10T14:57:37.417\",\"fileName\":\"3z3zlgnnsiuha76yy56h6uu71bh3q1.txt\",\"folder\":\"C:\\\\Users\\\\XiaoXinPro 16 IAH\\\\Desktop\\\\LRIA_llm_eval\\\\eval\\\\Quantum_e2e_v20251106\\\\Bvt1110\\\\bvtfiles\",\"id\":1987776371266555904,\"isDeleted\":0,\"isTmpFile\":false,\"labelNameList\":[],\"lastModifyTime\":\"2025-09-17T09:45:00\",\"md5\":\"bb28043dd606535bdcaf1ee30346b0f9\",\"path\":\"C:\\\\Users\\\\XiaoXinPro 16 IAH\\\\Desktop\\\\LRIA_llm_eval\\\\eval\\\\Quantum_e2e_v20251106\\\\Bvt1110\\\\bvtfiles\\\\3z3zlgnnsiuha76yy56h6uu71bh3q1.txt\",\"previewPath\":\"c:\\\\users\\\\xiaoxinpro 16 iah\\\\documents\\\\qtcore\\\\pdffile\\\\e6e2343232ca421ef2da852a5f84548c.pdf\",\"priority\":4,\"score\":0.0,\"status\":\"COMPLETED\",\"tokenNum\":326,\"uriPath\":\"\"},{\"createTime\":\"2025-11-10T14:56:32.695\",\"description\":\"\",\"docName\":\"\",\"editTime\":\"2025-11-10T14:57:37.443\",\"fileName\":\"AI_Face_Test_Set_Collection_Method_Design.pptx\",\"folder\":\"C:\\\\Users\\\\XiaoXinPro 16 IAH\\\\Desktop\\\\LRIA_llm_eval\\\\eval\\\\Quantum_e2e_v20251106\\\\Bvt1110\\\\bvtfiles\",\"id\":1987776371388190720,\"isDeleted\":0,\"isTmpFile\":false,\"labelNameList\":[],\"lastModifyTime\":\"2025-09-17T09:46:00\",\"md5\":\"b0f396e7936e0f6192cd880927e8e74b\",\"path\":\"C:\\\\Users\\\\XiaoXinPro 16 IAH\\\\Desktop\\\\LRIA_llm_eval\\\\eval\\\\Quantum_e2e_v20251106\\\\Bvt1110\\\\bvtfiles\\\\AI_Face_Test_Set_Collection_Method_Design.pptx\",\"priority\":5,\"score\":0.0,\"status\":\"RUNNING\",\"tokenNum\":0,\"uriPath\":\"\"},{\"createTime\":\"2025-11-10T14:56:32.726\",\"description\":\"\",\"docName\":\"\",\"editTime\":\"2025-11-10T14:56:32.726\",\"errorDescription\":\"\",\"fileName\":\"A_brief_introduction_of_LP_liutao21_20220615.pptx\",\"folder\":\"C:\\\\Users\\\\XiaoXinPro 16 IAH\\\\Desktop\\\\LRIA_llm_eval\\\\eval\\\\Quantum_e2e_v20251106\\\\Bvt1110\\\\bvtfiles\",\"id\":1987776371518214144,\"isDeleted\":0,\"isTmpFile\":false,\"labelNameList\":[],\"lastModifyTime\":\"2025-09-17T09:46:00\",\"md5\":\"0dbb2532524843af54fb3388b7bf3381\",\"path\":\"C:\\\\Users\\\\XiaoXinPro 16 IAH\\\\Desktop\\\\LRIA_llm_eval\\\\eval\\\\Quantum_e2e_v20251106\\\\Bvt1110\\\\bvtfiles\\\\A_brief_introduction_of_LP_liutao21_20220615.pptx\",\"priority\":6,\"score\":0.0,\"status\":\"ADDED\",\"tokenNum\":0,\"uriPath\":\"\"},{\"createTime\":\"2025-11-10T14:56:32.800\",\"description\":\"\",\"docName\":\"\",\"editTime\":\"2025-11-10T14:56:32.800\",\"errorDescription\":\"\",\"fileName\":\"Belfast-English.docx\",\"folder\":\"C:\\\\Users\\\\XiaoXinPro 16 IAH\\\\Desktop\\\\LRIA_llm_eval\\\\eval\\\\Quantum_e2e_v20251106\\\\Bvt1110\\\\bvtfiles\",\"id\":1987776371828592640,\"isDeleted\":0,\"isTmpFile\":false,\"labelNameList\":[],\"lastModifyTime\":\"2025-09-17T09:45:00\",\"md5\":\"3193e699ffa92db332ae31a9fb1d3cb4\",\"path\":\"C:\\\\Users\\\\XiaoXinPro 16 IAH\\\\Desktop\\\\LRIA_llm_eval\\\\eval\\\\Quantum_e2e_v20251106\\\\Bvt1110\\\\bvtfiles\\\\Belfast-English.docx\",\"priority\":7,\"score\":0.0,\"status\":\"ADDED\",\"tokenNum\":0,\"uriPath\":\"\"},{\"createTime\":\"2025-11-10T14:56:32.823\",\"description\":\"\",\"docName\":\"\",\"editTime\":\"2025-11-10T14:56:32.823\",\"errorDescription\":\"\",\"fileName\":\"British-Food-Culture.doc\",\"folder\":\"C:\\\\Users\\\\XiaoXinPro 16 IAH\\\\Desktop\\\\LRIA_llm_eval\\\\eval\\\\Quantum_e2e_v20251106\\\\Bvt1110\\\\bvtfiles\",\"id\":1987776371925061632,\"isDeleted\":0,\"isTmpFile\":false,\"labelNameList\":[],\"lastModifyTime\":\"2025-09-17T09:45:00\",\"md5\":\"435798f1c3377c7f5b71e18d733ca579\",\"path\":\"C:\\\\Users\\\\XiaoXinPro 16 IAH\\\\Desktop\\\\LRIA_llm_eval\\\\eval\\\\Quantum_e2e_v20251106\\\\Bvt1110\\\\bvtfiles\\\\British-Food-Culture.doc\",\"priority\":8,\"score\":0.0,\"status\":\"ADDED\",\"tokenNum\":0,\"uriPath\":\"\"},{\"createTime\":\"2025-11-10T14:56:32.847\",\"description\":\"\",\"docName\":\"\",\"editTime\":\"2025-11-10T14:56:32.847\",\"errorDescription\":\"\",\"fileName\":\"Netflix Becomes a Broadway Producer With Peter Morgan’s Patriots.txt\",\"folder\":\"C:\\\\Users\\\\XiaoXinPro 16 IAH\\\\Desktop\\\\LRIA_llm_eval\\\\eval\\\\Quantum_e2e_v20251106\\\\Bvt1110\\\\bvtfiles\",\"id\":1987776372025724928,\"isDeleted\":0,\"isTmpFile\":false,\"labelNameList\":[],\"lastModifyTime\":\"2025-09-17T09:46:00\",\"md5\":\"ab84c46eaa62a18048fb0241446da4ca\",\"path\":\"C:\\\\Users\\\\XiaoXinPro 16 IAH\\\\Desktop\\\\LRIA_llm_eval\\\\eval\\\\Quantum_e2e_v20251106\\\\Bvt1110\\\\bvtfiles\\\\Netflix Becomes a Broadway Producer With Peter Morgan’s Patriots.txt\",\"priority\":9,\"score\":0.0,\"status\":\"ADDED\",\"tokenNum\":0,\"uriPath\":\"\"}]"}}
2025-11-10 14:57:39,822 - [Quantum_e2e_20251110.py:340] - [get_register_document] - INFO - 文档数量: 9
2025-11-10 14:57:39,823 - [Quantum_e2e_20251110.py:363] - [get_register_document] - INFO - 文档总数: 9, COMPLETED状态的文档数量: 4
2025-11-10 14:57:39,823 - [Quantum_e2e_20251110.py:395] - [get_register_document] - INFO - 仍有文档在处理中
2025-11-10 14:57:39,823 - [Quantum_e2e_20251110.py:1154] - [process_document_registration_only] - INFO - 文档仍在处理中，等待2秒后重试...
2025-11-10 14:57:41,828 - [Quantum_e2e_20251110.py:1145] - [process_document_registration_only] - INFO - 第32次检查文档处理状态...
2025-11-10 14:57:41,828 - [Quantum_e2e_20251110.py:289] - [get_register_document] - INFO - 检查文档注册状态...
2025-11-10 14:57:41,830 - [connectionpool.py:243] - [_new_conn] - DEBUG - Starting new HTTP connection (1): 127.0.0.1:35253
2025-11-10 14:57:41,833 - [connectionpool.py:546] - [_make_request] - DEBUG - http://127.0.0.1:35253 "POST /upload HTTP/11" 200 18
2025-11-10 14:57:41,834 - [Quantum_e2e_20251110.py:299] - [get_register_document] - INFO - 文档注册已用时间: 69.42秒 (01:09)
2025-11-10 14:57:41,834 - [Quantum_e2e_20251110.py:303] - [get_register_document] - INFO - 成功获取文档列表，upload_id: 964832288849561815
2025-11-10 14:57:41,836 - [connectionpool.py:243] - [_new_conn] - DEBUG - Starting new HTTP connection (1): 127.0.0.1:35253
2025-11-10 14:57:41,843 - [connectionpool.py:546] - [_make_request] - DEBUG - http://127.0.0.1:35253 "GET /query?fileData=964832288849561815 HTTP/11" 200 None
2025-11-10 14:57:41,965 - [Quantum_e2e_20251110.py:583] - [get_response_content_detailed] - INFO - 响应时间: 0.01秒
2025-11-10 14:57:41,966 - [Quantum_e2e_20251110.py:310] - [get_register_document] - INFO - 获取到的result_text: {"jobId":34,"status":"complete","data":{"text":"[{\"createTime\":\"2025-11-10T14:56:32.563\",\"description\":\"This paper studies the computational hardness of learning Boolean functions from label proportions (LLP), a machine learning setting where only aggregated label information within small subsets (bags) is available. LLP generalizes the PAC learning framework and is motivated by applications like privacy-preserving learning and domains with high labeling costs (e.g., medical imaging). The authors prove three main results: (1) It is NP-hard to learn an ℓ-clause CNF that satisfies any constant-fraction of bags when the underlying function is an OR, establishing hardness even for bags of size ≤2 and separating CNFs from halfspaces. (2) It is NP-hard to learn an ℓ-DNF that satisfies more than (1/2 + δ)-fraction of bags for any constant δ>0 and ℓ, ruling out constant-factor DNF approximations. (3) For parities, with bags of size ≤q, it is NP-hard to satisfy more than (q/2^{q-1} + δ)-fraction of the bags, with the hardness increasing exponentially in bag size. However, a randomized polynomial-time algorithm can achieve a (1/2^{q-2})-approximation for LLP parity learning. These findings show qualitative differences between the LLP and PAC settings: problems tractable in PAC (e.g., ORs, parities) become inapproximable in LLP. The results rely on reductions from Label Cover and Smooth Label Cover problems. Prior works are discussed, highlighting that LLP learnability has been far less explored compared to PAC learning. Applications include privacy and weak supervision scenarios.\",\"docName\":\"2403.19401\",\"editTime\":\"2025-11-10T14:57:36.527\",\"fileName\":\"2403.19401.pdf\",\"folder\":\"C:\\\\Users\\\\XiaoXinPro 16 IAH\\\\Desktop\\\\LRIA_llm_eval\\\\eval\\\\Quantum_e2e_v20251106\\\\Bvt1110\\\\bvtfiles\",\"id\":1987776370834542592,\"isDeleted\":0,\"isTmpFile\":false,\"labelNameList\":[\"Technology\",\"Data Analysis\",\"Research Paper\"],\"lastModifyTime\":\"2025-09-17T09:45:00\",\"md5\":\"4ff6ba88616fcf7a71d1dca6c9adc14c\",\"path\":\"C:\\\\Users\\\\XiaoXinPro 16 IAH\\\\Desktop\\\\LRIA_llm_eval\\\\eval\\\\Quantum_e2e_v20251106\\\\Bvt1110\\\\bvtfiles\\\\2403.19401.pdf\",\"previewPath\":\"c:\\\\users\\\\xiaoxinpro 16 iah\\\\documents\\\\qtcore\\\\pdffile\\\\b6e6995c4481f9cd5d6cfb8c79124693.pdf\",\"priority\":1,\"score\":0.0,\"status\":\"COMPLETED\",\"tokenNum\":14092,\"uriPath\":\"\"},{\"createTime\":\"2025-11-10T14:56:32.609\",\"description\":\"A One Day International (ODI) is a format of limited overs cricket played between teams with international status, typically consisting of 50 overs per side. Originating in the late twentieth century, the first ODI was played in 1971 between Australia and England after rain affected a Test match. Initially, ODIs featured white kits and a red ball. The late 1970s saw significant innovations through Kerry Packer's World Series Cricket, introducing colored uniforms, night games under floodlights using a white ball, and enhanced television broadcasts with multiple camera angles and audio effects. These changes increased professionalism in the sport, with international players receiving payments and TV rights shifting to Channel 9 in Australia. Over time, colored kits and the white ball became the norm, with the traditional white flannels and red ball phased out by 2001. ODIs are considered the pinnacle of List A cricket, with the format used in major tournaments like the Cricket World Cup.\",\"docName\":\"3nql1cs15r8aviz39pth2bpsr4zvy1\",\"editTime\":\"2025-11-10T14:57:34.270\",\"fileName\":\"3nql1cs15r8aviz39pth2bpsr4zvy1.txt\",\"folder\":\"C:\\\\Users\\\\XiaoXinPro 16 IAH\\\\Desktop\\\\LRIA_llm_eval\\\\eval\\\\Quantum_e2e_v20251106\\\\Bvt1110\\\\bvtfiles\",\"id\":1987776371027480576,\"isDeleted\":0,\"isTmpFile\":false,\"labelNameList\":[\"Sport\",\"Informational\",\"History\"],\"lastModifyTime\":\"2025-09-17T09:45:00\",\"md5\":\"da0c0f7162b267cca0de596df4c40c56\",\"path\":\"C:\\\\Users\\\\XiaoXinPro 16 IAH\\\\Desktop\\\\LRIA_llm_eval\\\\eval\\\\Quantum_e2e_v20251106\\\\Bvt1110\\\\bvtfiles\\\\3nql1cs15r8aviz39pth2bpsr4zvy1.txt\",\"previewPath\":\"c:\\\\users\\\\xiaoxinpro 16 iah\\\\documents\\\\qtcore\\\\pdffile\\\\db8ff9222bdd0e56ba076310ced4c747.pdf\",\"priority\":2,\"score\":0.0,\"status\":\"COMPLETED\",\"tokenNum\":402,\"uriPath\":\"\"},{\"createTime\":\"2025-11-10T14:56:32.639\",\"description\":\"Psychological identity encompasses self-image, self-esteem, and individuality, representing how individuals perceive themselves in the present, past, and future. According to Weinreich, identity is the totality of self-construal, reflecting continuity across time and aspirations. Ethnic identity, for example, is defined as the part of self-construal connecting ancestry and future goals in terms of ethnicity. The concept of identity is central to fields like psychology, sociology, and anthropology, requiring frameworks that address both unique personal attributes and shifting group affiliations. Weinreich’s Identity Structure Analysis (ISA) provides a structural approach to mapping identity, focusing on stable relationships between the self and others within socio-cultural contexts. ISA utilizes constructs from individual experience, group dynamics, and cultural norms, offering a methodology for analyzing how individuals use these elements to evaluate themselves, others, and institutions over time and in varying circumstances.\",\"docName\":\"3u84xhcdicdb6vqtlfud7syhj444z2\",\"editTime\":\"2025-11-10T14:57:38.411\",\"fileName\":\"3u84xhcdicdb6vqtlfud7syhj444z2.txt\",\"folder\":\"C:\\\\Users\\\\XiaoXinPro 16 IAH\\\\Desktop\\\\LRIA_llm_eval\\\\eval\\\\Quantum_e2e_v20251106\\\\Bvt1110\\\\bvtfiles\",\"id\":1987776371153309696,\"isDeleted\":0,\"isTmpFile\":false,\"labelNameList\":[\"Informational\",\"Research Paper\",\"Psychology\"],\"lastModifyTime\":\"2025-09-17T09:45:00\",\"md5\":\"a80f0ad4af9fd250a462680c85e6fbf0\",\"path\":\"C:\\\\Users\\\\XiaoXinPro 16 IAH\\\\Desktop\\\\LRIA_llm_eval\\\\eval\\\\Quantum_e2e_v20251106\\\\Bvt1110\\\\bvtfiles\\\\3u84xhcdicdb6vqtlfud7syhj444z2.txt\",\"previewPath\":\"c:\\\\users\\\\xiaoxinpro 16 iah\\\\documents\\\\qtcore\\\\pdffile\\\\4bb6e885c6b375f7991ed237ae550f5a.pdf\",\"priority\":3,\"score\":0.0,\"status\":\"COMPLETED\",\"tokenNum\":414,\"uriPath\":\"\"},{\"createTime\":\"2025-11-10T14:56:32.666\",\"description\":\"Archie receives orders to join the earl and a large group of soldiers in pursuit of Bruce after a traitor reveals Bruce’s recent whereabouts. Despite his reluctance, Archie prepares to lead the party using Hector, the hound, whose tracking skills are crucial for the search. Archie contemplates killing the hound and fleeing if they get close to Bruce, though escape seems unlikely given the number of mounted men. Guided by a local peasant, the group reaches a cottage five miles away where Hector becomes highly excited, thoroughly investigating the area before decisively taking up Bruce’s trail. Archie struggles to control the eager hound, who pulls hard on the chain. He cautions Pembroke, the earl, to keep the knights and soldiers at a distance, noting that their noise further agitates Hector and makes the dog harder to manage. The narrative details the tension and urgency of the pursuit, highlighting Archie’s internal conflict and the hound’s pivotal role.\",\"docName\":\"3z3zlgnnsiuha76yy56h6uu71bh3q1\",\"editTime\":\"2025-11-10T14:57:41.133\",\"fileName\":\"3z3zlgnnsiuha76yy56h6uu71bh3q1.txt\",\"folder\":\"C:\\\\Users\\\\XiaoXinPro 16 IAH\\\\Desktop\\\\LRIA_llm_eval\\\\eval\\\\Quantum_e2e_v20251106\\\\Bvt1110\\\\bvtfiles\",\"id\":1987776371266555904,\"isDeleted\":0,\"isTmpFile\":false,\"labelNameList\":[\"History\",\"Report\",\"Text Document\"],\"lastModifyTime\":\"2025-09-17T09:45:00\",\"md5\":\"bb28043dd606535bdcaf1ee30346b0f9\",\"path\":\"C:\\\\Users\\\\XiaoXinPro 16 IAH\\\\Desktop\\\\LRIA_llm_eval\\\\eval\\\\Quantum_e2e_v20251106\\\\Bvt1110\\\\bvtfiles\\\\3z3zlgnnsiuha76yy56h6uu71bh3q1.txt\",\"previewPath\":\"c:\\\\users\\\\xiaoxinpro 16 iah\\\\documents\\\\qtcore\\\\pdffile\\\\e6e2343232ca421ef2da852a5f84548c.pdf\",\"priority\":4,\"score\":0.0,\"status\":\"COMPLETED\",\"tokenNum\":326,\"uriPath\":\"\"},{\"createTime\":\"2025-11-10T14:56:32.695\",\"description\":\"\",\"docName\":\"\",\"editTime\":\"2025-11-10T14:57:37.443\",\"fileName\":\"AI_Face_Test_Set_Collection_Method_Design.pptx\",\"folder\":\"C:\\\\Users\\\\XiaoXinPro 16 IAH\\\\Desktop\\\\LRIA_llm_eval\\\\eval\\\\Quantum_e2e_v20251106\\\\Bvt1110\\\\bvtfiles\",\"id\":1987776371388190720,\"isDeleted\":0,\"isTmpFile\":false,\"labelNameList\":[],\"lastModifyTime\":\"2025-09-17T09:46:00\",\"md5\":\"b0f396e7936e0f6192cd880927e8e74b\",\"path\":\"C:\\\\Users\\\\XiaoXinPro 16 IAH\\\\Desktop\\\\LRIA_llm_eval\\\\eval\\\\Quantum_e2e_v20251106\\\\Bvt1110\\\\bvtfiles\\\\AI_Face_Test_Set_Collection_Method_Design.pptx\",\"priority\":5,\"score\":0.0,\"status\":\"RUNNING\",\"tokenNum\":0,\"uriPath\":\"\"},{\"createTime\":\"2025-11-10T14:56:32.726\",\"description\":\"\",\"docName\":\"\",\"editTime\":\"2025-11-10T14:56:32.726\",\"errorDescription\":\"\",\"fileName\":\"A_brief_introduction_of_LP_liutao21_20220615.pptx\",\"folder\":\"C:\\\\Users\\\\XiaoXinPro 16 IAH\\\\Desktop\\\\LRIA_llm_eval\\\\eval\\\\Quantum_e2e_v20251106\\\\Bvt1110\\\\bvtfiles\",\"id\":1987776371518214144,\"isDeleted\":0,\"isTmpFile\":false,\"labelNameList\":[],\"lastModifyTime\":\"2025-09-17T09:46:00\",\"md5\":\"0dbb2532524843af54fb3388b7bf3381\",\"path\":\"C:\\\\Users\\\\XiaoXinPro 16 IAH\\\\Desktop\\\\LRIA_llm_eval\\\\eval\\\\Quantum_e2e_v20251106\\\\Bvt1110\\\\bvtfiles\\\\A_brief_introduction_of_LP_liutao21_20220615.pptx\",\"priority\":6,\"score\":0.0,\"status\":\"ADDED\",\"tokenNum\":0,\"uriPath\":\"\"},{\"createTime\":\"2025-11-10T14:56:32.800\",\"description\":\"\",\"docName\":\"\",\"editTime\":\"2025-11-10T14:56:32.800\",\"errorDescription\":\"\",\"fileName\":\"Belfast-English.docx\",\"folder\":\"C:\\\\Users\\\\XiaoXinPro 16 IAH\\\\Desktop\\\\LRIA_llm_eval\\\\eval\\\\Quantum_e2e_v20251106\\\\Bvt1110\\\\bvtfiles\",\"id\":1987776371828592640,\"isDeleted\":0,\"isTmpFile\":false,\"labelNameList\":[],\"lastModifyTime\":\"2025-09-17T09:45:00\",\"md5\":\"3193e699ffa92db332ae31a9fb1d3cb4\",\"path\":\"C:\\\\Users\\\\XiaoXinPro 16 IAH\\\\Desktop\\\\LRIA_llm_eval\\\\eval\\\\Quantum_e2e_v20251106\\\\Bvt1110\\\\bvtfiles\\\\Belfast-English.docx\",\"priority\":7,\"score\":0.0,\"status\":\"ADDED\",\"tokenNum\":0,\"uriPath\":\"\"},{\"createTime\":\"2025-11-10T14:56:32.823\",\"description\":\"\",\"docName\":\"\",\"editTime\":\"2025-11-10T14:56:32.823\",\"errorDescription\":\"\",\"fileName\":\"British-Food-Culture.doc\",\"folder\":\"C:\\\\Users\\\\XiaoXinPro 16 IAH\\\\Desktop\\\\LRIA_llm_eval\\\\eval\\\\Quantum_e2e_v20251106\\\\Bvt1110\\\\bvtfiles\",\"id\":1987776371925061632,\"isDeleted\":0,\"isTmpFile\":false,\"labelNameList\":[],\"lastModifyTime\":\"2025-09-17T09:45:00\",\"md5\":\"435798f1c3377c7f5b71e18d733ca579\",\"path\":\"C:\\\\Users\\\\XiaoXinPro 16 IAH\\\\Desktop\\\\LRIA_llm_eval\\\\eval\\\\Quantum_e2e_v20251106\\\\Bvt1110\\\\bvtfiles\\\\British-Food-Culture.doc\",\"priority\":8,\"score\":0.0,\"status\":\"ADDED\",\"tokenNum\":0,\"uriPath\":\"\"},{\"createTime\":\"2025-11-10T14:56:32.847\",\"description\":\"\",\"docName\":\"\",\"editTime\":\"2025-11-10T14:56:32.847\",\"errorDescription\":\"\",\"fileName\":\"Netflix Becomes a Broadway Producer With Peter Morgan’s Patriots.txt\",\"folder\":\"C:\\\\Users\\\\XiaoXinPro 16 IAH\\\\Desktop\\\\LRIA_llm_eval\\\\eval\\\\Quantum_e2e_v20251106\\\\Bvt1110\\\\bvtfiles\",\"id\":1987776372025724928,\"isDeleted\":0,\"isTmpFile\":false,\"labelNameList\":[],\"lastModifyTime\":\"2025-09-17T09:46:00\",\"md5\":\"ab84c46eaa62a18048fb0241446da4ca\",\"path\":\"C:\\\\Users\\\\XiaoXinPro 16 IAH\\\\Desktop\\\\LRIA_llm_eval\\\\eval\\\\Quantum_e2e_v20251106\\\\Bvt1110\\\\bvtfiles\\\\Netflix Becomes a Broadway Producer With Peter Morgan’s Patriots.txt\",\"priority\":9,\"score\":0.0,\"status\":\"ADDED\",\"tokenNum\":0,\"uriPath\":\"\"}]"}}
2025-11-10 14:57:41,967 - [Quantum_e2e_20251110.py:340] - [get_register_document] - INFO - 文档数量: 9
2025-11-10 14:57:41,967 - [Quantum_e2e_20251110.py:363] - [get_register_document] - INFO - 文档总数: 9, COMPLETED状态的文档数量: 4
2025-11-10 14:57:41,967 - [Quantum_e2e_20251110.py:395] - [get_register_document] - INFO - 仍有文档在处理中
2025-11-10 14:57:41,967 - [Quantum_e2e_20251110.py:1154] - [process_document_registration_only] - INFO - 文档仍在处理中，等待2秒后重试...
2025-11-10 14:57:43,974 - [Quantum_e2e_20251110.py:1145] - [process_document_registration_only] - INFO - 第33次检查文档处理状态...
2025-11-10 14:57:43,974 - [Quantum_e2e_20251110.py:289] - [get_register_document] - INFO - 检查文档注册状态...
2025-11-10 14:57:43,978 - [connectionpool.py:243] - [_new_conn] - DEBUG - Starting new HTTP connection (1): 127.0.0.1:35253
2025-11-10 14:57:43,982 - [connectionpool.py:546] - [_make_request] - DEBUG - http://127.0.0.1:35253 "POST /upload HTTP/11" 200 19
2025-11-10 14:57:43,983 - [Quantum_e2e_20251110.py:299] - [get_register_document] - INFO - 文档注册已用时间: 71.57秒 (01:11)
2025-11-10 14:57:43,983 - [Quantum_e2e_20251110.py:303] - [get_register_document] - INFO - 成功获取文档列表，upload_id: 8085867304169524637
2025-11-10 14:57:43,985 - [connectionpool.py:243] - [_new_conn] - DEBUG - Starting new HTTP connection (1): 127.0.0.1:35253
2025-11-10 14:57:43,989 - [connectionpool.py:546] - [_make_request] - DEBUG - http://127.0.0.1:35253 "GET /query?fileData=8085867304169524637 HTTP/11" 200 None
2025-11-10 14:57:44,112 - [Quantum_e2e_20251110.py:583] - [get_response_content_detailed] - INFO - 响应时间: 0.01秒
2025-11-10 14:57:44,112 - [Quantum_e2e_20251110.py:310] - [get_register_document] - INFO - 获取到的result_text: {"jobId":35,"status":"complete","data":{"text":"[{\"createTime\":\"2025-11-10T14:56:32.563\",\"description\":\"This paper studies the computational hardness of learning Boolean functions from label proportions (LLP), a machine learning setting where only aggregated label information within small subsets (bags) is available. LLP generalizes the PAC learning framework and is motivated by applications like privacy-preserving learning and domains with high labeling costs (e.g., medical imaging). The authors prove three main results: (1) It is NP-hard to learn an ℓ-clause CNF that satisfies any constant-fraction of bags when the underlying function is an OR, establishing hardness even for bags of size ≤2 and separating CNFs from halfspaces. (2) It is NP-hard to learn an ℓ-DNF that satisfies more than (1/2 + δ)-fraction of bags for any constant δ>0 and ℓ, ruling out constant-factor DNF approximations. (3) For parities, with bags of size ≤q, it is NP-hard to satisfy more than (q/2^{q-1} + δ)-fraction of the bags, with the hardness increasing exponentially in bag size. However, a randomized polynomial-time algorithm can achieve a (1/2^{q-2})-approximation for LLP parity learning. These findings show qualitative differences between the LLP and PAC settings: problems tractable in PAC (e.g., ORs, parities) become inapproximable in LLP. The results rely on reductions from Label Cover and Smooth Label Cover problems. Prior works are discussed, highlighting that LLP learnability has been far less explored compared to PAC learning. Applications include privacy and weak supervision scenarios.\",\"docName\":\"2403.19401\",\"editTime\":\"2025-11-10T14:57:36.527\",\"fileName\":\"2403.19401.pdf\",\"folder\":\"C:\\\\Users\\\\XiaoXinPro 16 IAH\\\\Desktop\\\\LRIA_llm_eval\\\\eval\\\\Quantum_e2e_v20251106\\\\Bvt1110\\\\bvtfiles\",\"id\":1987776370834542592,\"isDeleted\":0,\"isTmpFile\":false,\"labelNameList\":[\"Technology\",\"Data Analysis\",\"Research Paper\"],\"lastModifyTime\":\"2025-09-17T09:45:00\",\"md5\":\"4ff6ba88616fcf7a71d1dca6c9adc14c\",\"path\":\"C:\\\\Users\\\\XiaoXinPro 16 IAH\\\\Desktop\\\\LRIA_llm_eval\\\\eval\\\\Quantum_e2e_v20251106\\\\Bvt1110\\\\bvtfiles\\\\2403.19401.pdf\",\"previewPath\":\"c:\\\\users\\\\xiaoxinpro 16 iah\\\\documents\\\\qtcore\\\\pdffile\\\\b6e6995c4481f9cd5d6cfb8c79124693.pdf\",\"priority\":1,\"score\":0.0,\"status\":\"COMPLETED\",\"tokenNum\":14092,\"uriPath\":\"\"},{\"createTime\":\"2025-11-10T14:56:32.609\",\"description\":\"A One Day International (ODI) is a format of limited overs cricket played between teams with international status, typically consisting of 50 overs per side. Originating in the late twentieth century, the first ODI was played in 1971 between Australia and England after rain affected a Test match. Initially, ODIs featured white kits and a red ball. The late 1970s saw significant innovations through Kerry Packer's World Series Cricket, introducing colored uniforms, night games under floodlights using a white ball, and enhanced television broadcasts with multiple camera angles and audio effects. These changes increased professionalism in the sport, with international players receiving payments and TV rights shifting to Channel 9 in Australia. Over time, colored kits and the white ball became the norm, with the traditional white flannels and red ball phased out by 2001. ODIs are considered the pinnacle of List A cricket, with the format used in major tournaments like the Cricket World Cup.\",\"docName\":\"3nql1cs15r8aviz39pth2bpsr4zvy1\",\"editTime\":\"2025-11-10T14:57:34.270\",\"fileName\":\"3nql1cs15r8aviz39pth2bpsr4zvy1.txt\",\"folder\":\"C:\\\\Users\\\\XiaoXinPro 16 IAH\\\\Desktop\\\\LRIA_llm_eval\\\\eval\\\\Quantum_e2e_v20251106\\\\Bvt1110\\\\bvtfiles\",\"id\":1987776371027480576,\"isDeleted\":0,\"isTmpFile\":false,\"labelNameList\":[\"Sport\",\"Informational\",\"History\"],\"lastModifyTime\":\"2025-09-17T09:45:00\",\"md5\":\"da0c0f7162b267cca0de596df4c40c56\",\"path\":\"C:\\\\Users\\\\XiaoXinPro 16 IAH\\\\Desktop\\\\LRIA_llm_eval\\\\eval\\\\Quantum_e2e_v20251106\\\\Bvt1110\\\\bvtfiles\\\\3nql1cs15r8aviz39pth2bpsr4zvy1.txt\",\"previewPath\":\"c:\\\\users\\\\xiaoxinpro 16 iah\\\\documents\\\\qtcore\\\\pdffile\\\\db8ff9222bdd0e56ba076310ced4c747.pdf\",\"priority\":2,\"score\":0.0,\"status\":\"COMPLETED\",\"tokenNum\":402,\"uriPath\":\"\"},{\"createTime\":\"2025-11-10T14:56:32.639\",\"description\":\"Psychological identity encompasses self-image, self-esteem, and individuality, representing how individuals perceive themselves in the present, past, and future. According to Weinreich, identity is the totality of self-construal, reflecting continuity across time and aspirations. Ethnic identity, for example, is defined as the part of self-construal connecting ancestry and future goals in terms of ethnicity. The concept of identity is central to fields like psychology, sociology, and anthropology, requiring frameworks that address both unique personal attributes and shifting group affiliations. Weinreich’s Identity Structure Analysis (ISA) provides a structural approach to mapping identity, focusing on stable relationships between the self and others within socio-cultural contexts. ISA utilizes constructs from individual experience, group dynamics, and cultural norms, offering a methodology for analyzing how individuals use these elements to evaluate themselves, others, and institutions over time and in varying circumstances.\",\"docName\":\"3u84xhcdicdb6vqtlfud7syhj444z2\",\"editTime\":\"2025-11-10T14:57:38.411\",\"fileName\":\"3u84xhcdicdb6vqtlfud7syhj444z2.txt\",\"folder\":\"C:\\\\Users\\\\XiaoXinPro 16 IAH\\\\Desktop\\\\LRIA_llm_eval\\\\eval\\\\Quantum_e2e_v20251106\\\\Bvt1110\\\\bvtfiles\",\"id\":1987776371153309696,\"isDeleted\":0,\"isTmpFile\":false,\"labelNameList\":[\"Informational\",\"Research Paper\",\"Psychology\"],\"lastModifyTime\":\"2025-09-17T09:45:00\",\"md5\":\"a80f0ad4af9fd250a462680c85e6fbf0\",\"path\":\"C:\\\\Users\\\\XiaoXinPro 16 IAH\\\\Desktop\\\\LRIA_llm_eval\\\\eval\\\\Quantum_e2e_v20251106\\\\Bvt1110\\\\bvtfiles\\\\3u84xhcdicdb6vqtlfud7syhj444z2.txt\",\"previewPath\":\"c:\\\\users\\\\xiaoxinpro 16 iah\\\\documents\\\\qtcore\\\\pdffile\\\\4bb6e885c6b375f7991ed237ae550f5a.pdf\",\"priority\":3,\"score\":0.0,\"status\":\"COMPLETED\",\"tokenNum\":414,\"uriPath\":\"\"},{\"createTime\":\"2025-11-10T14:56:32.666\",\"description\":\"Archie receives orders to join the earl and a large group of soldiers in pursuit of Bruce after a traitor reveals Bruce’s recent whereabouts. Despite his reluctance, Archie prepares to lead the party using Hector, the hound, whose tracking skills are crucial for the search. Archie contemplates killing the hound and fleeing if they get close to Bruce, though escape seems unlikely given the number of mounted men. Guided by a local peasant, the group reaches a cottage five miles away where Hector becomes highly excited, thoroughly investigating the area before decisively taking up Bruce’s trail. Archie struggles to control the eager hound, who pulls hard on the chain. He cautions Pembroke, the earl, to keep the knights and soldiers at a distance, noting that their noise further agitates Hector and makes the dog harder to manage. The narrative details the tension and urgency of the pursuit, highlighting Archie’s internal conflict and the hound’s pivotal role.\",\"docName\":\"3z3zlgnnsiuha76yy56h6uu71bh3q1\",\"editTime\":\"2025-11-10T14:57:41.133\",\"fileName\":\"3z3zlgnnsiuha76yy56h6uu71bh3q1.txt\",\"folder\":\"C:\\\\Users\\\\XiaoXinPro 16 IAH\\\\Desktop\\\\LRIA_llm_eval\\\\eval\\\\Quantum_e2e_v20251106\\\\Bvt1110\\\\bvtfiles\",\"id\":1987776371266555904,\"isDeleted\":0,\"isTmpFile\":false,\"labelNameList\":[\"History\",\"Report\",\"Text Document\"],\"lastModifyTime\":\"2025-09-17T09:45:00\",\"md5\":\"bb28043dd606535bdcaf1ee30346b0f9\",\"path\":\"C:\\\\Users\\\\XiaoXinPro 16 IAH\\\\Desktop\\\\LRIA_llm_eval\\\\eval\\\\Quantum_e2e_v20251106\\\\Bvt1110\\\\bvtfiles\\\\3z3zlgnnsiuha76yy56h6uu71bh3q1.txt\",\"previewPath\":\"c:\\\\users\\\\xiaoxinpro 16 iah\\\\documents\\\\qtcore\\\\pdffile\\\\e6e2343232ca421ef2da852a5f84548c.pdf\",\"priority\":4,\"score\":0.0,\"status\":\"COMPLETED\",\"tokenNum\":326,\"uriPath\":\"\"},{\"createTime\":\"2025-11-10T14:56:32.695\",\"description\":\"\",\"docName\":\"\",\"editTime\":\"2025-11-10T14:57:37.443\",\"fileName\":\"AI_Face_Test_Set_Collection_Method_Design.pptx\",\"folder\":\"C:\\\\Users\\\\XiaoXinPro 16 IAH\\\\Desktop\\\\LRIA_llm_eval\\\\eval\\\\Quantum_e2e_v20251106\\\\Bvt1110\\\\bvtfiles\",\"id\":1987776371388190720,\"isDeleted\":0,\"isTmpFile\":false,\"labelNameList\":[],\"lastModifyTime\":\"2025-09-17T09:46:00\",\"md5\":\"b0f396e7936e0f6192cd880927e8e74b\",\"path\":\"C:\\\\Users\\\\XiaoXinPro 16 IAH\\\\Desktop\\\\LRIA_llm_eval\\\\eval\\\\Quantum_e2e_v20251106\\\\Bvt1110\\\\bvtfiles\\\\AI_Face_Test_Set_Collection_Method_Design.pptx\",\"priority\":5,\"score\":0.0,\"status\":\"RUNNING\",\"tokenNum\":0,\"uriPath\":\"\"},{\"createTime\":\"2025-11-10T14:56:32.726\",\"description\":\"\",\"docName\":\"\",\"editTime\":\"2025-11-10T14:56:32.726\",\"errorDescription\":\"\",\"fileName\":\"A_brief_introduction_of_LP_liutao21_20220615.pptx\",\"folder\":\"C:\\\\Users\\\\XiaoXinPro 16 IAH\\\\Desktop\\\\LRIA_llm_eval\\\\eval\\\\Quantum_e2e_v20251106\\\\Bvt1110\\\\bvtfiles\",\"id\":1987776371518214144,\"isDeleted\":0,\"isTmpFile\":false,\"labelNameList\":[],\"lastModifyTime\":\"2025-09-17T09:46:00\",\"md5\":\"0dbb2532524843af54fb3388b7bf3381\",\"path\":\"C:\\\\Users\\\\XiaoXinPro 16 IAH\\\\Desktop\\\\LRIA_llm_eval\\\\eval\\\\Quantum_e2e_v20251106\\\\Bvt1110\\\\bvtfiles\\\\A_brief_introduction_of_LP_liutao21_20220615.pptx\",\"priority\":6,\"score\":0.0,\"status\":\"ADDED\",\"tokenNum\":0,\"uriPath\":\"\"},{\"createTime\":\"2025-11-10T14:56:32.800\",\"description\":\"\",\"docName\":\"\",\"editTime\":\"2025-11-10T14:56:32.800\",\"errorDescription\":\"\",\"fileName\":\"Belfast-English.docx\",\"folder\":\"C:\\\\Users\\\\XiaoXinPro 16 IAH\\\\Desktop\\\\LRIA_llm_eval\\\\eval\\\\Quantum_e2e_v20251106\\\\Bvt1110\\\\bvtfiles\",\"id\":1987776371828592640,\"isDeleted\":0,\"isTmpFile\":false,\"labelNameList\":[],\"lastModifyTime\":\"2025-09-17T09:45:00\",\"md5\":\"3193e699ffa92db332ae31a9fb1d3cb4\",\"path\":\"C:\\\\Users\\\\XiaoXinPro 16 IAH\\\\Desktop\\\\LRIA_llm_eval\\\\eval\\\\Quantum_e2e_v20251106\\\\Bvt1110\\\\bvtfiles\\\\Belfast-English.docx\",\"priority\":7,\"score\":0.0,\"status\":\"ADDED\",\"tokenNum\":0,\"uriPath\":\"\"},{\"createTime\":\"2025-11-10T14:56:32.823\",\"description\":\"\",\"docName\":\"\",\"editTime\":\"2025-11-10T14:56:32.823\",\"errorDescription\":\"\",\"fileName\":\"British-Food-Culture.doc\",\"folder\":\"C:\\\\Users\\\\XiaoXinPro 16 IAH\\\\Desktop\\\\LRIA_llm_eval\\\\eval\\\\Quantum_e2e_v20251106\\\\Bvt1110\\\\bvtfiles\",\"id\":1987776371925061632,\"isDeleted\":0,\"isTmpFile\":false,\"labelNameList\":[],\"lastModifyTime\":\"2025-09-17T09:45:00\",\"md5\":\"435798f1c3377c7f5b71e18d733ca579\",\"path\":\"C:\\\\Users\\\\XiaoXinPro 16 IAH\\\\Desktop\\\\LRIA_llm_eval\\\\eval\\\\Quantum_e2e_v20251106\\\\Bvt1110\\\\bvtfiles\\\\British-Food-Culture.doc\",\"priority\":8,\"score\":0.0,\"status\":\"ADDED\",\"tokenNum\":0,\"uriPath\":\"\"},{\"createTime\":\"2025-11-10T14:56:32.847\",\"description\":\"\",\"docName\":\"\",\"editTime\":\"2025-11-10T14:56:32.847\",\"errorDescription\":\"\",\"fileName\":\"Netflix Becomes a Broadway Producer With Peter Morgan’s Patriots.txt\",\"folder\":\"C:\\\\Users\\\\XiaoXinPro 16 IAH\\\\Desktop\\\\LRIA_llm_eval\\\\eval\\\\Quantum_e2e_v20251106\\\\Bvt1110\\\\bvtfiles\",\"id\":1987776372025724928,\"isDeleted\":0,\"isTmpFile\":false,\"labelNameList\":[],\"lastModifyTime\":\"2025-09-17T09:46:00\",\"md5\":\"ab84c46eaa62a18048fb0241446da4ca\",\"path\":\"C:\\\\Users\\\\XiaoXinPro 16 IAH\\\\Desktop\\\\LRIA_llm_eval\\\\eval\\\\Quantum_e2e_v20251106\\\\Bvt1110\\\\bvtfiles\\\\Netflix Becomes a Broadway Producer With Peter Morgan’s Patriots.txt\",\"priority\":9,\"score\":0.0,\"status\":\"ADDED\",\"tokenNum\":0,\"uriPath\":\"\"}]"}}
2025-11-10 14:57:44,113 - [Quantum_e2e_20251110.py:340] - [get_register_document] - INFO - 文档数量: 9
2025-11-10 14:57:44,113 - [Quantum_e2e_20251110.py:363] - [get_register_document] - INFO - 文档总数: 9, COMPLETED状态的文档数量: 4
2025-11-10 14:57:44,114 - [Quantum_e2e_20251110.py:395] - [get_register_document] - INFO - 仍有文档在处理中
2025-11-10 14:57:44,114 - [Quantum_e2e_20251110.py:1154] - [process_document_registration_only] - INFO - 文档仍在处理中，等待2秒后重试...
2025-11-10 14:57:46,118 - [Quantum_e2e_20251110.py:1145] - [process_document_registration_only] - INFO - 第34次检查文档处理状态...
2025-11-10 14:57:46,119 - [Quantum_e2e_20251110.py:289] - [get_register_document] - INFO - 检查文档注册状态...
2025-11-10 14:57:46,121 - [connectionpool.py:243] - [_new_conn] - DEBUG - Starting new HTTP connection (1): 127.0.0.1:35253
2025-11-10 14:57:46,126 - [connectionpool.py:546] - [_make_request] - DEBUG - http://127.0.0.1:35253 "POST /upload HTTP/11" 200 19
2025-11-10 14:57:46,127 - [Quantum_e2e_20251110.py:299] - [get_register_document] - INFO - 文档注册已用时间: 73.72秒 (01:13)
2025-11-10 14:57:46,128 - [Quantum_e2e_20251110.py:303] - [get_register_document] - INFO - 成功获取文档列表，upload_id: 8696094527778841538
2025-11-10 14:57:46,131 - [connectionpool.py:243] - [_new_conn] - DEBUG - Starting new HTTP connection (1): 127.0.0.1:35253
2025-11-10 14:57:46,150 - [connectionpool.py:546] - [_make_request] - DEBUG - http://127.0.0.1:35253 "GET /query?fileData=8696094527778841538 HTTP/11" 200 None
2025-11-10 14:57:46,251 - [Quantum_e2e_20251110.py:583] - [get_response_content_detailed] - INFO - 响应时间: 0.02秒
2025-11-10 14:57:46,251 - [Quantum_e2e_20251110.py:310] - [get_register_document] - INFO - 获取到的result_text: {"jobId":36,"status":"complete","data":{"text":"[{\"createTime\":\"2025-11-10T14:56:32.563\",\"description\":\"This paper studies the computational hardness of learning Boolean functions from label proportions (LLP), a machine learning setting where only aggregated label information within small subsets (bags) is available. LLP generalizes the PAC learning framework and is motivated by applications like privacy-preserving learning and domains with high labeling costs (e.g., medical imaging). The authors prove three main results: (1) It is NP-hard to learn an ℓ-clause CNF that satisfies any constant-fraction of bags when the underlying function is an OR, establishing hardness even for bags of size ≤2 and separating CNFs from halfspaces. (2) It is NP-hard to learn an ℓ-DNF that satisfies more than (1/2 + δ)-fraction of bags for any constant δ>0 and ℓ, ruling out constant-factor DNF approximations. (3) For parities, with bags of size ≤q, it is NP-hard to satisfy more than (q/2^{q-1} + δ)-fraction of the bags, with the hardness increasing exponentially in bag size. However, a randomized polynomial-time algorithm can achieve a (1/2^{q-2})-approximation for LLP parity learning. These findings show qualitative differences between the LLP and PAC settings: problems tractable in PAC (e.g., ORs, parities) become inapproximable in LLP. The results rely on reductions from Label Cover and Smooth Label Cover problems. Prior works are discussed, highlighting that LLP learnability has been far less explored compared to PAC learning. Applications include privacy and weak supervision scenarios.\",\"docName\":\"2403.19401\",\"editTime\":\"2025-11-10T14:57:36.527\",\"fileName\":\"2403.19401.pdf\",\"folder\":\"C:\\\\Users\\\\XiaoXinPro 16 IAH\\\\Desktop\\\\LRIA_llm_eval\\\\eval\\\\Quantum_e2e_v20251106\\\\Bvt1110\\\\bvtfiles\",\"id\":1987776370834542592,\"isDeleted\":0,\"isTmpFile\":false,\"labelNameList\":[\"Technology\",\"Data Analysis\",\"Research Paper\"],\"lastModifyTime\":\"2025-09-17T09:45:00\",\"md5\":\"4ff6ba88616fcf7a71d1dca6c9adc14c\",\"path\":\"C:\\\\Users\\\\XiaoXinPro 16 IAH\\\\Desktop\\\\LRIA_llm_eval\\\\eval\\\\Quantum_e2e_v20251106\\\\Bvt1110\\\\bvtfiles\\\\2403.19401.pdf\",\"previewPath\":\"c:\\\\users\\\\xiaoxinpro 16 iah\\\\documents\\\\qtcore\\\\pdffile\\\\b6e6995c4481f9cd5d6cfb8c79124693.pdf\",\"priority\":1,\"score\":0.0,\"status\":\"COMPLETED\",\"tokenNum\":14092,\"uriPath\":\"\"},{\"createTime\":\"2025-11-10T14:56:32.609\",\"description\":\"A One Day International (ODI) is a format of limited overs cricket played between teams with international status, typically consisting of 50 overs per side. Originating in the late twentieth century, the first ODI was played in 1971 between Australia and England after rain affected a Test match. Initially, ODIs featured white kits and a red ball. The late 1970s saw significant innovations through Kerry Packer's World Series Cricket, introducing colored uniforms, night games under floodlights using a white ball, and enhanced television broadcasts with multiple camera angles and audio effects. These changes increased professionalism in the sport, with international players receiving payments and TV rights shifting to Channel 9 in Australia. Over time, colored kits and the white ball became the norm, with the traditional white flannels and red ball phased out by 2001. ODIs are considered the pinnacle of List A cricket, with the format used in major tournaments like the Cricket World Cup.\",\"docName\":\"3nql1cs15r8aviz39pth2bpsr4zvy1\",\"editTime\":\"2025-11-10T14:57:34.270\",\"fileName\":\"3nql1cs15r8aviz39pth2bpsr4zvy1.txt\",\"folder\":\"C:\\\\Users\\\\XiaoXinPro 16 IAH\\\\Desktop\\\\LRIA_llm_eval\\\\eval\\\\Quantum_e2e_v20251106\\\\Bvt1110\\\\bvtfiles\",\"id\":1987776371027480576,\"isDeleted\":0,\"isTmpFile\":false,\"labelNameList\":[\"Sport\",\"Informational\",\"History\"],\"lastModifyTime\":\"2025-09-17T09:45:00\",\"md5\":\"da0c0f7162b267cca0de596df4c40c56\",\"path\":\"C:\\\\Users\\\\XiaoXinPro 16 IAH\\\\Desktop\\\\LRIA_llm_eval\\\\eval\\\\Quantum_e2e_v20251106\\\\Bvt1110\\\\bvtfiles\\\\3nql1cs15r8aviz39pth2bpsr4zvy1.txt\",\"previewPath\":\"c:\\\\users\\\\xiaoxinpro 16 iah\\\\documents\\\\qtcore\\\\pdffile\\\\db8ff9222bdd0e56ba076310ced4c747.pdf\",\"priority\":2,\"score\":0.0,\"status\":\"COMPLETED\",\"tokenNum\":402,\"uriPath\":\"\"},{\"createTime\":\"2025-11-10T14:56:32.639\",\"description\":\"Psychological identity encompasses self-image, self-esteem, and individuality, representing how individuals perceive themselves in the present, past, and future. According to Weinreich, identity is the totality of self-construal, reflecting continuity across time and aspirations. Ethnic identity, for example, is defined as the part of self-construal connecting ancestry and future goals in terms of ethnicity. The concept of identity is central to fields like psychology, sociology, and anthropology, requiring frameworks that address both unique personal attributes and shifting group affiliations. Weinreich’s Identity Structure Analysis (ISA) provides a structural approach to mapping identity, focusing on stable relationships between the self and others within socio-cultural contexts. ISA utilizes constructs from individual experience, group dynamics, and cultural norms, offering a methodology for analyzing how individuals use these elements to evaluate themselves, others, and institutions over time and in varying circumstances.\",\"docName\":\"3u84xhcdicdb6vqtlfud7syhj444z2\",\"editTime\":\"2025-11-10T14:57:38.411\",\"fileName\":\"3u84xhcdicdb6vqtlfud7syhj444z2.txt\",\"folder\":\"C:\\\\Users\\\\XiaoXinPro 16 IAH\\\\Desktop\\\\LRIA_llm_eval\\\\eval\\\\Quantum_e2e_v20251106\\\\Bvt1110\\\\bvtfiles\",\"id\":1987776371153309696,\"isDeleted\":0,\"isTmpFile\":false,\"labelNameList\":[\"Informational\",\"Research Paper\",\"Psychology\"],\"lastModifyTime\":\"2025-09-17T09:45:00\",\"md5\":\"a80f0ad4af9fd250a462680c85e6fbf0\",\"path\":\"C:\\\\Users\\\\XiaoXinPro 16 IAH\\\\Desktop\\\\LRIA_llm_eval\\\\eval\\\\Quantum_e2e_v20251106\\\\Bvt1110\\\\bvtfiles\\\\3u84xhcdicdb6vqtlfud7syhj444z2.txt\",\"previewPath\":\"c:\\\\users\\\\xiaoxinpro 16 iah\\\\documents\\\\qtcore\\\\pdffile\\\\4bb6e885c6b375f7991ed237ae550f5a.pdf\",\"priority\":3,\"score\":0.0,\"status\":\"COMPLETED\",\"tokenNum\":414,\"uriPath\":\"\"},{\"createTime\":\"2025-11-10T14:56:32.666\",\"description\":\"Archie receives orders to join the earl and a large group of soldiers in pursuit of Bruce after a traitor reveals Bruce’s recent whereabouts. Despite his reluctance, Archie prepares to lead the party using Hector, the hound, whose tracking skills are crucial for the search. Archie contemplates killing the hound and fleeing if they get close to Bruce, though escape seems unlikely given the number of mounted men. Guided by a local peasant, the group reaches a cottage five miles away where Hector becomes highly excited, thoroughly investigating the area before decisively taking up Bruce’s trail. Archie struggles to control the eager hound, who pulls hard on the chain. He cautions Pembroke, the earl, to keep the knights and soldiers at a distance, noting that their noise further agitates Hector and makes the dog harder to manage. The narrative details the tension and urgency of the pursuit, highlighting Archie’s internal conflict and the hound’s pivotal role.\",\"docName\":\"3z3zlgnnsiuha76yy56h6uu71bh3q1\",\"editTime\":\"2025-11-10T14:57:41.133\",\"fileName\":\"3z3zlgnnsiuha76yy56h6uu71bh3q1.txt\",\"folder\":\"C:\\\\Users\\\\XiaoXinPro 16 IAH\\\\Desktop\\\\LRIA_llm_eval\\\\eval\\\\Quantum_e2e_v20251106\\\\Bvt1110\\\\bvtfiles\",\"id\":1987776371266555904,\"isDeleted\":0,\"isTmpFile\":false,\"labelNameList\":[\"History\",\"Report\",\"Text Document\"],\"lastModifyTime\":\"2025-09-17T09:45:00\",\"md5\":\"bb28043dd606535bdcaf1ee30346b0f9\",\"path\":\"C:\\\\Users\\\\XiaoXinPro 16 IAH\\\\Desktop\\\\LRIA_llm_eval\\\\eval\\\\Quantum_e2e_v20251106\\\\Bvt1110\\\\bvtfiles\\\\3z3zlgnnsiuha76yy56h6uu71bh3q1.txt\",\"previewPath\":\"c:\\\\users\\\\xiaoxinpro 16 iah\\\\documents\\\\qtcore\\\\pdffile\\\\e6e2343232ca421ef2da852a5f84548c.pdf\",\"priority\":4,\"score\":0.0,\"status\":\"COMPLETED\",\"tokenNum\":326,\"uriPath\":\"\"},{\"createTime\":\"2025-11-10T14:56:32.695\",\"description\":\"\",\"docName\":\"\",\"editTime\":\"2025-11-10T14:57:37.443\",\"fileName\":\"AI_Face_Test_Set_Collection_Method_Design.pptx\",\"folder\":\"C:\\\\Users\\\\XiaoXinPro 16 IAH\\\\Desktop\\\\LRIA_llm_eval\\\\eval\\\\Quantum_e2e_v20251106\\\\Bvt1110\\\\bvtfiles\",\"id\":1987776371388190720,\"isDeleted\":0,\"isTmpFile\":false,\"labelNameList\":[],\"lastModifyTime\":\"2025-09-17T09:46:00\",\"md5\":\"b0f396e7936e0f6192cd880927e8e74b\",\"path\":\"C:\\\\Users\\\\XiaoXinPro 16 IAH\\\\Desktop\\\\LRIA_llm_eval\\\\eval\\\\Quantum_e2e_v20251106\\\\Bvt1110\\\\bvtfiles\\\\AI_Face_Test_Set_Collection_Method_Design.pptx\",\"priority\":5,\"score\":0.0,\"status\":\"RUNNING\",\"tokenNum\":0,\"uriPath\":\"\"},{\"createTime\":\"2025-11-10T14:56:32.726\",\"description\":\"\",\"docName\":\"\",\"editTime\":\"2025-11-10T14:56:32.726\",\"errorDescription\":\"\",\"fileName\":\"A_brief_introduction_of_LP_liutao21_20220615.pptx\",\"folder\":\"C:\\\\Users\\\\XiaoXinPro 16 IAH\\\\Desktop\\\\LRIA_llm_eval\\\\eval\\\\Quantum_e2e_v20251106\\\\Bvt1110\\\\bvtfiles\",\"id\":1987776371518214144,\"isDeleted\":0,\"isTmpFile\":false,\"labelNameList\":[],\"lastModifyTime\":\"2025-09-17T09:46:00\",\"md5\":\"0dbb2532524843af54fb3388b7bf3381\",\"path\":\"C:\\\\Users\\\\XiaoXinPro 16 IAH\\\\Desktop\\\\LRIA_llm_eval\\\\eval\\\\Quantum_e2e_v20251106\\\\Bvt1110\\\\bvtfiles\\\\A_brief_introduction_of_LP_liutao21_20220615.pptx\",\"priority\":6,\"score\":0.0,\"status\":\"ADDED\",\"tokenNum\":0,\"uriPath\":\"\"},{\"createTime\":\"2025-11-10T14:56:32.800\",\"description\":\"\",\"docName\":\"\",\"editTime\":\"2025-11-10T14:56:32.800\",\"errorDescription\":\"\",\"fileName\":\"Belfast-English.docx\",\"folder\":\"C:\\\\Users\\\\XiaoXinPro 16 IAH\\\\Desktop\\\\LRIA_llm_eval\\\\eval\\\\Quantum_e2e_v20251106\\\\Bvt1110\\\\bvtfiles\",\"id\":1987776371828592640,\"isDeleted\":0,\"isTmpFile\":false,\"labelNameList\":[],\"lastModifyTime\":\"2025-09-17T09:45:00\",\"md5\":\"3193e699ffa92db332ae31a9fb1d3cb4\",\"path\":\"C:\\\\Users\\\\XiaoXinPro 16 IAH\\\\Desktop\\\\LRIA_llm_eval\\\\eval\\\\Quantum_e2e_v20251106\\\\Bvt1110\\\\bvtfiles\\\\Belfast-English.docx\",\"priority\":7,\"score\":0.0,\"status\":\"ADDED\",\"tokenNum\":0,\"uriPath\":\"\"},{\"createTime\":\"2025-11-10T14:56:32.823\",\"description\":\"\",\"docName\":\"\",\"editTime\":\"2025-11-10T14:56:32.823\",\"errorDescription\":\"\",\"fileName\":\"British-Food-Culture.doc\",\"folder\":\"C:\\\\Users\\\\XiaoXinPro 16 IAH\\\\Desktop\\\\LRIA_llm_eval\\\\eval\\\\Quantum_e2e_v20251106\\\\Bvt1110\\\\bvtfiles\",\"id\":1987776371925061632,\"isDeleted\":0,\"isTmpFile\":false,\"labelNameList\":[],\"lastModifyTime\":\"2025-09-17T09:45:00\",\"md5\":\"435798f1c3377c7f5b71e18d733ca579\",\"path\":\"C:\\\\Users\\\\XiaoXinPro 16 IAH\\\\Desktop\\\\LRIA_llm_eval\\\\eval\\\\Quantum_e2e_v20251106\\\\Bvt1110\\\\bvtfiles\\\\British-Food-Culture.doc\",\"priority\":8,\"score\":0.0,\"status\":\"ADDED\",\"tokenNum\":0,\"uriPath\":\"\"},{\"createTime\":\"2025-11-10T14:56:32.847\",\"description\":\"\",\"docName\":\"\",\"editTime\":\"2025-11-10T14:56:32.847\",\"errorDescription\":\"\",\"fileName\":\"Netflix Becomes a Broadway Producer With Peter Morgan’s Patriots.txt\",\"folder\":\"C:\\\\Users\\\\XiaoXinPro 16 IAH\\\\Desktop\\\\LRIA_llm_eval\\\\eval\\\\Quantum_e2e_v20251106\\\\Bvt1110\\\\bvtfiles\",\"id\":1987776372025724928,\"isDeleted\":0,\"isTmpFile\":false,\"labelNameList\":[],\"lastModifyTime\":\"2025-09-17T09:46:00\",\"md5\":\"ab84c46eaa62a18048fb0241446da4ca\",\"path\":\"C:\\\\Users\\\\XiaoXinPro 16 IAH\\\\Desktop\\\\LRIA_llm_eval\\\\eval\\\\Quantum_e2e_v20251106\\\\Bvt1110\\\\bvtfiles\\\\Netflix Becomes a Broadway Producer With Peter Morgan’s Patriots.txt\",\"priority\":9,\"score\":0.0,\"status\":\"ADDED\",\"tokenNum\":0,\"uriPath\":\"\"}]"}}
2025-11-10 14:57:46,252 - [Quantum_e2e_20251110.py:340] - [get_register_document] - INFO - 文档数量: 9
2025-11-10 14:57:46,252 - [Quantum_e2e_20251110.py:363] - [get_register_document] - INFO - 文档总数: 9, COMPLETED状态的文档数量: 4
2025-11-10 14:57:46,253 - [Quantum_e2e_20251110.py:395] - [get_register_document] - INFO - 仍有文档在处理中
2025-11-10 14:57:46,253 - [Quantum_e2e_20251110.py:1154] - [process_document_registration_only] - INFO - 文档仍在处理中，等待2秒后重试...
2025-11-10 14:57:48,267 - [Quantum_e2e_20251110.py:1145] - [process_document_registration_only] - INFO - 第35次检查文档处理状态...
2025-11-10 14:57:48,268 - [Quantum_e2e_20251110.py:289] - [get_register_document] - INFO - 检查文档注册状态...
2025-11-10 14:57:48,270 - [connectionpool.py:243] - [_new_conn] - DEBUG - Starting new HTTP connection (1): 127.0.0.1:35253
2025-11-10 14:57:48,273 - [connectionpool.py:546] - [_make_request] - DEBUG - http://127.0.0.1:35253 "POST /upload HTTP/11" 200 20
2025-11-10 14:57:48,274 - [Quantum_e2e_20251110.py:299] - [get_register_document] - INFO - 文档注册已用时间: 75.86秒 (01:15)
2025-11-10 14:57:48,274 - [Quantum_e2e_20251110.py:303] - [get_register_document] - INFO - 成功获取文档列表，upload_id: -6740084912856192436
2025-11-10 14:57:48,276 - [connectionpool.py:243] - [_new_conn] - DEBUG - Starting new HTTP connection (1): 127.0.0.1:35253
2025-11-10 14:57:48,283 - [connectionpool.py:546] - [_make_request] - DEBUG - http://127.0.0.1:35253 "GET /query?fileData=-6740084912856192436 HTTP/11" 200 None
2025-11-10 14:57:48,417 - [Quantum_e2e_20251110.py:583] - [get_response_content_detailed] - INFO - 响应时间: 0.01秒
2025-11-10 14:57:48,418 - [Quantum_e2e_20251110.py:310] - [get_register_document] - INFO - 获取到的result_text: {"jobId":37,"status":"complete","data":{"text":"[{\"createTime\":\"2025-11-10T14:56:32.563\",\"description\":\"This paper studies the computational hardness of learning Boolean functions from label proportions (LLP), a machine learning setting where only aggregated label information within small subsets (bags) is available. LLP generalizes the PAC learning framework and is motivated by applications like privacy-preserving learning and domains with high labeling costs (e.g., medical imaging). The authors prove three main results: (1) It is NP-hard to learn an ℓ-clause CNF that satisfies any constant-fraction of bags when the underlying function is an OR, establishing hardness even for bags of size ≤2 and separating CNFs from halfspaces. (2) It is NP-hard to learn an ℓ-DNF that satisfies more than (1/2 + δ)-fraction of bags for any constant δ>0 and ℓ, ruling out constant-factor DNF approximations. (3) For parities, with bags of size ≤q, it is NP-hard to satisfy more than (q/2^{q-1} + δ)-fraction of the bags, with the hardness increasing exponentially in bag size. However, a randomized polynomial-time algorithm can achieve a (1/2^{q-2})-approximation for LLP parity learning. These findings show qualitative differences between the LLP and PAC settings: problems tractable in PAC (e.g., ORs, parities) become inapproximable in LLP. The results rely on reductions from Label Cover and Smooth Label Cover problems. Prior works are discussed, highlighting that LLP learnability has been far less explored compared to PAC learning. Applications include privacy and weak supervision scenarios.\",\"docName\":\"2403.19401\",\"editTime\":\"2025-11-10T14:57:36.527\",\"fileName\":\"2403.19401.pdf\",\"folder\":\"C:\\\\Users\\\\XiaoXinPro 16 IAH\\\\Desktop\\\\LRIA_llm_eval\\\\eval\\\\Quantum_e2e_v20251106\\\\Bvt1110\\\\bvtfiles\",\"id\":1987776370834542592,\"isDeleted\":0,\"isTmpFile\":false,\"labelNameList\":[\"Technology\",\"Data Analysis\",\"Research Paper\"],\"lastModifyTime\":\"2025-09-17T09:45:00\",\"md5\":\"4ff6ba88616fcf7a71d1dca6c9adc14c\",\"path\":\"C:\\\\Users\\\\XiaoXinPro 16 IAH\\\\Desktop\\\\LRIA_llm_eval\\\\eval\\\\Quantum_e2e_v20251106\\\\Bvt1110\\\\bvtfiles\\\\2403.19401.pdf\",\"previewPath\":\"c:\\\\users\\\\xiaoxinpro 16 iah\\\\documents\\\\qtcore\\\\pdffile\\\\b6e6995c4481f9cd5d6cfb8c79124693.pdf\",\"priority\":1,\"score\":0.0,\"status\":\"COMPLETED\",\"tokenNum\":14092,\"uriPath\":\"\"},{\"createTime\":\"2025-11-10T14:56:32.609\",\"description\":\"A One Day International (ODI) is a format of limited overs cricket played between teams with international status, typically consisting of 50 overs per side. Originating in the late twentieth century, the first ODI was played in 1971 between Australia and England after rain affected a Test match. Initially, ODIs featured white kits and a red ball. The late 1970s saw significant innovations through Kerry Packer's World Series Cricket, introducing colored uniforms, night games under floodlights using a white ball, and enhanced television broadcasts with multiple camera angles and audio effects. These changes increased professionalism in the sport, with international players receiving payments and TV rights shifting to Channel 9 in Australia. Over time, colored kits and the white ball became the norm, with the traditional white flannels and red ball phased out by 2001. ODIs are considered the pinnacle of List A cricket, with the format used in major tournaments like the Cricket World Cup.\",\"docName\":\"3nql1cs15r8aviz39pth2bpsr4zvy1\",\"editTime\":\"2025-11-10T14:57:34.270\",\"fileName\":\"3nql1cs15r8aviz39pth2bpsr4zvy1.txt\",\"folder\":\"C:\\\\Users\\\\XiaoXinPro 16 IAH\\\\Desktop\\\\LRIA_llm_eval\\\\eval\\\\Quantum_e2e_v20251106\\\\Bvt1110\\\\bvtfiles\",\"id\":1987776371027480576,\"isDeleted\":0,\"isTmpFile\":false,\"labelNameList\":[\"Sport\",\"Informational\",\"History\"],\"lastModifyTime\":\"2025-09-17T09:45:00\",\"md5\":\"da0c0f7162b267cca0de596df4c40c56\",\"path\":\"C:\\\\Users\\\\XiaoXinPro 16 IAH\\\\Desktop\\\\LRIA_llm_eval\\\\eval\\\\Quantum_e2e_v20251106\\\\Bvt1110\\\\bvtfiles\\\\3nql1cs15r8aviz39pth2bpsr4zvy1.txt\",\"previewPath\":\"c:\\\\users\\\\xiaoxinpro 16 iah\\\\documents\\\\qtcore\\\\pdffile\\\\db8ff9222bdd0e56ba076310ced4c747.pdf\",\"priority\":2,\"score\":0.0,\"status\":\"COMPLETED\",\"tokenNum\":402,\"uriPath\":\"\"},{\"createTime\":\"2025-11-10T14:56:32.639\",\"description\":\"Psychological identity encompasses self-image, self-esteem, and individuality, representing how individuals perceive themselves in the present, past, and future. According to Weinreich, identity is the totality of self-construal, reflecting continuity across time and aspirations. Ethnic identity, for example, is defined as the part of self-construal connecting ancestry and future goals in terms of ethnicity. The concept of identity is central to fields like psychology, sociology, and anthropology, requiring frameworks that address both unique personal attributes and shifting group affiliations. Weinreich’s Identity Structure Analysis (ISA) provides a structural approach to mapping identity, focusing on stable relationships between the self and others within socio-cultural contexts. ISA utilizes constructs from individual experience, group dynamics, and cultural norms, offering a methodology for analyzing how individuals use these elements to evaluate themselves, others, and institutions over time and in varying circumstances.\",\"docName\":\"3u84xhcdicdb6vqtlfud7syhj444z2\",\"editTime\":\"2025-11-10T14:57:38.411\",\"fileName\":\"3u84xhcdicdb6vqtlfud7syhj444z2.txt\",\"folder\":\"C:\\\\Users\\\\XiaoXinPro 16 IAH\\\\Desktop\\\\LRIA_llm_eval\\\\eval\\\\Quantum_e2e_v20251106\\\\Bvt1110\\\\bvtfiles\",\"id\":1987776371153309696,\"isDeleted\":0,\"isTmpFile\":false,\"labelNameList\":[\"Informational\",\"Research Paper\",\"Psychology\"],\"lastModifyTime\":\"2025-09-17T09:45:00\",\"md5\":\"a80f0ad4af9fd250a462680c85e6fbf0\",\"path\":\"C:\\\\Users\\\\XiaoXinPro 16 IAH\\\\Desktop\\\\LRIA_llm_eval\\\\eval\\\\Quantum_e2e_v20251106\\\\Bvt1110\\\\bvtfiles\\\\3u84xhcdicdb6vqtlfud7syhj444z2.txt\",\"previewPath\":\"c:\\\\users\\\\xiaoxinpro 16 iah\\\\documents\\\\qtcore\\\\pdffile\\\\4bb6e885c6b375f7991ed237ae550f5a.pdf\",\"priority\":3,\"score\":0.0,\"status\":\"COMPLETED\",\"tokenNum\":414,\"uriPath\":\"\"},{\"createTime\":\"2025-11-10T14:56:32.666\",\"description\":\"Archie receives orders to join the earl and a large group of soldiers in pursuit of Bruce after a traitor reveals Bruce’s recent whereabouts. Despite his reluctance, Archie prepares to lead the party using Hector, the hound, whose tracking skills are crucial for the search. Archie contemplates killing the hound and fleeing if they get close to Bruce, though escape seems unlikely given the number of mounted men. Guided by a local peasant, the group reaches a cottage five miles away where Hector becomes highly excited, thoroughly investigating the area before decisively taking up Bruce’s trail. Archie struggles to control the eager hound, who pulls hard on the chain. He cautions Pembroke, the earl, to keep the knights and soldiers at a distance, noting that their noise further agitates Hector and makes the dog harder to manage. The narrative details the tension and urgency of the pursuit, highlighting Archie’s internal conflict and the hound’s pivotal role.\",\"docName\":\"3z3zlgnnsiuha76yy56h6uu71bh3q1\",\"editTime\":\"2025-11-10T14:57:41.133\",\"fileName\":\"3z3zlgnnsiuha76yy56h6uu71bh3q1.txt\",\"folder\":\"C:\\\\Users\\\\XiaoXinPro 16 IAH\\\\Desktop\\\\LRIA_llm_eval\\\\eval\\\\Quantum_e2e_v20251106\\\\Bvt1110\\\\bvtfiles\",\"id\":1987776371266555904,\"isDeleted\":0,\"isTmpFile\":false,\"labelNameList\":[\"History\",\"Report\",\"Text Document\"],\"lastModifyTime\":\"2025-09-17T09:45:00\",\"md5\":\"bb28043dd606535bdcaf1ee30346b0f9\",\"path\":\"C:\\\\Users\\\\XiaoXinPro 16 IAH\\\\Desktop\\\\LRIA_llm_eval\\\\eval\\\\Quantum_e2e_v20251106\\\\Bvt1110\\\\bvtfiles\\\\3z3zlgnnsiuha76yy56h6uu71bh3q1.txt\",\"previewPath\":\"c:\\\\users\\\\xiaoxinpro 16 iah\\\\documents\\\\qtcore\\\\pdffile\\\\e6e2343232ca421ef2da852a5f84548c.pdf\",\"priority\":4,\"score\":0.0,\"status\":\"COMPLETED\",\"tokenNum\":326,\"uriPath\":\"\"},{\"createTime\":\"2025-11-10T14:56:32.695\",\"description\":\"\",\"docName\":\"AI_Face_Test_Set_Collection_Method_Design\",\"editTime\":\"2025-11-10T14:57:47.832\",\"fileName\":\"AI_Face_Test_Set_Collection_Method_Design.pptx\",\"folder\":\"C:\\\\Users\\\\XiaoXinPro 16 IAH\\\\Desktop\\\\LRIA_llm_eval\\\\eval\\\\Quantum_e2e_v20251106\\\\Bvt1110\\\\bvtfiles\",\"id\":1987776371388190720,\"isDeleted\":0,\"isTmpFile\":false,\"labelNameList\":[],\"lastModifyTime\":\"2025-09-17T09:46:00\",\"md5\":\"b0f396e7936e0f6192cd880927e8e74b\",\"path\":\"C:\\\\Users\\\\XiaoXinPro 16 IAH\\\\Desktop\\\\LRIA_llm_eval\\\\eval\\\\Quantum_e2e_v20251106\\\\Bvt1110\\\\bvtfiles\\\\AI_Face_Test_Set_Collection_Method_Design.pptx\",\"previewPath\":\"c:\\\\users\\\\xiaoxinpro 16 iah\\\\documents\\\\qtcore\\\\pdffile\\\\5820f6ff633a3666eab35d871b69006b.pdf\",\"priority\":5,\"score\":0.0,\"status\":\"COMPLETED\",\"tokenNum\":432,\"uriPath\":\"\"},{\"createTime\":\"2025-11-10T14:56:32.726\",\"description\":\"\",\"docName\":\"\",\"editTime\":\"2025-11-10T14:57:47.856\",\"fileName\":\"A_brief_introduction_of_LP_liutao21_20220615.pptx\",\"folder\":\"C:\\\\Users\\\\XiaoXinPro 16 IAH\\\\Desktop\\\\LRIA_llm_eval\\\\eval\\\\Quantum_e2e_v20251106\\\\Bvt1110\\\\bvtfiles\",\"id\":1987776371518214144,\"isDeleted\":0,\"isTmpFile\":false,\"labelNameList\":[],\"lastModifyTime\":\"2025-09-17T09:46:00\",\"md5\":\"0dbb2532524843af54fb3388b7bf3381\",\"path\":\"C:\\\\Users\\\\XiaoXinPro 16 IAH\\\\Desktop\\\\LRIA_llm_eval\\\\eval\\\\Quantum_e2e_v20251106\\\\Bvt1110\\\\bvtfiles\\\\A_brief_introduction_of_LP_liutao21_20220615.pptx\",\"priority\":6,\"score\":0.0,\"status\":\"RUNNING\",\"tokenNum\":0,\"uriPath\":\"\"},{\"createTime\":\"2025-11-10T14:56:32.800\",\"description\":\"\",\"docName\":\"\",\"editTime\":\"2025-11-10T14:56:32.800\",\"errorDescription\":\"\",\"fileName\":\"Belfast-English.docx\",\"folder\":\"C:\\\\Users\\\\XiaoXinPro 16 IAH\\\\Desktop\\\\LRIA_llm_eval\\\\eval\\\\Quantum_e2e_v20251106\\\\Bvt1110\\\\bvtfiles\",\"id\":1987776371828592640,\"isDeleted\":0,\"isTmpFile\":false,\"labelNameList\":[],\"lastModifyTime\":\"2025-09-17T09:45:00\",\"md5\":\"3193e699ffa92db332ae31a9fb1d3cb4\",\"path\":\"C:\\\\Users\\\\XiaoXinPro 16 IAH\\\\Desktop\\\\LRIA_llm_eval\\\\eval\\\\Quantum_e2e_v20251106\\\\Bvt1110\\\\bvtfiles\\\\Belfast-English.docx\",\"priority\":7,\"score\":0.0,\"status\":\"ADDED\",\"tokenNum\":0,\"uriPath\":\"\"},{\"createTime\":\"2025-11-10T14:56:32.823\",\"description\":\"\",\"docName\":\"\",\"editTime\":\"2025-11-10T14:56:32.823\",\"errorDescription\":\"\",\"fileName\":\"British-Food-Culture.doc\",\"folder\":\"C:\\\\Users\\\\XiaoXinPro 16 IAH\\\\Desktop\\\\LRIA_llm_eval\\\\eval\\\\Quantum_e2e_v20251106\\\\Bvt1110\\\\bvtfiles\",\"id\":1987776371925061632,\"isDeleted\":0,\"isTmpFile\":false,\"labelNameList\":[],\"lastModifyTime\":\"2025-09-17T09:45:00\",\"md5\":\"435798f1c3377c7f5b71e18d733ca579\",\"path\":\"C:\\\\Users\\\\XiaoXinPro 16 IAH\\\\Desktop\\\\LRIA_llm_eval\\\\eval\\\\Quantum_e2e_v20251106\\\\Bvt1110\\\\bvtfiles\\\\British-Food-Culture.doc\",\"priority\":8,\"score\":0.0,\"status\":\"ADDED\",\"tokenNum\":0,\"uriPath\":\"\"},{\"createTime\":\"2025-11-10T14:56:32.847\",\"description\":\"\",\"docName\":\"\",\"editTime\":\"2025-11-10T14:56:32.847\",\"errorDescription\":\"\",\"fileName\":\"Netflix Becomes a Broadway Producer With Peter Morgan’s Patriots.txt\",\"folder\":\"C:\\\\Users\\\\XiaoXinPro 16 IAH\\\\Desktop\\\\LRIA_llm_eval\\\\eval\\\\Quantum_e2e_v20251106\\\\Bvt1110\\\\bvtfiles\",\"id\":1987776372025724928,\"isDeleted\":0,\"isTmpFile\":false,\"labelNameList\":[],\"lastModifyTime\":\"2025-09-17T09:46:00\",\"md5\":\"ab84c46eaa62a18048fb0241446da4ca\",\"path\":\"C:\\\\Users\\\\XiaoXinPro 16 IAH\\\\Desktop\\\\LRIA_llm_eval\\\\eval\\\\Quantum_e2e_v20251106\\\\Bvt1110\\\\bvtfiles\\\\Netflix Becomes a Broadway Producer With Peter Morgan’s Patriots.txt\",\"priority\":9,\"score\":0.0,\"status\":\"ADDED\",\"tokenNum\":0,\"uriPath\":\"\"}]"}}
2025-11-10 14:57:48,419 - [Quantum_e2e_20251110.py:340] - [get_register_document] - INFO - 文档数量: 9
2025-11-10 14:57:48,419 - [Quantum_e2e_20251110.py:363] - [get_register_document] - INFO - 文档总数: 9, COMPLETED状态的文档数量: 5
2025-11-10 14:57:48,420 - [Quantum_e2e_20251110.py:395] - [get_register_document] - INFO - 仍有文档在处理中
2025-11-10 14:57:48,420 - [Quantum_e2e_20251110.py:1154] - [process_document_registration_only] - INFO - 文档仍在处理中，等待2秒后重试...
2025-11-10 14:57:50,430 - [Quantum_e2e_20251110.py:1145] - [process_document_registration_only] - INFO - 第36次检查文档处理状态...
2025-11-10 14:57:50,430 - [Quantum_e2e_20251110.py:289] - [get_register_document] - INFO - 检查文档注册状态...
2025-11-10 14:57:50,432 - [connectionpool.py:243] - [_new_conn] - DEBUG - Starting new HTTP connection (1): 127.0.0.1:35253
2025-11-10 14:57:50,436 - [connectionpool.py:546] - [_make_request] - DEBUG - http://127.0.0.1:35253 "POST /upload HTTP/11" 200 19
2025-11-10 14:57:50,436 - [Quantum_e2e_20251110.py:299] - [get_register_document] - INFO - 文档注册已用时间: 78.02秒 (01:18)
2025-11-10 14:57:50,437 - [Quantum_e2e_20251110.py:303] - [get_register_document] - INFO - 成功获取文档列表，upload_id: 1897955531835933984
2025-11-10 14:57:50,439 - [connectionpool.py:243] - [_new_conn] - DEBUG - Starting new HTTP connection (1): 127.0.0.1:35253
2025-11-10 14:57:50,446 - [connectionpool.py:546] - [_make_request] - DEBUG - http://127.0.0.1:35253 "GET /query?fileData=1897955531835933984 HTTP/11" 200 None
2025-11-10 14:57:50,551 - [Quantum_e2e_20251110.py:583] - [get_response_content_detailed] - INFO - 响应时间: 0.01秒
2025-11-10 14:57:50,551 - [Quantum_e2e_20251110.py:310] - [get_register_document] - INFO - 获取到的result_text: {"jobId":38,"status":"complete","data":{"text":"[{\"createTime\":\"2025-11-10T14:56:32.563\",\"description\":\"This paper studies the computational hardness of learning Boolean functions from label proportions (LLP), a machine learning setting where only aggregated label information within small subsets (bags) is available. LLP generalizes the PAC learning framework and is motivated by applications like privacy-preserving learning and domains with high labeling costs (e.g., medical imaging). The authors prove three main results: (1) It is NP-hard to learn an ℓ-clause CNF that satisfies any constant-fraction of bags when the underlying function is an OR, establishing hardness even for bags of size ≤2 and separating CNFs from halfspaces. (2) It is NP-hard to learn an ℓ-DNF that satisfies more than (1/2 + δ)-fraction of bags for any constant δ>0 and ℓ, ruling out constant-factor DNF approximations. (3) For parities, with bags of size ≤q, it is NP-hard to satisfy more than (q/2^{q-1} + δ)-fraction of the bags, with the hardness increasing exponentially in bag size. However, a randomized polynomial-time algorithm can achieve a (1/2^{q-2})-approximation for LLP parity learning. These findings show qualitative differences between the LLP and PAC settings: problems tractable in PAC (e.g., ORs, parities) become inapproximable in LLP. The results rely on reductions from Label Cover and Smooth Label Cover problems. Prior works are discussed, highlighting that LLP learnability has been far less explored compared to PAC learning. Applications include privacy and weak supervision scenarios.\",\"docName\":\"2403.19401\",\"editTime\":\"2025-11-10T14:57:36.527\",\"fileName\":\"2403.19401.pdf\",\"folder\":\"C:\\\\Users\\\\XiaoXinPro 16 IAH\\\\Desktop\\\\LRIA_llm_eval\\\\eval\\\\Quantum_e2e_v20251106\\\\Bvt1110\\\\bvtfiles\",\"id\":1987776370834542592,\"isDeleted\":0,\"isTmpFile\":false,\"labelNameList\":[\"Technology\",\"Data Analysis\",\"Research Paper\"],\"lastModifyTime\":\"2025-09-17T09:45:00\",\"md5\":\"4ff6ba88616fcf7a71d1dca6c9adc14c\",\"path\":\"C:\\\\Users\\\\XiaoXinPro 16 IAH\\\\Desktop\\\\LRIA_llm_eval\\\\eval\\\\Quantum_e2e_v20251106\\\\Bvt1110\\\\bvtfiles\\\\2403.19401.pdf\",\"previewPath\":\"c:\\\\users\\\\xiaoxinpro 16 iah\\\\documents\\\\qtcore\\\\pdffile\\\\b6e6995c4481f9cd5d6cfb8c79124693.pdf\",\"priority\":1,\"score\":0.0,\"status\":\"COMPLETED\",\"tokenNum\":14092,\"uriPath\":\"\"},{\"createTime\":\"2025-11-10T14:56:32.609\",\"description\":\"A One Day International (ODI) is a format of limited overs cricket played between teams with international status, typically consisting of 50 overs per side. Originating in the late twentieth century, the first ODI was played in 1971 between Australia and England after rain affected a Test match. Initially, ODIs featured white kits and a red ball. The late 1970s saw significant innovations through Kerry Packer's World Series Cricket, introducing colored uniforms, night games under floodlights using a white ball, and enhanced television broadcasts with multiple camera angles and audio effects. These changes increased professionalism in the sport, with international players receiving payments and TV rights shifting to Channel 9 in Australia. Over time, colored kits and the white ball became the norm, with the traditional white flannels and red ball phased out by 2001. ODIs are considered the pinnacle of List A cricket, with the format used in major tournaments like the Cricket World Cup.\",\"docName\":\"3nql1cs15r8aviz39pth2bpsr4zvy1\",\"editTime\":\"2025-11-10T14:57:34.270\",\"fileName\":\"3nql1cs15r8aviz39pth2bpsr4zvy1.txt\",\"folder\":\"C:\\\\Users\\\\XiaoXinPro 16 IAH\\\\Desktop\\\\LRIA_llm_eval\\\\eval\\\\Quantum_e2e_v20251106\\\\Bvt1110\\\\bvtfiles\",\"id\":1987776371027480576,\"isDeleted\":0,\"isTmpFile\":false,\"labelNameList\":[\"Sport\",\"Informational\",\"History\"],\"lastModifyTime\":\"2025-09-17T09:45:00\",\"md5\":\"da0c0f7162b267cca0de596df4c40c56\",\"path\":\"C:\\\\Users\\\\XiaoXinPro 16 IAH\\\\Desktop\\\\LRIA_llm_eval\\\\eval\\\\Quantum_e2e_v20251106\\\\Bvt1110\\\\bvtfiles\\\\3nql1cs15r8aviz39pth2bpsr4zvy1.txt\",\"previewPath\":\"c:\\\\users\\\\xiaoxinpro 16 iah\\\\documents\\\\qtcore\\\\pdffile\\\\db8ff9222bdd0e56ba076310ced4c747.pdf\",\"priority\":2,\"score\":0.0,\"status\":\"COMPLETED\",\"tokenNum\":402,\"uriPath\":\"\"},{\"createTime\":\"2025-11-10T14:56:32.639\",\"description\":\"Psychological identity encompasses self-image, self-esteem, and individuality, representing how individuals perceive themselves in the present, past, and future. According to Weinreich, identity is the totality of self-construal, reflecting continuity across time and aspirations. Ethnic identity, for example, is defined as the part of self-construal connecting ancestry and future goals in terms of ethnicity. The concept of identity is central to fields like psychology, sociology, and anthropology, requiring frameworks that address both unique personal attributes and shifting group affiliations. Weinreich’s Identity Structure Analysis (ISA) provides a structural approach to mapping identity, focusing on stable relationships between the self and others within socio-cultural contexts. ISA utilizes constructs from individual experience, group dynamics, and cultural norms, offering a methodology for analyzing how individuals use these elements to evaluate themselves, others, and institutions over time and in varying circumstances.\",\"docName\":\"3u84xhcdicdb6vqtlfud7syhj444z2\",\"editTime\":\"2025-11-10T14:57:38.411\",\"fileName\":\"3u84xhcdicdb6vqtlfud7syhj444z2.txt\",\"folder\":\"C:\\\\Users\\\\XiaoXinPro 16 IAH\\\\Desktop\\\\LRIA_llm_eval\\\\eval\\\\Quantum_e2e_v20251106\\\\Bvt1110\\\\bvtfiles\",\"id\":1987776371153309696,\"isDeleted\":0,\"isTmpFile\":false,\"labelNameList\":[\"Informational\",\"Research Paper\",\"Psychology\"],\"lastModifyTime\":\"2025-09-17T09:45:00\",\"md5\":\"a80f0ad4af9fd250a462680c85e6fbf0\",\"path\":\"C:\\\\Users\\\\XiaoXinPro 16 IAH\\\\Desktop\\\\LRIA_llm_eval\\\\eval\\\\Quantum_e2e_v20251106\\\\Bvt1110\\\\bvtfiles\\\\3u84xhcdicdb6vqtlfud7syhj444z2.txt\",\"previewPath\":\"c:\\\\users\\\\xiaoxinpro 16 iah\\\\documents\\\\qtcore\\\\pdffile\\\\4bb6e885c6b375f7991ed237ae550f5a.pdf\",\"priority\":3,\"score\":0.0,\"status\":\"COMPLETED\",\"tokenNum\":414,\"uriPath\":\"\"},{\"createTime\":\"2025-11-10T14:56:32.666\",\"description\":\"Archie receives orders to join the earl and a large group of soldiers in pursuit of Bruce after a traitor reveals Bruce’s recent whereabouts. Despite his reluctance, Archie prepares to lead the party using Hector, the hound, whose tracking skills are crucial for the search. Archie contemplates killing the hound and fleeing if they get close to Bruce, though escape seems unlikely given the number of mounted men. Guided by a local peasant, the group reaches a cottage five miles away where Hector becomes highly excited, thoroughly investigating the area before decisively taking up Bruce’s trail. Archie struggles to control the eager hound, who pulls hard on the chain. He cautions Pembroke, the earl, to keep the knights and soldiers at a distance, noting that their noise further agitates Hector and makes the dog harder to manage. The narrative details the tension and urgency of the pursuit, highlighting Archie’s internal conflict and the hound’s pivotal role.\",\"docName\":\"3z3zlgnnsiuha76yy56h6uu71bh3q1\",\"editTime\":\"2025-11-10T14:57:41.133\",\"fileName\":\"3z3zlgnnsiuha76yy56h6uu71bh3q1.txt\",\"folder\":\"C:\\\\Users\\\\XiaoXinPro 16 IAH\\\\Desktop\\\\LRIA_llm_eval\\\\eval\\\\Quantum_e2e_v20251106\\\\Bvt1110\\\\bvtfiles\",\"id\":1987776371266555904,\"isDeleted\":0,\"isTmpFile\":false,\"labelNameList\":[\"History\",\"Report\",\"Text Document\"],\"lastModifyTime\":\"2025-09-17T09:45:00\",\"md5\":\"bb28043dd606535bdcaf1ee30346b0f9\",\"path\":\"C:\\\\Users\\\\XiaoXinPro 16 IAH\\\\Desktop\\\\LRIA_llm_eval\\\\eval\\\\Quantum_e2e_v20251106\\\\Bvt1110\\\\bvtfiles\\\\3z3zlgnnsiuha76yy56h6uu71bh3q1.txt\",\"previewPath\":\"c:\\\\users\\\\xiaoxinpro 16 iah\\\\documents\\\\qtcore\\\\pdffile\\\\e6e2343232ca421ef2da852a5f84548c.pdf\",\"priority\":4,\"score\":0.0,\"status\":\"COMPLETED\",\"tokenNum\":326,\"uriPath\":\"\"},{\"createTime\":\"2025-11-10T14:56:32.695\",\"description\":\"\",\"docName\":\"AI_Face_Test_Set_Collection_Method_Design\",\"editTime\":\"2025-11-10T14:57:47.832\",\"fileName\":\"AI_Face_Test_Set_Collection_Method_Design.pptx\",\"folder\":\"C:\\\\Users\\\\XiaoXinPro 16 IAH\\\\Desktop\\\\LRIA_llm_eval\\\\eval\\\\Quantum_e2e_v20251106\\\\Bvt1110\\\\bvtfiles\",\"id\":1987776371388190720,\"isDeleted\":0,\"isTmpFile\":false,\"labelNameList\":[],\"lastModifyTime\":\"2025-09-17T09:46:00\",\"md5\":\"b0f396e7936e0f6192cd880927e8e74b\",\"path\":\"C:\\\\Users\\\\XiaoXinPro 16 IAH\\\\Desktop\\\\LRIA_llm_eval\\\\eval\\\\Quantum_e2e_v20251106\\\\Bvt1110\\\\bvtfiles\\\\AI_Face_Test_Set_Collection_Method_Design.pptx\",\"previewPath\":\"c:\\\\users\\\\xiaoxinpro 16 iah\\\\documents\\\\qtcore\\\\pdffile\\\\5820f6ff633a3666eab35d871b69006b.pdf\",\"priority\":5,\"score\":0.0,\"status\":\"COMPLETED\",\"tokenNum\":432,\"uriPath\":\"\"},{\"createTime\":\"2025-11-10T14:56:32.726\",\"description\":\"\",\"docName\":\"\",\"editTime\":\"2025-11-10T14:57:47.856\",\"fileName\":\"A_brief_introduction_of_LP_liutao21_20220615.pptx\",\"folder\":\"C:\\\\Users\\\\XiaoXinPro 16 IAH\\\\Desktop\\\\LRIA_llm_eval\\\\eval\\\\Quantum_e2e_v20251106\\\\Bvt1110\\\\bvtfiles\",\"id\":1987776371518214144,\"isDeleted\":0,\"isTmpFile\":false,\"labelNameList\":[],\"lastModifyTime\":\"2025-09-17T09:46:00\",\"md5\":\"0dbb2532524843af54fb3388b7bf3381\",\"path\":\"C:\\\\Users\\\\XiaoXinPro 16 IAH\\\\Desktop\\\\LRIA_llm_eval\\\\eval\\\\Quantum_e2e_v20251106\\\\Bvt1110\\\\bvtfiles\\\\A_brief_introduction_of_LP_liutao21_20220615.pptx\",\"priority\":6,\"score\":0.0,\"status\":\"RUNNING\",\"tokenNum\":0,\"uriPath\":\"\"},{\"createTime\":\"2025-11-10T14:56:32.800\",\"description\":\"\",\"docName\":\"\",\"editTime\":\"2025-11-10T14:56:32.800\",\"errorDescription\":\"\",\"fileName\":\"Belfast-English.docx\",\"folder\":\"C:\\\\Users\\\\XiaoXinPro 16 IAH\\\\Desktop\\\\LRIA_llm_eval\\\\eval\\\\Quantum_e2e_v20251106\\\\Bvt1110\\\\bvtfiles\",\"id\":1987776371828592640,\"isDeleted\":0,\"isTmpFile\":false,\"labelNameList\":[],\"lastModifyTime\":\"2025-09-17T09:45:00\",\"md5\":\"3193e699ffa92db332ae31a9fb1d3cb4\",\"path\":\"C:\\\\Users\\\\XiaoXinPro 16 IAH\\\\Desktop\\\\LRIA_llm_eval\\\\eval\\\\Quantum_e2e_v20251106\\\\Bvt1110\\\\bvtfiles\\\\Belfast-English.docx\",\"priority\":7,\"score\":0.0,\"status\":\"ADDED\",\"tokenNum\":0,\"uriPath\":\"\"},{\"createTime\":\"2025-11-10T14:56:32.823\",\"description\":\"\",\"docName\":\"\",\"editTime\":\"2025-11-10T14:56:32.823\",\"errorDescription\":\"\",\"fileName\":\"British-Food-Culture.doc\",\"folder\":\"C:\\\\Users\\\\XiaoXinPro 16 IAH\\\\Desktop\\\\LRIA_llm_eval\\\\eval\\\\Quantum_e2e_v20251106\\\\Bvt1110\\\\bvtfiles\",\"id\":1987776371925061632,\"isDeleted\":0,\"isTmpFile\":false,\"labelNameList\":[],\"lastModifyTime\":\"2025-09-17T09:45:00\",\"md5\":\"435798f1c3377c7f5b71e18d733ca579\",\"path\":\"C:\\\\Users\\\\XiaoXinPro 16 IAH\\\\Desktop\\\\LRIA_llm_eval\\\\eval\\\\Quantum_e2e_v20251106\\\\Bvt1110\\\\bvtfiles\\\\British-Food-Culture.doc\",\"priority\":8,\"score\":0.0,\"status\":\"ADDED\",\"tokenNum\":0,\"uriPath\":\"\"},{\"createTime\":\"2025-11-10T14:56:32.847\",\"description\":\"\",\"docName\":\"\",\"editTime\":\"2025-11-10T14:56:32.847\",\"errorDescription\":\"\",\"fileName\":\"Netflix Becomes a Broadway Producer With Peter Morgan’s Patriots.txt\",\"folder\":\"C:\\\\Users\\\\XiaoXinPro 16 IAH\\\\Desktop\\\\LRIA_llm_eval\\\\eval\\\\Quantum_e2e_v20251106\\\\Bvt1110\\\\bvtfiles\",\"id\":1987776372025724928,\"isDeleted\":0,\"isTmpFile\":false,\"labelNameList\":[],\"lastModifyTime\":\"2025-09-17T09:46:00\",\"md5\":\"ab84c46eaa62a18048fb0241446da4ca\",\"path\":\"C:\\\\Users\\\\XiaoXinPro 16 IAH\\\\Desktop\\\\LRIA_llm_eval\\\\eval\\\\Quantum_e2e_v20251106\\\\Bvt1110\\\\bvtfiles\\\\Netflix Becomes a Broadway Producer With Peter Morgan’s Patriots.txt\",\"priority\":9,\"score\":0.0,\"status\":\"ADDED\",\"tokenNum\":0,\"uriPath\":\"\"}]"}}
2025-11-10 14:57:50,552 - [Quantum_e2e_20251110.py:340] - [get_register_document] - INFO - 文档数量: 9
2025-11-10 14:57:50,552 - [Quantum_e2e_20251110.py:363] - [get_register_document] - INFO - 文档总数: 9, COMPLETED状态的文档数量: 5
2025-11-10 14:57:50,553 - [Quantum_e2e_20251110.py:395] - [get_register_document] - INFO - 仍有文档在处理中
2025-11-10 14:57:50,554 - [Quantum_e2e_20251110.py:1154] - [process_document_registration_only] - INFO - 文档仍在处理中，等待2秒后重试...
2025-11-10 14:57:52,568 - [Quantum_e2e_20251110.py:1145] - [process_document_registration_only] - INFO - 第37次检查文档处理状态...
2025-11-10 14:57:52,569 - [Quantum_e2e_20251110.py:289] - [get_register_document] - INFO - 检查文档注册状态...
2025-11-10 14:57:52,570 - [connectionpool.py:243] - [_new_conn] - DEBUG - Starting new HTTP connection (1): 127.0.0.1:35253
2025-11-10 14:57:52,574 - [connectionpool.py:546] - [_make_request] - DEBUG - http://127.0.0.1:35253 "POST /upload HTTP/11" 200 19
2025-11-10 14:57:52,575 - [Quantum_e2e_20251110.py:299] - [get_register_document] - INFO - 文档注册已用时间: 80.16秒 (01:20)
2025-11-10 14:57:52,575 - [Quantum_e2e_20251110.py:303] - [get_register_document] - INFO - 成功获取文档列表，upload_id: 3157297188659141487
2025-11-10 14:57:52,577 - [connectionpool.py:243] - [_new_conn] - DEBUG - Starting new HTTP connection (1): 127.0.0.1:35253
2025-11-10 14:57:52,584 - [connectionpool.py:546] - [_make_request] - DEBUG - http://127.0.0.1:35253 "GET /query?fileData=3157297188659141487 HTTP/11" 200 None
2025-11-10 14:57:52,701 - [Quantum_e2e_20251110.py:583] - [get_response_content_detailed] - INFO - 响应时间: 0.01秒
2025-11-10 14:57:52,701 - [Quantum_e2e_20251110.py:310] - [get_register_document] - INFO - 获取到的result_text: {"jobId":39,"status":"complete","data":{"text":"[{\"createTime\":\"2025-11-10T14:56:32.563\",\"description\":\"This paper studies the computational hardness of learning Boolean functions from label proportions (LLP), a machine learning setting where only aggregated label information within small subsets (bags) is available. LLP generalizes the PAC learning framework and is motivated by applications like privacy-preserving learning and domains with high labeling costs (e.g., medical imaging). The authors prove three main results: (1) It is NP-hard to learn an ℓ-clause CNF that satisfies any constant-fraction of bags when the underlying function is an OR, establishing hardness even for bags of size ≤2 and separating CNFs from halfspaces. (2) It is NP-hard to learn an ℓ-DNF that satisfies more than (1/2 + δ)-fraction of bags for any constant δ>0 and ℓ, ruling out constant-factor DNF approximations. (3) For parities, with bags of size ≤q, it is NP-hard to satisfy more than (q/2^{q-1} + δ)-fraction of the bags, with the hardness increasing exponentially in bag size. However, a randomized polynomial-time algorithm can achieve a (1/2^{q-2})-approximation for LLP parity learning. These findings show qualitative differences between the LLP and PAC settings: problems tractable in PAC (e.g., ORs, parities) become inapproximable in LLP. The results rely on reductions from Label Cover and Smooth Label Cover problems. Prior works are discussed, highlighting that LLP learnability has been far less explored compared to PAC learning. Applications include privacy and weak supervision scenarios.\",\"docName\":\"2403.19401\",\"editTime\":\"2025-11-10T14:57:36.527\",\"fileName\":\"2403.19401.pdf\",\"folder\":\"C:\\\\Users\\\\XiaoXinPro 16 IAH\\\\Desktop\\\\LRIA_llm_eval\\\\eval\\\\Quantum_e2e_v20251106\\\\Bvt1110\\\\bvtfiles\",\"id\":1987776370834542592,\"isDeleted\":0,\"isTmpFile\":false,\"labelNameList\":[\"Technology\",\"Data Analysis\",\"Research Paper\"],\"lastModifyTime\":\"2025-09-17T09:45:00\",\"md5\":\"4ff6ba88616fcf7a71d1dca6c9adc14c\",\"path\":\"C:\\\\Users\\\\XiaoXinPro 16 IAH\\\\Desktop\\\\LRIA_llm_eval\\\\eval\\\\Quantum_e2e_v20251106\\\\Bvt1110\\\\bvtfiles\\\\2403.19401.pdf\",\"previewPath\":\"c:\\\\users\\\\xiaoxinpro 16 iah\\\\documents\\\\qtcore\\\\pdffile\\\\b6e6995c4481f9cd5d6cfb8c79124693.pdf\",\"priority\":1,\"score\":0.0,\"status\":\"COMPLETED\",\"tokenNum\":14092,\"uriPath\":\"\"},{\"createTime\":\"2025-11-10T14:56:32.609\",\"description\":\"A One Day International (ODI) is a format of limited overs cricket played between teams with international status, typically consisting of 50 overs per side. Originating in the late twentieth century, the first ODI was played in 1971 between Australia and England after rain affected a Test match. Initially, ODIs featured white kits and a red ball. The late 1970s saw significant innovations through Kerry Packer's World Series Cricket, introducing colored uniforms, night games under floodlights using a white ball, and enhanced television broadcasts with multiple camera angles and audio effects. These changes increased professionalism in the sport, with international players receiving payments and TV rights shifting to Channel 9 in Australia. Over time, colored kits and the white ball became the norm, with the traditional white flannels and red ball phased out by 2001. ODIs are considered the pinnacle of List A cricket, with the format used in major tournaments like the Cricket World Cup.\",\"docName\":\"3nql1cs15r8aviz39pth2bpsr4zvy1\",\"editTime\":\"2025-11-10T14:57:34.270\",\"fileName\":\"3nql1cs15r8aviz39pth2bpsr4zvy1.txt\",\"folder\":\"C:\\\\Users\\\\XiaoXinPro 16 IAH\\\\Desktop\\\\LRIA_llm_eval\\\\eval\\\\Quantum_e2e_v20251106\\\\Bvt1110\\\\bvtfiles\",\"id\":1987776371027480576,\"isDeleted\":0,\"isTmpFile\":false,\"labelNameList\":[\"Sport\",\"Informational\",\"History\"],\"lastModifyTime\":\"2025-09-17T09:45:00\",\"md5\":\"da0c0f7162b267cca0de596df4c40c56\",\"path\":\"C:\\\\Users\\\\XiaoXinPro 16 IAH\\\\Desktop\\\\LRIA_llm_eval\\\\eval\\\\Quantum_e2e_v20251106\\\\Bvt1110\\\\bvtfiles\\\\3nql1cs15r8aviz39pth2bpsr4zvy1.txt\",\"previewPath\":\"c:\\\\users\\\\xiaoxinpro 16 iah\\\\documents\\\\qtcore\\\\pdffile\\\\db8ff9222bdd0e56ba076310ced4c747.pdf\",\"priority\":2,\"score\":0.0,\"status\":\"COMPLETED\",\"tokenNum\":402,\"uriPath\":\"\"},{\"createTime\":\"2025-11-10T14:56:32.639\",\"description\":\"Psychological identity encompasses self-image, self-esteem, and individuality, representing how individuals perceive themselves in the present, past, and future. According to Weinreich, identity is the totality of self-construal, reflecting continuity across time and aspirations. Ethnic identity, for example, is defined as the part of self-construal connecting ancestry and future goals in terms of ethnicity. The concept of identity is central to fields like psychology, sociology, and anthropology, requiring frameworks that address both unique personal attributes and shifting group affiliations. Weinreich’s Identity Structure Analysis (ISA) provides a structural approach to mapping identity, focusing on stable relationships between the self and others within socio-cultural contexts. ISA utilizes constructs from individual experience, group dynamics, and cultural norms, offering a methodology for analyzing how individuals use these elements to evaluate themselves, others, and institutions over time and in varying circumstances.\",\"docName\":\"3u84xhcdicdb6vqtlfud7syhj444z2\",\"editTime\":\"2025-11-10T14:57:38.411\",\"fileName\":\"3u84xhcdicdb6vqtlfud7syhj444z2.txt\",\"folder\":\"C:\\\\Users\\\\XiaoXinPro 16 IAH\\\\Desktop\\\\LRIA_llm_eval\\\\eval\\\\Quantum_e2e_v20251106\\\\Bvt1110\\\\bvtfiles\",\"id\":1987776371153309696,\"isDeleted\":0,\"isTmpFile\":false,\"labelNameList\":[\"Informational\",\"Research Paper\",\"Psychology\"],\"lastModifyTime\":\"2025-09-17T09:45:00\",\"md5\":\"a80f0ad4af9fd250a462680c85e6fbf0\",\"path\":\"C:\\\\Users\\\\XiaoXinPro 16 IAH\\\\Desktop\\\\LRIA_llm_eval\\\\eval\\\\Quantum_e2e_v20251106\\\\Bvt1110\\\\bvtfiles\\\\3u84xhcdicdb6vqtlfud7syhj444z2.txt\",\"previewPath\":\"c:\\\\users\\\\xiaoxinpro 16 iah\\\\documents\\\\qtcore\\\\pdffile\\\\4bb6e885c6b375f7991ed237ae550f5a.pdf\",\"priority\":3,\"score\":0.0,\"status\":\"COMPLETED\",\"tokenNum\":414,\"uriPath\":\"\"},{\"createTime\":\"2025-11-10T14:56:32.666\",\"description\":\"Archie receives orders to join the earl and a large group of soldiers in pursuit of Bruce after a traitor reveals Bruce’s recent whereabouts. Despite his reluctance, Archie prepares to lead the party using Hector, the hound, whose tracking skills are crucial for the search. Archie contemplates killing the hound and fleeing if they get close to Bruce, though escape seems unlikely given the number of mounted men. Guided by a local peasant, the group reaches a cottage five miles away where Hector becomes highly excited, thoroughly investigating the area before decisively taking up Bruce’s trail. Archie struggles to control the eager hound, who pulls hard on the chain. He cautions Pembroke, the earl, to keep the knights and soldiers at a distance, noting that their noise further agitates Hector and makes the dog harder to manage. The narrative details the tension and urgency of the pursuit, highlighting Archie’s internal conflict and the hound’s pivotal role.\",\"docName\":\"3z3zlgnnsiuha76yy56h6uu71bh3q1\",\"editTime\":\"2025-11-10T14:57:41.133\",\"fileName\":\"3z3zlgnnsiuha76yy56h6uu71bh3q1.txt\",\"folder\":\"C:\\\\Users\\\\XiaoXinPro 16 IAH\\\\Desktop\\\\LRIA_llm_eval\\\\eval\\\\Quantum_e2e_v20251106\\\\Bvt1110\\\\bvtfiles\",\"id\":1987776371266555904,\"isDeleted\":0,\"isTmpFile\":false,\"labelNameList\":[\"History\",\"Report\",\"Text Document\"],\"lastModifyTime\":\"2025-09-17T09:45:00\",\"md5\":\"bb28043dd606535bdcaf1ee30346b0f9\",\"path\":\"C:\\\\Users\\\\XiaoXinPro 16 IAH\\\\Desktop\\\\LRIA_llm_eval\\\\eval\\\\Quantum_e2e_v20251106\\\\Bvt1110\\\\bvtfiles\\\\3z3zlgnnsiuha76yy56h6uu71bh3q1.txt\",\"previewPath\":\"c:\\\\users\\\\xiaoxinpro 16 iah\\\\documents\\\\qtcore\\\\pdffile\\\\e6e2343232ca421ef2da852a5f84548c.pdf\",\"priority\":4,\"score\":0.0,\"status\":\"COMPLETED\",\"tokenNum\":326,\"uriPath\":\"\"},{\"createTime\":\"2025-11-10T14:56:32.695\",\"description\":\"This document outlines the design method for evaluating AI face algorithms, focusing on test set collection and variable matrices. Key variables include head movements (pitch, yaw, roll), facial motions (mouth, eyebrow, eyelid), and lighting conditions (weak, medium, strong, uneven). Motion transfers involve horizontal and angular head movements, while expression transfers and optical flow are assessed under varied light environments. The evaluation uses only laptop cameras, with tools from Ruifeng for video input/output collection. Collection involves preparing 70 videos, at least 5 seconds each, covering head and facial movement variables and lighting conditions, with 10 videos per variable. Each variable should ideally have data from multiple participants, covering at least 7 individuals. Driving videos and output videos are compared to assess algorithm performance, using selected source images and ground truth from videos.\",\"docName\":\"AI_Face_Test_Set_Collection_Method_Design\",\"editTime\":\"2025-11-10T14:57:50.923\",\"fileName\":\"AI_Face_Test_Set_Collection_Method_Design.pptx\",\"folder\":\"C:\\\\Users\\\\XiaoXinPro 16 IAH\\\\Desktop\\\\LRIA_llm_eval\\\\eval\\\\Quantum_e2e_v20251106\\\\Bvt1110\\\\bvtfiles\",\"id\":1987776371388190720,\"isDeleted\":0,\"isTmpFile\":false,\"labelNameList\":[\"Technology\",\"Data Analysis\",\"Specifications\"],\"lastModifyTime\":\"2025-09-17T09:46:00\",\"md5\":\"b0f396e7936e0f6192cd880927e8e74b\",\"path\":\"C:\\\\Users\\\\XiaoXinPro 16 IAH\\\\Desktop\\\\LRIA_llm_eval\\\\eval\\\\Quantum_e2e_v20251106\\\\Bvt1110\\\\bvtfiles\\\\AI_Face_Test_Set_Collection_Method_Design.pptx\",\"previewPath\":\"c:\\\\users\\\\xiaoxinpro 16 iah\\\\documents\\\\qtcore\\\\pdffile\\\\5820f6ff633a3666eab35d871b69006b.pdf\",\"priority\":5,\"score\":0.0,\"status\":\"COMPLETED\",\"tokenNum\":432,\"uriPath\":\"\"},{\"createTime\":\"2025-11-10T14:56:32.726\",\"description\":\"\",\"docName\":\"\",\"editTime\":\"2025-11-10T14:57:47.856\",\"fileName\":\"A_brief_introduction_of_LP_liutao21_20220615.pptx\",\"folder\":\"C:\\\\Users\\\\XiaoXinPro 16 IAH\\\\Desktop\\\\LRIA_llm_eval\\\\eval\\\\Quantum_e2e_v20251106\\\\Bvt1110\\\\bvtfiles\",\"id\":1987776371518214144,\"isDeleted\":0,\"isTmpFile\":false,\"labelNameList\":[],\"lastModifyTime\":\"2025-09-17T09:46:00\",\"md5\":\"0dbb2532524843af54fb3388b7bf3381\",\"path\":\"C:\\\\Users\\\\XiaoXinPro 16 IAH\\\\Desktop\\\\LRIA_llm_eval\\\\eval\\\\Quantum_e2e_v20251106\\\\Bvt1110\\\\bvtfiles\\\\A_brief_introduction_of_LP_liutao21_20220615.pptx\",\"priority\":6,\"score\":0.0,\"status\":\"RUNNING\",\"tokenNum\":0,\"uriPath\":\"\"},{\"createTime\":\"2025-11-10T14:56:32.800\",\"description\":\"\",\"docName\":\"\",\"editTime\":\"2025-11-10T14:56:32.800\",\"errorDescription\":\"\",\"fileName\":\"Belfast-English.docx\",\"folder\":\"C:\\\\Users\\\\XiaoXinPro 16 IAH\\\\Desktop\\\\LRIA_llm_eval\\\\eval\\\\Quantum_e2e_v20251106\\\\Bvt1110\\\\bvtfiles\",\"id\":1987776371828592640,\"isDeleted\":0,\"isTmpFile\":false,\"labelNameList\":[],\"lastModifyTime\":\"2025-09-17T09:45:00\",\"md5\":\"3193e699ffa92db332ae31a9fb1d3cb4\",\"path\":\"C:\\\\Users\\\\XiaoXinPro 16 IAH\\\\Desktop\\\\LRIA_llm_eval\\\\eval\\\\Quantum_e2e_v20251106\\\\Bvt1110\\\\bvtfiles\\\\Belfast-English.docx\",\"priority\":7,\"score\":0.0,\"status\":\"ADDED\",\"tokenNum\":0,\"uriPath\":\"\"},{\"createTime\":\"2025-11-10T14:56:32.823\",\"description\":\"\",\"docName\":\"\",\"editTime\":\"2025-11-10T14:56:32.823\",\"errorDescription\":\"\",\"fileName\":\"British-Food-Culture.doc\",\"folder\":\"C:\\\\Users\\\\XiaoXinPro 16 IAH\\\\Desktop\\\\LRIA_llm_eval\\\\eval\\\\Quantum_e2e_v20251106\\\\Bvt1110\\\\bvtfiles\",\"id\":1987776371925061632,\"isDeleted\":0,\"isTmpFile\":false,\"labelNameList\":[],\"lastModifyTime\":\"2025-09-17T09:45:00\",\"md5\":\"435798f1c3377c7f5b71e18d733ca579\",\"path\":\"C:\\\\Users\\\\XiaoXinPro 16 IAH\\\\Desktop\\\\LRIA_llm_eval\\\\eval\\\\Quantum_e2e_v20251106\\\\Bvt1110\\\\bvtfiles\\\\British-Food-Culture.doc\",\"priority\":8,\"score\":0.0,\"status\":\"ADDED\",\"tokenNum\":0,\"uriPath\":\"\"},{\"createTime\":\"2025-11-10T14:56:32.847\",\"description\":\"\",\"docName\":\"\",\"editTime\":\"2025-11-10T14:56:32.847\",\"errorDescription\":\"\",\"fileName\":\"Netflix Becomes a Broadway Producer With Peter Morgan’s Patriots.txt\",\"folder\":\"C:\\\\Users\\\\XiaoXinPro 16 IAH\\\\Desktop\\\\LRIA_llm_eval\\\\eval\\\\Quantum_e2e_v20251106\\\\Bvt1110\\\\bvtfiles\",\"id\":1987776372025724928,\"isDeleted\":0,\"isTmpFile\":false,\"labelNameList\":[],\"lastModifyTime\":\"2025-09-17T09:46:00\",\"md5\":\"ab84c46eaa62a18048fb0241446da4ca\",\"path\":\"C:\\\\Users\\\\XiaoXinPro 16 IAH\\\\Desktop\\\\LRIA_llm_eval\\\\eval\\\\Quantum_e2e_v20251106\\\\Bvt1110\\\\bvtfiles\\\\Netflix Becomes a Broadway Producer With Peter Morgan’s Patriots.txt\",\"priority\":9,\"score\":0.0,\"status\":\"ADDED\",\"tokenNum\":0,\"uriPath\":\"\"}]"}}
2025-11-10 14:57:52,702 - [Quantum_e2e_20251110.py:340] - [get_register_document] - INFO - 文档数量: 9
2025-11-10 14:57:52,702 - [Quantum_e2e_20251110.py:363] - [get_register_document] - INFO - 文档总数: 9, COMPLETED状态的文档数量: 5
2025-11-10 14:57:52,702 - [Quantum_e2e_20251110.py:395] - [get_register_document] - INFO - 仍有文档在处理中
2025-11-10 14:57:52,704 - [Quantum_e2e_20251110.py:1154] - [process_document_registration_only] - INFO - 文档仍在处理中，等待2秒后重试...
2025-11-10 14:57:54,719 - [Quantum_e2e_20251110.py:1145] - [process_document_registration_only] - INFO - 第38次检查文档处理状态...
2025-11-10 14:57:54,719 - [Quantum_e2e_20251110.py:289] - [get_register_document] - INFO - 检查文档注册状态...
2025-11-10 14:57:54,721 - [connectionpool.py:243] - [_new_conn] - DEBUG - Starting new HTTP connection (1): 127.0.0.1:35253
2025-11-10 14:57:54,725 - [connectionpool.py:546] - [_make_request] - DEBUG - http://127.0.0.1:35253 "POST /upload HTTP/11" 200 20
2025-11-10 14:57:54,725 - [Quantum_e2e_20251110.py:299] - [get_register_document] - INFO - 文档注册已用时间: 82.31秒 (01:22)
2025-11-10 14:57:54,726 - [Quantum_e2e_20251110.py:303] - [get_register_document] - INFO - 成功获取文档列表，upload_id: -2194835487962731703
2025-11-10 14:57:54,727 - [connectionpool.py:243] - [_new_conn] - DEBUG - Starting new HTTP connection (1): 127.0.0.1:35253
2025-11-10 14:57:54,735 - [connectionpool.py:546] - [_make_request] - DEBUG - http://127.0.0.1:35253 "GET /query?fileData=-2194835487962731703 HTTP/11" 200 None
2025-11-10 14:57:54,840 - [Quantum_e2e_20251110.py:583] - [get_response_content_detailed] - INFO - 响应时间: 0.01秒
2025-11-10 14:57:54,840 - [Quantum_e2e_20251110.py:310] - [get_register_document] - INFO - 获取到的result_text: {"jobId":40,"status":"complete","data":{"text":"[{\"createTime\":\"2025-11-10T14:56:32.563\",\"description\":\"This paper studies the computational hardness of learning Boolean functions from label proportions (LLP), a machine learning setting where only aggregated label information within small subsets (bags) is available. LLP generalizes the PAC learning framework and is motivated by applications like privacy-preserving learning and domains with high labeling costs (e.g., medical imaging). The authors prove three main results: (1) It is NP-hard to learn an ℓ-clause CNF that satisfies any constant-fraction of bags when the underlying function is an OR, establishing hardness even for bags of size ≤2 and separating CNFs from halfspaces. (2) It is NP-hard to learn an ℓ-DNF that satisfies more than (1/2 + δ)-fraction of bags for any constant δ>0 and ℓ, ruling out constant-factor DNF approximations. (3) For parities, with bags of size ≤q, it is NP-hard to satisfy more than (q/2^{q-1} + δ)-fraction of the bags, with the hardness increasing exponentially in bag size. However, a randomized polynomial-time algorithm can achieve a (1/2^{q-2})-approximation for LLP parity learning. These findings show qualitative differences between the LLP and PAC settings: problems tractable in PAC (e.g., ORs, parities) become inapproximable in LLP. The results rely on reductions from Label Cover and Smooth Label Cover problems. Prior works are discussed, highlighting that LLP learnability has been far less explored compared to PAC learning. Applications include privacy and weak supervision scenarios.\",\"docName\":\"2403.19401\",\"editTime\":\"2025-11-10T14:57:36.527\",\"fileName\":\"2403.19401.pdf\",\"folder\":\"C:\\\\Users\\\\XiaoXinPro 16 IAH\\\\Desktop\\\\LRIA_llm_eval\\\\eval\\\\Quantum_e2e_v20251106\\\\Bvt1110\\\\bvtfiles\",\"id\":1987776370834542592,\"isDeleted\":0,\"isTmpFile\":false,\"labelNameList\":[\"Technology\",\"Data Analysis\",\"Research Paper\"],\"lastModifyTime\":\"2025-09-17T09:45:00\",\"md5\":\"4ff6ba88616fcf7a71d1dca6c9adc14c\",\"path\":\"C:\\\\Users\\\\XiaoXinPro 16 IAH\\\\Desktop\\\\LRIA_llm_eval\\\\eval\\\\Quantum_e2e_v20251106\\\\Bvt1110\\\\bvtfiles\\\\2403.19401.pdf\",\"previewPath\":\"c:\\\\users\\\\xiaoxinpro 16 iah\\\\documents\\\\qtcore\\\\pdffile\\\\b6e6995c4481f9cd5d6cfb8c79124693.pdf\",\"priority\":1,\"score\":0.0,\"status\":\"COMPLETED\",\"tokenNum\":14092,\"uriPath\":\"\"},{\"createTime\":\"2025-11-10T14:56:32.609\",\"description\":\"A One Day International (ODI) is a format of limited overs cricket played between teams with international status, typically consisting of 50 overs per side. Originating in the late twentieth century, the first ODI was played in 1971 between Australia and England after rain affected a Test match. Initially, ODIs featured white kits and a red ball. The late 1970s saw significant innovations through Kerry Packer's World Series Cricket, introducing colored uniforms, night games under floodlights using a white ball, and enhanced television broadcasts with multiple camera angles and audio effects. These changes increased professionalism in the sport, with international players receiving payments and TV rights shifting to Channel 9 in Australia. Over time, colored kits and the white ball became the norm, with the traditional white flannels and red ball phased out by 2001. ODIs are considered the pinnacle of List A cricket, with the format used in major tournaments like the Cricket World Cup.\",\"docName\":\"3nql1cs15r8aviz39pth2bpsr4zvy1\",\"editTime\":\"2025-11-10T14:57:34.270\",\"fileName\":\"3nql1cs15r8aviz39pth2bpsr4zvy1.txt\",\"folder\":\"C:\\\\Users\\\\XiaoXinPro 16 IAH\\\\Desktop\\\\LRIA_llm_eval\\\\eval\\\\Quantum_e2e_v20251106\\\\Bvt1110\\\\bvtfiles\",\"id\":1987776371027480576,\"isDeleted\":0,\"isTmpFile\":false,\"labelNameList\":[\"Sport\",\"Informational\",\"History\"],\"lastModifyTime\":\"2025-09-17T09:45:00\",\"md5\":\"da0c0f7162b267cca0de596df4c40c56\",\"path\":\"C:\\\\Users\\\\XiaoXinPro 16 IAH\\\\Desktop\\\\LRIA_llm_eval\\\\eval\\\\Quantum_e2e_v20251106\\\\Bvt1110\\\\bvtfiles\\\\3nql1cs15r8aviz39pth2bpsr4zvy1.txt\",\"previewPath\":\"c:\\\\users\\\\xiaoxinpro 16 iah\\\\documents\\\\qtcore\\\\pdffile\\\\db8ff9222bdd0e56ba076310ced4c747.pdf\",\"priority\":2,\"score\":0.0,\"status\":\"COMPLETED\",\"tokenNum\":402,\"uriPath\":\"\"},{\"createTime\":\"2025-11-10T14:56:32.639\",\"description\":\"Psychological identity encompasses self-image, self-esteem, and individuality, representing how individuals perceive themselves in the present, past, and future. According to Weinreich, identity is the totality of self-construal, reflecting continuity across time and aspirations. Ethnic identity, for example, is defined as the part of self-construal connecting ancestry and future goals in terms of ethnicity. The concept of identity is central to fields like psychology, sociology, and anthropology, requiring frameworks that address both unique personal attributes and shifting group affiliations. Weinreich’s Identity Structure Analysis (ISA) provides a structural approach to mapping identity, focusing on stable relationships between the self and others within socio-cultural contexts. ISA utilizes constructs from individual experience, group dynamics, and cultural norms, offering a methodology for analyzing how individuals use these elements to evaluate themselves, others, and institutions over time and in varying circumstances.\",\"docName\":\"3u84xhcdicdb6vqtlfud7syhj444z2\",\"editTime\":\"2025-11-10T14:57:38.411\",\"fileName\":\"3u84xhcdicdb6vqtlfud7syhj444z2.txt\",\"folder\":\"C:\\\\Users\\\\XiaoXinPro 16 IAH\\\\Desktop\\\\LRIA_llm_eval\\\\eval\\\\Quantum_e2e_v20251106\\\\Bvt1110\\\\bvtfiles\",\"id\":1987776371153309696,\"isDeleted\":0,\"isTmpFile\":false,\"labelNameList\":[\"Informational\",\"Research Paper\",\"Psychology\"],\"lastModifyTime\":\"2025-09-17T09:45:00\",\"md5\":\"a80f0ad4af9fd250a462680c85e6fbf0\",\"path\":\"C:\\\\Users\\\\XiaoXinPro 16 IAH\\\\Desktop\\\\LRIA_llm_eval\\\\eval\\\\Quantum_e2e_v20251106\\\\Bvt1110\\\\bvtfiles\\\\3u84xhcdicdb6vqtlfud7syhj444z2.txt\",\"previewPath\":\"c:\\\\users\\\\xiaoxinpro 16 iah\\\\documents\\\\qtcore\\\\pdffile\\\\4bb6e885c6b375f7991ed237ae550f5a.pdf\",\"priority\":3,\"score\":0.0,\"status\":\"COMPLETED\",\"tokenNum\":414,\"uriPath\":\"\"},{\"createTime\":\"2025-11-10T14:56:32.666\",\"description\":\"Archie receives orders to join the earl and a large group of soldiers in pursuit of Bruce after a traitor reveals Bruce’s recent whereabouts. Despite his reluctance, Archie prepares to lead the party using Hector, the hound, whose tracking skills are crucial for the search. Archie contemplates killing the hound and fleeing if they get close to Bruce, though escape seems unlikely given the number of mounted men. Guided by a local peasant, the group reaches a cottage five miles away where Hector becomes highly excited, thoroughly investigating the area before decisively taking up Bruce’s trail. Archie struggles to control the eager hound, who pulls hard on the chain. He cautions Pembroke, the earl, to keep the knights and soldiers at a distance, noting that their noise further agitates Hector and makes the dog harder to manage. The narrative details the tension and urgency of the pursuit, highlighting Archie’s internal conflict and the hound’s pivotal role.\",\"docName\":\"3z3zlgnnsiuha76yy56h6uu71bh3q1\",\"editTime\":\"2025-11-10T14:57:41.133\",\"fileName\":\"3z3zlgnnsiuha76yy56h6uu71bh3q1.txt\",\"folder\":\"C:\\\\Users\\\\XiaoXinPro 16 IAH\\\\Desktop\\\\LRIA_llm_eval\\\\eval\\\\Quantum_e2e_v20251106\\\\Bvt1110\\\\bvtfiles\",\"id\":1987776371266555904,\"isDeleted\":0,\"isTmpFile\":false,\"labelNameList\":[\"History\",\"Report\",\"Text Document\"],\"lastModifyTime\":\"2025-09-17T09:45:00\",\"md5\":\"bb28043dd606535bdcaf1ee30346b0f9\",\"path\":\"C:\\\\Users\\\\XiaoXinPro 16 IAH\\\\Desktop\\\\LRIA_llm_eval\\\\eval\\\\Quantum_e2e_v20251106\\\\Bvt1110\\\\bvtfiles\\\\3z3zlgnnsiuha76yy56h6uu71bh3q1.txt\",\"previewPath\":\"c:\\\\users\\\\xiaoxinpro 16 iah\\\\documents\\\\qtcore\\\\pdffile\\\\e6e2343232ca421ef2da852a5f84548c.pdf\",\"priority\":4,\"score\":0.0,\"status\":\"COMPLETED\",\"tokenNum\":326,\"uriPath\":\"\"},{\"createTime\":\"2025-11-10T14:56:32.695\",\"description\":\"This document outlines the design method for evaluating AI face algorithms, focusing on test set collection and variable matrices. Key variables include head movements (pitch, yaw, roll), facial motions (mouth, eyebrow, eyelid), and lighting conditions (weak, medium, strong, uneven). Motion transfers involve horizontal and angular head movements, while expression transfers and optical flow are assessed under varied light environments. The evaluation uses only laptop cameras, with tools from Ruifeng for video input/output collection. Collection involves preparing 70 videos, at least 5 seconds each, covering head and facial movement variables and lighting conditions, with 10 videos per variable. Each variable should ideally have data from multiple participants, covering at least 7 individuals. Driving videos and output videos are compared to assess algorithm performance, using selected source images and ground truth from videos.\",\"docName\":\"AI_Face_Test_Set_Collection_Method_Design\",\"editTime\":\"2025-11-10T14:57:50.923\",\"fileName\":\"AI_Face_Test_Set_Collection_Method_Design.pptx\",\"folder\":\"C:\\\\Users\\\\XiaoXinPro 16 IAH\\\\Desktop\\\\LRIA_llm_eval\\\\eval\\\\Quantum_e2e_v20251106\\\\Bvt1110\\\\bvtfiles\",\"id\":1987776371388190720,\"isDeleted\":0,\"isTmpFile\":false,\"labelNameList\":[\"Technology\",\"Data Analysis\",\"Specifications\"],\"lastModifyTime\":\"2025-09-17T09:46:00\",\"md5\":\"b0f396e7936e0f6192cd880927e8e74b\",\"path\":\"C:\\\\Users\\\\XiaoXinPro 16 IAH\\\\Desktop\\\\LRIA_llm_eval\\\\eval\\\\Quantum_e2e_v20251106\\\\Bvt1110\\\\bvtfiles\\\\AI_Face_Test_Set_Collection_Method_Design.pptx\",\"previewPath\":\"c:\\\\users\\\\xiaoxinpro 16 iah\\\\documents\\\\qtcore\\\\pdffile\\\\5820f6ff633a3666eab35d871b69006b.pdf\",\"priority\":5,\"score\":0.0,\"status\":\"COMPLETED\",\"tokenNum\":432,\"uriPath\":\"\"},{\"createTime\":\"2025-11-10T14:56:32.726\",\"description\":\"\",\"docName\":\"\",\"editTime\":\"2025-11-10T14:57:47.856\",\"fileName\":\"A_brief_introduction_of_LP_liutao21_20220615.pptx\",\"folder\":\"C:\\\\Users\\\\XiaoXinPro 16 IAH\\\\Desktop\\\\LRIA_llm_eval\\\\eval\\\\Quantum_e2e_v20251106\\\\Bvt1110\\\\bvtfiles\",\"id\":1987776371518214144,\"isDeleted\":0,\"isTmpFile\":false,\"labelNameList\":[],\"lastModifyTime\":\"2025-09-17T09:46:00\",\"md5\":\"0dbb2532524843af54fb3388b7bf3381\",\"path\":\"C:\\\\Users\\\\XiaoXinPro 16 IAH\\\\Desktop\\\\LRIA_llm_eval\\\\eval\\\\Quantum_e2e_v20251106\\\\Bvt1110\\\\bvtfiles\\\\A_brief_introduction_of_LP_liutao21_20220615.pptx\",\"priority\":6,\"score\":0.0,\"status\":\"RUNNING\",\"tokenNum\":0,\"uriPath\":\"\"},{\"createTime\":\"2025-11-10T14:56:32.800\",\"description\":\"\",\"docName\":\"\",\"editTime\":\"2025-11-10T14:56:32.800\",\"errorDescription\":\"\",\"fileName\":\"Belfast-English.docx\",\"folder\":\"C:\\\\Users\\\\XiaoXinPro 16 IAH\\\\Desktop\\\\LRIA_llm_eval\\\\eval\\\\Quantum_e2e_v20251106\\\\Bvt1110\\\\bvtfiles\",\"id\":1987776371828592640,\"isDeleted\":0,\"isTmpFile\":false,\"labelNameList\":[],\"lastModifyTime\":\"2025-09-17T09:45:00\",\"md5\":\"3193e699ffa92db332ae31a9fb1d3cb4\",\"path\":\"C:\\\\Users\\\\XiaoXinPro 16 IAH\\\\Desktop\\\\LRIA_llm_eval\\\\eval\\\\Quantum_e2e_v20251106\\\\Bvt1110\\\\bvtfiles\\\\Belfast-English.docx\",\"priority\":7,\"score\":0.0,\"status\":\"ADDED\",\"tokenNum\":0,\"uriPath\":\"\"},{\"createTime\":\"2025-11-10T14:56:32.823\",\"description\":\"\",\"docName\":\"\",\"editTime\":\"2025-11-10T14:56:32.823\",\"errorDescription\":\"\",\"fileName\":\"British-Food-Culture.doc\",\"folder\":\"C:\\\\Users\\\\XiaoXinPro 16 IAH\\\\Desktop\\\\LRIA_llm_eval\\\\eval\\\\Quantum_e2e_v20251106\\\\Bvt1110\\\\bvtfiles\",\"id\":1987776371925061632,\"isDeleted\":0,\"isTmpFile\":false,\"labelNameList\":[],\"lastModifyTime\":\"2025-09-17T09:45:00\",\"md5\":\"435798f1c3377c7f5b71e18d733ca579\",\"path\":\"C:\\\\Users\\\\XiaoXinPro 16 IAH\\\\Desktop\\\\LRIA_llm_eval\\\\eval\\\\Quantum_e2e_v20251106\\\\Bvt1110\\\\bvtfiles\\\\British-Food-Culture.doc\",\"priority\":8,\"score\":0.0,\"status\":\"ADDED\",\"tokenNum\":0,\"uriPath\":\"\"},{\"createTime\":\"2025-11-10T14:56:32.847\",\"description\":\"\",\"docName\":\"\",\"editTime\":\"2025-11-10T14:56:32.847\",\"errorDescription\":\"\",\"fileName\":\"Netflix Becomes a Broadway Producer With Peter Morgan’s Patriots.txt\",\"folder\":\"C:\\\\Users\\\\XiaoXinPro 16 IAH\\\\Desktop\\\\LRIA_llm_eval\\\\eval\\\\Quantum_e2e_v20251106\\\\Bvt1110\\\\bvtfiles\",\"id\":1987776372025724928,\"isDeleted\":0,\"isTmpFile\":false,\"labelNameList\":[],\"lastModifyTime\":\"2025-09-17T09:46:00\",\"md5\":\"ab84c46eaa62a18048fb0241446da4ca\",\"path\":\"C:\\\\Users\\\\XiaoXinPro 16 IAH\\\\Desktop\\\\LRIA_llm_eval\\\\eval\\\\Quantum_e2e_v20251106\\\\Bvt1110\\\\bvtfiles\\\\Netflix Becomes a Broadway Producer With Peter Morgan’s Patriots.txt\",\"priority\":9,\"score\":0.0,\"status\":\"ADDED\",\"tokenNum\":0,\"uriPath\":\"\"}]"}}
2025-11-10 14:57:54,841 - [Quantum_e2e_20251110.py:340] - [get_register_document] - INFO - 文档数量: 9
2025-11-10 14:57:54,842 - [Quantum_e2e_20251110.py:363] - [get_register_document] - INFO - 文档总数: 9, COMPLETED状态的文档数量: 5
2025-11-10 14:57:54,842 - [Quantum_e2e_20251110.py:395] - [get_register_document] - INFO - 仍有文档在处理中
2025-11-10 14:57:54,842 - [Quantum_e2e_20251110.py:1154] - [process_document_registration_only] - INFO - 文档仍在处理中，等待2秒后重试...
2025-11-10 14:57:56,843 - [Quantum_e2e_20251110.py:1145] - [process_document_registration_only] - INFO - 第39次检查文档处理状态...
2025-11-10 14:57:56,843 - [Quantum_e2e_20251110.py:289] - [get_register_document] - INFO - 检查文档注册状态...
2025-11-10 14:57:56,845 - [connectionpool.py:243] - [_new_conn] - DEBUG - Starting new HTTP connection (1): 127.0.0.1:35253
2025-11-10 14:57:56,849 - [connectionpool.py:546] - [_make_request] - DEBUG - http://127.0.0.1:35253 "POST /upload HTTP/11" 200 19
2025-11-10 14:57:56,850 - [Quantum_e2e_20251110.py:299] - [get_register_document] - INFO - 文档注册已用时间: 84.44秒 (01:24)
2025-11-10 14:57:56,850 - [Quantum_e2e_20251110.py:303] - [get_register_document] - INFO - 成功获取文档列表，upload_id: 4537036018032700948
2025-11-10 14:57:56,852 - [connectionpool.py:243] - [_new_conn] - DEBUG - Starting new HTTP connection (1): 127.0.0.1:35253
2025-11-10 14:57:56,859 - [connectionpool.py:546] - [_make_request] - DEBUG - http://127.0.0.1:35253 "GET /query?fileData=4537036018032700948 HTTP/11" 200 None
2025-11-10 14:57:56,969 - [Quantum_e2e_20251110.py:583] - [get_response_content_detailed] - INFO - 响应时间: 0.01秒
2025-11-10 14:57:56,970 - [Quantum_e2e_20251110.py:310] - [get_register_document] - INFO - 获取到的result_text: {"jobId":41,"status":"complete","data":{"text":"[{\"createTime\":\"2025-11-10T14:56:32.563\",\"description\":\"This paper studies the computational hardness of learning Boolean functions from label proportions (LLP), a machine learning setting where only aggregated label information within small subsets (bags) is available. LLP generalizes the PAC learning framework and is motivated by applications like privacy-preserving learning and domains with high labeling costs (e.g., medical imaging). The authors prove three main results: (1) It is NP-hard to learn an ℓ-clause CNF that satisfies any constant-fraction of bags when the underlying function is an OR, establishing hardness even for bags of size ≤2 and separating CNFs from halfspaces. (2) It is NP-hard to learn an ℓ-DNF that satisfies more than (1/2 + δ)-fraction of bags for any constant δ>0 and ℓ, ruling out constant-factor DNF approximations. (3) For parities, with bags of size ≤q, it is NP-hard to satisfy more than (q/2^{q-1} + δ)-fraction of the bags, with the hardness increasing exponentially in bag size. However, a randomized polynomial-time algorithm can achieve a (1/2^{q-2})-approximation for LLP parity learning. These findings show qualitative differences between the LLP and PAC settings: problems tractable in PAC (e.g., ORs, parities) become inapproximable in LLP. The results rely on reductions from Label Cover and Smooth Label Cover problems. Prior works are discussed, highlighting that LLP learnability has been far less explored compared to PAC learning. Applications include privacy and weak supervision scenarios.\",\"docName\":\"2403.19401\",\"editTime\":\"2025-11-10T14:57:36.527\",\"fileName\":\"2403.19401.pdf\",\"folder\":\"C:\\\\Users\\\\XiaoXinPro 16 IAH\\\\Desktop\\\\LRIA_llm_eval\\\\eval\\\\Quantum_e2e_v20251106\\\\Bvt1110\\\\bvtfiles\",\"id\":1987776370834542592,\"isDeleted\":0,\"isTmpFile\":false,\"labelNameList\":[\"Technology\",\"Data Analysis\",\"Research Paper\"],\"lastModifyTime\":\"2025-09-17T09:45:00\",\"md5\":\"4ff6ba88616fcf7a71d1dca6c9adc14c\",\"path\":\"C:\\\\Users\\\\XiaoXinPro 16 IAH\\\\Desktop\\\\LRIA_llm_eval\\\\eval\\\\Quantum_e2e_v20251106\\\\Bvt1110\\\\bvtfiles\\\\2403.19401.pdf\",\"previewPath\":\"c:\\\\users\\\\xiaoxinpro 16 iah\\\\documents\\\\qtcore\\\\pdffile\\\\b6e6995c4481f9cd5d6cfb8c79124693.pdf\",\"priority\":1,\"score\":0.0,\"status\":\"COMPLETED\",\"tokenNum\":14092,\"uriPath\":\"\"},{\"createTime\":\"2025-11-10T14:56:32.609\",\"description\":\"A One Day International (ODI) is a format of limited overs cricket played between teams with international status, typically consisting of 50 overs per side. Originating in the late twentieth century, the first ODI was played in 1971 between Australia and England after rain affected a Test match. Initially, ODIs featured white kits and a red ball. The late 1970s saw significant innovations through Kerry Packer's World Series Cricket, introducing colored uniforms, night games under floodlights using a white ball, and enhanced television broadcasts with multiple camera angles and audio effects. These changes increased professionalism in the sport, with international players receiving payments and TV rights shifting to Channel 9 in Australia. Over time, colored kits and the white ball became the norm, with the traditional white flannels and red ball phased out by 2001. ODIs are considered the pinnacle of List A cricket, with the format used in major tournaments like the Cricket World Cup.\",\"docName\":\"3nql1cs15r8aviz39pth2bpsr4zvy1\",\"editTime\":\"2025-11-10T14:57:34.270\",\"fileName\":\"3nql1cs15r8aviz39pth2bpsr4zvy1.txt\",\"folder\":\"C:\\\\Users\\\\XiaoXinPro 16 IAH\\\\Desktop\\\\LRIA_llm_eval\\\\eval\\\\Quantum_e2e_v20251106\\\\Bvt1110\\\\bvtfiles\",\"id\":1987776371027480576,\"isDeleted\":0,\"isTmpFile\":false,\"labelNameList\":[\"Sport\",\"Informational\",\"History\"],\"lastModifyTime\":\"2025-09-17T09:45:00\",\"md5\":\"da0c0f7162b267cca0de596df4c40c56\",\"path\":\"C:\\\\Users\\\\XiaoXinPro 16 IAH\\\\Desktop\\\\LRIA_llm_eval\\\\eval\\\\Quantum_e2e_v20251106\\\\Bvt1110\\\\bvtfiles\\\\3nql1cs15r8aviz39pth2bpsr4zvy1.txt\",\"previewPath\":\"c:\\\\users\\\\xiaoxinpro 16 iah\\\\documents\\\\qtcore\\\\pdffile\\\\db8ff9222bdd0e56ba076310ced4c747.pdf\",\"priority\":2,\"score\":0.0,\"status\":\"COMPLETED\",\"tokenNum\":402,\"uriPath\":\"\"},{\"createTime\":\"2025-11-10T14:56:32.639\",\"description\":\"Psychological identity encompasses self-image, self-esteem, and individuality, representing how individuals perceive themselves in the present, past, and future. According to Weinreich, identity is the totality of self-construal, reflecting continuity across time and aspirations. Ethnic identity, for example, is defined as the part of self-construal connecting ancestry and future goals in terms of ethnicity. The concept of identity is central to fields like psychology, sociology, and anthropology, requiring frameworks that address both unique personal attributes and shifting group affiliations. Weinreich’s Identity Structure Analysis (ISA) provides a structural approach to mapping identity, focusing on stable relationships between the self and others within socio-cultural contexts. ISA utilizes constructs from individual experience, group dynamics, and cultural norms, offering a methodology for analyzing how individuals use these elements to evaluate themselves, others, and institutions over time and in varying circumstances.\",\"docName\":\"3u84xhcdicdb6vqtlfud7syhj444z2\",\"editTime\":\"2025-11-10T14:57:38.411\",\"fileName\":\"3u84xhcdicdb6vqtlfud7syhj444z2.txt\",\"folder\":\"C:\\\\Users\\\\XiaoXinPro 16 IAH\\\\Desktop\\\\LRIA_llm_eval\\\\eval\\\\Quantum_e2e_v20251106\\\\Bvt1110\\\\bvtfiles\",\"id\":1987776371153309696,\"isDeleted\":0,\"isTmpFile\":false,\"labelNameList\":[\"Informational\",\"Research Paper\",\"Psychology\"],\"lastModifyTime\":\"2025-09-17T09:45:00\",\"md5\":\"a80f0ad4af9fd250a462680c85e6fbf0\",\"path\":\"C:\\\\Users\\\\XiaoXinPro 16 IAH\\\\Desktop\\\\LRIA_llm_eval\\\\eval\\\\Quantum_e2e_v20251106\\\\Bvt1110\\\\bvtfiles\\\\3u84xhcdicdb6vqtlfud7syhj444z2.txt\",\"previewPath\":\"c:\\\\users\\\\xiaoxinpro 16 iah\\\\documents\\\\qtcore\\\\pdffile\\\\4bb6e885c6b375f7991ed237ae550f5a.pdf\",\"priority\":3,\"score\":0.0,\"status\":\"COMPLETED\",\"tokenNum\":414,\"uriPath\":\"\"},{\"createTime\":\"2025-11-10T14:56:32.666\",\"description\":\"Archie receives orders to join the earl and a large group of soldiers in pursuit of Bruce after a traitor reveals Bruce’s recent whereabouts. Despite his reluctance, Archie prepares to lead the party using Hector, the hound, whose tracking skills are crucial for the search. Archie contemplates killing the hound and fleeing if they get close to Bruce, though escape seems unlikely given the number of mounted men. Guided by a local peasant, the group reaches a cottage five miles away where Hector becomes highly excited, thoroughly investigating the area before decisively taking up Bruce’s trail. Archie struggles to control the eager hound, who pulls hard on the chain. He cautions Pembroke, the earl, to keep the knights and soldiers at a distance, noting that their noise further agitates Hector and makes the dog harder to manage. The narrative details the tension and urgency of the pursuit, highlighting Archie’s internal conflict and the hound’s pivotal role.\",\"docName\":\"3z3zlgnnsiuha76yy56h6uu71bh3q1\",\"editTime\":\"2025-11-10T14:57:41.133\",\"fileName\":\"3z3zlgnnsiuha76yy56h6uu71bh3q1.txt\",\"folder\":\"C:\\\\Users\\\\XiaoXinPro 16 IAH\\\\Desktop\\\\LRIA_llm_eval\\\\eval\\\\Quantum_e2e_v20251106\\\\Bvt1110\\\\bvtfiles\",\"id\":1987776371266555904,\"isDeleted\":0,\"isTmpFile\":false,\"labelNameList\":[\"History\",\"Report\",\"Text Document\"],\"lastModifyTime\":\"2025-09-17T09:45:00\",\"md5\":\"bb28043dd606535bdcaf1ee30346b0f9\",\"path\":\"C:\\\\Users\\\\XiaoXinPro 16 IAH\\\\Desktop\\\\LRIA_llm_eval\\\\eval\\\\Quantum_e2e_v20251106\\\\Bvt1110\\\\bvtfiles\\\\3z3zlgnnsiuha76yy56h6uu71bh3q1.txt\",\"previewPath\":\"c:\\\\users\\\\xiaoxinpro 16 iah\\\\documents\\\\qtcore\\\\pdffile\\\\e6e2343232ca421ef2da852a5f84548c.pdf\",\"priority\":4,\"score\":0.0,\"status\":\"COMPLETED\",\"tokenNum\":326,\"uriPath\":\"\"},{\"createTime\":\"2025-11-10T14:56:32.695\",\"description\":\"This document outlines the design method for evaluating AI face algorithms, focusing on test set collection and variable matrices. Key variables include head movements (pitch, yaw, roll), facial motions (mouth, eyebrow, eyelid), and lighting conditions (weak, medium, strong, uneven). Motion transfers involve horizontal and angular head movements, while expression transfers and optical flow are assessed under varied light environments. The evaluation uses only laptop cameras, with tools from Ruifeng for video input/output collection. Collection involves preparing 70 videos, at least 5 seconds each, covering head and facial movement variables and lighting conditions, with 10 videos per variable. Each variable should ideally have data from multiple participants, covering at least 7 individuals. Driving videos and output videos are compared to assess algorithm performance, using selected source images and ground truth from videos.\",\"docName\":\"AI_Face_Test_Set_Collection_Method_Design\",\"editTime\":\"2025-11-10T14:57:50.923\",\"fileName\":\"AI_Face_Test_Set_Collection_Method_Design.pptx\",\"folder\":\"C:\\\\Users\\\\XiaoXinPro 16 IAH\\\\Desktop\\\\LRIA_llm_eval\\\\eval\\\\Quantum_e2e_v20251106\\\\Bvt1110\\\\bvtfiles\",\"id\":1987776371388190720,\"isDeleted\":0,\"isTmpFile\":false,\"labelNameList\":[\"Technology\",\"Data Analysis\",\"Specifications\"],\"lastModifyTime\":\"2025-09-17T09:46:00\",\"md5\":\"b0f396e7936e0f6192cd880927e8e74b\",\"path\":\"C:\\\\Users\\\\XiaoXinPro 16 IAH\\\\Desktop\\\\LRIA_llm_eval\\\\eval\\\\Quantum_e2e_v20251106\\\\Bvt1110\\\\bvtfiles\\\\AI_Face_Test_Set_Collection_Method_Design.pptx\",\"previewPath\":\"c:\\\\users\\\\xiaoxinpro 16 iah\\\\documents\\\\qtcore\\\\pdffile\\\\5820f6ff633a3666eab35d871b69006b.pdf\",\"priority\":5,\"score\":0.0,\"status\":\"COMPLETED\",\"tokenNum\":432,\"uriPath\":\"\"},{\"createTime\":\"2025-11-10T14:56:32.726\",\"description\":\"\",\"docName\":\"\",\"editTime\":\"2025-11-10T14:57:47.856\",\"fileName\":\"A_brief_introduction_of_LP_liutao21_20220615.pptx\",\"folder\":\"C:\\\\Users\\\\XiaoXinPro 16 IAH\\\\Desktop\\\\LRIA_llm_eval\\\\eval\\\\Quantum_e2e_v20251106\\\\Bvt1110\\\\bvtfiles\",\"id\":1987776371518214144,\"isDeleted\":0,\"isTmpFile\":false,\"labelNameList\":[],\"lastModifyTime\":\"2025-09-17T09:46:00\",\"md5\":\"0dbb2532524843af54fb3388b7bf3381\",\"path\":\"C:\\\\Users\\\\XiaoXinPro 16 IAH\\\\Desktop\\\\LRIA_llm_eval\\\\eval\\\\Quantum_e2e_v20251106\\\\Bvt1110\\\\bvtfiles\\\\A_brief_introduction_of_LP_liutao21_20220615.pptx\",\"priority\":6,\"score\":0.0,\"status\":\"RUNNING\",\"tokenNum\":0,\"uriPath\":\"\"},{\"createTime\":\"2025-11-10T14:56:32.800\",\"description\":\"\",\"docName\":\"\",\"editTime\":\"2025-11-10T14:56:32.800\",\"errorDescription\":\"\",\"fileName\":\"Belfast-English.docx\",\"folder\":\"C:\\\\Users\\\\XiaoXinPro 16 IAH\\\\Desktop\\\\LRIA_llm_eval\\\\eval\\\\Quantum_e2e_v20251106\\\\Bvt1110\\\\bvtfiles\",\"id\":1987776371828592640,\"isDeleted\":0,\"isTmpFile\":false,\"labelNameList\":[],\"lastModifyTime\":\"2025-09-17T09:45:00\",\"md5\":\"3193e699ffa92db332ae31a9fb1d3cb4\",\"path\":\"C:\\\\Users\\\\XiaoXinPro 16 IAH\\\\Desktop\\\\LRIA_llm_eval\\\\eval\\\\Quantum_e2e_v20251106\\\\Bvt1110\\\\bvtfiles\\\\Belfast-English.docx\",\"priority\":7,\"score\":0.0,\"status\":\"ADDED\",\"tokenNum\":0,\"uriPath\":\"\"},{\"createTime\":\"2025-11-10T14:56:32.823\",\"description\":\"\",\"docName\":\"\",\"editTime\":\"2025-11-10T14:56:32.823\",\"errorDescription\":\"\",\"fileName\":\"British-Food-Culture.doc\",\"folder\":\"C:\\\\Users\\\\XiaoXinPro 16 IAH\\\\Desktop\\\\LRIA_llm_eval\\\\eval\\\\Quantum_e2e_v20251106\\\\Bvt1110\\\\bvtfiles\",\"id\":1987776371925061632,\"isDeleted\":0,\"isTmpFile\":false,\"labelNameList\":[],\"lastModifyTime\":\"2025-09-17T09:45:00\",\"md5\":\"435798f1c3377c7f5b71e18d733ca579\",\"path\":\"C:\\\\Users\\\\XiaoXinPro 16 IAH\\\\Desktop\\\\LRIA_llm_eval\\\\eval\\\\Quantum_e2e_v20251106\\\\Bvt1110\\\\bvtfiles\\\\British-Food-Culture.doc\",\"priority\":8,\"score\":0.0,\"status\":\"ADDED\",\"tokenNum\":0,\"uriPath\":\"\"},{\"createTime\":\"2025-11-10T14:56:32.847\",\"description\":\"\",\"docName\":\"\",\"editTime\":\"2025-11-10T14:56:32.847\",\"errorDescription\":\"\",\"fileName\":\"Netflix Becomes a Broadway Producer With Peter Morgan’s Patriots.txt\",\"folder\":\"C:\\\\Users\\\\XiaoXinPro 16 IAH\\\\Desktop\\\\LRIA_llm_eval\\\\eval\\\\Quantum_e2e_v20251106\\\\Bvt1110\\\\bvtfiles\",\"id\":1987776372025724928,\"isDeleted\":0,\"isTmpFile\":false,\"labelNameList\":[],\"lastModifyTime\":\"2025-09-17T09:46:00\",\"md5\":\"ab84c46eaa62a18048fb0241446da4ca\",\"path\":\"C:\\\\Users\\\\XiaoXinPro 16 IAH\\\\Desktop\\\\LRIA_llm_eval\\\\eval\\\\Quantum_e2e_v20251106\\\\Bvt1110\\\\bvtfiles\\\\Netflix Becomes a Broadway Producer With Peter Morgan’s Patriots.txt\",\"priority\":9,\"score\":0.0,\"status\":\"ADDED\",\"tokenNum\":0,\"uriPath\":\"\"}]"}}
2025-11-10 14:57:56,971 - [Quantum_e2e_20251110.py:340] - [get_register_document] - INFO - 文档数量: 9
2025-11-10 14:57:56,971 - [Quantum_e2e_20251110.py:363] - [get_register_document] - INFO - 文档总数: 9, COMPLETED状态的文档数量: 5
2025-11-10 14:57:56,971 - [Quantum_e2e_20251110.py:395] - [get_register_document] - INFO - 仍有文档在处理中
2025-11-10 14:57:56,972 - [Quantum_e2e_20251110.py:1154] - [process_document_registration_only] - INFO - 文档仍在处理中，等待2秒后重试...
2025-11-10 14:57:58,985 - [Quantum_e2e_20251110.py:1145] - [process_document_registration_only] - INFO - 第40次检查文档处理状态...
2025-11-10 14:57:58,985 - [Quantum_e2e_20251110.py:289] - [get_register_document] - INFO - 检查文档注册状态...
2025-11-10 14:57:58,987 - [connectionpool.py:243] - [_new_conn] - DEBUG - Starting new HTTP connection (1): 127.0.0.1:35253
2025-11-10 14:57:58,991 - [connectionpool.py:546] - [_make_request] - DEBUG - http://127.0.0.1:35253 "POST /upload HTTP/11" 200 20
2025-11-10 14:57:58,991 - [Quantum_e2e_20251110.py:299] - [get_register_document] - INFO - 文档注册已用时间: 86.58秒 (01:26)
2025-11-10 14:57:58,992 - [Quantum_e2e_20251110.py:303] - [get_register_document] - INFO - 成功获取文档列表，upload_id: -5471642418196077287
2025-11-10 14:57:58,994 - [connectionpool.py:243] - [_new_conn] - DEBUG - Starting new HTTP connection (1): 127.0.0.1:35253
2025-11-10 14:57:59,000 - [connectionpool.py:546] - [_make_request] - DEBUG - http://127.0.0.1:35253 "GET /query?fileData=-5471642418196077287 HTTP/11" 200 None
2025-11-10 14:57:59,131 - [Quantum_e2e_20251110.py:583] - [get_response_content_detailed] - INFO - 响应时间: 0.01秒
2025-11-10 14:57:59,131 - [Quantum_e2e_20251110.py:310] - [get_register_document] - INFO - 获取到的result_text: {"jobId":42,"status":"complete","data":{"text":"[{\"createTime\":\"2025-11-10T14:56:32.563\",\"description\":\"This paper studies the computational hardness of learning Boolean functions from label proportions (LLP), a machine learning setting where only aggregated label information within small subsets (bags) is available. LLP generalizes the PAC learning framework and is motivated by applications like privacy-preserving learning and domains with high labeling costs (e.g., medical imaging). The authors prove three main results: (1) It is NP-hard to learn an ℓ-clause CNF that satisfies any constant-fraction of bags when the underlying function is an OR, establishing hardness even for bags of size ≤2 and separating CNFs from halfspaces. (2) It is NP-hard to learn an ℓ-DNF that satisfies more than (1/2 + δ)-fraction of bags for any constant δ>0 and ℓ, ruling out constant-factor DNF approximations. (3) For parities, with bags of size ≤q, it is NP-hard to satisfy more than (q/2^{q-1} + δ)-fraction of the bags, with the hardness increasing exponentially in bag size. However, a randomized polynomial-time algorithm can achieve a (1/2^{q-2})-approximation for LLP parity learning. These findings show qualitative differences between the LLP and PAC settings: problems tractable in PAC (e.g., ORs, parities) become inapproximable in LLP. The results rely on reductions from Label Cover and Smooth Label Cover problems. Prior works are discussed, highlighting that LLP learnability has been far less explored compared to PAC learning. Applications include privacy and weak supervision scenarios.\",\"docName\":\"2403.19401\",\"editTime\":\"2025-11-10T14:57:36.527\",\"fileName\":\"2403.19401.pdf\",\"folder\":\"C:\\\\Users\\\\XiaoXinPro 16 IAH\\\\Desktop\\\\LRIA_llm_eval\\\\eval\\\\Quantum_e2e_v20251106\\\\Bvt1110\\\\bvtfiles\",\"id\":1987776370834542592,\"isDeleted\":0,\"isTmpFile\":false,\"labelNameList\":[\"Technology\",\"Data Analysis\",\"Research Paper\"],\"lastModifyTime\":\"2025-09-17T09:45:00\",\"md5\":\"4ff6ba88616fcf7a71d1dca6c9adc14c\",\"path\":\"C:\\\\Users\\\\XiaoXinPro 16 IAH\\\\Desktop\\\\LRIA_llm_eval\\\\eval\\\\Quantum_e2e_v20251106\\\\Bvt1110\\\\bvtfiles\\\\2403.19401.pdf\",\"previewPath\":\"c:\\\\users\\\\xiaoxinpro 16 iah\\\\documents\\\\qtcore\\\\pdffile\\\\b6e6995c4481f9cd5d6cfb8c79124693.pdf\",\"priority\":1,\"score\":0.0,\"status\":\"COMPLETED\",\"tokenNum\":14092,\"uriPath\":\"\"},{\"createTime\":\"2025-11-10T14:56:32.609\",\"description\":\"A One Day International (ODI) is a format of limited overs cricket played between teams with international status, typically consisting of 50 overs per side. Originating in the late twentieth century, the first ODI was played in 1971 between Australia and England after rain affected a Test match. Initially, ODIs featured white kits and a red ball. The late 1970s saw significant innovations through Kerry Packer's World Series Cricket, introducing colored uniforms, night games under floodlights using a white ball, and enhanced television broadcasts with multiple camera angles and audio effects. These changes increased professionalism in the sport, with international players receiving payments and TV rights shifting to Channel 9 in Australia. Over time, colored kits and the white ball became the norm, with the traditional white flannels and red ball phased out by 2001. ODIs are considered the pinnacle of List A cricket, with the format used in major tournaments like the Cricket World Cup.\",\"docName\":\"3nql1cs15r8aviz39pth2bpsr4zvy1\",\"editTime\":\"2025-11-10T14:57:34.270\",\"fileName\":\"3nql1cs15r8aviz39pth2bpsr4zvy1.txt\",\"folder\":\"C:\\\\Users\\\\XiaoXinPro 16 IAH\\\\Desktop\\\\LRIA_llm_eval\\\\eval\\\\Quantum_e2e_v20251106\\\\Bvt1110\\\\bvtfiles\",\"id\":1987776371027480576,\"isDeleted\":0,\"isTmpFile\":false,\"labelNameList\":[\"Sport\",\"Informational\",\"History\"],\"lastModifyTime\":\"2025-09-17T09:45:00\",\"md5\":\"da0c0f7162b267cca0de596df4c40c56\",\"path\":\"C:\\\\Users\\\\XiaoXinPro 16 IAH\\\\Desktop\\\\LRIA_llm_eval\\\\eval\\\\Quantum_e2e_v20251106\\\\Bvt1110\\\\bvtfiles\\\\3nql1cs15r8aviz39pth2bpsr4zvy1.txt\",\"previewPath\":\"c:\\\\users\\\\xiaoxinpro 16 iah\\\\documents\\\\qtcore\\\\pdffile\\\\db8ff9222bdd0e56ba076310ced4c747.pdf\",\"priority\":2,\"score\":0.0,\"status\":\"COMPLETED\",\"tokenNum\":402,\"uriPath\":\"\"},{\"createTime\":\"2025-11-10T14:56:32.639\",\"description\":\"Psychological identity encompasses self-image, self-esteem, and individuality, representing how individuals perceive themselves in the present, past, and future. According to Weinreich, identity is the totality of self-construal, reflecting continuity across time and aspirations. Ethnic identity, for example, is defined as the part of self-construal connecting ancestry and future goals in terms of ethnicity. The concept of identity is central to fields like psychology, sociology, and anthropology, requiring frameworks that address both unique personal attributes and shifting group affiliations. Weinreich’s Identity Structure Analysis (ISA) provides a structural approach to mapping identity, focusing on stable relationships between the self and others within socio-cultural contexts. ISA utilizes constructs from individual experience, group dynamics, and cultural norms, offering a methodology for analyzing how individuals use these elements to evaluate themselves, others, and institutions over time and in varying circumstances.\",\"docName\":\"3u84xhcdicdb6vqtlfud7syhj444z2\",\"editTime\":\"2025-11-10T14:57:38.411\",\"fileName\":\"3u84xhcdicdb6vqtlfud7syhj444z2.txt\",\"folder\":\"C:\\\\Users\\\\XiaoXinPro 16 IAH\\\\Desktop\\\\LRIA_llm_eval\\\\eval\\\\Quantum_e2e_v20251106\\\\Bvt1110\\\\bvtfiles\",\"id\":1987776371153309696,\"isDeleted\":0,\"isTmpFile\":false,\"labelNameList\":[\"Informational\",\"Research Paper\",\"Psychology\"],\"lastModifyTime\":\"2025-09-17T09:45:00\",\"md5\":\"a80f0ad4af9fd250a462680c85e6fbf0\",\"path\":\"C:\\\\Users\\\\XiaoXinPro 16 IAH\\\\Desktop\\\\LRIA_llm_eval\\\\eval\\\\Quantum_e2e_v20251106\\\\Bvt1110\\\\bvtfiles\\\\3u84xhcdicdb6vqtlfud7syhj444z2.txt\",\"previewPath\":\"c:\\\\users\\\\xiaoxinpro 16 iah\\\\documents\\\\qtcore\\\\pdffile\\\\4bb6e885c6b375f7991ed237ae550f5a.pdf\",\"priority\":3,\"score\":0.0,\"status\":\"COMPLETED\",\"tokenNum\":414,\"uriPath\":\"\"},{\"createTime\":\"2025-11-10T14:56:32.666\",\"description\":\"Archie receives orders to join the earl and a large group of soldiers in pursuit of Bruce after a traitor reveals Bruce’s recent whereabouts. Despite his reluctance, Archie prepares to lead the party using Hector, the hound, whose tracking skills are crucial for the search. Archie contemplates killing the hound and fleeing if they get close to Bruce, though escape seems unlikely given the number of mounted men. Guided by a local peasant, the group reaches a cottage five miles away where Hector becomes highly excited, thoroughly investigating the area before decisively taking up Bruce’s trail. Archie struggles to control the eager hound, who pulls hard on the chain. He cautions Pembroke, the earl, to keep the knights and soldiers at a distance, noting that their noise further agitates Hector and makes the dog harder to manage. The narrative details the tension and urgency of the pursuit, highlighting Archie’s internal conflict and the hound’s pivotal role.\",\"docName\":\"3z3zlgnnsiuha76yy56h6uu71bh3q1\",\"editTime\":\"2025-11-10T14:57:41.133\",\"fileName\":\"3z3zlgnnsiuha76yy56h6uu71bh3q1.txt\",\"folder\":\"C:\\\\Users\\\\XiaoXinPro 16 IAH\\\\Desktop\\\\LRIA_llm_eval\\\\eval\\\\Quantum_e2e_v20251106\\\\Bvt1110\\\\bvtfiles\",\"id\":1987776371266555904,\"isDeleted\":0,\"isTmpFile\":false,\"labelNameList\":[\"History\",\"Report\",\"Text Document\"],\"lastModifyTime\":\"2025-09-17T09:45:00\",\"md5\":\"bb28043dd606535bdcaf1ee30346b0f9\",\"path\":\"C:\\\\Users\\\\XiaoXinPro 16 IAH\\\\Desktop\\\\LRIA_llm_eval\\\\eval\\\\Quantum_e2e_v20251106\\\\Bvt1110\\\\bvtfiles\\\\3z3zlgnnsiuha76yy56h6uu71bh3q1.txt\",\"previewPath\":\"c:\\\\users\\\\xiaoxinpro 16 iah\\\\documents\\\\qtcore\\\\pdffile\\\\e6e2343232ca421ef2da852a5f84548c.pdf\",\"priority\":4,\"score\":0.0,\"status\":\"COMPLETED\",\"tokenNum\":326,\"uriPath\":\"\"},{\"createTime\":\"2025-11-10T14:56:32.695\",\"description\":\"This document outlines the design method for evaluating AI face algorithms, focusing on test set collection and variable matrices. Key variables include head movements (pitch, yaw, roll), facial motions (mouth, eyebrow, eyelid), and lighting conditions (weak, medium, strong, uneven). Motion transfers involve horizontal and angular head movements, while expression transfers and optical flow are assessed under varied light environments. The evaluation uses only laptop cameras, with tools from Ruifeng for video input/output collection. Collection involves preparing 70 videos, at least 5 seconds each, covering head and facial movement variables and lighting conditions, with 10 videos per variable. Each variable should ideally have data from multiple participants, covering at least 7 individuals. Driving videos and output videos are compared to assess algorithm performance, using selected source images and ground truth from videos.\",\"docName\":\"AI_Face_Test_Set_Collection_Method_Design\",\"editTime\":\"2025-11-10T14:57:50.923\",\"fileName\":\"AI_Face_Test_Set_Collection_Method_Design.pptx\",\"folder\":\"C:\\\\Users\\\\XiaoXinPro 16 IAH\\\\Desktop\\\\LRIA_llm_eval\\\\eval\\\\Quantum_e2e_v20251106\\\\Bvt1110\\\\bvtfiles\",\"id\":1987776371388190720,\"isDeleted\":0,\"isTmpFile\":false,\"labelNameList\":[\"Technology\",\"Data Analysis\",\"Specifications\"],\"lastModifyTime\":\"2025-09-17T09:46:00\",\"md5\":\"b0f396e7936e0f6192cd880927e8e74b\",\"path\":\"C:\\\\Users\\\\XiaoXinPro 16 IAH\\\\Desktop\\\\LRIA_llm_eval\\\\eval\\\\Quantum_e2e_v20251106\\\\Bvt1110\\\\bvtfiles\\\\AI_Face_Test_Set_Collection_Method_Design.pptx\",\"previewPath\":\"c:\\\\users\\\\xiaoxinpro 16 iah\\\\documents\\\\qtcore\\\\pdffile\\\\5820f6ff633a3666eab35d871b69006b.pdf\",\"priority\":5,\"score\":0.0,\"status\":\"COMPLETED\",\"tokenNum\":432,\"uriPath\":\"\"},{\"createTime\":\"2025-11-10T14:56:32.726\",\"description\":\"\",\"docName\":\"\",\"editTime\":\"2025-11-10T14:57:47.856\",\"fileName\":\"A_brief_introduction_of_LP_liutao21_20220615.pptx\",\"folder\":\"C:\\\\Users\\\\XiaoXinPro 16 IAH\\\\Desktop\\\\LRIA_llm_eval\\\\eval\\\\Quantum_e2e_v20251106\\\\Bvt1110\\\\bvtfiles\",\"id\":1987776371518214144,\"isDeleted\":0,\"isTmpFile\":false,\"labelNameList\":[],\"lastModifyTime\":\"2025-09-17T09:46:00\",\"md5\":\"0dbb2532524843af54fb3388b7bf3381\",\"path\":\"C:\\\\Users\\\\XiaoXinPro 16 IAH\\\\Desktop\\\\LRIA_llm_eval\\\\eval\\\\Quantum_e2e_v20251106\\\\Bvt1110\\\\bvtfiles\\\\A_brief_introduction_of_LP_liutao21_20220615.pptx\",\"priority\":6,\"score\":0.0,\"status\":\"RUNNING\",\"tokenNum\":0,\"uriPath\":\"\"},{\"createTime\":\"2025-11-10T14:56:32.800\",\"description\":\"\",\"docName\":\"\",\"editTime\":\"2025-11-10T14:56:32.800\",\"errorDescription\":\"\",\"fileName\":\"Belfast-English.docx\",\"folder\":\"C:\\\\Users\\\\XiaoXinPro 16 IAH\\\\Desktop\\\\LRIA_llm_eval\\\\eval\\\\Quantum_e2e_v20251106\\\\Bvt1110\\\\bvtfiles\",\"id\":1987776371828592640,\"isDeleted\":0,\"isTmpFile\":false,\"labelNameList\":[],\"lastModifyTime\":\"2025-09-17T09:45:00\",\"md5\":\"3193e699ffa92db332ae31a9fb1d3cb4\",\"path\":\"C:\\\\Users\\\\XiaoXinPro 16 IAH\\\\Desktop\\\\LRIA_llm_eval\\\\eval\\\\Quantum_e2e_v20251106\\\\Bvt1110\\\\bvtfiles\\\\Belfast-English.docx\",\"priority\":7,\"score\":0.0,\"status\":\"ADDED\",\"tokenNum\":0,\"uriPath\":\"\"},{\"createTime\":\"2025-11-10T14:56:32.823\",\"description\":\"\",\"docName\":\"\",\"editTime\":\"2025-11-10T14:56:32.823\",\"errorDescription\":\"\",\"fileName\":\"British-Food-Culture.doc\",\"folder\":\"C:\\\\Users\\\\XiaoXinPro 16 IAH\\\\Desktop\\\\LRIA_llm_eval\\\\eval\\\\Quantum_e2e_v20251106\\\\Bvt1110\\\\bvtfiles\",\"id\":1987776371925061632,\"isDeleted\":0,\"isTmpFile\":false,\"labelNameList\":[],\"lastModifyTime\":\"2025-09-17T09:45:00\",\"md5\":\"435798f1c3377c7f5b71e18d733ca579\",\"path\":\"C:\\\\Users\\\\XiaoXinPro 16 IAH\\\\Desktop\\\\LRIA_llm_eval\\\\eval\\\\Quantum_e2e_v20251106\\\\Bvt1110\\\\bvtfiles\\\\British-Food-Culture.doc\",\"priority\":8,\"score\":0.0,\"status\":\"ADDED\",\"tokenNum\":0,\"uriPath\":\"\"},{\"createTime\":\"2025-11-10T14:56:32.847\",\"description\":\"\",\"docName\":\"\",\"editTime\":\"2025-11-10T14:56:32.847\",\"errorDescription\":\"\",\"fileName\":\"Netflix Becomes a Broadway Producer With Peter Morgan’s Patriots.txt\",\"folder\":\"C:\\\\Users\\\\XiaoXinPro 16 IAH\\\\Desktop\\\\LRIA_llm_eval\\\\eval\\\\Quantum_e2e_v20251106\\\\Bvt1110\\\\bvtfiles\",\"id\":1987776372025724928,\"isDeleted\":0,\"isTmpFile\":false,\"labelNameList\":[],\"lastModifyTime\":\"2025-09-17T09:46:00\",\"md5\":\"ab84c46eaa62a18048fb0241446da4ca\",\"path\":\"C:\\\\Users\\\\XiaoXinPro 16 IAH\\\\Desktop\\\\LRIA_llm_eval\\\\eval\\\\Quantum_e2e_v20251106\\\\Bvt1110\\\\bvtfiles\\\\Netflix Becomes a Broadway Producer With Peter Morgan’s Patriots.txt\",\"priority\":9,\"score\":0.0,\"status\":\"ADDED\",\"tokenNum\":0,\"uriPath\":\"\"}]"}}
2025-11-10 14:57:59,132 - [Quantum_e2e_20251110.py:340] - [get_register_document] - INFO - 文档数量: 9
2025-11-10 14:57:59,132 - [Quantum_e2e_20251110.py:363] - [get_register_document] - INFO - 文档总数: 9, COMPLETED状态的文档数量: 5
2025-11-10 14:57:59,133 - [Quantum_e2e_20251110.py:395] - [get_register_document] - INFO - 仍有文档在处理中
2025-11-10 14:57:59,133 - [Quantum_e2e_20251110.py:1154] - [process_document_registration_only] - INFO - 文档仍在处理中，等待2秒后重试...
2025-11-10 14:58:01,143 - [Quantum_e2e_20251110.py:1145] - [process_document_registration_only] - INFO - 第41次检查文档处理状态...
2025-11-10 14:58:01,143 - [Quantum_e2e_20251110.py:289] - [get_register_document] - INFO - 检查文档注册状态...
2025-11-10 14:58:01,145 - [connectionpool.py:243] - [_new_conn] - DEBUG - Starting new HTTP connection (1): 127.0.0.1:35253
2025-11-10 14:58:01,149 - [connectionpool.py:546] - [_make_request] - DEBUG - http://127.0.0.1:35253 "POST /upload HTTP/11" 200 20
2025-11-10 14:58:01,150 - [Quantum_e2e_20251110.py:299] - [get_register_document] - INFO - 文档注册已用时间: 88.74秒 (01:28)
2025-11-10 14:58:01,150 - [Quantum_e2e_20251110.py:303] - [get_register_document] - INFO - 成功获取文档列表，upload_id: -2849552954535031689
2025-11-10 14:58:01,151 - [connectionpool.py:243] - [_new_conn] - DEBUG - Starting new HTTP connection (1): 127.0.0.1:35253
2025-11-10 14:58:01,158 - [connectionpool.py:546] - [_make_request] - DEBUG - http://127.0.0.1:35253 "GET /query?fileData=-2849552954535031689 HTTP/11" 200 None
2025-11-10 14:58:01,269 - [Quantum_e2e_20251110.py:583] - [get_response_content_detailed] - INFO - 响应时间: 0.01秒
2025-11-10 14:58:01,270 - [Quantum_e2e_20251110.py:310] - [get_register_document] - INFO - 获取到的result_text: {"jobId":43,"status":"complete","data":{"text":"[{\"createTime\":\"2025-11-10T14:56:32.563\",\"description\":\"This paper studies the computational hardness of learning Boolean functions from label proportions (LLP), a machine learning setting where only aggregated label information within small subsets (bags) is available. LLP generalizes the PAC learning framework and is motivated by applications like privacy-preserving learning and domains with high labeling costs (e.g., medical imaging). The authors prove three main results: (1) It is NP-hard to learn an ℓ-clause CNF that satisfies any constant-fraction of bags when the underlying function is an OR, establishing hardness even for bags of size ≤2 and separating CNFs from halfspaces. (2) It is NP-hard to learn an ℓ-DNF that satisfies more than (1/2 + δ)-fraction of bags for any constant δ>0 and ℓ, ruling out constant-factor DNF approximations. (3) For parities, with bags of size ≤q, it is NP-hard to satisfy more than (q/2^{q-1} + δ)-fraction of the bags, with the hardness increasing exponentially in bag size. However, a randomized polynomial-time algorithm can achieve a (1/2^{q-2})-approximation for LLP parity learning. These findings show qualitative differences between the LLP and PAC settings: problems tractable in PAC (e.g., ORs, parities) become inapproximable in LLP. The results rely on reductions from Label Cover and Smooth Label Cover problems. Prior works are discussed, highlighting that LLP learnability has been far less explored compared to PAC learning. Applications include privacy and weak supervision scenarios.\",\"docName\":\"2403.19401\",\"editTime\":\"2025-11-10T14:57:36.527\",\"fileName\":\"2403.19401.pdf\",\"folder\":\"C:\\\\Users\\\\XiaoXinPro 16 IAH\\\\Desktop\\\\LRIA_llm_eval\\\\eval\\\\Quantum_e2e_v20251106\\\\Bvt1110\\\\bvtfiles\",\"id\":1987776370834542592,\"isDeleted\":0,\"isTmpFile\":false,\"labelNameList\":[\"Technology\",\"Data Analysis\",\"Research Paper\"],\"lastModifyTime\":\"2025-09-17T09:45:00\",\"md5\":\"4ff6ba88616fcf7a71d1dca6c9adc14c\",\"path\":\"C:\\\\Users\\\\XiaoXinPro 16 IAH\\\\Desktop\\\\LRIA_llm_eval\\\\eval\\\\Quantum_e2e_v20251106\\\\Bvt1110\\\\bvtfiles\\\\2403.19401.pdf\",\"previewPath\":\"c:\\\\users\\\\xiaoxinpro 16 iah\\\\documents\\\\qtcore\\\\pdffile\\\\b6e6995c4481f9cd5d6cfb8c79124693.pdf\",\"priority\":1,\"score\":0.0,\"status\":\"COMPLETED\",\"tokenNum\":14092,\"uriPath\":\"\"},{\"createTime\":\"2025-11-10T14:56:32.609\",\"description\":\"A One Day International (ODI) is a format of limited overs cricket played between teams with international status, typically consisting of 50 overs per side. Originating in the late twentieth century, the first ODI was played in 1971 between Australia and England after rain affected a Test match. Initially, ODIs featured white kits and a red ball. The late 1970s saw significant innovations through Kerry Packer's World Series Cricket, introducing colored uniforms, night games under floodlights using a white ball, and enhanced television broadcasts with multiple camera angles and audio effects. These changes increased professionalism in the sport, with international players receiving payments and TV rights shifting to Channel 9 in Australia. Over time, colored kits and the white ball became the norm, with the traditional white flannels and red ball phased out by 2001. ODIs are considered the pinnacle of List A cricket, with the format used in major tournaments like the Cricket World Cup.\",\"docName\":\"3nql1cs15r8aviz39pth2bpsr4zvy1\",\"editTime\":\"2025-11-10T14:57:34.270\",\"fileName\":\"3nql1cs15r8aviz39pth2bpsr4zvy1.txt\",\"folder\":\"C:\\\\Users\\\\XiaoXinPro 16 IAH\\\\Desktop\\\\LRIA_llm_eval\\\\eval\\\\Quantum_e2e_v20251106\\\\Bvt1110\\\\bvtfiles\",\"id\":1987776371027480576,\"isDeleted\":0,\"isTmpFile\":false,\"labelNameList\":[\"Sport\",\"Informational\",\"History\"],\"lastModifyTime\":\"2025-09-17T09:45:00\",\"md5\":\"da0c0f7162b267cca0de596df4c40c56\",\"path\":\"C:\\\\Users\\\\XiaoXinPro 16 IAH\\\\Desktop\\\\LRIA_llm_eval\\\\eval\\\\Quantum_e2e_v20251106\\\\Bvt1110\\\\bvtfiles\\\\3nql1cs15r8aviz39pth2bpsr4zvy1.txt\",\"previewPath\":\"c:\\\\users\\\\xiaoxinpro 16 iah\\\\documents\\\\qtcore\\\\pdffile\\\\db8ff9222bdd0e56ba076310ced4c747.pdf\",\"priority\":2,\"score\":0.0,\"status\":\"COMPLETED\",\"tokenNum\":402,\"uriPath\":\"\"},{\"createTime\":\"2025-11-10T14:56:32.639\",\"description\":\"Psychological identity encompasses self-image, self-esteem, and individuality, representing how individuals perceive themselves in the present, past, and future. According to Weinreich, identity is the totality of self-construal, reflecting continuity across time and aspirations. Ethnic identity, for example, is defined as the part of self-construal connecting ancestry and future goals in terms of ethnicity. The concept of identity is central to fields like psychology, sociology, and anthropology, requiring frameworks that address both unique personal attributes and shifting group affiliations. Weinreich’s Identity Structure Analysis (ISA) provides a structural approach to mapping identity, focusing on stable relationships between the self and others within socio-cultural contexts. ISA utilizes constructs from individual experience, group dynamics, and cultural norms, offering a methodology for analyzing how individuals use these elements to evaluate themselves, others, and institutions over time and in varying circumstances.\",\"docName\":\"3u84xhcdicdb6vqtlfud7syhj444z2\",\"editTime\":\"2025-11-10T14:57:38.411\",\"fileName\":\"3u84xhcdicdb6vqtlfud7syhj444z2.txt\",\"folder\":\"C:\\\\Users\\\\XiaoXinPro 16 IAH\\\\Desktop\\\\LRIA_llm_eval\\\\eval\\\\Quantum_e2e_v20251106\\\\Bvt1110\\\\bvtfiles\",\"id\":1987776371153309696,\"isDeleted\":0,\"isTmpFile\":false,\"labelNameList\":[\"Informational\",\"Research Paper\",\"Psychology\"],\"lastModifyTime\":\"2025-09-17T09:45:00\",\"md5\":\"a80f0ad4af9fd250a462680c85e6fbf0\",\"path\":\"C:\\\\Users\\\\XiaoXinPro 16 IAH\\\\Desktop\\\\LRIA_llm_eval\\\\eval\\\\Quantum_e2e_v20251106\\\\Bvt1110\\\\bvtfiles\\\\3u84xhcdicdb6vqtlfud7syhj444z2.txt\",\"previewPath\":\"c:\\\\users\\\\xiaoxinpro 16 iah\\\\documents\\\\qtcore\\\\pdffile\\\\4bb6e885c6b375f7991ed237ae550f5a.pdf\",\"priority\":3,\"score\":0.0,\"status\":\"COMPLETED\",\"tokenNum\":414,\"uriPath\":\"\"},{\"createTime\":\"2025-11-10T14:56:32.666\",\"description\":\"Archie receives orders to join the earl and a large group of soldiers in pursuit of Bruce after a traitor reveals Bruce’s recent whereabouts. Despite his reluctance, Archie prepares to lead the party using Hector, the hound, whose tracking skills are crucial for the search. Archie contemplates killing the hound and fleeing if they get close to Bruce, though escape seems unlikely given the number of mounted men. Guided by a local peasant, the group reaches a cottage five miles away where Hector becomes highly excited, thoroughly investigating the area before decisively taking up Bruce’s trail. Archie struggles to control the eager hound, who pulls hard on the chain. He cautions Pembroke, the earl, to keep the knights and soldiers at a distance, noting that their noise further agitates Hector and makes the dog harder to manage. The narrative details the tension and urgency of the pursuit, highlighting Archie’s internal conflict and the hound’s pivotal role.\",\"docName\":\"3z3zlgnnsiuha76yy56h6uu71bh3q1\",\"editTime\":\"2025-11-10T14:57:41.133\",\"fileName\":\"3z3zlgnnsiuha76yy56h6uu71bh3q1.txt\",\"folder\":\"C:\\\\Users\\\\XiaoXinPro 16 IAH\\\\Desktop\\\\LRIA_llm_eval\\\\eval\\\\Quantum_e2e_v20251106\\\\Bvt1110\\\\bvtfiles\",\"id\":1987776371266555904,\"isDeleted\":0,\"isTmpFile\":false,\"labelNameList\":[\"History\",\"Report\",\"Text Document\"],\"lastModifyTime\":\"2025-09-17T09:45:00\",\"md5\":\"bb28043dd606535bdcaf1ee30346b0f9\",\"path\":\"C:\\\\Users\\\\XiaoXinPro 16 IAH\\\\Desktop\\\\LRIA_llm_eval\\\\eval\\\\Quantum_e2e_v20251106\\\\Bvt1110\\\\bvtfiles\\\\3z3zlgnnsiuha76yy56h6uu71bh3q1.txt\",\"previewPath\":\"c:\\\\users\\\\xiaoxinpro 16 iah\\\\documents\\\\qtcore\\\\pdffile\\\\e6e2343232ca421ef2da852a5f84548c.pdf\",\"priority\":4,\"score\":0.0,\"status\":\"COMPLETED\",\"tokenNum\":326,\"uriPath\":\"\"},{\"createTime\":\"2025-11-10T14:56:32.695\",\"description\":\"This document outlines the design method for evaluating AI face algorithms, focusing on test set collection and variable matrices. Key variables include head movements (pitch, yaw, roll), facial motions (mouth, eyebrow, eyelid), and lighting conditions (weak, medium, strong, uneven). Motion transfers involve horizontal and angular head movements, while expression transfers and optical flow are assessed under varied light environments. The evaluation uses only laptop cameras, with tools from Ruifeng for video input/output collection. Collection involves preparing 70 videos, at least 5 seconds each, covering head and facial movement variables and lighting conditions, with 10 videos per variable. Each variable should ideally have data from multiple participants, covering at least 7 individuals. Driving videos and output videos are compared to assess algorithm performance, using selected source images and ground truth from videos.\",\"docName\":\"AI_Face_Test_Set_Collection_Method_Design\",\"editTime\":\"2025-11-10T14:57:50.923\",\"fileName\":\"AI_Face_Test_Set_Collection_Method_Design.pptx\",\"folder\":\"C:\\\\Users\\\\XiaoXinPro 16 IAH\\\\Desktop\\\\LRIA_llm_eval\\\\eval\\\\Quantum_e2e_v20251106\\\\Bvt1110\\\\bvtfiles\",\"id\":1987776371388190720,\"isDeleted\":0,\"isTmpFile\":false,\"labelNameList\":[\"Technology\",\"Data Analysis\",\"Specifications\"],\"lastModifyTime\":\"2025-09-17T09:46:00\",\"md5\":\"b0f396e7936e0f6192cd880927e8e74b\",\"path\":\"C:\\\\Users\\\\XiaoXinPro 16 IAH\\\\Desktop\\\\LRIA_llm_eval\\\\eval\\\\Quantum_e2e_v20251106\\\\Bvt1110\\\\bvtfiles\\\\AI_Face_Test_Set_Collection_Method_Design.pptx\",\"previewPath\":\"c:\\\\users\\\\xiaoxinpro 16 iah\\\\documents\\\\qtcore\\\\pdffile\\\\5820f6ff633a3666eab35d871b69006b.pdf\",\"priority\":5,\"score\":0.0,\"status\":\"COMPLETED\",\"tokenNum\":432,\"uriPath\":\"\"},{\"createTime\":\"2025-11-10T14:56:32.726\",\"description\":\"\",\"docName\":\"\",\"editTime\":\"2025-11-10T14:57:47.856\",\"fileName\":\"A_brief_introduction_of_LP_liutao21_20220615.pptx\",\"folder\":\"C:\\\\Users\\\\XiaoXinPro 16 IAH\\\\Desktop\\\\LRIA_llm_eval\\\\eval\\\\Quantum_e2e_v20251106\\\\Bvt1110\\\\bvtfiles\",\"id\":1987776371518214144,\"isDeleted\":0,\"isTmpFile\":false,\"labelNameList\":[],\"lastModifyTime\":\"2025-09-17T09:46:00\",\"md5\":\"0dbb2532524843af54fb3388b7bf3381\",\"path\":\"C:\\\\Users\\\\XiaoXinPro 16 IAH\\\\Desktop\\\\LRIA_llm_eval\\\\eval\\\\Quantum_e2e_v20251106\\\\Bvt1110\\\\bvtfiles\\\\A_brief_introduction_of_LP_liutao21_20220615.pptx\",\"priority\":6,\"score\":0.0,\"status\":\"RUNNING\",\"tokenNum\":0,\"uriPath\":\"\"},{\"createTime\":\"2025-11-10T14:56:32.800\",\"description\":\"\",\"docName\":\"\",\"editTime\":\"2025-11-10T14:56:32.800\",\"errorDescription\":\"\",\"fileName\":\"Belfast-English.docx\",\"folder\":\"C:\\\\Users\\\\XiaoXinPro 16 IAH\\\\Desktop\\\\LRIA_llm_eval\\\\eval\\\\Quantum_e2e_v20251106\\\\Bvt1110\\\\bvtfiles\",\"id\":1987776371828592640,\"isDeleted\":0,\"isTmpFile\":false,\"labelNameList\":[],\"lastModifyTime\":\"2025-09-17T09:45:00\",\"md5\":\"3193e699ffa92db332ae31a9fb1d3cb4\",\"path\":\"C:\\\\Users\\\\XiaoXinPro 16 IAH\\\\Desktop\\\\LRIA_llm_eval\\\\eval\\\\Quantum_e2e_v20251106\\\\Bvt1110\\\\bvtfiles\\\\Belfast-English.docx\",\"priority\":7,\"score\":0.0,\"status\":\"ADDED\",\"tokenNum\":0,\"uriPath\":\"\"},{\"createTime\":\"2025-11-10T14:56:32.823\",\"description\":\"\",\"docName\":\"\",\"editTime\":\"2025-11-10T14:56:32.823\",\"errorDescription\":\"\",\"fileName\":\"British-Food-Culture.doc\",\"folder\":\"C:\\\\Users\\\\XiaoXinPro 16 IAH\\\\Desktop\\\\LRIA_llm_eval\\\\eval\\\\Quantum_e2e_v20251106\\\\Bvt1110\\\\bvtfiles\",\"id\":1987776371925061632,\"isDeleted\":0,\"isTmpFile\":false,\"labelNameList\":[],\"lastModifyTime\":\"2025-09-17T09:45:00\",\"md5\":\"435798f1c3377c7f5b71e18d733ca579\",\"path\":\"C:\\\\Users\\\\XiaoXinPro 16 IAH\\\\Desktop\\\\LRIA_llm_eval\\\\eval\\\\Quantum_e2e_v20251106\\\\Bvt1110\\\\bvtfiles\\\\British-Food-Culture.doc\",\"priority\":8,\"score\":0.0,\"status\":\"ADDED\",\"tokenNum\":0,\"uriPath\":\"\"},{\"createTime\":\"2025-11-10T14:56:32.847\",\"description\":\"\",\"docName\":\"\",\"editTime\":\"2025-11-10T14:56:32.847\",\"errorDescription\":\"\",\"fileName\":\"Netflix Becomes a Broadway Producer With Peter Morgan’s Patriots.txt\",\"folder\":\"C:\\\\Users\\\\XiaoXinPro 16 IAH\\\\Desktop\\\\LRIA_llm_eval\\\\eval\\\\Quantum_e2e_v20251106\\\\Bvt1110\\\\bvtfiles\",\"id\":1987776372025724928,\"isDeleted\":0,\"isTmpFile\":false,\"labelNameList\":[],\"lastModifyTime\":\"2025-09-17T09:46:00\",\"md5\":\"ab84c46eaa62a18048fb0241446da4ca\",\"path\":\"C:\\\\Users\\\\XiaoXinPro 16 IAH\\\\Desktop\\\\LRIA_llm_eval\\\\eval\\\\Quantum_e2e_v20251106\\\\Bvt1110\\\\bvtfiles\\\\Netflix Becomes a Broadway Producer With Peter Morgan’s Patriots.txt\",\"priority\":9,\"score\":0.0,\"status\":\"ADDED\",\"tokenNum\":0,\"uriPath\":\"\"}]"}}
2025-11-10 14:58:01,271 - [Quantum_e2e_20251110.py:340] - [get_register_document] - INFO - 文档数量: 9
2025-11-10 14:58:01,271 - [Quantum_e2e_20251110.py:363] - [get_register_document] - INFO - 文档总数: 9, COMPLETED状态的文档数量: 5
2025-11-10 14:58:01,271 - [Quantum_e2e_20251110.py:395] - [get_register_document] - INFO - 仍有文档在处理中
2025-11-10 14:58:01,272 - [Quantum_e2e_20251110.py:1154] - [process_document_registration_only] - INFO - 文档仍在处理中，等待2秒后重试...
2025-11-10 14:58:03,278 - [Quantum_e2e_20251110.py:1145] - [process_document_registration_only] - INFO - 第42次检查文档处理状态...
2025-11-10 14:58:03,279 - [Quantum_e2e_20251110.py:289] - [get_register_document] - INFO - 检查文档注册状态...
2025-11-10 14:58:03,284 - [connectionpool.py:243] - [_new_conn] - DEBUG - Starting new HTTP connection (1): 127.0.0.1:35253
2025-11-10 14:58:03,288 - [connectionpool.py:546] - [_make_request] - DEBUG - http://127.0.0.1:35253 "POST /upload HTTP/11" 200 20
2025-11-10 14:58:03,289 - [Quantum_e2e_20251110.py:299] - [get_register_document] - INFO - 文档注册已用时间: 90.88秒 (01:30)
2025-11-10 14:58:03,289 - [Quantum_e2e_20251110.py:303] - [get_register_document] - INFO - 成功获取文档列表，upload_id: -8755923831603402102
2025-11-10 14:58:03,291 - [connectionpool.py:243] - [_new_conn] - DEBUG - Starting new HTTP connection (1): 127.0.0.1:35253
2025-11-10 14:58:03,294 - [connectionpool.py:546] - [_make_request] - DEBUG - http://127.0.0.1:35253 "GET /query?fileData=-8755923831603402102 HTTP/11" 200 None
2025-11-10 14:58:03,412 - [Quantum_e2e_20251110.py:583] - [get_response_content_detailed] - INFO - 响应时间: 0.01秒
2025-11-10 14:58:03,412 - [Quantum_e2e_20251110.py:310] - [get_register_document] - INFO - 获取到的result_text: {"jobId":44,"status":"complete","data":{"text":"[{\"createTime\":\"2025-11-10T14:56:32.563\",\"description\":\"This paper studies the computational hardness of learning Boolean functions from label proportions (LLP), a machine learning setting where only aggregated label information within small subsets (bags) is available. LLP generalizes the PAC learning framework and is motivated by applications like privacy-preserving learning and domains with high labeling costs (e.g., medical imaging). The authors prove three main results: (1) It is NP-hard to learn an ℓ-clause CNF that satisfies any constant-fraction of bags when the underlying function is an OR, establishing hardness even for bags of size ≤2 and separating CNFs from halfspaces. (2) It is NP-hard to learn an ℓ-DNF that satisfies more than (1/2 + δ)-fraction of bags for any constant δ>0 and ℓ, ruling out constant-factor DNF approximations. (3) For parities, with bags of size ≤q, it is NP-hard to satisfy more than (q/2^{q-1} + δ)-fraction of the bags, with the hardness increasing exponentially in bag size. However, a randomized polynomial-time algorithm can achieve a (1/2^{q-2})-approximation for LLP parity learning. These findings show qualitative differences between the LLP and PAC settings: problems tractable in PAC (e.g., ORs, parities) become inapproximable in LLP. The results rely on reductions from Label Cover and Smooth Label Cover problems. Prior works are discussed, highlighting that LLP learnability has been far less explored compared to PAC learning. Applications include privacy and weak supervision scenarios.\",\"docName\":\"2403.19401\",\"editTime\":\"2025-11-10T14:57:36.527\",\"fileName\":\"2403.19401.pdf\",\"folder\":\"C:\\\\Users\\\\XiaoXinPro 16 IAH\\\\Desktop\\\\LRIA_llm_eval\\\\eval\\\\Quantum_e2e_v20251106\\\\Bvt1110\\\\bvtfiles\",\"id\":1987776370834542592,\"isDeleted\":0,\"isTmpFile\":false,\"labelNameList\":[\"Technology\",\"Data Analysis\",\"Research Paper\"],\"lastModifyTime\":\"2025-09-17T09:45:00\",\"md5\":\"4ff6ba88616fcf7a71d1dca6c9adc14c\",\"path\":\"C:\\\\Users\\\\XiaoXinPro 16 IAH\\\\Desktop\\\\LRIA_llm_eval\\\\eval\\\\Quantum_e2e_v20251106\\\\Bvt1110\\\\bvtfiles\\\\2403.19401.pdf\",\"previewPath\":\"c:\\\\users\\\\xiaoxinpro 16 iah\\\\documents\\\\qtcore\\\\pdffile\\\\b6e6995c4481f9cd5d6cfb8c79124693.pdf\",\"priority\":1,\"score\":0.0,\"status\":\"COMPLETED\",\"tokenNum\":14092,\"uriPath\":\"\"},{\"createTime\":\"2025-11-10T14:56:32.609\",\"description\":\"A One Day International (ODI) is a format of limited overs cricket played between teams with international status, typically consisting of 50 overs per side. Originating in the late twentieth century, the first ODI was played in 1971 between Australia and England after rain affected a Test match. Initially, ODIs featured white kits and a red ball. The late 1970s saw significant innovations through Kerry Packer's World Series Cricket, introducing colored uniforms, night games under floodlights using a white ball, and enhanced television broadcasts with multiple camera angles and audio effects. These changes increased professionalism in the sport, with international players receiving payments and TV rights shifting to Channel 9 in Australia. Over time, colored kits and the white ball became the norm, with the traditional white flannels and red ball phased out by 2001. ODIs are considered the pinnacle of List A cricket, with the format used in major tournaments like the Cricket World Cup.\",\"docName\":\"3nql1cs15r8aviz39pth2bpsr4zvy1\",\"editTime\":\"2025-11-10T14:57:34.270\",\"fileName\":\"3nql1cs15r8aviz39pth2bpsr4zvy1.txt\",\"folder\":\"C:\\\\Users\\\\XiaoXinPro 16 IAH\\\\Desktop\\\\LRIA_llm_eval\\\\eval\\\\Quantum_e2e_v20251106\\\\Bvt1110\\\\bvtfiles\",\"id\":1987776371027480576,\"isDeleted\":0,\"isTmpFile\":false,\"labelNameList\":[\"Sport\",\"Informational\",\"History\"],\"lastModifyTime\":\"2025-09-17T09:45:00\",\"md5\":\"da0c0f7162b267cca0de596df4c40c56\",\"path\":\"C:\\\\Users\\\\XiaoXinPro 16 IAH\\\\Desktop\\\\LRIA_llm_eval\\\\eval\\\\Quantum_e2e_v20251106\\\\Bvt1110\\\\bvtfiles\\\\3nql1cs15r8aviz39pth2bpsr4zvy1.txt\",\"previewPath\":\"c:\\\\users\\\\xiaoxinpro 16 iah\\\\documents\\\\qtcore\\\\pdffile\\\\db8ff9222bdd0e56ba076310ced4c747.pdf\",\"priority\":2,\"score\":0.0,\"status\":\"COMPLETED\",\"tokenNum\":402,\"uriPath\":\"\"},{\"createTime\":\"2025-11-10T14:56:32.639\",\"description\":\"Psychological identity encompasses self-image, self-esteem, and individuality, representing how individuals perceive themselves in the present, past, and future. According to Weinreich, identity is the totality of self-construal, reflecting continuity across time and aspirations. Ethnic identity, for example, is defined as the part of self-construal connecting ancestry and future goals in terms of ethnicity. The concept of identity is central to fields like psychology, sociology, and anthropology, requiring frameworks that address both unique personal attributes and shifting group affiliations. Weinreich’s Identity Structure Analysis (ISA) provides a structural approach to mapping identity, focusing on stable relationships between the self and others within socio-cultural contexts. ISA utilizes constructs from individual experience, group dynamics, and cultural norms, offering a methodology for analyzing how individuals use these elements to evaluate themselves, others, and institutions over time and in varying circumstances.\",\"docName\":\"3u84xhcdicdb6vqtlfud7syhj444z2\",\"editTime\":\"2025-11-10T14:57:38.411\",\"fileName\":\"3u84xhcdicdb6vqtlfud7syhj444z2.txt\",\"folder\":\"C:\\\\Users\\\\XiaoXinPro 16 IAH\\\\Desktop\\\\LRIA_llm_eval\\\\eval\\\\Quantum_e2e_v20251106\\\\Bvt1110\\\\bvtfiles\",\"id\":1987776371153309696,\"isDeleted\":0,\"isTmpFile\":false,\"labelNameList\":[\"Informational\",\"Research Paper\",\"Psychology\"],\"lastModifyTime\":\"2025-09-17T09:45:00\",\"md5\":\"a80f0ad4af9fd250a462680c85e6fbf0\",\"path\":\"C:\\\\Users\\\\XiaoXinPro 16 IAH\\\\Desktop\\\\LRIA_llm_eval\\\\eval\\\\Quantum_e2e_v20251106\\\\Bvt1110\\\\bvtfiles\\\\3u84xhcdicdb6vqtlfud7syhj444z2.txt\",\"previewPath\":\"c:\\\\users\\\\xiaoxinpro 16 iah\\\\documents\\\\qtcore\\\\pdffile\\\\4bb6e885c6b375f7991ed237ae550f5a.pdf\",\"priority\":3,\"score\":0.0,\"status\":\"COMPLETED\",\"tokenNum\":414,\"uriPath\":\"\"},{\"createTime\":\"2025-11-10T14:56:32.666\",\"description\":\"Archie receives orders to join the earl and a large group of soldiers in pursuit of Bruce after a traitor reveals Bruce’s recent whereabouts. Despite his reluctance, Archie prepares to lead the party using Hector, the hound, whose tracking skills are crucial for the search. Archie contemplates killing the hound and fleeing if they get close to Bruce, though escape seems unlikely given the number of mounted men. Guided by a local peasant, the group reaches a cottage five miles away where Hector becomes highly excited, thoroughly investigating the area before decisively taking up Bruce’s trail. Archie struggles to control the eager hound, who pulls hard on the chain. He cautions Pembroke, the earl, to keep the knights and soldiers at a distance, noting that their noise further agitates Hector and makes the dog harder to manage. The narrative details the tension and urgency of the pursuit, highlighting Archie’s internal conflict and the hound’s pivotal role.\",\"docName\":\"3z3zlgnnsiuha76yy56h6uu71bh3q1\",\"editTime\":\"2025-11-10T14:57:41.133\",\"fileName\":\"3z3zlgnnsiuha76yy56h6uu71bh3q1.txt\",\"folder\":\"C:\\\\Users\\\\XiaoXinPro 16 IAH\\\\Desktop\\\\LRIA_llm_eval\\\\eval\\\\Quantum_e2e_v20251106\\\\Bvt1110\\\\bvtfiles\",\"id\":1987776371266555904,\"isDeleted\":0,\"isTmpFile\":false,\"labelNameList\":[\"History\",\"Report\",\"Text Document\"],\"lastModifyTime\":\"2025-09-17T09:45:00\",\"md5\":\"bb28043dd606535bdcaf1ee30346b0f9\",\"path\":\"C:\\\\Users\\\\XiaoXinPro 16 IAH\\\\Desktop\\\\LRIA_llm_eval\\\\eval\\\\Quantum_e2e_v20251106\\\\Bvt1110\\\\bvtfiles\\\\3z3zlgnnsiuha76yy56h6uu71bh3q1.txt\",\"previewPath\":\"c:\\\\users\\\\xiaoxinpro 16 iah\\\\documents\\\\qtcore\\\\pdffile\\\\e6e2343232ca421ef2da852a5f84548c.pdf\",\"priority\":4,\"score\":0.0,\"status\":\"COMPLETED\",\"tokenNum\":326,\"uriPath\":\"\"},{\"createTime\":\"2025-11-10T14:56:32.695\",\"description\":\"This document outlines the design method for evaluating AI face algorithms, focusing on test set collection and variable matrices. Key variables include head movements (pitch, yaw, roll), facial motions (mouth, eyebrow, eyelid), and lighting conditions (weak, medium, strong, uneven). Motion transfers involve horizontal and angular head movements, while expression transfers and optical flow are assessed under varied light environments. The evaluation uses only laptop cameras, with tools from Ruifeng for video input/output collection. Collection involves preparing 70 videos, at least 5 seconds each, covering head and facial movement variables and lighting conditions, with 10 videos per variable. Each variable should ideally have data from multiple participants, covering at least 7 individuals. Driving videos and output videos are compared to assess algorithm performance, using selected source images and ground truth from videos.\",\"docName\":\"AI_Face_Test_Set_Collection_Method_Design\",\"editTime\":\"2025-11-10T14:57:50.923\",\"fileName\":\"AI_Face_Test_Set_Collection_Method_Design.pptx\",\"folder\":\"C:\\\\Users\\\\XiaoXinPro 16 IAH\\\\Desktop\\\\LRIA_llm_eval\\\\eval\\\\Quantum_e2e_v20251106\\\\Bvt1110\\\\bvtfiles\",\"id\":1987776371388190720,\"isDeleted\":0,\"isTmpFile\":false,\"labelNameList\":[\"Technology\",\"Data Analysis\",\"Specifications\"],\"lastModifyTime\":\"2025-09-17T09:46:00\",\"md5\":\"b0f396e7936e0f6192cd880927e8e74b\",\"path\":\"C:\\\\Users\\\\XiaoXinPro 16 IAH\\\\Desktop\\\\LRIA_llm_eval\\\\eval\\\\Quantum_e2e_v20251106\\\\Bvt1110\\\\bvtfiles\\\\AI_Face_Test_Set_Collection_Method_Design.pptx\",\"previewPath\":\"c:\\\\users\\\\xiaoxinpro 16 iah\\\\documents\\\\qtcore\\\\pdffile\\\\5820f6ff633a3666eab35d871b69006b.pdf\",\"priority\":5,\"score\":0.0,\"status\":\"COMPLETED\",\"tokenNum\":432,\"uriPath\":\"\"},{\"createTime\":\"2025-11-10T14:56:32.726\",\"description\":\"\",\"docName\":\"A_brief_introduction_of_LP_liutao21_20220615\",\"editTime\":\"2025-11-10T14:58:02.464\",\"fileName\":\"A_brief_introduction_of_LP_liutao21_20220615.pptx\",\"folder\":\"C:\\\\Users\\\\XiaoXinPro 16 IAH\\\\Desktop\\\\LRIA_llm_eval\\\\eval\\\\Quantum_e2e_v20251106\\\\Bvt1110\\\\bvtfiles\",\"id\":1987776371518214144,\"isDeleted\":0,\"isTmpFile\":false,\"labelNameList\":[],\"lastModifyTime\":\"2025-09-17T09:46:00\",\"md5\":\"0dbb2532524843af54fb3388b7bf3381\",\"path\":\"C:\\\\Users\\\\XiaoXinPro 16 IAH\\\\Desktop\\\\LRIA_llm_eval\\\\eval\\\\Quantum_e2e_v20251106\\\\Bvt1110\\\\bvtfiles\\\\A_brief_introduction_of_LP_liutao21_20220615.pptx\",\"previewPath\":\"c:\\\\users\\\\xiaoxinpro 16 iah\\\\documents\\\\qtcore\\\\pdffile\\\\d590d120fc4bcc9bc01d308c3ad03c90.pdf\",\"priority\":6,\"score\":0.0,\"status\":\"COMPLETED\",\"tokenNum\":1297,\"uriPath\":\"\"},{\"createTime\":\"2025-11-10T14:56:32.800\",\"description\":\"\",\"docName\":\"\",\"editTime\":\"2025-11-10T14:58:02.480\",\"fileName\":\"Belfast-English.docx\",\"folder\":\"C:\\\\Users\\\\XiaoXinPro 16 IAH\\\\Desktop\\\\LRIA_llm_eval\\\\eval\\\\Quantum_e2e_v20251106\\\\Bvt1110\\\\bvtfiles\",\"id\":1987776371828592640,\"isDeleted\":0,\"isTmpFile\":false,\"labelNameList\":[],\"lastModifyTime\":\"2025-09-17T09:45:00\",\"md5\":\"3193e699ffa92db332ae31a9fb1d3cb4\",\"path\":\"C:\\\\Users\\\\XiaoXinPro 16 IAH\\\\Desktop\\\\LRIA_llm_eval\\\\eval\\\\Quantum_e2e_v20251106\\\\Bvt1110\\\\bvtfiles\\\\Belfast-English.docx\",\"priority\":7,\"score\":0.0,\"status\":\"RUNNING\",\"tokenNum\":0,\"uriPath\":\"\"},{\"createTime\":\"2025-11-10T14:56:32.823\",\"description\":\"\",\"docName\":\"\",\"editTime\":\"2025-11-10T14:56:32.823\",\"errorDescription\":\"\",\"fileName\":\"British-Food-Culture.doc\",\"folder\":\"C:\\\\Users\\\\XiaoXinPro 16 IAH\\\\Desktop\\\\LRIA_llm_eval\\\\eval\\\\Quantum_e2e_v20251106\\\\Bvt1110\\\\bvtfiles\",\"id\":1987776371925061632,\"isDeleted\":0,\"isTmpFile\":false,\"labelNameList\":[],\"lastModifyTime\":\"2025-09-17T09:45:00\",\"md5\":\"435798f1c3377c7f5b71e18d733ca579\",\"path\":\"C:\\\\Users\\\\XiaoXinPro 16 IAH\\\\Desktop\\\\LRIA_llm_eval\\\\eval\\\\Quantum_e2e_v20251106\\\\Bvt1110\\\\bvtfiles\\\\British-Food-Culture.doc\",\"priority\":8,\"score\":0.0,\"status\":\"ADDED\",\"tokenNum\":0,\"uriPath\":\"\"},{\"createTime\":\"2025-11-10T14:56:32.847\",\"description\":\"\",\"docName\":\"\",\"editTime\":\"2025-11-10T14:56:32.847\",\"errorDescription\":\"\",\"fileName\":\"Netflix Becomes a Broadway Producer With Peter Morgan’s Patriots.txt\",\"folder\":\"C:\\\\Users\\\\XiaoXinPro 16 IAH\\\\Desktop\\\\LRIA_llm_eval\\\\eval\\\\Quantum_e2e_v20251106\\\\Bvt1110\\\\bvtfiles\",\"id\":1987776372025724928,\"isDeleted\":0,\"isTmpFile\":false,\"labelNameList\":[],\"lastModifyTime\":\"2025-09-17T09:46:00\",\"md5\":\"ab84c46eaa62a18048fb0241446da4ca\",\"path\":\"C:\\\\Users\\\\XiaoXinPro 16 IAH\\\\Desktop\\\\LRIA_llm_eval\\\\eval\\\\Quantum_e2e_v20251106\\\\Bvt1110\\\\bvtfiles\\\\Netflix Becomes a Broadway Producer With Peter Morgan’s Patriots.txt\",\"priority\":9,\"score\":0.0,\"status\":\"ADDED\",\"tokenNum\":0,\"uriPath\":\"\"}]"}}
2025-11-10 14:58:03,413 - [Quantum_e2e_20251110.py:340] - [get_register_document] - INFO - 文档数量: 9
2025-11-10 14:58:03,413 - [Quantum_e2e_20251110.py:363] - [get_register_document] - INFO - 文档总数: 9, COMPLETED状态的文档数量: 6
2025-11-10 14:58:03,413 - [Quantum_e2e_20251110.py:395] - [get_register_document] - INFO - 仍有文档在处理中
2025-11-10 14:58:03,414 - [Quantum_e2e_20251110.py:1154] - [process_document_registration_only] - INFO - 文档仍在处理中，等待2秒后重试...
2025-11-10 14:58:05,429 - [Quantum_e2e_20251110.py:1145] - [process_document_registration_only] - INFO - 第43次检查文档处理状态...
2025-11-10 14:58:05,429 - [Quantum_e2e_20251110.py:289] - [get_register_document] - INFO - 检查文档注册状态...
2025-11-10 14:58:05,432 - [connectionpool.py:243] - [_new_conn] - DEBUG - Starting new HTTP connection (1): 127.0.0.1:35253
2025-11-10 14:58:05,434 - [connectionpool.py:546] - [_make_request] - DEBUG - http://127.0.0.1:35253 "POST /upload HTTP/11" 200 18
2025-11-10 14:58:05,435 - [Quantum_e2e_20251110.py:299] - [get_register_document] - INFO - 文档注册已用时间: 93.02秒 (01:33)
2025-11-10 14:58:05,435 - [Quantum_e2e_20251110.py:303] - [get_register_document] - INFO - 成功获取文档列表，upload_id: 475065793146642046
2025-11-10 14:58:05,437 - [connectionpool.py:243] - [_new_conn] - DEBUG - Starting new HTTP connection (1): 127.0.0.1:35253
2025-11-10 14:58:05,445 - [connectionpool.py:546] - [_make_request] - DEBUG - http://127.0.0.1:35253 "GET /query?fileData=475065793146642046 HTTP/11" 200 None
2025-11-10 14:58:05,564 - [Quantum_e2e_20251110.py:583] - [get_response_content_detailed] - INFO - 响应时间: 0.01秒
2025-11-10 14:58:05,565 - [Quantum_e2e_20251110.py:310] - [get_register_document] - INFO - 获取到的result_text: {"jobId":45,"status":"complete","data":{"text":"[{\"createTime\":\"2025-11-10T14:56:32.563\",\"description\":\"This paper studies the computational hardness of learning Boolean functions from label proportions (LLP), a machine learning setting where only aggregated label information within small subsets (bags) is available. LLP generalizes the PAC learning framework and is motivated by applications like privacy-preserving learning and domains with high labeling costs (e.g., medical imaging). The authors prove three main results: (1) It is NP-hard to learn an ℓ-clause CNF that satisfies any constant-fraction of bags when the underlying function is an OR, establishing hardness even for bags of size ≤2 and separating CNFs from halfspaces. (2) It is NP-hard to learn an ℓ-DNF that satisfies more than (1/2 + δ)-fraction of bags for any constant δ>0 and ℓ, ruling out constant-factor DNF approximations. (3) For parities, with bags of size ≤q, it is NP-hard to satisfy more than (q/2^{q-1} + δ)-fraction of the bags, with the hardness increasing exponentially in bag size. However, a randomized polynomial-time algorithm can achieve a (1/2^{q-2})-approximation for LLP parity learning. These findings show qualitative differences between the LLP and PAC settings: problems tractable in PAC (e.g., ORs, parities) become inapproximable in LLP. The results rely on reductions from Label Cover and Smooth Label Cover problems. Prior works are discussed, highlighting that LLP learnability has been far less explored compared to PAC learning. Applications include privacy and weak supervision scenarios.\",\"docName\":\"2403.19401\",\"editTime\":\"2025-11-10T14:57:36.527\",\"fileName\":\"2403.19401.pdf\",\"folder\":\"C:\\\\Users\\\\XiaoXinPro 16 IAH\\\\Desktop\\\\LRIA_llm_eval\\\\eval\\\\Quantum_e2e_v20251106\\\\Bvt1110\\\\bvtfiles\",\"id\":1987776370834542592,\"isDeleted\":0,\"isTmpFile\":false,\"labelNameList\":[\"Technology\",\"Data Analysis\",\"Research Paper\"],\"lastModifyTime\":\"2025-09-17T09:45:00\",\"md5\":\"4ff6ba88616fcf7a71d1dca6c9adc14c\",\"path\":\"C:\\\\Users\\\\XiaoXinPro 16 IAH\\\\Desktop\\\\LRIA_llm_eval\\\\eval\\\\Quantum_e2e_v20251106\\\\Bvt1110\\\\bvtfiles\\\\2403.19401.pdf\",\"previewPath\":\"c:\\\\users\\\\xiaoxinpro 16 iah\\\\documents\\\\qtcore\\\\pdffile\\\\b6e6995c4481f9cd5d6cfb8c79124693.pdf\",\"priority\":1,\"score\":0.0,\"status\":\"COMPLETED\",\"tokenNum\":14092,\"uriPath\":\"\"},{\"createTime\":\"2025-11-10T14:56:32.609\",\"description\":\"A One Day International (ODI) is a format of limited overs cricket played between teams with international status, typically consisting of 50 overs per side. Originating in the late twentieth century, the first ODI was played in 1971 between Australia and England after rain affected a Test match. Initially, ODIs featured white kits and a red ball. The late 1970s saw significant innovations through Kerry Packer's World Series Cricket, introducing colored uniforms, night games under floodlights using a white ball, and enhanced television broadcasts with multiple camera angles and audio effects. These changes increased professionalism in the sport, with international players receiving payments and TV rights shifting to Channel 9 in Australia. Over time, colored kits and the white ball became the norm, with the traditional white flannels and red ball phased out by 2001. ODIs are considered the pinnacle of List A cricket, with the format used in major tournaments like the Cricket World Cup.\",\"docName\":\"3nql1cs15r8aviz39pth2bpsr4zvy1\",\"editTime\":\"2025-11-10T14:57:34.270\",\"fileName\":\"3nql1cs15r8aviz39pth2bpsr4zvy1.txt\",\"folder\":\"C:\\\\Users\\\\XiaoXinPro 16 IAH\\\\Desktop\\\\LRIA_llm_eval\\\\eval\\\\Quantum_e2e_v20251106\\\\Bvt1110\\\\bvtfiles\",\"id\":1987776371027480576,\"isDeleted\":0,\"isTmpFile\":false,\"labelNameList\":[\"Sport\",\"Informational\",\"History\"],\"lastModifyTime\":\"2025-09-17T09:45:00\",\"md5\":\"da0c0f7162b267cca0de596df4c40c56\",\"path\":\"C:\\\\Users\\\\XiaoXinPro 16 IAH\\\\Desktop\\\\LRIA_llm_eval\\\\eval\\\\Quantum_e2e_v20251106\\\\Bvt1110\\\\bvtfiles\\\\3nql1cs15r8aviz39pth2bpsr4zvy1.txt\",\"previewPath\":\"c:\\\\users\\\\xiaoxinpro 16 iah\\\\documents\\\\qtcore\\\\pdffile\\\\db8ff9222bdd0e56ba076310ced4c747.pdf\",\"priority\":2,\"score\":0.0,\"status\":\"COMPLETED\",\"tokenNum\":402,\"uriPath\":\"\"},{\"createTime\":\"2025-11-10T14:56:32.639\",\"description\":\"Psychological identity encompasses self-image, self-esteem, and individuality, representing how individuals perceive themselves in the present, past, and future. According to Weinreich, identity is the totality of self-construal, reflecting continuity across time and aspirations. Ethnic identity, for example, is defined as the part of self-construal connecting ancestry and future goals in terms of ethnicity. The concept of identity is central to fields like psychology, sociology, and anthropology, requiring frameworks that address both unique personal attributes and shifting group affiliations. Weinreich’s Identity Structure Analysis (ISA) provides a structural approach to mapping identity, focusing on stable relationships between the self and others within socio-cultural contexts. ISA utilizes constructs from individual experience, group dynamics, and cultural norms, offering a methodology for analyzing how individuals use these elements to evaluate themselves, others, and institutions over time and in varying circumstances.\",\"docName\":\"3u84xhcdicdb6vqtlfud7syhj444z2\",\"editTime\":\"2025-11-10T14:57:38.411\",\"fileName\":\"3u84xhcdicdb6vqtlfud7syhj444z2.txt\",\"folder\":\"C:\\\\Users\\\\XiaoXinPro 16 IAH\\\\Desktop\\\\LRIA_llm_eval\\\\eval\\\\Quantum_e2e_v20251106\\\\Bvt1110\\\\bvtfiles\",\"id\":1987776371153309696,\"isDeleted\":0,\"isTmpFile\":false,\"labelNameList\":[\"Informational\",\"Research Paper\",\"Psychology\"],\"lastModifyTime\":\"2025-09-17T09:45:00\",\"md5\":\"a80f0ad4af9fd250a462680c85e6fbf0\",\"path\":\"C:\\\\Users\\\\XiaoXinPro 16 IAH\\\\Desktop\\\\LRIA_llm_eval\\\\eval\\\\Quantum_e2e_v20251106\\\\Bvt1110\\\\bvtfiles\\\\3u84xhcdicdb6vqtlfud7syhj444z2.txt\",\"previewPath\":\"c:\\\\users\\\\xiaoxinpro 16 iah\\\\documents\\\\qtcore\\\\pdffile\\\\4bb6e885c6b375f7991ed237ae550f5a.pdf\",\"priority\":3,\"score\":0.0,\"status\":\"COMPLETED\",\"tokenNum\":414,\"uriPath\":\"\"},{\"createTime\":\"2025-11-10T14:56:32.666\",\"description\":\"Archie receives orders to join the earl and a large group of soldiers in pursuit of Bruce after a traitor reveals Bruce’s recent whereabouts. Despite his reluctance, Archie prepares to lead the party using Hector, the hound, whose tracking skills are crucial for the search. Archie contemplates killing the hound and fleeing if they get close to Bruce, though escape seems unlikely given the number of mounted men. Guided by a local peasant, the group reaches a cottage five miles away where Hector becomes highly excited, thoroughly investigating the area before decisively taking up Bruce’s trail. Archie struggles to control the eager hound, who pulls hard on the chain. He cautions Pembroke, the earl, to keep the knights and soldiers at a distance, noting that their noise further agitates Hector and makes the dog harder to manage. The narrative details the tension and urgency of the pursuit, highlighting Archie’s internal conflict and the hound’s pivotal role.\",\"docName\":\"3z3zlgnnsiuha76yy56h6uu71bh3q1\",\"editTime\":\"2025-11-10T14:57:41.133\",\"fileName\":\"3z3zlgnnsiuha76yy56h6uu71bh3q1.txt\",\"folder\":\"C:\\\\Users\\\\XiaoXinPro 16 IAH\\\\Desktop\\\\LRIA_llm_eval\\\\eval\\\\Quantum_e2e_v20251106\\\\Bvt1110\\\\bvtfiles\",\"id\":1987776371266555904,\"isDeleted\":0,\"isTmpFile\":false,\"labelNameList\":[\"History\",\"Report\",\"Text Document\"],\"lastModifyTime\":\"2025-09-17T09:45:00\",\"md5\":\"bb28043dd606535bdcaf1ee30346b0f9\",\"path\":\"C:\\\\Users\\\\XiaoXinPro 16 IAH\\\\Desktop\\\\LRIA_llm_eval\\\\eval\\\\Quantum_e2e_v20251106\\\\Bvt1110\\\\bvtfiles\\\\3z3zlgnnsiuha76yy56h6uu71bh3q1.txt\",\"previewPath\":\"c:\\\\users\\\\xiaoxinpro 16 iah\\\\documents\\\\qtcore\\\\pdffile\\\\e6e2343232ca421ef2da852a5f84548c.pdf\",\"priority\":4,\"score\":0.0,\"status\":\"COMPLETED\",\"tokenNum\":326,\"uriPath\":\"\"},{\"createTime\":\"2025-11-10T14:56:32.695\",\"description\":\"This document outlines the design method for evaluating AI face algorithms, focusing on test set collection and variable matrices. Key variables include head movements (pitch, yaw, roll), facial motions (mouth, eyebrow, eyelid), and lighting conditions (weak, medium, strong, uneven). Motion transfers involve horizontal and angular head movements, while expression transfers and optical flow are assessed under varied light environments. The evaluation uses only laptop cameras, with tools from Ruifeng for video input/output collection. Collection involves preparing 70 videos, at least 5 seconds each, covering head and facial movement variables and lighting conditions, with 10 videos per variable. Each variable should ideally have data from multiple participants, covering at least 7 individuals. Driving videos and output videos are compared to assess algorithm performance, using selected source images and ground truth from videos.\",\"docName\":\"AI_Face_Test_Set_Collection_Method_Design\",\"editTime\":\"2025-11-10T14:57:50.923\",\"fileName\":\"AI_Face_Test_Set_Collection_Method_Design.pptx\",\"folder\":\"C:\\\\Users\\\\XiaoXinPro 16 IAH\\\\Desktop\\\\LRIA_llm_eval\\\\eval\\\\Quantum_e2e_v20251106\\\\Bvt1110\\\\bvtfiles\",\"id\":1987776371388190720,\"isDeleted\":0,\"isTmpFile\":false,\"labelNameList\":[\"Technology\",\"Data Analysis\",\"Specifications\"],\"lastModifyTime\":\"2025-09-17T09:46:00\",\"md5\":\"b0f396e7936e0f6192cd880927e8e74b\",\"path\":\"C:\\\\Users\\\\XiaoXinPro 16 IAH\\\\Desktop\\\\LRIA_llm_eval\\\\eval\\\\Quantum_e2e_v20251106\\\\Bvt1110\\\\bvtfiles\\\\AI_Face_Test_Set_Collection_Method_Design.pptx\",\"previewPath\":\"c:\\\\users\\\\xiaoxinpro 16 iah\\\\documents\\\\qtcore\\\\pdffile\\\\5820f6ff633a3666eab35d871b69006b.pdf\",\"priority\":5,\"score\":0.0,\"status\":\"COMPLETED\",\"tokenNum\":432,\"uriPath\":\"\"},{\"createTime\":\"2025-11-10T14:56:32.726\",\"description\":\"\",\"docName\":\"A_brief_introduction_of_LP_liutao21_20220615\",\"editTime\":\"2025-11-10T14:58:02.464\",\"fileName\":\"A_brief_introduction_of_LP_liutao21_20220615.pptx\",\"folder\":\"C:\\\\Users\\\\XiaoXinPro 16 IAH\\\\Desktop\\\\LRIA_llm_eval\\\\eval\\\\Quantum_e2e_v20251106\\\\Bvt1110\\\\bvtfiles\",\"id\":1987776371518214144,\"isDeleted\":0,\"isTmpFile\":false,\"labelNameList\":[],\"lastModifyTime\":\"2025-09-17T09:46:00\",\"md5\":\"0dbb2532524843af54fb3388b7bf3381\",\"path\":\"C:\\\\Users\\\\XiaoXinPro 16 IAH\\\\Desktop\\\\LRIA_llm_eval\\\\eval\\\\Quantum_e2e_v20251106\\\\Bvt1110\\\\bvtfiles\\\\A_brief_introduction_of_LP_liutao21_20220615.pptx\",\"previewPath\":\"c:\\\\users\\\\xiaoxinpro 16 iah\\\\documents\\\\qtcore\\\\pdffile\\\\d590d120fc4bcc9bc01d308c3ad03c90.pdf\",\"priority\":6,\"score\":0.0,\"status\":\"COMPLETED\",\"tokenNum\":1297,\"uriPath\":\"\"},{\"createTime\":\"2025-11-10T14:56:32.800\",\"description\":\"\",\"docName\":\"\",\"editTime\":\"2025-11-10T14:58:02.480\",\"fileName\":\"Belfast-English.docx\",\"folder\":\"C:\\\\Users\\\\XiaoXinPro 16 IAH\\\\Desktop\\\\LRIA_llm_eval\\\\eval\\\\Quantum_e2e_v20251106\\\\Bvt1110\\\\bvtfiles\",\"id\":1987776371828592640,\"isDeleted\":0,\"isTmpFile\":false,\"labelNameList\":[],\"lastModifyTime\":\"2025-09-17T09:45:00\",\"md5\":\"3193e699ffa92db332ae31a9fb1d3cb4\",\"path\":\"C:\\\\Users\\\\XiaoXinPro 16 IAH\\\\Desktop\\\\LRIA_llm_eval\\\\eval\\\\Quantum_e2e_v20251106\\\\Bvt1110\\\\bvtfiles\\\\Belfast-English.docx\",\"priority\":7,\"score\":0.0,\"status\":\"RUNNING\",\"tokenNum\":0,\"uriPath\":\"\"},{\"createTime\":\"2025-11-10T14:56:32.823\",\"description\":\"\",\"docName\":\"\",\"editTime\":\"2025-11-10T14:56:32.823\",\"errorDescription\":\"\",\"fileName\":\"British-Food-Culture.doc\",\"folder\":\"C:\\\\Users\\\\XiaoXinPro 16 IAH\\\\Desktop\\\\LRIA_llm_eval\\\\eval\\\\Quantum_e2e_v20251106\\\\Bvt1110\\\\bvtfiles\",\"id\":1987776371925061632,\"isDeleted\":0,\"isTmpFile\":false,\"labelNameList\":[],\"lastModifyTime\":\"2025-09-17T09:45:00\",\"md5\":\"435798f1c3377c7f5b71e18d733ca579\",\"path\":\"C:\\\\Users\\\\XiaoXinPro 16 IAH\\\\Desktop\\\\LRIA_llm_eval\\\\eval\\\\Quantum_e2e_v20251106\\\\Bvt1110\\\\bvtfiles\\\\British-Food-Culture.doc\",\"priority\":8,\"score\":0.0,\"status\":\"ADDED\",\"tokenNum\":0,\"uriPath\":\"\"},{\"createTime\":\"2025-11-10T14:56:32.847\",\"description\":\"\",\"docName\":\"\",\"editTime\":\"2025-11-10T14:56:32.847\",\"errorDescription\":\"\",\"fileName\":\"Netflix Becomes a Broadway Producer With Peter Morgan’s Patriots.txt\",\"folder\":\"C:\\\\Users\\\\XiaoXinPro 16 IAH\\\\Desktop\\\\LRIA_llm_eval\\\\eval\\\\Quantum_e2e_v20251106\\\\Bvt1110\\\\bvtfiles\",\"id\":1987776372025724928,\"isDeleted\":0,\"isTmpFile\":false,\"labelNameList\":[],\"lastModifyTime\":\"2025-09-17T09:46:00\",\"md5\":\"ab84c46eaa62a18048fb0241446da4ca\",\"path\":\"C:\\\\Users\\\\XiaoXinPro 16 IAH\\\\Desktop\\\\LRIA_llm_eval\\\\eval\\\\Quantum_e2e_v20251106\\\\Bvt1110\\\\bvtfiles\\\\Netflix Becomes a Broadway Producer With Peter Morgan’s Patriots.txt\",\"priority\":9,\"score\":0.0,\"status\":\"ADDED\",\"tokenNum\":0,\"uriPath\":\"\"}]"}}
2025-11-10 14:58:05,566 - [Quantum_e2e_20251110.py:340] - [get_register_document] - INFO - 文档数量: 9
2025-11-10 14:58:05,566 - [Quantum_e2e_20251110.py:363] - [get_register_document] - INFO - 文档总数: 9, COMPLETED状态的文档数量: 6
2025-11-10 14:58:05,566 - [Quantum_e2e_20251110.py:395] - [get_register_document] - INFO - 仍有文档在处理中
2025-11-10 14:58:05,567 - [Quantum_e2e_20251110.py:1154] - [process_document_registration_only] - INFO - 文档仍在处理中，等待2秒后重试...
2025-11-10 14:58:07,577 - [Quantum_e2e_20251110.py:1145] - [process_document_registration_only] - INFO - 第44次检查文档处理状态...
2025-11-10 14:58:07,578 - [Quantum_e2e_20251110.py:289] - [get_register_document] - INFO - 检查文档注册状态...
2025-11-10 14:58:07,582 - [connectionpool.py:243] - [_new_conn] - DEBUG - Starting new HTTP connection (1): 127.0.0.1:35253
2025-11-10 14:58:07,585 - [connectionpool.py:546] - [_make_request] - DEBUG - http://127.0.0.1:35253 "POST /upload HTTP/11" 200 19
2025-11-10 14:58:07,586 - [Quantum_e2e_20251110.py:299] - [get_register_document] - INFO - 文档注册已用时间: 95.17秒 (01:35)
2025-11-10 14:58:07,586 - [Quantum_e2e_20251110.py:303] - [get_register_document] - INFO - 成功获取文档列表，upload_id: 1649355730122841586
2025-11-10 14:58:07,588 - [connectionpool.py:243] - [_new_conn] - DEBUG - Starting new HTTP connection (1): 127.0.0.1:35253
2025-11-10 14:58:07,593 - [connectionpool.py:546] - [_make_request] - DEBUG - http://127.0.0.1:35253 "GET /query?fileData=1649355730122841586 HTTP/11" 200 None
2025-11-10 14:58:07,709 - [Quantum_e2e_20251110.py:583] - [get_response_content_detailed] - INFO - 响应时间: 0.01秒
2025-11-10 14:58:07,709 - [Quantum_e2e_20251110.py:310] - [get_register_document] - INFO - 获取到的result_text: {"jobId":46,"status":"complete","data":{"text":"[{\"createTime\":\"2025-11-10T14:56:32.563\",\"description\":\"This paper studies the computational hardness of learning Boolean functions from label proportions (LLP), a machine learning setting where only aggregated label information within small subsets (bags) is available. LLP generalizes the PAC learning framework and is motivated by applications like privacy-preserving learning and domains with high labeling costs (e.g., medical imaging). The authors prove three main results: (1) It is NP-hard to learn an ℓ-clause CNF that satisfies any constant-fraction of bags when the underlying function is an OR, establishing hardness even for bags of size ≤2 and separating CNFs from halfspaces. (2) It is NP-hard to learn an ℓ-DNF that satisfies more than (1/2 + δ)-fraction of bags for any constant δ>0 and ℓ, ruling out constant-factor DNF approximations. (3) For parities, with bags of size ≤q, it is NP-hard to satisfy more than (q/2^{q-1} + δ)-fraction of the bags, with the hardness increasing exponentially in bag size. However, a randomized polynomial-time algorithm can achieve a (1/2^{q-2})-approximation for LLP parity learning. These findings show qualitative differences between the LLP and PAC settings: problems tractable in PAC (e.g., ORs, parities) become inapproximable in LLP. The results rely on reductions from Label Cover and Smooth Label Cover problems. Prior works are discussed, highlighting that LLP learnability has been far less explored compared to PAC learning. Applications include privacy and weak supervision scenarios.\",\"docName\":\"2403.19401\",\"editTime\":\"2025-11-10T14:57:36.527\",\"fileName\":\"2403.19401.pdf\",\"folder\":\"C:\\\\Users\\\\XiaoXinPro 16 IAH\\\\Desktop\\\\LRIA_llm_eval\\\\eval\\\\Quantum_e2e_v20251106\\\\Bvt1110\\\\bvtfiles\",\"id\":1987776370834542592,\"isDeleted\":0,\"isTmpFile\":false,\"labelNameList\":[\"Technology\",\"Data Analysis\",\"Research Paper\"],\"lastModifyTime\":\"2025-09-17T09:45:00\",\"md5\":\"4ff6ba88616fcf7a71d1dca6c9adc14c\",\"path\":\"C:\\\\Users\\\\XiaoXinPro 16 IAH\\\\Desktop\\\\LRIA_llm_eval\\\\eval\\\\Quantum_e2e_v20251106\\\\Bvt1110\\\\bvtfiles\\\\2403.19401.pdf\",\"previewPath\":\"c:\\\\users\\\\xiaoxinpro 16 iah\\\\documents\\\\qtcore\\\\pdffile\\\\b6e6995c4481f9cd5d6cfb8c79124693.pdf\",\"priority\":1,\"score\":0.0,\"status\":\"COMPLETED\",\"tokenNum\":14092,\"uriPath\":\"\"},{\"createTime\":\"2025-11-10T14:56:32.609\",\"description\":\"A One Day International (ODI) is a format of limited overs cricket played between teams with international status, typically consisting of 50 overs per side. Originating in the late twentieth century, the first ODI was played in 1971 between Australia and England after rain affected a Test match. Initially, ODIs featured white kits and a red ball. The late 1970s saw significant innovations through Kerry Packer's World Series Cricket, introducing colored uniforms, night games under floodlights using a white ball, and enhanced television broadcasts with multiple camera angles and audio effects. These changes increased professionalism in the sport, with international players receiving payments and TV rights shifting to Channel 9 in Australia. Over time, colored kits and the white ball became the norm, with the traditional white flannels and red ball phased out by 2001. ODIs are considered the pinnacle of List A cricket, with the format used in major tournaments like the Cricket World Cup.\",\"docName\":\"3nql1cs15r8aviz39pth2bpsr4zvy1\",\"editTime\":\"2025-11-10T14:57:34.270\",\"fileName\":\"3nql1cs15r8aviz39pth2bpsr4zvy1.txt\",\"folder\":\"C:\\\\Users\\\\XiaoXinPro 16 IAH\\\\Desktop\\\\LRIA_llm_eval\\\\eval\\\\Quantum_e2e_v20251106\\\\Bvt1110\\\\bvtfiles\",\"id\":1987776371027480576,\"isDeleted\":0,\"isTmpFile\":false,\"labelNameList\":[\"Sport\",\"Informational\",\"History\"],\"lastModifyTime\":\"2025-09-17T09:45:00\",\"md5\":\"da0c0f7162b267cca0de596df4c40c56\",\"path\":\"C:\\\\Users\\\\XiaoXinPro 16 IAH\\\\Desktop\\\\LRIA_llm_eval\\\\eval\\\\Quantum_e2e_v20251106\\\\Bvt1110\\\\bvtfiles\\\\3nql1cs15r8aviz39pth2bpsr4zvy1.txt\",\"previewPath\":\"c:\\\\users\\\\xiaoxinpro 16 iah\\\\documents\\\\qtcore\\\\pdffile\\\\db8ff9222bdd0e56ba076310ced4c747.pdf\",\"priority\":2,\"score\":0.0,\"status\":\"COMPLETED\",\"tokenNum\":402,\"uriPath\":\"\"},{\"createTime\":\"2025-11-10T14:56:32.639\",\"description\":\"Psychological identity encompasses self-image, self-esteem, and individuality, representing how individuals perceive themselves in the present, past, and future. According to Weinreich, identity is the totality of self-construal, reflecting continuity across time and aspirations. Ethnic identity, for example, is defined as the part of self-construal connecting ancestry and future goals in terms of ethnicity. The concept of identity is central to fields like psychology, sociology, and anthropology, requiring frameworks that address both unique personal attributes and shifting group affiliations. Weinreich’s Identity Structure Analysis (ISA) provides a structural approach to mapping identity, focusing on stable relationships between the self and others within socio-cultural contexts. ISA utilizes constructs from individual experience, group dynamics, and cultural norms, offering a methodology for analyzing how individuals use these elements to evaluate themselves, others, and institutions over time and in varying circumstances.\",\"docName\":\"3u84xhcdicdb6vqtlfud7syhj444z2\",\"editTime\":\"2025-11-10T14:57:38.411\",\"fileName\":\"3u84xhcdicdb6vqtlfud7syhj444z2.txt\",\"folder\":\"C:\\\\Users\\\\XiaoXinPro 16 IAH\\\\Desktop\\\\LRIA_llm_eval\\\\eval\\\\Quantum_e2e_v20251106\\\\Bvt1110\\\\bvtfiles\",\"id\":1987776371153309696,\"isDeleted\":0,\"isTmpFile\":false,\"labelNameList\":[\"Informational\",\"Research Paper\",\"Psychology\"],\"lastModifyTime\":\"2025-09-17T09:45:00\",\"md5\":\"a80f0ad4af9fd250a462680c85e6fbf0\",\"path\":\"C:\\\\Users\\\\XiaoXinPro 16 IAH\\\\Desktop\\\\LRIA_llm_eval\\\\eval\\\\Quantum_e2e_v20251106\\\\Bvt1110\\\\bvtfiles\\\\3u84xhcdicdb6vqtlfud7syhj444z2.txt\",\"previewPath\":\"c:\\\\users\\\\xiaoxinpro 16 iah\\\\documents\\\\qtcore\\\\pdffile\\\\4bb6e885c6b375f7991ed237ae550f5a.pdf\",\"priority\":3,\"score\":0.0,\"status\":\"COMPLETED\",\"tokenNum\":414,\"uriPath\":\"\"},{\"createTime\":\"2025-11-10T14:56:32.666\",\"description\":\"Archie receives orders to join the earl and a large group of soldiers in pursuit of Bruce after a traitor reveals Bruce’s recent whereabouts. Despite his reluctance, Archie prepares to lead the party using Hector, the hound, whose tracking skills are crucial for the search. Archie contemplates killing the hound and fleeing if they get close to Bruce, though escape seems unlikely given the number of mounted men. Guided by a local peasant, the group reaches a cottage five miles away where Hector becomes highly excited, thoroughly investigating the area before decisively taking up Bruce’s trail. Archie struggles to control the eager hound, who pulls hard on the chain. He cautions Pembroke, the earl, to keep the knights and soldiers at a distance, noting that their noise further agitates Hector and makes the dog harder to manage. The narrative details the tension and urgency of the pursuit, highlighting Archie’s internal conflict and the hound’s pivotal role.\",\"docName\":\"3z3zlgnnsiuha76yy56h6uu71bh3q1\",\"editTime\":\"2025-11-10T14:57:41.133\",\"fileName\":\"3z3zlgnnsiuha76yy56h6uu71bh3q1.txt\",\"folder\":\"C:\\\\Users\\\\XiaoXinPro 16 IAH\\\\Desktop\\\\LRIA_llm_eval\\\\eval\\\\Quantum_e2e_v20251106\\\\Bvt1110\\\\bvtfiles\",\"id\":1987776371266555904,\"isDeleted\":0,\"isTmpFile\":false,\"labelNameList\":[\"History\",\"Report\",\"Text Document\"],\"lastModifyTime\":\"2025-09-17T09:45:00\",\"md5\":\"bb28043dd606535bdcaf1ee30346b0f9\",\"path\":\"C:\\\\Users\\\\XiaoXinPro 16 IAH\\\\Desktop\\\\LRIA_llm_eval\\\\eval\\\\Quantum_e2e_v20251106\\\\Bvt1110\\\\bvtfiles\\\\3z3zlgnnsiuha76yy56h6uu71bh3q1.txt\",\"previewPath\":\"c:\\\\users\\\\xiaoxinpro 16 iah\\\\documents\\\\qtcore\\\\pdffile\\\\e6e2343232ca421ef2da852a5f84548c.pdf\",\"priority\":4,\"score\":0.0,\"status\":\"COMPLETED\",\"tokenNum\":326,\"uriPath\":\"\"},{\"createTime\":\"2025-11-10T14:56:32.695\",\"description\":\"This document outlines the design method for evaluating AI face algorithms, focusing on test set collection and variable matrices. Key variables include head movements (pitch, yaw, roll), facial motions (mouth, eyebrow, eyelid), and lighting conditions (weak, medium, strong, uneven). Motion transfers involve horizontal and angular head movements, while expression transfers and optical flow are assessed under varied light environments. The evaluation uses only laptop cameras, with tools from Ruifeng for video input/output collection. Collection involves preparing 70 videos, at least 5 seconds each, covering head and facial movement variables and lighting conditions, with 10 videos per variable. Each variable should ideally have data from multiple participants, covering at least 7 individuals. Driving videos and output videos are compared to assess algorithm performance, using selected source images and ground truth from videos.\",\"docName\":\"AI_Face_Test_Set_Collection_Method_Design\",\"editTime\":\"2025-11-10T14:57:50.923\",\"fileName\":\"AI_Face_Test_Set_Collection_Method_Design.pptx\",\"folder\":\"C:\\\\Users\\\\XiaoXinPro 16 IAH\\\\Desktop\\\\LRIA_llm_eval\\\\eval\\\\Quantum_e2e_v20251106\\\\Bvt1110\\\\bvtfiles\",\"id\":1987776371388190720,\"isDeleted\":0,\"isTmpFile\":false,\"labelNameList\":[\"Technology\",\"Data Analysis\",\"Specifications\"],\"lastModifyTime\":\"2025-09-17T09:46:00\",\"md5\":\"b0f396e7936e0f6192cd880927e8e74b\",\"path\":\"C:\\\\Users\\\\XiaoXinPro 16 IAH\\\\Desktop\\\\LRIA_llm_eval\\\\eval\\\\Quantum_e2e_v20251106\\\\Bvt1110\\\\bvtfiles\\\\AI_Face_Test_Set_Collection_Method_Design.pptx\",\"previewPath\":\"c:\\\\users\\\\xiaoxinpro 16 iah\\\\documents\\\\qtcore\\\\pdffile\\\\5820f6ff633a3666eab35d871b69006b.pdf\",\"priority\":5,\"score\":0.0,\"status\":\"COMPLETED\",\"tokenNum\":432,\"uriPath\":\"\"},{\"createTime\":\"2025-11-10T14:56:32.726\",\"description\":\"This document provides an introduction to Linear Programming (LP), detailing its definition, historical development, solution methods, and strategies for testing LP solvers. LP focuses on optimizing a linear objective function subject to linear constraints, with solutions within a convex polyhedral feasible set. Mixed-Integer Programming (MIP) extends LP by allowing some variables to be integers, solved using techniques like Branch-and-Bound. The history covers key contributors: G.B. Dantzig (concept, Simplex Method), L.V. Kantorovich and T.C. Koopmans (Nobel Prize), L.G. Khachian (Ellipsoid Method), and N. Karmarkar (Interior-Point Method). Solution methods include enumeration, the Simplex Method (effective in practice but exponential in worst cases), and the Interior-Point Method (polynomial-time efficiency for large problems). LP solvers are tested using both benchmark and self-built test sets, including classic optimization models with varying size and structure. Testing approaches include handling unique, infinite, infeasible, and unbounded problems, using different coefficient scales and constraints to evaluate solver robustness and correctness.\",\"docName\":\"A_brief_introduction_of_LP_liutao21_20220615\",\"editTime\":\"2025-11-10T14:58:06.320\",\"fileName\":\"A_brief_introduction_of_LP_liutao21_20220615.pptx\",\"folder\":\"C:\\\\Users\\\\XiaoXinPro 16 IAH\\\\Desktop\\\\LRIA_llm_eval\\\\eval\\\\Quantum_e2e_v20251106\\\\Bvt1110\\\\bvtfiles\",\"id\":1987776371518214144,\"isDeleted\":0,\"isTmpFile\":false,\"labelNameList\":[\"Technology\",\"Specifications\",\"Training\"],\"lastModifyTime\":\"2025-09-17T09:46:00\",\"md5\":\"0dbb2532524843af54fb3388b7bf3381\",\"path\":\"C:\\\\Users\\\\XiaoXinPro 16 IAH\\\\Desktop\\\\LRIA_llm_eval\\\\eval\\\\Quantum_e2e_v20251106\\\\Bvt1110\\\\bvtfiles\\\\A_brief_introduction_of_LP_liutao21_20220615.pptx\",\"previewPath\":\"c:\\\\users\\\\xiaoxinpro 16 iah\\\\documents\\\\qtcore\\\\pdffile\\\\d590d120fc4bcc9bc01d308c3ad03c90.pdf\",\"priority\":6,\"score\":0.0,\"status\":\"COMPLETED\",\"tokenNum\":1297,\"uriPath\":\"\"},{\"createTime\":\"2025-11-10T14:56:32.800\",\"description\":\"\",\"docName\":\"\",\"editTime\":\"2025-11-10T14:58:02.480\",\"fileName\":\"Belfast-English.docx\",\"folder\":\"C:\\\\Users\\\\XiaoXinPro 16 IAH\\\\Desktop\\\\LRIA_llm_eval\\\\eval\\\\Quantum_e2e_v20251106\\\\Bvt1110\\\\bvtfiles\",\"id\":1987776371828592640,\"isDeleted\":0,\"isTmpFile\":false,\"labelNameList\":[],\"lastModifyTime\":\"2025-09-17T09:45:00\",\"md5\":\"3193e699ffa92db332ae31a9fb1d3cb4\",\"path\":\"C:\\\\Users\\\\XiaoXinPro 16 IAH\\\\Desktop\\\\LRIA_llm_eval\\\\eval\\\\Quantum_e2e_v20251106\\\\Bvt1110\\\\bvtfiles\\\\Belfast-English.docx\",\"priority\":7,\"score\":0.0,\"status\":\"RUNNING\",\"tokenNum\":0,\"uriPath\":\"\"},{\"createTime\":\"2025-11-10T14:56:32.823\",\"description\":\"\",\"docName\":\"\",\"editTime\":\"2025-11-10T14:56:32.823\",\"errorDescription\":\"\",\"fileName\":\"British-Food-Culture.doc\",\"folder\":\"C:\\\\Users\\\\XiaoXinPro 16 IAH\\\\Desktop\\\\LRIA_llm_eval\\\\eval\\\\Quantum_e2e_v20251106\\\\Bvt1110\\\\bvtfiles\",\"id\":1987776371925061632,\"isDeleted\":0,\"isTmpFile\":false,\"labelNameList\":[],\"lastModifyTime\":\"2025-09-17T09:45:00\",\"md5\":\"435798f1c3377c7f5b71e18d733ca579\",\"path\":\"C:\\\\Users\\\\XiaoXinPro 16 IAH\\\\Desktop\\\\LRIA_llm_eval\\\\eval\\\\Quantum_e2e_v20251106\\\\Bvt1110\\\\bvtfiles\\\\British-Food-Culture.doc\",\"priority\":8,\"score\":0.0,\"status\":\"ADDED\",\"tokenNum\":0,\"uriPath\":\"\"},{\"createTime\":\"2025-11-10T14:56:32.847\",\"description\":\"\",\"docName\":\"\",\"editTime\":\"2025-11-10T14:56:32.847\",\"errorDescription\":\"\",\"fileName\":\"Netflix Becomes a Broadway Producer With Peter Morgan’s Patriots.txt\",\"folder\":\"C:\\\\Users\\\\XiaoXinPro 16 IAH\\\\Desktop\\\\LRIA_llm_eval\\\\eval\\\\Quantum_e2e_v20251106\\\\Bvt1110\\\\bvtfiles\",\"id\":1987776372025724928,\"isDeleted\":0,\"isTmpFile\":false,\"labelNameList\":[],\"lastModifyTime\":\"2025-09-17T09:46:00\",\"md5\":\"ab84c46eaa62a18048fb0241446da4ca\",\"path\":\"C:\\\\Users\\\\XiaoXinPro 16 IAH\\\\Desktop\\\\LRIA_llm_eval\\\\eval\\\\Quantum_e2e_v20251106\\\\Bvt1110\\\\bvtfiles\\\\Netflix Becomes a Broadway Producer With Peter Morgan’s Patriots.txt\",\"priority\":9,\"score\":0.0,\"status\":\"ADDED\",\"tokenNum\":0,\"uriPath\":\"\"}]"}}
2025-11-10 14:58:07,710 - [Quantum_e2e_20251110.py:340] - [get_register_document] - INFO - 文档数量: 9
2025-11-10 14:58:07,710 - [Quantum_e2e_20251110.py:363] - [get_register_document] - INFO - 文档总数: 9, COMPLETED状态的文档数量: 6
2025-11-10 14:58:07,711 - [Quantum_e2e_20251110.py:395] - [get_register_document] - INFO - 仍有文档在处理中
2025-11-10 14:58:07,711 - [Quantum_e2e_20251110.py:1154] - [process_document_registration_only] - INFO - 文档仍在处理中，等待2秒后重试...
2025-11-10 14:58:09,723 - [Quantum_e2e_20251110.py:1145] - [process_document_registration_only] - INFO - 第45次检查文档处理状态...
2025-11-10 14:58:09,723 - [Quantum_e2e_20251110.py:289] - [get_register_document] - INFO - 检查文档注册状态...
2025-11-10 14:58:09,725 - [connectionpool.py:243] - [_new_conn] - DEBUG - Starting new HTTP connection (1): 127.0.0.1:35253
2025-11-10 14:58:09,729 - [connectionpool.py:546] - [_make_request] - DEBUG - http://127.0.0.1:35253 "POST /upload HTTP/11" 200 19
2025-11-10 14:58:09,729 - [Quantum_e2e_20251110.py:299] - [get_register_document] - INFO - 文档注册已用时间: 97.32秒 (01:37)
2025-11-10 14:58:09,730 - [Quantum_e2e_20251110.py:303] - [get_register_document] - INFO - 成功获取文档列表，upload_id: 2785652242635954030
2025-11-10 14:58:09,731 - [connectionpool.py:243] - [_new_conn] - DEBUG - Starting new HTTP connection (1): 127.0.0.1:35253
2025-11-10 14:58:09,739 - [connectionpool.py:546] - [_make_request] - DEBUG - http://127.0.0.1:35253 "GET /query?fileData=2785652242635954030 HTTP/11" 200 None
2025-11-10 14:58:09,848 - [Quantum_e2e_20251110.py:583] - [get_response_content_detailed] - INFO - 响应时间: 0.01秒
2025-11-10 14:58:09,848 - [Quantum_e2e_20251110.py:310] - [get_register_document] - INFO - 获取到的result_text: {"jobId":47,"status":"complete","data":{"text":"[{\"createTime\":\"2025-11-10T14:56:32.563\",\"description\":\"This paper studies the computational hardness of learning Boolean functions from label proportions (LLP), a machine learning setting where only aggregated label information within small subsets (bags) is available. LLP generalizes the PAC learning framework and is motivated by applications like privacy-preserving learning and domains with high labeling costs (e.g., medical imaging). The authors prove three main results: (1) It is NP-hard to learn an ℓ-clause CNF that satisfies any constant-fraction of bags when the underlying function is an OR, establishing hardness even for bags of size ≤2 and separating CNFs from halfspaces. (2) It is NP-hard to learn an ℓ-DNF that satisfies more than (1/2 + δ)-fraction of bags for any constant δ>0 and ℓ, ruling out constant-factor DNF approximations. (3) For parities, with bags of size ≤q, it is NP-hard to satisfy more than (q/2^{q-1} + δ)-fraction of the bags, with the hardness increasing exponentially in bag size. However, a randomized polynomial-time algorithm can achieve a (1/2^{q-2})-approximation for LLP parity learning. These findings show qualitative differences between the LLP and PAC settings: problems tractable in PAC (e.g., ORs, parities) become inapproximable in LLP. The results rely on reductions from Label Cover and Smooth Label Cover problems. Prior works are discussed, highlighting that LLP learnability has been far less explored compared to PAC learning. Applications include privacy and weak supervision scenarios.\",\"docName\":\"2403.19401\",\"editTime\":\"2025-11-10T14:57:36.527\",\"fileName\":\"2403.19401.pdf\",\"folder\":\"C:\\\\Users\\\\XiaoXinPro 16 IAH\\\\Desktop\\\\LRIA_llm_eval\\\\eval\\\\Quantum_e2e_v20251106\\\\Bvt1110\\\\bvtfiles\",\"id\":1987776370834542592,\"isDeleted\":0,\"isTmpFile\":false,\"labelNameList\":[\"Technology\",\"Data Analysis\",\"Research Paper\"],\"lastModifyTime\":\"2025-09-17T09:45:00\",\"md5\":\"4ff6ba88616fcf7a71d1dca6c9adc14c\",\"path\":\"C:\\\\Users\\\\XiaoXinPro 16 IAH\\\\Desktop\\\\LRIA_llm_eval\\\\eval\\\\Quantum_e2e_v20251106\\\\Bvt1110\\\\bvtfiles\\\\2403.19401.pdf\",\"previewPath\":\"c:\\\\users\\\\xiaoxinpro 16 iah\\\\documents\\\\qtcore\\\\pdffile\\\\b6e6995c4481f9cd5d6cfb8c79124693.pdf\",\"priority\":1,\"score\":0.0,\"status\":\"COMPLETED\",\"tokenNum\":14092,\"uriPath\":\"\"},{\"createTime\":\"2025-11-10T14:56:32.609\",\"description\":\"A One Day International (ODI) is a format of limited overs cricket played between teams with international status, typically consisting of 50 overs per side. Originating in the late twentieth century, the first ODI was played in 1971 between Australia and England after rain affected a Test match. Initially, ODIs featured white kits and a red ball. The late 1970s saw significant innovations through Kerry Packer's World Series Cricket, introducing colored uniforms, night games under floodlights using a white ball, and enhanced television broadcasts with multiple camera angles and audio effects. These changes increased professionalism in the sport, with international players receiving payments and TV rights shifting to Channel 9 in Australia. Over time, colored kits and the white ball became the norm, with the traditional white flannels and red ball phased out by 2001. ODIs are considered the pinnacle of List A cricket, with the format used in major tournaments like the Cricket World Cup.\",\"docName\":\"3nql1cs15r8aviz39pth2bpsr4zvy1\",\"editTime\":\"2025-11-10T14:57:34.270\",\"fileName\":\"3nql1cs15r8aviz39pth2bpsr4zvy1.txt\",\"folder\":\"C:\\\\Users\\\\XiaoXinPro 16 IAH\\\\Desktop\\\\LRIA_llm_eval\\\\eval\\\\Quantum_e2e_v20251106\\\\Bvt1110\\\\bvtfiles\",\"id\":1987776371027480576,\"isDeleted\":0,\"isTmpFile\":false,\"labelNameList\":[\"Sport\",\"Informational\",\"History\"],\"lastModifyTime\":\"2025-09-17T09:45:00\",\"md5\":\"da0c0f7162b267cca0de596df4c40c56\",\"path\":\"C:\\\\Users\\\\XiaoXinPro 16 IAH\\\\Desktop\\\\LRIA_llm_eval\\\\eval\\\\Quantum_e2e_v20251106\\\\Bvt1110\\\\bvtfiles\\\\3nql1cs15r8aviz39pth2bpsr4zvy1.txt\",\"previewPath\":\"c:\\\\users\\\\xiaoxinpro 16 iah\\\\documents\\\\qtcore\\\\pdffile\\\\db8ff9222bdd0e56ba076310ced4c747.pdf\",\"priority\":2,\"score\":0.0,\"status\":\"COMPLETED\",\"tokenNum\":402,\"uriPath\":\"\"},{\"createTime\":\"2025-11-10T14:56:32.639\",\"description\":\"Psychological identity encompasses self-image, self-esteem, and individuality, representing how individuals perceive themselves in the present, past, and future. According to Weinreich, identity is the totality of self-construal, reflecting continuity across time and aspirations. Ethnic identity, for example, is defined as the part of self-construal connecting ancestry and future goals in terms of ethnicity. The concept of identity is central to fields like psychology, sociology, and anthropology, requiring frameworks that address both unique personal attributes and shifting group affiliations. Weinreich’s Identity Structure Analysis (ISA) provides a structural approach to mapping identity, focusing on stable relationships between the self and others within socio-cultural contexts. ISA utilizes constructs from individual experience, group dynamics, and cultural norms, offering a methodology for analyzing how individuals use these elements to evaluate themselves, others, and institutions over time and in varying circumstances.\",\"docName\":\"3u84xhcdicdb6vqtlfud7syhj444z2\",\"editTime\":\"2025-11-10T14:57:38.411\",\"fileName\":\"3u84xhcdicdb6vqtlfud7syhj444z2.txt\",\"folder\":\"C:\\\\Users\\\\XiaoXinPro 16 IAH\\\\Desktop\\\\LRIA_llm_eval\\\\eval\\\\Quantum_e2e_v20251106\\\\Bvt1110\\\\bvtfiles\",\"id\":1987776371153309696,\"isDeleted\":0,\"isTmpFile\":false,\"labelNameList\":[\"Informational\",\"Research Paper\",\"Psychology\"],\"lastModifyTime\":\"2025-09-17T09:45:00\",\"md5\":\"a80f0ad4af9fd250a462680c85e6fbf0\",\"path\":\"C:\\\\Users\\\\XiaoXinPro 16 IAH\\\\Desktop\\\\LRIA_llm_eval\\\\eval\\\\Quantum_e2e_v20251106\\\\Bvt1110\\\\bvtfiles\\\\3u84xhcdicdb6vqtlfud7syhj444z2.txt\",\"previewPath\":\"c:\\\\users\\\\xiaoxinpro 16 iah\\\\documents\\\\qtcore\\\\pdffile\\\\4bb6e885c6b375f7991ed237ae550f5a.pdf\",\"priority\":3,\"score\":0.0,\"status\":\"COMPLETED\",\"tokenNum\":414,\"uriPath\":\"\"},{\"createTime\":\"2025-11-10T14:56:32.666\",\"description\":\"Archie receives orders to join the earl and a large group of soldiers in pursuit of Bruce after a traitor reveals Bruce’s recent whereabouts. Despite his reluctance, Archie prepares to lead the party using Hector, the hound, whose tracking skills are crucial for the search. Archie contemplates killing the hound and fleeing if they get close to Bruce, though escape seems unlikely given the number of mounted men. Guided by a local peasant, the group reaches a cottage five miles away where Hector becomes highly excited, thoroughly investigating the area before decisively taking up Bruce’s trail. Archie struggles to control the eager hound, who pulls hard on the chain. He cautions Pembroke, the earl, to keep the knights and soldiers at a distance, noting that their noise further agitates Hector and makes the dog harder to manage. The narrative details the tension and urgency of the pursuit, highlighting Archie’s internal conflict and the hound’s pivotal role.\",\"docName\":\"3z3zlgnnsiuha76yy56h6uu71bh3q1\",\"editTime\":\"2025-11-10T14:57:41.133\",\"fileName\":\"3z3zlgnnsiuha76yy56h6uu71bh3q1.txt\",\"folder\":\"C:\\\\Users\\\\XiaoXinPro 16 IAH\\\\Desktop\\\\LRIA_llm_eval\\\\eval\\\\Quantum_e2e_v20251106\\\\Bvt1110\\\\bvtfiles\",\"id\":1987776371266555904,\"isDeleted\":0,\"isTmpFile\":false,\"labelNameList\":[\"History\",\"Report\",\"Text Document\"],\"lastModifyTime\":\"2025-09-17T09:45:00\",\"md5\":\"bb28043dd606535bdcaf1ee30346b0f9\",\"path\":\"C:\\\\Users\\\\XiaoXinPro 16 IAH\\\\Desktop\\\\LRIA_llm_eval\\\\eval\\\\Quantum_e2e_v20251106\\\\Bvt1110\\\\bvtfiles\\\\3z3zlgnnsiuha76yy56h6uu71bh3q1.txt\",\"previewPath\":\"c:\\\\users\\\\xiaoxinpro 16 iah\\\\documents\\\\qtcore\\\\pdffile\\\\e6e2343232ca421ef2da852a5f84548c.pdf\",\"priority\":4,\"score\":0.0,\"status\":\"COMPLETED\",\"tokenNum\":326,\"uriPath\":\"\"},{\"createTime\":\"2025-11-10T14:56:32.695\",\"description\":\"This document outlines the design method for evaluating AI face algorithms, focusing on test set collection and variable matrices. Key variables include head movements (pitch, yaw, roll), facial motions (mouth, eyebrow, eyelid), and lighting conditions (weak, medium, strong, uneven). Motion transfers involve horizontal and angular head movements, while expression transfers and optical flow are assessed under varied light environments. The evaluation uses only laptop cameras, with tools from Ruifeng for video input/output collection. Collection involves preparing 70 videos, at least 5 seconds each, covering head and facial movement variables and lighting conditions, with 10 videos per variable. Each variable should ideally have data from multiple participants, covering at least 7 individuals. Driving videos and output videos are compared to assess algorithm performance, using selected source images and ground truth from videos.\",\"docName\":\"AI_Face_Test_Set_Collection_Method_Design\",\"editTime\":\"2025-11-10T14:57:50.923\",\"fileName\":\"AI_Face_Test_Set_Collection_Method_Design.pptx\",\"folder\":\"C:\\\\Users\\\\XiaoXinPro 16 IAH\\\\Desktop\\\\LRIA_llm_eval\\\\eval\\\\Quantum_e2e_v20251106\\\\Bvt1110\\\\bvtfiles\",\"id\":1987776371388190720,\"isDeleted\":0,\"isTmpFile\":false,\"labelNameList\":[\"Technology\",\"Data Analysis\",\"Specifications\"],\"lastModifyTime\":\"2025-09-17T09:46:00\",\"md5\":\"b0f396e7936e0f6192cd880927e8e74b\",\"path\":\"C:\\\\Users\\\\XiaoXinPro 16 IAH\\\\Desktop\\\\LRIA_llm_eval\\\\eval\\\\Quantum_e2e_v20251106\\\\Bvt1110\\\\bvtfiles\\\\AI_Face_Test_Set_Collection_Method_Design.pptx\",\"previewPath\":\"c:\\\\users\\\\xiaoxinpro 16 iah\\\\documents\\\\qtcore\\\\pdffile\\\\5820f6ff633a3666eab35d871b69006b.pdf\",\"priority\":5,\"score\":0.0,\"status\":\"COMPLETED\",\"tokenNum\":432,\"uriPath\":\"\"},{\"createTime\":\"2025-11-10T14:56:32.726\",\"description\":\"This document provides an introduction to Linear Programming (LP), detailing its definition, historical development, solution methods, and strategies for testing LP solvers. LP focuses on optimizing a linear objective function subject to linear constraints, with solutions within a convex polyhedral feasible set. Mixed-Integer Programming (MIP) extends LP by allowing some variables to be integers, solved using techniques like Branch-and-Bound. The history covers key contributors: G.B. Dantzig (concept, Simplex Method), L.V. Kantorovich and T.C. Koopmans (Nobel Prize), L.G. Khachian (Ellipsoid Method), and N. Karmarkar (Interior-Point Method). Solution methods include enumeration, the Simplex Method (effective in practice but exponential in worst cases), and the Interior-Point Method (polynomial-time efficiency for large problems). LP solvers are tested using both benchmark and self-built test sets, including classic optimization models with varying size and structure. Testing approaches include handling unique, infinite, infeasible, and unbounded problems, using different coefficient scales and constraints to evaluate solver robustness and correctness.\",\"docName\":\"A_brief_introduction_of_LP_liutao21_20220615\",\"editTime\":\"2025-11-10T14:58:06.320\",\"fileName\":\"A_brief_introduction_of_LP_liutao21_20220615.pptx\",\"folder\":\"C:\\\\Users\\\\XiaoXinPro 16 IAH\\\\Desktop\\\\LRIA_llm_eval\\\\eval\\\\Quantum_e2e_v20251106\\\\Bvt1110\\\\bvtfiles\",\"id\":1987776371518214144,\"isDeleted\":0,\"isTmpFile\":false,\"labelNameList\":[\"Technology\",\"Specifications\",\"Training\"],\"lastModifyTime\":\"2025-09-17T09:46:00\",\"md5\":\"0dbb2532524843af54fb3388b7bf3381\",\"path\":\"C:\\\\Users\\\\XiaoXinPro 16 IAH\\\\Desktop\\\\LRIA_llm_eval\\\\eval\\\\Quantum_e2e_v20251106\\\\Bvt1110\\\\bvtfiles\\\\A_brief_introduction_of_LP_liutao21_20220615.pptx\",\"previewPath\":\"c:\\\\users\\\\xiaoxinpro 16 iah\\\\documents\\\\qtcore\\\\pdffile\\\\d590d120fc4bcc9bc01d308c3ad03c90.pdf\",\"priority\":6,\"score\":0.0,\"status\":\"COMPLETED\",\"tokenNum\":1297,\"uriPath\":\"\"},{\"createTime\":\"2025-11-10T14:56:32.800\",\"description\":\"\",\"docName\":\"\",\"editTime\":\"2025-11-10T14:58:02.480\",\"fileName\":\"Belfast-English.docx\",\"folder\":\"C:\\\\Users\\\\XiaoXinPro 16 IAH\\\\Desktop\\\\LRIA_llm_eval\\\\eval\\\\Quantum_e2e_v20251106\\\\Bvt1110\\\\bvtfiles\",\"id\":1987776371828592640,\"isDeleted\":0,\"isTmpFile\":false,\"labelNameList\":[],\"lastModifyTime\":\"2025-09-17T09:45:00\",\"md5\":\"3193e699ffa92db332ae31a9fb1d3cb4\",\"path\":\"C:\\\\Users\\\\XiaoXinPro 16 IAH\\\\Desktop\\\\LRIA_llm_eval\\\\eval\\\\Quantum_e2e_v20251106\\\\Bvt1110\\\\bvtfiles\\\\Belfast-English.docx\",\"priority\":7,\"score\":0.0,\"status\":\"RUNNING\",\"tokenNum\":0,\"uriPath\":\"\"},{\"createTime\":\"2025-11-10T14:56:32.823\",\"description\":\"\",\"docName\":\"\",\"editTime\":\"2025-11-10T14:56:32.823\",\"errorDescription\":\"\",\"fileName\":\"British-Food-Culture.doc\",\"folder\":\"C:\\\\Users\\\\XiaoXinPro 16 IAH\\\\Desktop\\\\LRIA_llm_eval\\\\eval\\\\Quantum_e2e_v20251106\\\\Bvt1110\\\\bvtfiles\",\"id\":1987776371925061632,\"isDeleted\":0,\"isTmpFile\":false,\"labelNameList\":[],\"lastModifyTime\":\"2025-09-17T09:45:00\",\"md5\":\"435798f1c3377c7f5b71e18d733ca579\",\"path\":\"C:\\\\Users\\\\XiaoXinPro 16 IAH\\\\Desktop\\\\LRIA_llm_eval\\\\eval\\\\Quantum_e2e_v20251106\\\\Bvt1110\\\\bvtfiles\\\\British-Food-Culture.doc\",\"priority\":8,\"score\":0.0,\"status\":\"ADDED\",\"tokenNum\":0,\"uriPath\":\"\"},{\"createTime\":\"2025-11-10T14:56:32.847\",\"description\":\"\",\"docName\":\"\",\"editTime\":\"2025-11-10T14:56:32.847\",\"errorDescription\":\"\",\"fileName\":\"Netflix Becomes a Broadway Producer With Peter Morgan’s Patriots.txt\",\"folder\":\"C:\\\\Users\\\\XiaoXinPro 16 IAH\\\\Desktop\\\\LRIA_llm_eval\\\\eval\\\\Quantum_e2e_v20251106\\\\Bvt1110\\\\bvtfiles\",\"id\":1987776372025724928,\"isDeleted\":0,\"isTmpFile\":false,\"labelNameList\":[],\"lastModifyTime\":\"2025-09-17T09:46:00\",\"md5\":\"ab84c46eaa62a18048fb0241446da4ca\",\"path\":\"C:\\\\Users\\\\XiaoXinPro 16 IAH\\\\Desktop\\\\LRIA_llm_eval\\\\eval\\\\Quantum_e2e_v20251106\\\\Bvt1110\\\\bvtfiles\\\\Netflix Becomes a Broadway Producer With Peter Morgan’s Patriots.txt\",\"priority\":9,\"score\":0.0,\"status\":\"ADDED\",\"tokenNum\":0,\"uriPath\":\"\"}]"}}
2025-11-10 14:58:09,849 - [Quantum_e2e_20251110.py:340] - [get_register_document] - INFO - 文档数量: 9
2025-11-10 14:58:09,849 - [Quantum_e2e_20251110.py:363] - [get_register_document] - INFO - 文档总数: 9, COMPLETED状态的文档数量: 6
2025-11-10 14:58:09,850 - [Quantum_e2e_20251110.py:395] - [get_register_document] - INFO - 仍有文档在处理中
2025-11-10 14:58:09,850 - [Quantum_e2e_20251110.py:1154] - [process_document_registration_only] - INFO - 文档仍在处理中，等待2秒后重试...
2025-11-10 14:58:11,855 - [Quantum_e2e_20251110.py:1145] - [process_document_registration_only] - INFO - 第46次检查文档处理状态...
2025-11-10 14:58:11,857 - [Quantum_e2e_20251110.py:289] - [get_register_document] - INFO - 检查文档注册状态...
2025-11-10 14:58:11,859 - [connectionpool.py:243] - [_new_conn] - DEBUG - Starting new HTTP connection (1): 127.0.0.1:35253
2025-11-10 14:58:11,865 - [connectionpool.py:546] - [_make_request] - DEBUG - http://127.0.0.1:35253 "POST /upload HTTP/11" 200 20
2025-11-10 14:58:11,869 - [Quantum_e2e_20251110.py:299] - [get_register_document] - INFO - 文档注册已用时间: 99.46秒 (01:39)
2025-11-10 14:58:11,870 - [Quantum_e2e_20251110.py:303] - [get_register_document] - INFO - 成功获取文档列表，upload_id: -1867579459191390012
2025-11-10 14:58:11,872 - [connectionpool.py:243] - [_new_conn] - DEBUG - Starting new HTTP connection (1): 127.0.0.1:35253
2025-11-10 14:58:11,886 - [connectionpool.py:546] - [_make_request] - DEBUG - http://127.0.0.1:35253 "GET /query?fileData=-1867579459191390012 HTTP/11" 200 None
2025-11-10 14:58:12,042 - [Quantum_e2e_20251110.py:583] - [get_response_content_detailed] - INFO - 响应时间: 0.02秒
2025-11-10 14:58:12,047 - [Quantum_e2e_20251110.py:310] - [get_register_document] - INFO - 获取到的result_text: {"jobId":48,"status":"complete","data":{"text":"[{\"createTime\":\"2025-11-10T14:56:32.563\",\"description\":\"This paper studies the computational hardness of learning Boolean functions from label proportions (LLP), a machine learning setting where only aggregated label information within small subsets (bags) is available. LLP generalizes the PAC learning framework and is motivated by applications like privacy-preserving learning and domains with high labeling costs (e.g., medical imaging). The authors prove three main results: (1) It is NP-hard to learn an ℓ-clause CNF that satisfies any constant-fraction of bags when the underlying function is an OR, establishing hardness even for bags of size ≤2 and separating CNFs from halfspaces. (2) It is NP-hard to learn an ℓ-DNF that satisfies more than (1/2 + δ)-fraction of bags for any constant δ>0 and ℓ, ruling out constant-factor DNF approximations. (3) For parities, with bags of size ≤q, it is NP-hard to satisfy more than (q/2^{q-1} + δ)-fraction of the bags, with the hardness increasing exponentially in bag size. However, a randomized polynomial-time algorithm can achieve a (1/2^{q-2})-approximation for LLP parity learning. These findings show qualitative differences between the LLP and PAC settings: problems tractable in PAC (e.g., ORs, parities) become inapproximable in LLP. The results rely on reductions from Label Cover and Smooth Label Cover problems. Prior works are discussed, highlighting that LLP learnability has been far less explored compared to PAC learning. Applications include privacy and weak supervision scenarios.\",\"docName\":\"2403.19401\",\"editTime\":\"2025-11-10T14:57:36.527\",\"fileName\":\"2403.19401.pdf\",\"folder\":\"C:\\\\Users\\\\XiaoXinPro 16 IAH\\\\Desktop\\\\LRIA_llm_eval\\\\eval\\\\Quantum_e2e_v20251106\\\\Bvt1110\\\\bvtfiles\",\"id\":1987776370834542592,\"isDeleted\":0,\"isTmpFile\":false,\"labelNameList\":[\"Technology\",\"Data Analysis\",\"Research Paper\"],\"lastModifyTime\":\"2025-09-17T09:45:00\",\"md5\":\"4ff6ba88616fcf7a71d1dca6c9adc14c\",\"path\":\"C:\\\\Users\\\\XiaoXinPro 16 IAH\\\\Desktop\\\\LRIA_llm_eval\\\\eval\\\\Quantum_e2e_v20251106\\\\Bvt1110\\\\bvtfiles\\\\2403.19401.pdf\",\"previewPath\":\"c:\\\\users\\\\xiaoxinpro 16 iah\\\\documents\\\\qtcore\\\\pdffile\\\\b6e6995c4481f9cd5d6cfb8c79124693.pdf\",\"priority\":1,\"score\":0.0,\"status\":\"COMPLETED\",\"tokenNum\":14092,\"uriPath\":\"\"},{\"createTime\":\"2025-11-10T14:56:32.609\",\"description\":\"A One Day International (ODI) is a format of limited overs cricket played between teams with international status, typically consisting of 50 overs per side. Originating in the late twentieth century, the first ODI was played in 1971 between Australia and England after rain affected a Test match. Initially, ODIs featured white kits and a red ball. The late 1970s saw significant innovations through Kerry Packer's World Series Cricket, introducing colored uniforms, night games under floodlights using a white ball, and enhanced television broadcasts with multiple camera angles and audio effects. These changes increased professionalism in the sport, with international players receiving payments and TV rights shifting to Channel 9 in Australia. Over time, colored kits and the white ball became the norm, with the traditional white flannels and red ball phased out by 2001. ODIs are considered the pinnacle of List A cricket, with the format used in major tournaments like the Cricket World Cup.\",\"docName\":\"3nql1cs15r8aviz39pth2bpsr4zvy1\",\"editTime\":\"2025-11-10T14:57:34.270\",\"fileName\":\"3nql1cs15r8aviz39pth2bpsr4zvy1.txt\",\"folder\":\"C:\\\\Users\\\\XiaoXinPro 16 IAH\\\\Desktop\\\\LRIA_llm_eval\\\\eval\\\\Quantum_e2e_v20251106\\\\Bvt1110\\\\bvtfiles\",\"id\":1987776371027480576,\"isDeleted\":0,\"isTmpFile\":false,\"labelNameList\":[\"Sport\",\"Informational\",\"History\"],\"lastModifyTime\":\"2025-09-17T09:45:00\",\"md5\":\"da0c0f7162b267cca0de596df4c40c56\",\"path\":\"C:\\\\Users\\\\XiaoXinPro 16 IAH\\\\Desktop\\\\LRIA_llm_eval\\\\eval\\\\Quantum_e2e_v20251106\\\\Bvt1110\\\\bvtfiles\\\\3nql1cs15r8aviz39pth2bpsr4zvy1.txt\",\"previewPath\":\"c:\\\\users\\\\xiaoxinpro 16 iah\\\\documents\\\\qtcore\\\\pdffile\\\\db8ff9222bdd0e56ba076310ced4c747.pdf\",\"priority\":2,\"score\":0.0,\"status\":\"COMPLETED\",\"tokenNum\":402,\"uriPath\":\"\"},{\"createTime\":\"2025-11-10T14:56:32.639\",\"description\":\"Psychological identity encompasses self-image, self-esteem, and individuality, representing how individuals perceive themselves in the present, past, and future. According to Weinreich, identity is the totality of self-construal, reflecting continuity across time and aspirations. Ethnic identity, for example, is defined as the part of self-construal connecting ancestry and future goals in terms of ethnicity. The concept of identity is central to fields like psychology, sociology, and anthropology, requiring frameworks that address both unique personal attributes and shifting group affiliations. Weinreich’s Identity Structure Analysis (ISA) provides a structural approach to mapping identity, focusing on stable relationships between the self and others within socio-cultural contexts. ISA utilizes constructs from individual experience, group dynamics, and cultural norms, offering a methodology for analyzing how individuals use these elements to evaluate themselves, others, and institutions over time and in varying circumstances.\",\"docName\":\"3u84xhcdicdb6vqtlfud7syhj444z2\",\"editTime\":\"2025-11-10T14:57:38.411\",\"fileName\":\"3u84xhcdicdb6vqtlfud7syhj444z2.txt\",\"folder\":\"C:\\\\Users\\\\XiaoXinPro 16 IAH\\\\Desktop\\\\LRIA_llm_eval\\\\eval\\\\Quantum_e2e_v20251106\\\\Bvt1110\\\\bvtfiles\",\"id\":1987776371153309696,\"isDeleted\":0,\"isTmpFile\":false,\"labelNameList\":[\"Informational\",\"Research Paper\",\"Psychology\"],\"lastModifyTime\":\"2025-09-17T09:45:00\",\"md5\":\"a80f0ad4af9fd250a462680c85e6fbf0\",\"path\":\"C:\\\\Users\\\\XiaoXinPro 16 IAH\\\\Desktop\\\\LRIA_llm_eval\\\\eval\\\\Quantum_e2e_v20251106\\\\Bvt1110\\\\bvtfiles\\\\3u84xhcdicdb6vqtlfud7syhj444z2.txt\",\"previewPath\":\"c:\\\\users\\\\xiaoxinpro 16 iah\\\\documents\\\\qtcore\\\\pdffile\\\\4bb6e885c6b375f7991ed237ae550f5a.pdf\",\"priority\":3,\"score\":0.0,\"status\":\"COMPLETED\",\"tokenNum\":414,\"uriPath\":\"\"},{\"createTime\":\"2025-11-10T14:56:32.666\",\"description\":\"Archie receives orders to join the earl and a large group of soldiers in pursuit of Bruce after a traitor reveals Bruce’s recent whereabouts. Despite his reluctance, Archie prepares to lead the party using Hector, the hound, whose tracking skills are crucial for the search. Archie contemplates killing the hound and fleeing if they get close to Bruce, though escape seems unlikely given the number of mounted men. Guided by a local peasant, the group reaches a cottage five miles away where Hector becomes highly excited, thoroughly investigating the area before decisively taking up Bruce’s trail. Archie struggles to control the eager hound, who pulls hard on the chain. He cautions Pembroke, the earl, to keep the knights and soldiers at a distance, noting that their noise further agitates Hector and makes the dog harder to manage. The narrative details the tension and urgency of the pursuit, highlighting Archie’s internal conflict and the hound’s pivotal role.\",\"docName\":\"3z3zlgnnsiuha76yy56h6uu71bh3q1\",\"editTime\":\"2025-11-10T14:57:41.133\",\"fileName\":\"3z3zlgnnsiuha76yy56h6uu71bh3q1.txt\",\"folder\":\"C:\\\\Users\\\\XiaoXinPro 16 IAH\\\\Desktop\\\\LRIA_llm_eval\\\\eval\\\\Quantum_e2e_v20251106\\\\Bvt1110\\\\bvtfiles\",\"id\":1987776371266555904,\"isDeleted\":0,\"isTmpFile\":false,\"labelNameList\":[\"History\",\"Report\",\"Text Document\"],\"lastModifyTime\":\"2025-09-17T09:45:00\",\"md5\":\"bb28043dd606535bdcaf1ee30346b0f9\",\"path\":\"C:\\\\Users\\\\XiaoXinPro 16 IAH\\\\Desktop\\\\LRIA_llm_eval\\\\eval\\\\Quantum_e2e_v20251106\\\\Bvt1110\\\\bvtfiles\\\\3z3zlgnnsiuha76yy56h6uu71bh3q1.txt\",\"previewPath\":\"c:\\\\users\\\\xiaoxinpro 16 iah\\\\documents\\\\qtcore\\\\pdffile\\\\e6e2343232ca421ef2da852a5f84548c.pdf\",\"priority\":4,\"score\":0.0,\"status\":\"COMPLETED\",\"tokenNum\":326,\"uriPath\":\"\"},{\"createTime\":\"2025-11-10T14:56:32.695\",\"description\":\"This document outlines the design method for evaluating AI face algorithms, focusing on test set collection and variable matrices. Key variables include head movements (pitch, yaw, roll), facial motions (mouth, eyebrow, eyelid), and lighting conditions (weak, medium, strong, uneven). Motion transfers involve horizontal and angular head movements, while expression transfers and optical flow are assessed under varied light environments. The evaluation uses only laptop cameras, with tools from Ruifeng for video input/output collection. Collection involves preparing 70 videos, at least 5 seconds each, covering head and facial movement variables and lighting conditions, with 10 videos per variable. Each variable should ideally have data from multiple participants, covering at least 7 individuals. Driving videos and output videos are compared to assess algorithm performance, using selected source images and ground truth from videos.\",\"docName\":\"AI_Face_Test_Set_Collection_Method_Design\",\"editTime\":\"2025-11-10T14:57:50.923\",\"fileName\":\"AI_Face_Test_Set_Collection_Method_Design.pptx\",\"folder\":\"C:\\\\Users\\\\XiaoXinPro 16 IAH\\\\Desktop\\\\LRIA_llm_eval\\\\eval\\\\Quantum_e2e_v20251106\\\\Bvt1110\\\\bvtfiles\",\"id\":1987776371388190720,\"isDeleted\":0,\"isTmpFile\":false,\"labelNameList\":[\"Technology\",\"Data Analysis\",\"Specifications\"],\"lastModifyTime\":\"2025-09-17T09:46:00\",\"md5\":\"b0f396e7936e0f6192cd880927e8e74b\",\"path\":\"C:\\\\Users\\\\XiaoXinPro 16 IAH\\\\Desktop\\\\LRIA_llm_eval\\\\eval\\\\Quantum_e2e_v20251106\\\\Bvt1110\\\\bvtfiles\\\\AI_Face_Test_Set_Collection_Method_Design.pptx\",\"previewPath\":\"c:\\\\users\\\\xiaoxinpro 16 iah\\\\documents\\\\qtcore\\\\pdffile\\\\5820f6ff633a3666eab35d871b69006b.pdf\",\"priority\":5,\"score\":0.0,\"status\":\"COMPLETED\",\"tokenNum\":432,\"uriPath\":\"\"},{\"createTime\":\"2025-11-10T14:56:32.726\",\"description\":\"This document provides an introduction to Linear Programming (LP), detailing its definition, historical development, solution methods, and strategies for testing LP solvers. LP focuses on optimizing a linear objective function subject to linear constraints, with solutions within a convex polyhedral feasible set. Mixed-Integer Programming (MIP) extends LP by allowing some variables to be integers, solved using techniques like Branch-and-Bound. The history covers key contributors: G.B. Dantzig (concept, Simplex Method), L.V. Kantorovich and T.C. Koopmans (Nobel Prize), L.G. Khachian (Ellipsoid Method), and N. Karmarkar (Interior-Point Method). Solution methods include enumeration, the Simplex Method (effective in practice but exponential in worst cases), and the Interior-Point Method (polynomial-time efficiency for large problems). LP solvers are tested using both benchmark and self-built test sets, including classic optimization models with varying size and structure. Testing approaches include handling unique, infinite, infeasible, and unbounded problems, using different coefficient scales and constraints to evaluate solver robustness and correctness.\",\"docName\":\"A_brief_introduction_of_LP_liutao21_20220615\",\"editTime\":\"2025-11-10T14:58:06.320\",\"fileName\":\"A_brief_introduction_of_LP_liutao21_20220615.pptx\",\"folder\":\"C:\\\\Users\\\\XiaoXinPro 16 IAH\\\\Desktop\\\\LRIA_llm_eval\\\\eval\\\\Quantum_e2e_v20251106\\\\Bvt1110\\\\bvtfiles\",\"id\":1987776371518214144,\"isDeleted\":0,\"isTmpFile\":false,\"labelNameList\":[\"Technology\",\"Specifications\",\"Training\"],\"lastModifyTime\":\"2025-09-17T09:46:00\",\"md5\":\"0dbb2532524843af54fb3388b7bf3381\",\"path\":\"C:\\\\Users\\\\XiaoXinPro 16 IAH\\\\Desktop\\\\LRIA_llm_eval\\\\eval\\\\Quantum_e2e_v20251106\\\\Bvt1110\\\\bvtfiles\\\\A_brief_introduction_of_LP_liutao21_20220615.pptx\",\"previewPath\":\"c:\\\\users\\\\xiaoxinpro 16 iah\\\\documents\\\\qtcore\\\\pdffile\\\\d590d120fc4bcc9bc01d308c3ad03c90.pdf\",\"priority\":6,\"score\":0.0,\"status\":\"COMPLETED\",\"tokenNum\":1297,\"uriPath\":\"\"},{\"createTime\":\"2025-11-10T14:56:32.800\",\"description\":\"\",\"docName\":\"\",\"editTime\":\"2025-11-10T14:58:02.480\",\"fileName\":\"Belfast-English.docx\",\"folder\":\"C:\\\\Users\\\\XiaoXinPro 16 IAH\\\\Desktop\\\\LRIA_llm_eval\\\\eval\\\\Quantum_e2e_v20251106\\\\Bvt1110\\\\bvtfiles\",\"id\":1987776371828592640,\"isDeleted\":0,\"isTmpFile\":false,\"labelNameList\":[],\"lastModifyTime\":\"2025-09-17T09:45:00\",\"md5\":\"3193e699ffa92db332ae31a9fb1d3cb4\",\"path\":\"C:\\\\Users\\\\XiaoXinPro 16 IAH\\\\Desktop\\\\LRIA_llm_eval\\\\eval\\\\Quantum_e2e_v20251106\\\\Bvt1110\\\\bvtfiles\\\\Belfast-English.docx\",\"priority\":7,\"score\":0.0,\"status\":\"RUNNING\",\"tokenNum\":0,\"uriPath\":\"\"},{\"createTime\":\"2025-11-10T14:56:32.823\",\"description\":\"\",\"docName\":\"\",\"editTime\":\"2025-11-10T14:56:32.823\",\"errorDescription\":\"\",\"fileName\":\"British-Food-Culture.doc\",\"folder\":\"C:\\\\Users\\\\XiaoXinPro 16 IAH\\\\Desktop\\\\LRIA_llm_eval\\\\eval\\\\Quantum_e2e_v20251106\\\\Bvt1110\\\\bvtfiles\",\"id\":1987776371925061632,\"isDeleted\":0,\"isTmpFile\":false,\"labelNameList\":[],\"lastModifyTime\":\"2025-09-17T09:45:00\",\"md5\":\"435798f1c3377c7f5b71e18d733ca579\",\"path\":\"C:\\\\Users\\\\XiaoXinPro 16 IAH\\\\Desktop\\\\LRIA_llm_eval\\\\eval\\\\Quantum_e2e_v20251106\\\\Bvt1110\\\\bvtfiles\\\\British-Food-Culture.doc\",\"priority\":8,\"score\":0.0,\"status\":\"ADDED\",\"tokenNum\":0,\"uriPath\":\"\"},{\"createTime\":\"2025-11-10T14:56:32.847\",\"description\":\"\",\"docName\":\"\",\"editTime\":\"2025-11-10T14:56:32.847\",\"errorDescription\":\"\",\"fileName\":\"Netflix Becomes a Broadway Producer With Peter Morgan’s Patriots.txt\",\"folder\":\"C:\\\\Users\\\\XiaoXinPro 16 IAH\\\\Desktop\\\\LRIA_llm_eval\\\\eval\\\\Quantum_e2e_v20251106\\\\Bvt1110\\\\bvtfiles\",\"id\":1987776372025724928,\"isDeleted\":0,\"isTmpFile\":false,\"labelNameList\":[],\"lastModifyTime\":\"2025-09-17T09:46:00\",\"md5\":\"ab84c46eaa62a18048fb0241446da4ca\",\"path\":\"C:\\\\Users\\\\XiaoXinPro 16 IAH\\\\Desktop\\\\LRIA_llm_eval\\\\eval\\\\Quantum_e2e_v20251106\\\\Bvt1110\\\\bvtfiles\\\\Netflix Becomes a Broadway Producer With Peter Morgan’s Patriots.txt\",\"priority\":9,\"score\":0.0,\"status\":\"ADDED\",\"tokenNum\":0,\"uriPath\":\"\"}]"}}
2025-11-10 14:58:12,049 - [Quantum_e2e_20251110.py:340] - [get_register_document] - INFO - 文档数量: 9
2025-11-10 14:58:12,050 - [Quantum_e2e_20251110.py:363] - [get_register_document] - INFO - 文档总数: 9, COMPLETED状态的文档数量: 6
2025-11-10 14:58:12,051 - [Quantum_e2e_20251110.py:395] - [get_register_document] - INFO - 仍有文档在处理中
2025-11-10 14:58:12,052 - [Quantum_e2e_20251110.py:1154] - [process_document_registration_only] - INFO - 文档仍在处理中，等待2秒后重试...
2025-11-10 14:58:14,066 - [Quantum_e2e_20251110.py:1145] - [process_document_registration_only] - INFO - 第47次检查文档处理状态...
2025-11-10 14:58:14,066 - [Quantum_e2e_20251110.py:289] - [get_register_document] - INFO - 检查文档注册状态...
2025-11-10 14:58:14,068 - [connectionpool.py:243] - [_new_conn] - DEBUG - Starting new HTTP connection (1): 127.0.0.1:35253
2025-11-10 14:58:14,072 - [connectionpool.py:546] - [_make_request] - DEBUG - http://127.0.0.1:35253 "POST /upload HTTP/11" 200 19
2025-11-10 14:58:14,073 - [Quantum_e2e_20251110.py:299] - [get_register_document] - INFO - 文档注册已用时间: 101.66秒 (01:41)
2025-11-10 14:58:14,073 - [Quantum_e2e_20251110.py:303] - [get_register_document] - INFO - 成功获取文档列表，upload_id: 5211488809404669222
2025-11-10 14:58:14,075 - [connectionpool.py:243] - [_new_conn] - DEBUG - Starting new HTTP connection (1): 127.0.0.1:35253
2025-11-10 14:58:14,082 - [connectionpool.py:546] - [_make_request] - DEBUG - http://127.0.0.1:35253 "GET /query?fileData=5211488809404669222 HTTP/11" 200 None
2025-11-10 14:58:14,180 - [Quantum_e2e_20251110.py:583] - [get_response_content_detailed] - INFO - 响应时间: 0.01秒
2025-11-10 14:58:14,181 - [Quantum_e2e_20251110.py:310] - [get_register_document] - INFO - 获取到的result_text: {"jobId":49,"status":"complete","data":{"text":"[{\"createTime\":\"2025-11-10T14:56:32.563\",\"description\":\"This paper studies the computational hardness of learning Boolean functions from label proportions (LLP), a machine learning setting where only aggregated label information within small subsets (bags) is available. LLP generalizes the PAC learning framework and is motivated by applications like privacy-preserving learning and domains with high labeling costs (e.g., medical imaging). The authors prove three main results: (1) It is NP-hard to learn an ℓ-clause CNF that satisfies any constant-fraction of bags when the underlying function is an OR, establishing hardness even for bags of size ≤2 and separating CNFs from halfspaces. (2) It is NP-hard to learn an ℓ-DNF that satisfies more than (1/2 + δ)-fraction of bags for any constant δ>0 and ℓ, ruling out constant-factor DNF approximations. (3) For parities, with bags of size ≤q, it is NP-hard to satisfy more than (q/2^{q-1} + δ)-fraction of the bags, with the hardness increasing exponentially in bag size. However, a randomized polynomial-time algorithm can achieve a (1/2^{q-2})-approximation for LLP parity learning. These findings show qualitative differences between the LLP and PAC settings: problems tractable in PAC (e.g., ORs, parities) become inapproximable in LLP. The results rely on reductions from Label Cover and Smooth Label Cover problems. Prior works are discussed, highlighting that LLP learnability has been far less explored compared to PAC learning. Applications include privacy and weak supervision scenarios.\",\"docName\":\"2403.19401\",\"editTime\":\"2025-11-10T14:57:36.527\",\"fileName\":\"2403.19401.pdf\",\"folder\":\"C:\\\\Users\\\\XiaoXinPro 16 IAH\\\\Desktop\\\\LRIA_llm_eval\\\\eval\\\\Quantum_e2e_v20251106\\\\Bvt1110\\\\bvtfiles\",\"id\":1987776370834542592,\"isDeleted\":0,\"isTmpFile\":false,\"labelNameList\":[\"Technology\",\"Data Analysis\",\"Research Paper\"],\"lastModifyTime\":\"2025-09-17T09:45:00\",\"md5\":\"4ff6ba88616fcf7a71d1dca6c9adc14c\",\"path\":\"C:\\\\Users\\\\XiaoXinPro 16 IAH\\\\Desktop\\\\LRIA_llm_eval\\\\eval\\\\Quantum_e2e_v20251106\\\\Bvt1110\\\\bvtfiles\\\\2403.19401.pdf\",\"previewPath\":\"c:\\\\users\\\\xiaoxinpro 16 iah\\\\documents\\\\qtcore\\\\pdffile\\\\b6e6995c4481f9cd5d6cfb8c79124693.pdf\",\"priority\":1,\"score\":0.0,\"status\":\"COMPLETED\",\"tokenNum\":14092,\"uriPath\":\"\"},{\"createTime\":\"2025-11-10T14:56:32.609\",\"description\":\"A One Day International (ODI) is a format of limited overs cricket played between teams with international status, typically consisting of 50 overs per side. Originating in the late twentieth century, the first ODI was played in 1971 between Australia and England after rain affected a Test match. Initially, ODIs featured white kits and a red ball. The late 1970s saw significant innovations through Kerry Packer's World Series Cricket, introducing colored uniforms, night games under floodlights using a white ball, and enhanced television broadcasts with multiple camera angles and audio effects. These changes increased professionalism in the sport, with international players receiving payments and TV rights shifting to Channel 9 in Australia. Over time, colored kits and the white ball became the norm, with the traditional white flannels and red ball phased out by 2001. ODIs are considered the pinnacle of List A cricket, with the format used in major tournaments like the Cricket World Cup.\",\"docName\":\"3nql1cs15r8aviz39pth2bpsr4zvy1\",\"editTime\":\"2025-11-10T14:57:34.270\",\"fileName\":\"3nql1cs15r8aviz39pth2bpsr4zvy1.txt\",\"folder\":\"C:\\\\Users\\\\XiaoXinPro 16 IAH\\\\Desktop\\\\LRIA_llm_eval\\\\eval\\\\Quantum_e2e_v20251106\\\\Bvt1110\\\\bvtfiles\",\"id\":1987776371027480576,\"isDeleted\":0,\"isTmpFile\":false,\"labelNameList\":[\"Sport\",\"Informational\",\"History\"],\"lastModifyTime\":\"2025-09-17T09:45:00\",\"md5\":\"da0c0f7162b267cca0de596df4c40c56\",\"path\":\"C:\\\\Users\\\\XiaoXinPro 16 IAH\\\\Desktop\\\\LRIA_llm_eval\\\\eval\\\\Quantum_e2e_v20251106\\\\Bvt1110\\\\bvtfiles\\\\3nql1cs15r8aviz39pth2bpsr4zvy1.txt\",\"previewPath\":\"c:\\\\users\\\\xiaoxinpro 16 iah\\\\documents\\\\qtcore\\\\pdffile\\\\db8ff9222bdd0e56ba076310ced4c747.pdf\",\"priority\":2,\"score\":0.0,\"status\":\"COMPLETED\",\"tokenNum\":402,\"uriPath\":\"\"},{\"createTime\":\"2025-11-10T14:56:32.639\",\"description\":\"Psychological identity encompasses self-image, self-esteem, and individuality, representing how individuals perceive themselves in the present, past, and future. According to Weinreich, identity is the totality of self-construal, reflecting continuity across time and aspirations. Ethnic identity, for example, is defined as the part of self-construal connecting ancestry and future goals in terms of ethnicity. The concept of identity is central to fields like psychology, sociology, and anthropology, requiring frameworks that address both unique personal attributes and shifting group affiliations. Weinreich’s Identity Structure Analysis (ISA) provides a structural approach to mapping identity, focusing on stable relationships between the self and others within socio-cultural contexts. ISA utilizes constructs from individual experience, group dynamics, and cultural norms, offering a methodology for analyzing how individuals use these elements to evaluate themselves, others, and institutions over time and in varying circumstances.\",\"docName\":\"3u84xhcdicdb6vqtlfud7syhj444z2\",\"editTime\":\"2025-11-10T14:57:38.411\",\"fileName\":\"3u84xhcdicdb6vqtlfud7syhj444z2.txt\",\"folder\":\"C:\\\\Users\\\\XiaoXinPro 16 IAH\\\\Desktop\\\\LRIA_llm_eval\\\\eval\\\\Quantum_e2e_v20251106\\\\Bvt1110\\\\bvtfiles\",\"id\":1987776371153309696,\"isDeleted\":0,\"isTmpFile\":false,\"labelNameList\":[\"Informational\",\"Research Paper\",\"Psychology\"],\"lastModifyTime\":\"2025-09-17T09:45:00\",\"md5\":\"a80f0ad4af9fd250a462680c85e6fbf0\",\"path\":\"C:\\\\Users\\\\XiaoXinPro 16 IAH\\\\Desktop\\\\LRIA_llm_eval\\\\eval\\\\Quantum_e2e_v20251106\\\\Bvt1110\\\\bvtfiles\\\\3u84xhcdicdb6vqtlfud7syhj444z2.txt\",\"previewPath\":\"c:\\\\users\\\\xiaoxinpro 16 iah\\\\documents\\\\qtcore\\\\pdffile\\\\4bb6e885c6b375f7991ed237ae550f5a.pdf\",\"priority\":3,\"score\":0.0,\"status\":\"COMPLETED\",\"tokenNum\":414,\"uriPath\":\"\"},{\"createTime\":\"2025-11-10T14:56:32.666\",\"description\":\"Archie receives orders to join the earl and a large group of soldiers in pursuit of Bruce after a traitor reveals Bruce’s recent whereabouts. Despite his reluctance, Archie prepares to lead the party using Hector, the hound, whose tracking skills are crucial for the search. Archie contemplates killing the hound and fleeing if they get close to Bruce, though escape seems unlikely given the number of mounted men. Guided by a local peasant, the group reaches a cottage five miles away where Hector becomes highly excited, thoroughly investigating the area before decisively taking up Bruce’s trail. Archie struggles to control the eager hound, who pulls hard on the chain. He cautions Pembroke, the earl, to keep the knights and soldiers at a distance, noting that their noise further agitates Hector and makes the dog harder to manage. The narrative details the tension and urgency of the pursuit, highlighting Archie’s internal conflict and the hound’s pivotal role.\",\"docName\":\"3z3zlgnnsiuha76yy56h6uu71bh3q1\",\"editTime\":\"2025-11-10T14:57:41.133\",\"fileName\":\"3z3zlgnnsiuha76yy56h6uu71bh3q1.txt\",\"folder\":\"C:\\\\Users\\\\XiaoXinPro 16 IAH\\\\Desktop\\\\LRIA_llm_eval\\\\eval\\\\Quantum_e2e_v20251106\\\\Bvt1110\\\\bvtfiles\",\"id\":1987776371266555904,\"isDeleted\":0,\"isTmpFile\":false,\"labelNameList\":[\"History\",\"Report\",\"Text Document\"],\"lastModifyTime\":\"2025-09-17T09:45:00\",\"md5\":\"bb28043dd606535bdcaf1ee30346b0f9\",\"path\":\"C:\\\\Users\\\\XiaoXinPro 16 IAH\\\\Desktop\\\\LRIA_llm_eval\\\\eval\\\\Quantum_e2e_v20251106\\\\Bvt1110\\\\bvtfiles\\\\3z3zlgnnsiuha76yy56h6uu71bh3q1.txt\",\"previewPath\":\"c:\\\\users\\\\xiaoxinpro 16 iah\\\\documents\\\\qtcore\\\\pdffile\\\\e6e2343232ca421ef2da852a5f84548c.pdf\",\"priority\":4,\"score\":0.0,\"status\":\"COMPLETED\",\"tokenNum\":326,\"uriPath\":\"\"},{\"createTime\":\"2025-11-10T14:56:32.695\",\"description\":\"This document outlines the design method for evaluating AI face algorithms, focusing on test set collection and variable matrices. Key variables include head movements (pitch, yaw, roll), facial motions (mouth, eyebrow, eyelid), and lighting conditions (weak, medium, strong, uneven). Motion transfers involve horizontal and angular head movements, while expression transfers and optical flow are assessed under varied light environments. The evaluation uses only laptop cameras, with tools from Ruifeng for video input/output collection. Collection involves preparing 70 videos, at least 5 seconds each, covering head and facial movement variables and lighting conditions, with 10 videos per variable. Each variable should ideally have data from multiple participants, covering at least 7 individuals. Driving videos and output videos are compared to assess algorithm performance, using selected source images and ground truth from videos.\",\"docName\":\"AI_Face_Test_Set_Collection_Method_Design\",\"editTime\":\"2025-11-10T14:57:50.923\",\"fileName\":\"AI_Face_Test_Set_Collection_Method_Design.pptx\",\"folder\":\"C:\\\\Users\\\\XiaoXinPro 16 IAH\\\\Desktop\\\\LRIA_llm_eval\\\\eval\\\\Quantum_e2e_v20251106\\\\Bvt1110\\\\bvtfiles\",\"id\":1987776371388190720,\"isDeleted\":0,\"isTmpFile\":false,\"labelNameList\":[\"Technology\",\"Data Analysis\",\"Specifications\"],\"lastModifyTime\":\"2025-09-17T09:46:00\",\"md5\":\"b0f396e7936e0f6192cd880927e8e74b\",\"path\":\"C:\\\\Users\\\\XiaoXinPro 16 IAH\\\\Desktop\\\\LRIA_llm_eval\\\\eval\\\\Quantum_e2e_v20251106\\\\Bvt1110\\\\bvtfiles\\\\AI_Face_Test_Set_Collection_Method_Design.pptx\",\"previewPath\":\"c:\\\\users\\\\xiaoxinpro 16 iah\\\\documents\\\\qtcore\\\\pdffile\\\\5820f6ff633a3666eab35d871b69006b.pdf\",\"priority\":5,\"score\":0.0,\"status\":\"COMPLETED\",\"tokenNum\":432,\"uriPath\":\"\"},{\"createTime\":\"2025-11-10T14:56:32.726\",\"description\":\"This document provides an introduction to Linear Programming (LP), detailing its definition, historical development, solution methods, and strategies for testing LP solvers. LP focuses on optimizing a linear objective function subject to linear constraints, with solutions within a convex polyhedral feasible set. Mixed-Integer Programming (MIP) extends LP by allowing some variables to be integers, solved using techniques like Branch-and-Bound. The history covers key contributors: G.B. Dantzig (concept, Simplex Method), L.V. Kantorovich and T.C. Koopmans (Nobel Prize), L.G. Khachian (Ellipsoid Method), and N. Karmarkar (Interior-Point Method). Solution methods include enumeration, the Simplex Method (effective in practice but exponential in worst cases), and the Interior-Point Method (polynomial-time efficiency for large problems). LP solvers are tested using both benchmark and self-built test sets, including classic optimization models with varying size and structure. Testing approaches include handling unique, infinite, infeasible, and unbounded problems, using different coefficient scales and constraints to evaluate solver robustness and correctness.\",\"docName\":\"A_brief_introduction_of_LP_liutao21_20220615\",\"editTime\":\"2025-11-10T14:58:06.320\",\"fileName\":\"A_brief_introduction_of_LP_liutao21_20220615.pptx\",\"folder\":\"C:\\\\Users\\\\XiaoXinPro 16 IAH\\\\Desktop\\\\LRIA_llm_eval\\\\eval\\\\Quantum_e2e_v20251106\\\\Bvt1110\\\\bvtfiles\",\"id\":1987776371518214144,\"isDeleted\":0,\"isTmpFile\":false,\"labelNameList\":[\"Technology\",\"Specifications\",\"Training\"],\"lastModifyTime\":\"2025-09-17T09:46:00\",\"md5\":\"0dbb2532524843af54fb3388b7bf3381\",\"path\":\"C:\\\\Users\\\\XiaoXinPro 16 IAH\\\\Desktop\\\\LRIA_llm_eval\\\\eval\\\\Quantum_e2e_v20251106\\\\Bvt1110\\\\bvtfiles\\\\A_brief_introduction_of_LP_liutao21_20220615.pptx\",\"previewPath\":\"c:\\\\users\\\\xiaoxinpro 16 iah\\\\documents\\\\qtcore\\\\pdffile\\\\d590d120fc4bcc9bc01d308c3ad03c90.pdf\",\"priority\":6,\"score\":0.0,\"status\":\"COMPLETED\",\"tokenNum\":1297,\"uriPath\":\"\"},{\"createTime\":\"2025-11-10T14:56:32.800\",\"description\":\"\",\"docName\":\"\",\"editTime\":\"2025-11-10T14:58:02.480\",\"fileName\":\"Belfast-English.docx\",\"folder\":\"C:\\\\Users\\\\XiaoXinPro 16 IAH\\\\Desktop\\\\LRIA_llm_eval\\\\eval\\\\Quantum_e2e_v20251106\\\\Bvt1110\\\\bvtfiles\",\"id\":1987776371828592640,\"isDeleted\":0,\"isTmpFile\":false,\"labelNameList\":[],\"lastModifyTime\":\"2025-09-17T09:45:00\",\"md5\":\"3193e699ffa92db332ae31a9fb1d3cb4\",\"path\":\"C:\\\\Users\\\\XiaoXinPro 16 IAH\\\\Desktop\\\\LRIA_llm_eval\\\\eval\\\\Quantum_e2e_v20251106\\\\Bvt1110\\\\bvtfiles\\\\Belfast-English.docx\",\"priority\":7,\"score\":0.0,\"status\":\"RUNNING\",\"tokenNum\":0,\"uriPath\":\"\"},{\"createTime\":\"2025-11-10T14:56:32.823\",\"description\":\"\",\"docName\":\"\",\"editTime\":\"2025-11-10T14:56:32.823\",\"errorDescription\":\"\",\"fileName\":\"British-Food-Culture.doc\",\"folder\":\"C:\\\\Users\\\\XiaoXinPro 16 IAH\\\\Desktop\\\\LRIA_llm_eval\\\\eval\\\\Quantum_e2e_v20251106\\\\Bvt1110\\\\bvtfiles\",\"id\":1987776371925061632,\"isDeleted\":0,\"isTmpFile\":false,\"labelNameList\":[],\"lastModifyTime\":\"2025-09-17T09:45:00\",\"md5\":\"435798f1c3377c7f5b71e18d733ca579\",\"path\":\"C:\\\\Users\\\\XiaoXinPro 16 IAH\\\\Desktop\\\\LRIA_llm_eval\\\\eval\\\\Quantum_e2e_v20251106\\\\Bvt1110\\\\bvtfiles\\\\British-Food-Culture.doc\",\"priority\":8,\"score\":0.0,\"status\":\"ADDED\",\"tokenNum\":0,\"uriPath\":\"\"},{\"createTime\":\"2025-11-10T14:56:32.847\",\"description\":\"\",\"docName\":\"\",\"editTime\":\"2025-11-10T14:56:32.847\",\"errorDescription\":\"\",\"fileName\":\"Netflix Becomes a Broadway Producer With Peter Morgan’s Patriots.txt\",\"folder\":\"C:\\\\Users\\\\XiaoXinPro 16 IAH\\\\Desktop\\\\LRIA_llm_eval\\\\eval\\\\Quantum_e2e_v20251106\\\\Bvt1110\\\\bvtfiles\",\"id\":1987776372025724928,\"isDeleted\":0,\"isTmpFile\":false,\"labelNameList\":[],\"lastModifyTime\":\"2025-09-17T09:46:00\",\"md5\":\"ab84c46eaa62a18048fb0241446da4ca\",\"path\":\"C:\\\\Users\\\\XiaoXinPro 16 IAH\\\\Desktop\\\\LRIA_llm_eval\\\\eval\\\\Quantum_e2e_v20251106\\\\Bvt1110\\\\bvtfiles\\\\Netflix Becomes a Broadway Producer With Peter Morgan’s Patriots.txt\",\"priority\":9,\"score\":0.0,\"status\":\"ADDED\",\"tokenNum\":0,\"uriPath\":\"\"}]"}}
2025-11-10 14:58:14,182 - [Quantum_e2e_20251110.py:340] - [get_register_document] - INFO - 文档数量: 9
2025-11-10 14:58:14,182 - [Quantum_e2e_20251110.py:363] - [get_register_document] - INFO - 文档总数: 9, COMPLETED状态的文档数量: 6
2025-11-10 14:58:14,182 - [Quantum_e2e_20251110.py:395] - [get_register_document] - INFO - 仍有文档在处理中
2025-11-10 14:58:14,183 - [Quantum_e2e_20251110.py:1154] - [process_document_registration_only] - INFO - 文档仍在处理中，等待2秒后重试...
2025-11-10 14:58:16,186 - [Quantum_e2e_20251110.py:1145] - [process_document_registration_only] - INFO - 第48次检查文档处理状态...
2025-11-10 14:58:16,186 - [Quantum_e2e_20251110.py:289] - [get_register_document] - INFO - 检查文档注册状态...
2025-11-10 14:58:16,188 - [connectionpool.py:243] - [_new_conn] - DEBUG - Starting new HTTP connection (1): 127.0.0.1:35253
2025-11-10 14:58:16,191 - [connectionpool.py:546] - [_make_request] - DEBUG - http://127.0.0.1:35253 "POST /upload HTTP/11" 200 20
2025-11-10 14:58:16,192 - [Quantum_e2e_20251110.py:299] - [get_register_document] - INFO - 文档注册已用时间: 103.78秒 (01:43)
2025-11-10 14:58:16,192 - [Quantum_e2e_20251110.py:303] - [get_register_document] - INFO - 成功获取文档列表，upload_id: -6193598800784013251
2025-11-10 14:58:16,194 - [connectionpool.py:243] - [_new_conn] - DEBUG - Starting new HTTP connection (1): 127.0.0.1:35253
2025-11-10 14:58:16,202 - [connectionpool.py:546] - [_make_request] - DEBUG - http://127.0.0.1:35253 "GET /query?fileData=-6193598800784013251 HTTP/11" 200 None
2025-11-10 14:58:16,338 - [Quantum_e2e_20251110.py:583] - [get_response_content_detailed] - INFO - 响应时间: 0.03秒
2025-11-10 14:58:16,339 - [Quantum_e2e_20251110.py:310] - [get_register_document] - INFO - 获取到的result_text: {"jobId":50,"status":"complete","data":{"text":"[{\"createTime\":\"2025-11-10T14:56:32.563\",\"description\":\"This paper studies the computational hardness of learning Boolean functions from label proportions (LLP), a machine learning setting where only aggregated label information within small subsets (bags) is available. LLP generalizes the PAC learning framework and is motivated by applications like privacy-preserving learning and domains with high labeling costs (e.g., medical imaging). The authors prove three main results: (1) It is NP-hard to learn an ℓ-clause CNF that satisfies any constant-fraction of bags when the underlying function is an OR, establishing hardness even for bags of size ≤2 and separating CNFs from halfspaces. (2) It is NP-hard to learn an ℓ-DNF that satisfies more than (1/2 + δ)-fraction of bags for any constant δ>0 and ℓ, ruling out constant-factor DNF approximations. (3) For parities, with bags of size ≤q, it is NP-hard to satisfy more than (q/2^{q-1} + δ)-fraction of the bags, with the hardness increasing exponentially in bag size. However, a randomized polynomial-time algorithm can achieve a (1/2^{q-2})-approximation for LLP parity learning. These findings show qualitative differences between the LLP and PAC settings: problems tractable in PAC (e.g., ORs, parities) become inapproximable in LLP. The results rely on reductions from Label Cover and Smooth Label Cover problems. Prior works are discussed, highlighting that LLP learnability has been far less explored compared to PAC learning. Applications include privacy and weak supervision scenarios.\",\"docName\":\"2403.19401\",\"editTime\":\"2025-11-10T14:57:36.527\",\"fileName\":\"2403.19401.pdf\",\"folder\":\"C:\\\\Users\\\\XiaoXinPro 16 IAH\\\\Desktop\\\\LRIA_llm_eval\\\\eval\\\\Quantum_e2e_v20251106\\\\Bvt1110\\\\bvtfiles\",\"id\":1987776370834542592,\"isDeleted\":0,\"isTmpFile\":false,\"labelNameList\":[\"Technology\",\"Data Analysis\",\"Research Paper\"],\"lastModifyTime\":\"2025-09-17T09:45:00\",\"md5\":\"4ff6ba88616fcf7a71d1dca6c9adc14c\",\"path\":\"C:\\\\Users\\\\XiaoXinPro 16 IAH\\\\Desktop\\\\LRIA_llm_eval\\\\eval\\\\Quantum_e2e_v20251106\\\\Bvt1110\\\\bvtfiles\\\\2403.19401.pdf\",\"previewPath\":\"c:\\\\users\\\\xiaoxinpro 16 iah\\\\documents\\\\qtcore\\\\pdffile\\\\b6e6995c4481f9cd5d6cfb8c79124693.pdf\",\"priority\":1,\"score\":0.0,\"status\":\"COMPLETED\",\"tokenNum\":14092,\"uriPath\":\"\"},{\"createTime\":\"2025-11-10T14:56:32.609\",\"description\":\"A One Day International (ODI) is a format of limited overs cricket played between teams with international status, typically consisting of 50 overs per side. Originating in the late twentieth century, the first ODI was played in 1971 between Australia and England after rain affected a Test match. Initially, ODIs featured white kits and a red ball. The late 1970s saw significant innovations through Kerry Packer's World Series Cricket, introducing colored uniforms, night games under floodlights using a white ball, and enhanced television broadcasts with multiple camera angles and audio effects. These changes increased professionalism in the sport, with international players receiving payments and TV rights shifting to Channel 9 in Australia. Over time, colored kits and the white ball became the norm, with the traditional white flannels and red ball phased out by 2001. ODIs are considered the pinnacle of List A cricket, with the format used in major tournaments like the Cricket World Cup.\",\"docName\":\"3nql1cs15r8aviz39pth2bpsr4zvy1\",\"editTime\":\"2025-11-10T14:57:34.270\",\"fileName\":\"3nql1cs15r8aviz39pth2bpsr4zvy1.txt\",\"folder\":\"C:\\\\Users\\\\XiaoXinPro 16 IAH\\\\Desktop\\\\LRIA_llm_eval\\\\eval\\\\Quantum_e2e_v20251106\\\\Bvt1110\\\\bvtfiles\",\"id\":1987776371027480576,\"isDeleted\":0,\"isTmpFile\":false,\"labelNameList\":[\"Sport\",\"Informational\",\"History\"],\"lastModifyTime\":\"2025-09-17T09:45:00\",\"md5\":\"da0c0f7162b267cca0de596df4c40c56\",\"path\":\"C:\\\\Users\\\\XiaoXinPro 16 IAH\\\\Desktop\\\\LRIA_llm_eval\\\\eval\\\\Quantum_e2e_v20251106\\\\Bvt1110\\\\bvtfiles\\\\3nql1cs15r8aviz39pth2bpsr4zvy1.txt\",\"previewPath\":\"c:\\\\users\\\\xiaoxinpro 16 iah\\\\documents\\\\qtcore\\\\pdffile\\\\db8ff9222bdd0e56ba076310ced4c747.pdf\",\"priority\":2,\"score\":0.0,\"status\":\"COMPLETED\",\"tokenNum\":402,\"uriPath\":\"\"},{\"createTime\":\"2025-11-10T14:56:32.639\",\"description\":\"Psychological identity encompasses self-image, self-esteem, and individuality, representing how individuals perceive themselves in the present, past, and future. According to Weinreich, identity is the totality of self-construal, reflecting continuity across time and aspirations. Ethnic identity, for example, is defined as the part of self-construal connecting ancestry and future goals in terms of ethnicity. The concept of identity is central to fields like psychology, sociology, and anthropology, requiring frameworks that address both unique personal attributes and shifting group affiliations. Weinreich’s Identity Structure Analysis (ISA) provides a structural approach to mapping identity, focusing on stable relationships between the self and others within socio-cultural contexts. ISA utilizes constructs from individual experience, group dynamics, and cultural norms, offering a methodology for analyzing how individuals use these elements to evaluate themselves, others, and institutions over time and in varying circumstances.\",\"docName\":\"3u84xhcdicdb6vqtlfud7syhj444z2\",\"editTime\":\"2025-11-10T14:57:38.411\",\"fileName\":\"3u84xhcdicdb6vqtlfud7syhj444z2.txt\",\"folder\":\"C:\\\\Users\\\\XiaoXinPro 16 IAH\\\\Desktop\\\\LRIA_llm_eval\\\\eval\\\\Quantum_e2e_v20251106\\\\Bvt1110\\\\bvtfiles\",\"id\":1987776371153309696,\"isDeleted\":0,\"isTmpFile\":false,\"labelNameList\":[\"Informational\",\"Research Paper\",\"Psychology\"],\"lastModifyTime\":\"2025-09-17T09:45:00\",\"md5\":\"a80f0ad4af9fd250a462680c85e6fbf0\",\"path\":\"C:\\\\Users\\\\XiaoXinPro 16 IAH\\\\Desktop\\\\LRIA_llm_eval\\\\eval\\\\Quantum_e2e_v20251106\\\\Bvt1110\\\\bvtfiles\\\\3u84xhcdicdb6vqtlfud7syhj444z2.txt\",\"previewPath\":\"c:\\\\users\\\\xiaoxinpro 16 iah\\\\documents\\\\qtcore\\\\pdffile\\\\4bb6e885c6b375f7991ed237ae550f5a.pdf\",\"priority\":3,\"score\":0.0,\"status\":\"COMPLETED\",\"tokenNum\":414,\"uriPath\":\"\"},{\"createTime\":\"2025-11-10T14:56:32.666\",\"description\":\"Archie receives orders to join the earl and a large group of soldiers in pursuit of Bruce after a traitor reveals Bruce’s recent whereabouts. Despite his reluctance, Archie prepares to lead the party using Hector, the hound, whose tracking skills are crucial for the search. Archie contemplates killing the hound and fleeing if they get close to Bruce, though escape seems unlikely given the number of mounted men. Guided by a local peasant, the group reaches a cottage five miles away where Hector becomes highly excited, thoroughly investigating the area before decisively taking up Bruce’s trail. Archie struggles to control the eager hound, who pulls hard on the chain. He cautions Pembroke, the earl, to keep the knights and soldiers at a distance, noting that their noise further agitates Hector and makes the dog harder to manage. The narrative details the tension and urgency of the pursuit, highlighting Archie’s internal conflict and the hound’s pivotal role.\",\"docName\":\"3z3zlgnnsiuha76yy56h6uu71bh3q1\",\"editTime\":\"2025-11-10T14:57:41.133\",\"fileName\":\"3z3zlgnnsiuha76yy56h6uu71bh3q1.txt\",\"folder\":\"C:\\\\Users\\\\XiaoXinPro 16 IAH\\\\Desktop\\\\LRIA_llm_eval\\\\eval\\\\Quantum_e2e_v20251106\\\\Bvt1110\\\\bvtfiles\",\"id\":1987776371266555904,\"isDeleted\":0,\"isTmpFile\":false,\"labelNameList\":[\"History\",\"Report\",\"Text Document\"],\"lastModifyTime\":\"2025-09-17T09:45:00\",\"md5\":\"bb28043dd606535bdcaf1ee30346b0f9\",\"path\":\"C:\\\\Users\\\\XiaoXinPro 16 IAH\\\\Desktop\\\\LRIA_llm_eval\\\\eval\\\\Quantum_e2e_v20251106\\\\Bvt1110\\\\bvtfiles\\\\3z3zlgnnsiuha76yy56h6uu71bh3q1.txt\",\"previewPath\":\"c:\\\\users\\\\xiaoxinpro 16 iah\\\\documents\\\\qtcore\\\\pdffile\\\\e6e2343232ca421ef2da852a5f84548c.pdf\",\"priority\":4,\"score\":0.0,\"status\":\"COMPLETED\",\"tokenNum\":326,\"uriPath\":\"\"},{\"createTime\":\"2025-11-10T14:56:32.695\",\"description\":\"This document outlines the design method for evaluating AI face algorithms, focusing on test set collection and variable matrices. Key variables include head movements (pitch, yaw, roll), facial motions (mouth, eyebrow, eyelid), and lighting conditions (weak, medium, strong, uneven). Motion transfers involve horizontal and angular head movements, while expression transfers and optical flow are assessed under varied light environments. The evaluation uses only laptop cameras, with tools from Ruifeng for video input/output collection. Collection involves preparing 70 videos, at least 5 seconds each, covering head and facial movement variables and lighting conditions, with 10 videos per variable. Each variable should ideally have data from multiple participants, covering at least 7 individuals. Driving videos and output videos are compared to assess algorithm performance, using selected source images and ground truth from videos.\",\"docName\":\"AI_Face_Test_Set_Collection_Method_Design\",\"editTime\":\"2025-11-10T14:57:50.923\",\"fileName\":\"AI_Face_Test_Set_Collection_Method_Design.pptx\",\"folder\":\"C:\\\\Users\\\\XiaoXinPro 16 IAH\\\\Desktop\\\\LRIA_llm_eval\\\\eval\\\\Quantum_e2e_v20251106\\\\Bvt1110\\\\bvtfiles\",\"id\":1987776371388190720,\"isDeleted\":0,\"isTmpFile\":false,\"labelNameList\":[\"Technology\",\"Data Analysis\",\"Specifications\"],\"lastModifyTime\":\"2025-09-17T09:46:00\",\"md5\":\"b0f396e7936e0f6192cd880927e8e74b\",\"path\":\"C:\\\\Users\\\\XiaoXinPro 16 IAH\\\\Desktop\\\\LRIA_llm_eval\\\\eval\\\\Quantum_e2e_v20251106\\\\Bvt1110\\\\bvtfiles\\\\AI_Face_Test_Set_Collection_Method_Design.pptx\",\"previewPath\":\"c:\\\\users\\\\xiaoxinpro 16 iah\\\\documents\\\\qtcore\\\\pdffile\\\\5820f6ff633a3666eab35d871b69006b.pdf\",\"priority\":5,\"score\":0.0,\"status\":\"COMPLETED\",\"tokenNum\":432,\"uriPath\":\"\"},{\"createTime\":\"2025-11-10T14:56:32.726\",\"description\":\"This document provides an introduction to Linear Programming (LP), detailing its definition, historical development, solution methods, and strategies for testing LP solvers. LP focuses on optimizing a linear objective function subject to linear constraints, with solutions within a convex polyhedral feasible set. Mixed-Integer Programming (MIP) extends LP by allowing some variables to be integers, solved using techniques like Branch-and-Bound. The history covers key contributors: G.B. Dantzig (concept, Simplex Method), L.V. Kantorovich and T.C. Koopmans (Nobel Prize), L.G. Khachian (Ellipsoid Method), and N. Karmarkar (Interior-Point Method). Solution methods include enumeration, the Simplex Method (effective in practice but exponential in worst cases), and the Interior-Point Method (polynomial-time efficiency for large problems). LP solvers are tested using both benchmark and self-built test sets, including classic optimization models with varying size and structure. Testing approaches include handling unique, infinite, infeasible, and unbounded problems, using different coefficient scales and constraints to evaluate solver robustness and correctness.\",\"docName\":\"A_brief_introduction_of_LP_liutao21_20220615\",\"editTime\":\"2025-11-10T14:58:06.320\",\"fileName\":\"A_brief_introduction_of_LP_liutao21_20220615.pptx\",\"folder\":\"C:\\\\Users\\\\XiaoXinPro 16 IAH\\\\Desktop\\\\LRIA_llm_eval\\\\eval\\\\Quantum_e2e_v20251106\\\\Bvt1110\\\\bvtfiles\",\"id\":1987776371518214144,\"isDeleted\":0,\"isTmpFile\":false,\"labelNameList\":[\"Technology\",\"Specifications\",\"Training\"],\"lastModifyTime\":\"2025-09-17T09:46:00\",\"md5\":\"0dbb2532524843af54fb3388b7bf3381\",\"path\":\"C:\\\\Users\\\\XiaoXinPro 16 IAH\\\\Desktop\\\\LRIA_llm_eval\\\\eval\\\\Quantum_e2e_v20251106\\\\Bvt1110\\\\bvtfiles\\\\A_brief_introduction_of_LP_liutao21_20220615.pptx\",\"previewPath\":\"c:\\\\users\\\\xiaoxinpro 16 iah\\\\documents\\\\qtcore\\\\pdffile\\\\d590d120fc4bcc9bc01d308c3ad03c90.pdf\",\"priority\":6,\"score\":0.0,\"status\":\"COMPLETED\",\"tokenNum\":1297,\"uriPath\":\"\"},{\"createTime\":\"2025-11-10T14:56:32.800\",\"description\":\"\",\"docName\":\"\",\"editTime\":\"2025-11-10T14:58:02.480\",\"fileName\":\"Belfast-English.docx\",\"folder\":\"C:\\\\Users\\\\XiaoXinPro 16 IAH\\\\Desktop\\\\LRIA_llm_eval\\\\eval\\\\Quantum_e2e_v20251106\\\\Bvt1110\\\\bvtfiles\",\"id\":1987776371828592640,\"isDeleted\":0,\"isTmpFile\":false,\"labelNameList\":[],\"lastModifyTime\":\"2025-09-17T09:45:00\",\"md5\":\"3193e699ffa92db332ae31a9fb1d3cb4\",\"path\":\"C:\\\\Users\\\\XiaoXinPro 16 IAH\\\\Desktop\\\\LRIA_llm_eval\\\\eval\\\\Quantum_e2e_v20251106\\\\Bvt1110\\\\bvtfiles\\\\Belfast-English.docx\",\"priority\":7,\"score\":0.0,\"status\":\"RUNNING\",\"tokenNum\":0,\"uriPath\":\"\"},{\"createTime\":\"2025-11-10T14:56:32.823\",\"description\":\"\",\"docName\":\"\",\"editTime\":\"2025-11-10T14:56:32.823\",\"errorDescription\":\"\",\"fileName\":\"British-Food-Culture.doc\",\"folder\":\"C:\\\\Users\\\\XiaoXinPro 16 IAH\\\\Desktop\\\\LRIA_llm_eval\\\\eval\\\\Quantum_e2e_v20251106\\\\Bvt1110\\\\bvtfiles\",\"id\":1987776371925061632,\"isDeleted\":0,\"isTmpFile\":false,\"labelNameList\":[],\"lastModifyTime\":\"2025-09-17T09:45:00\",\"md5\":\"435798f1c3377c7f5b71e18d733ca579\",\"path\":\"C:\\\\Users\\\\XiaoXinPro 16 IAH\\\\Desktop\\\\LRIA_llm_eval\\\\eval\\\\Quantum_e2e_v20251106\\\\Bvt1110\\\\bvtfiles\\\\British-Food-Culture.doc\",\"priority\":8,\"score\":0.0,\"status\":\"ADDED\",\"tokenNum\":0,\"uriPath\":\"\"},{\"createTime\":\"2025-11-10T14:56:32.847\",\"description\":\"\",\"docName\":\"\",\"editTime\":\"2025-11-10T14:56:32.847\",\"errorDescription\":\"\",\"fileName\":\"Netflix Becomes a Broadway Producer With Peter Morgan’s Patriots.txt\",\"folder\":\"C:\\\\Users\\\\XiaoXinPro 16 IAH\\\\Desktop\\\\LRIA_llm_eval\\\\eval\\\\Quantum_e2e_v20251106\\\\Bvt1110\\\\bvtfiles\",\"id\":1987776372025724928,\"isDeleted\":0,\"isTmpFile\":false,\"labelNameList\":[],\"lastModifyTime\":\"2025-09-17T09:46:00\",\"md5\":\"ab84c46eaa62a18048fb0241446da4ca\",\"path\":\"C:\\\\Users\\\\XiaoXinPro 16 IAH\\\\Desktop\\\\LRIA_llm_eval\\\\eval\\\\Quantum_e2e_v20251106\\\\Bvt1110\\\\bvtfiles\\\\Netflix Becomes a Broadway Producer With Peter Morgan’s Patriots.txt\",\"priority\":9,\"score\":0.0,\"status\":\"ADDED\",\"tokenNum\":0,\"uriPath\":\"\"}]"}}
2025-11-10 14:58:16,340 - [Quantum_e2e_20251110.py:340] - [get_register_document] - INFO - 文档数量: 9
2025-11-10 14:58:16,340 - [Quantum_e2e_20251110.py:363] - [get_register_document] - INFO - 文档总数: 9, COMPLETED状态的文档数量: 6
2025-11-10 14:58:16,340 - [Quantum_e2e_20251110.py:395] - [get_register_document] - INFO - 仍有文档在处理中
2025-11-10 14:58:16,340 - [Quantum_e2e_20251110.py:1154] - [process_document_registration_only] - INFO - 文档仍在处理中，等待2秒后重试...
2025-11-10 14:58:18,346 - [Quantum_e2e_20251110.py:1145] - [process_document_registration_only] - INFO - 第49次检查文档处理状态...
2025-11-10 14:58:18,347 - [Quantum_e2e_20251110.py:289] - [get_register_document] - INFO - 检查文档注册状态...
2025-11-10 14:58:18,349 - [connectionpool.py:243] - [_new_conn] - DEBUG - Starting new HTTP connection (1): 127.0.0.1:35253
2025-11-10 14:58:18,352 - [connectionpool.py:546] - [_make_request] - DEBUG - http://127.0.0.1:35253 "POST /upload HTTP/11" 200 20
2025-11-10 14:58:18,353 - [Quantum_e2e_20251110.py:299] - [get_register_document] - INFO - 文档注册已用时间: 105.94秒 (01:45)
2025-11-10 14:58:18,353 - [Quantum_e2e_20251110.py:303] - [get_register_document] - INFO - 成功获取文档列表，upload_id: -1340512321724429616
2025-11-10 14:58:18,355 - [connectionpool.py:243] - [_new_conn] - DEBUG - Starting new HTTP connection (1): 127.0.0.1:35253
2025-11-10 14:58:18,362 - [connectionpool.py:546] - [_make_request] - DEBUG - http://127.0.0.1:35253 "GET /query?fileData=-1340512321724429616 HTTP/11" 200 None
2025-11-10 14:58:18,467 - [Quantum_e2e_20251110.py:583] - [get_response_content_detailed] - INFO - 响应时间: 0.01秒
2025-11-10 14:58:18,467 - [Quantum_e2e_20251110.py:310] - [get_register_document] - INFO - 获取到的result_text: {"jobId":51,"status":"complete","data":{"text":"[{\"createTime\":\"2025-11-10T14:56:32.563\",\"description\":\"This paper studies the computational hardness of learning Boolean functions from label proportions (LLP), a machine learning setting where only aggregated label information within small subsets (bags) is available. LLP generalizes the PAC learning framework and is motivated by applications like privacy-preserving learning and domains with high labeling costs (e.g., medical imaging). The authors prove three main results: (1) It is NP-hard to learn an ℓ-clause CNF that satisfies any constant-fraction of bags when the underlying function is an OR, establishing hardness even for bags of size ≤2 and separating CNFs from halfspaces. (2) It is NP-hard to learn an ℓ-DNF that satisfies more than (1/2 + δ)-fraction of bags for any constant δ>0 and ℓ, ruling out constant-factor DNF approximations. (3) For parities, with bags of size ≤q, it is NP-hard to satisfy more than (q/2^{q-1} + δ)-fraction of the bags, with the hardness increasing exponentially in bag size. However, a randomized polynomial-time algorithm can achieve a (1/2^{q-2})-approximation for LLP parity learning. These findings show qualitative differences between the LLP and PAC settings: problems tractable in PAC (e.g., ORs, parities) become inapproximable in LLP. The results rely on reductions from Label Cover and Smooth Label Cover problems. Prior works are discussed, highlighting that LLP learnability has been far less explored compared to PAC learning. Applications include privacy and weak supervision scenarios.\",\"docName\":\"2403.19401\",\"editTime\":\"2025-11-10T14:57:36.527\",\"fileName\":\"2403.19401.pdf\",\"folder\":\"C:\\\\Users\\\\XiaoXinPro 16 IAH\\\\Desktop\\\\LRIA_llm_eval\\\\eval\\\\Quantum_e2e_v20251106\\\\Bvt1110\\\\bvtfiles\",\"id\":1987776370834542592,\"isDeleted\":0,\"isTmpFile\":false,\"labelNameList\":[\"Technology\",\"Data Analysis\",\"Research Paper\"],\"lastModifyTime\":\"2025-09-17T09:45:00\",\"md5\":\"4ff6ba88616fcf7a71d1dca6c9adc14c\",\"path\":\"C:\\\\Users\\\\XiaoXinPro 16 IAH\\\\Desktop\\\\LRIA_llm_eval\\\\eval\\\\Quantum_e2e_v20251106\\\\Bvt1110\\\\bvtfiles\\\\2403.19401.pdf\",\"previewPath\":\"c:\\\\users\\\\xiaoxinpro 16 iah\\\\documents\\\\qtcore\\\\pdffile\\\\b6e6995c4481f9cd5d6cfb8c79124693.pdf\",\"priority\":1,\"score\":0.0,\"status\":\"COMPLETED\",\"tokenNum\":14092,\"uriPath\":\"\"},{\"createTime\":\"2025-11-10T14:56:32.609\",\"description\":\"A One Day International (ODI) is a format of limited overs cricket played between teams with international status, typically consisting of 50 overs per side. Originating in the late twentieth century, the first ODI was played in 1971 between Australia and England after rain affected a Test match. Initially, ODIs featured white kits and a red ball. The late 1970s saw significant innovations through Kerry Packer's World Series Cricket, introducing colored uniforms, night games under floodlights using a white ball, and enhanced television broadcasts with multiple camera angles and audio effects. These changes increased professionalism in the sport, with international players receiving payments and TV rights shifting to Channel 9 in Australia. Over time, colored kits and the white ball became the norm, with the traditional white flannels and red ball phased out by 2001. ODIs are considered the pinnacle of List A cricket, with the format used in major tournaments like the Cricket World Cup.\",\"docName\":\"3nql1cs15r8aviz39pth2bpsr4zvy1\",\"editTime\":\"2025-11-10T14:57:34.270\",\"fileName\":\"3nql1cs15r8aviz39pth2bpsr4zvy1.txt\",\"folder\":\"C:\\\\Users\\\\XiaoXinPro 16 IAH\\\\Desktop\\\\LRIA_llm_eval\\\\eval\\\\Quantum_e2e_v20251106\\\\Bvt1110\\\\bvtfiles\",\"id\":1987776371027480576,\"isDeleted\":0,\"isTmpFile\":false,\"labelNameList\":[\"Sport\",\"Informational\",\"History\"],\"lastModifyTime\":\"2025-09-17T09:45:00\",\"md5\":\"da0c0f7162b267cca0de596df4c40c56\",\"path\":\"C:\\\\Users\\\\XiaoXinPro 16 IAH\\\\Desktop\\\\LRIA_llm_eval\\\\eval\\\\Quantum_e2e_v20251106\\\\Bvt1110\\\\bvtfiles\\\\3nql1cs15r8aviz39pth2bpsr4zvy1.txt\",\"previewPath\":\"c:\\\\users\\\\xiaoxinpro 16 iah\\\\documents\\\\qtcore\\\\pdffile\\\\db8ff9222bdd0e56ba076310ced4c747.pdf\",\"priority\":2,\"score\":0.0,\"status\":\"COMPLETED\",\"tokenNum\":402,\"uriPath\":\"\"},{\"createTime\":\"2025-11-10T14:56:32.639\",\"description\":\"Psychological identity encompasses self-image, self-esteem, and individuality, representing how individuals perceive themselves in the present, past, and future. According to Weinreich, identity is the totality of self-construal, reflecting continuity across time and aspirations. Ethnic identity, for example, is defined as the part of self-construal connecting ancestry and future goals in terms of ethnicity. The concept of identity is central to fields like psychology, sociology, and anthropology, requiring frameworks that address both unique personal attributes and shifting group affiliations. Weinreich’s Identity Structure Analysis (ISA) provides a structural approach to mapping identity, focusing on stable relationships between the self and others within socio-cultural contexts. ISA utilizes constructs from individual experience, group dynamics, and cultural norms, offering a methodology for analyzing how individuals use these elements to evaluate themselves, others, and institutions over time and in varying circumstances.\",\"docName\":\"3u84xhcdicdb6vqtlfud7syhj444z2\",\"editTime\":\"2025-11-10T14:57:38.411\",\"fileName\":\"3u84xhcdicdb6vqtlfud7syhj444z2.txt\",\"folder\":\"C:\\\\Users\\\\XiaoXinPro 16 IAH\\\\Desktop\\\\LRIA_llm_eval\\\\eval\\\\Quantum_e2e_v20251106\\\\Bvt1110\\\\bvtfiles\",\"id\":1987776371153309696,\"isDeleted\":0,\"isTmpFile\":false,\"labelNameList\":[\"Informational\",\"Research Paper\",\"Psychology\"],\"lastModifyTime\":\"2025-09-17T09:45:00\",\"md5\":\"a80f0ad4af9fd250a462680c85e6fbf0\",\"path\":\"C:\\\\Users\\\\XiaoXinPro 16 IAH\\\\Desktop\\\\LRIA_llm_eval\\\\eval\\\\Quantum_e2e_v20251106\\\\Bvt1110\\\\bvtfiles\\\\3u84xhcdicdb6vqtlfud7syhj444z2.txt\",\"previewPath\":\"c:\\\\users\\\\xiaoxinpro 16 iah\\\\documents\\\\qtcore\\\\pdffile\\\\4bb6e885c6b375f7991ed237ae550f5a.pdf\",\"priority\":3,\"score\":0.0,\"status\":\"COMPLETED\",\"tokenNum\":414,\"uriPath\":\"\"},{\"createTime\":\"2025-11-10T14:56:32.666\",\"description\":\"Archie receives orders to join the earl and a large group of soldiers in pursuit of Bruce after a traitor reveals Bruce’s recent whereabouts. Despite his reluctance, Archie prepares to lead the party using Hector, the hound, whose tracking skills are crucial for the search. Archie contemplates killing the hound and fleeing if they get close to Bruce, though escape seems unlikely given the number of mounted men. Guided by a local peasant, the group reaches a cottage five miles away where Hector becomes highly excited, thoroughly investigating the area before decisively taking up Bruce’s trail. Archie struggles to control the eager hound, who pulls hard on the chain. He cautions Pembroke, the earl, to keep the knights and soldiers at a distance, noting that their noise further agitates Hector and makes the dog harder to manage. The narrative details the tension and urgency of the pursuit, highlighting Archie’s internal conflict and the hound’s pivotal role.\",\"docName\":\"3z3zlgnnsiuha76yy56h6uu71bh3q1\",\"editTime\":\"2025-11-10T14:57:41.133\",\"fileName\":\"3z3zlgnnsiuha76yy56h6uu71bh3q1.txt\",\"folder\":\"C:\\\\Users\\\\XiaoXinPro 16 IAH\\\\Desktop\\\\LRIA_llm_eval\\\\eval\\\\Quantum_e2e_v20251106\\\\Bvt1110\\\\bvtfiles\",\"id\":1987776371266555904,\"isDeleted\":0,\"isTmpFile\":false,\"labelNameList\":[\"History\",\"Report\",\"Text Document\"],\"lastModifyTime\":\"2025-09-17T09:45:00\",\"md5\":\"bb28043dd606535bdcaf1ee30346b0f9\",\"path\":\"C:\\\\Users\\\\XiaoXinPro 16 IAH\\\\Desktop\\\\LRIA_llm_eval\\\\eval\\\\Quantum_e2e_v20251106\\\\Bvt1110\\\\bvtfiles\\\\3z3zlgnnsiuha76yy56h6uu71bh3q1.txt\",\"previewPath\":\"c:\\\\users\\\\xiaoxinpro 16 iah\\\\documents\\\\qtcore\\\\pdffile\\\\e6e2343232ca421ef2da852a5f84548c.pdf\",\"priority\":4,\"score\":0.0,\"status\":\"COMPLETED\",\"tokenNum\":326,\"uriPath\":\"\"},{\"createTime\":\"2025-11-10T14:56:32.695\",\"description\":\"This document outlines the design method for evaluating AI face algorithms, focusing on test set collection and variable matrices. Key variables include head movements (pitch, yaw, roll), facial motions (mouth, eyebrow, eyelid), and lighting conditions (weak, medium, strong, uneven). Motion transfers involve horizontal and angular head movements, while expression transfers and optical flow are assessed under varied light environments. The evaluation uses only laptop cameras, with tools from Ruifeng for video input/output collection. Collection involves preparing 70 videos, at least 5 seconds each, covering head and facial movement variables and lighting conditions, with 10 videos per variable. Each variable should ideally have data from multiple participants, covering at least 7 individuals. Driving videos and output videos are compared to assess algorithm performance, using selected source images and ground truth from videos.\",\"docName\":\"AI_Face_Test_Set_Collection_Method_Design\",\"editTime\":\"2025-11-10T14:57:50.923\",\"fileName\":\"AI_Face_Test_Set_Collection_Method_Design.pptx\",\"folder\":\"C:\\\\Users\\\\XiaoXinPro 16 IAH\\\\Desktop\\\\LRIA_llm_eval\\\\eval\\\\Quantum_e2e_v20251106\\\\Bvt1110\\\\bvtfiles\",\"id\":1987776371388190720,\"isDeleted\":0,\"isTmpFile\":false,\"labelNameList\":[\"Technology\",\"Data Analysis\",\"Specifications\"],\"lastModifyTime\":\"2025-09-17T09:46:00\",\"md5\":\"b0f396e7936e0f6192cd880927e8e74b\",\"path\":\"C:\\\\Users\\\\XiaoXinPro 16 IAH\\\\Desktop\\\\LRIA_llm_eval\\\\eval\\\\Quantum_e2e_v20251106\\\\Bvt1110\\\\bvtfiles\\\\AI_Face_Test_Set_Collection_Method_Design.pptx\",\"previewPath\":\"c:\\\\users\\\\xiaoxinpro 16 iah\\\\documents\\\\qtcore\\\\pdffile\\\\5820f6ff633a3666eab35d871b69006b.pdf\",\"priority\":5,\"score\":0.0,\"status\":\"COMPLETED\",\"tokenNum\":432,\"uriPath\":\"\"},{\"createTime\":\"2025-11-10T14:56:32.726\",\"description\":\"This document provides an introduction to Linear Programming (LP), detailing its definition, historical development, solution methods, and strategies for testing LP solvers. LP focuses on optimizing a linear objective function subject to linear constraints, with solutions within a convex polyhedral feasible set. Mixed-Integer Programming (MIP) extends LP by allowing some variables to be integers, solved using techniques like Branch-and-Bound. The history covers key contributors: G.B. Dantzig (concept, Simplex Method), L.V. Kantorovich and T.C. Koopmans (Nobel Prize), L.G. Khachian (Ellipsoid Method), and N. Karmarkar (Interior-Point Method). Solution methods include enumeration, the Simplex Method (effective in practice but exponential in worst cases), and the Interior-Point Method (polynomial-time efficiency for large problems). LP solvers are tested using both benchmark and self-built test sets, including classic optimization models with varying size and structure. Testing approaches include handling unique, infinite, infeasible, and unbounded problems, using different coefficient scales and constraints to evaluate solver robustness and correctness.\",\"docName\":\"A_brief_introduction_of_LP_liutao21_20220615\",\"editTime\":\"2025-11-10T14:58:06.320\",\"fileName\":\"A_brief_introduction_of_LP_liutao21_20220615.pptx\",\"folder\":\"C:\\\\Users\\\\XiaoXinPro 16 IAH\\\\Desktop\\\\LRIA_llm_eval\\\\eval\\\\Quantum_e2e_v20251106\\\\Bvt1110\\\\bvtfiles\",\"id\":1987776371518214144,\"isDeleted\":0,\"isTmpFile\":false,\"labelNameList\":[\"Technology\",\"Specifications\",\"Training\"],\"lastModifyTime\":\"2025-09-17T09:46:00\",\"md5\":\"0dbb2532524843af54fb3388b7bf3381\",\"path\":\"C:\\\\Users\\\\XiaoXinPro 16 IAH\\\\Desktop\\\\LRIA_llm_eval\\\\eval\\\\Quantum_e2e_v20251106\\\\Bvt1110\\\\bvtfiles\\\\A_brief_introduction_of_LP_liutao21_20220615.pptx\",\"previewPath\":\"c:\\\\users\\\\xiaoxinpro 16 iah\\\\documents\\\\qtcore\\\\pdffile\\\\d590d120fc4bcc9bc01d308c3ad03c90.pdf\",\"priority\":6,\"score\":0.0,\"status\":\"COMPLETED\",\"tokenNum\":1297,\"uriPath\":\"\"},{\"createTime\":\"2025-11-10T14:56:32.800\",\"description\":\"\",\"docName\":\"Belfast-English\",\"editTime\":\"2025-11-10T14:58:17.585\",\"fileName\":\"Belfast-English.docx\",\"folder\":\"C:\\\\Users\\\\XiaoXinPro 16 IAH\\\\Desktop\\\\LRIA_llm_eval\\\\eval\\\\Quantum_e2e_v20251106\\\\Bvt1110\\\\bvtfiles\",\"id\":1987776371828592640,\"isDeleted\":0,\"isTmpFile\":false,\"labelNameList\":[],\"lastModifyTime\":\"2025-09-17T09:45:00\",\"md5\":\"3193e699ffa92db332ae31a9fb1d3cb4\",\"path\":\"C:\\\\Users\\\\XiaoXinPro 16 IAH\\\\Desktop\\\\LRIA_llm_eval\\\\eval\\\\Quantum_e2e_v20251106\\\\Bvt1110\\\\bvtfiles\\\\Belfast-English.docx\",\"previewPath\":\"c:\\\\users\\\\xiaoxinpro 16 iah\\\\documents\\\\qtcore\\\\pdffile\\\\7d62eed3de32f05711820c16bc2bd670.pdf\",\"priority\":7,\"score\":0.0,\"status\":\"COMPLETED\",\"tokenNum\":2989,\"uriPath\":\"\"},{\"createTime\":\"2025-11-10T14:56:32.823\",\"description\":\"\",\"docName\":\"\",\"editTime\":\"2025-11-10T14:58:17.612\",\"fileName\":\"British-Food-Culture.doc\",\"folder\":\"C:\\\\Users\\\\XiaoXinPro 16 IAH\\\\Desktop\\\\LRIA_llm_eval\\\\eval\\\\Quantum_e2e_v20251106\\\\Bvt1110\\\\bvtfiles\",\"id\":1987776371925061632,\"isDeleted\":0,\"isTmpFile\":false,\"labelNameList\":[],\"lastModifyTime\":\"2025-09-17T09:45:00\",\"md5\":\"435798f1c3377c7f5b71e18d733ca579\",\"path\":\"C:\\\\Users\\\\XiaoXinPro 16 IAH\\\\Desktop\\\\LRIA_llm_eval\\\\eval\\\\Quantum_e2e_v20251106\\\\Bvt1110\\\\bvtfiles\\\\British-Food-Culture.doc\",\"priority\":8,\"score\":0.0,\"status\":\"RUNNING\",\"tokenNum\":0,\"uriPath\":\"\"},{\"createTime\":\"2025-11-10T14:56:32.847\",\"description\":\"\",\"docName\":\"\",\"editTime\":\"2025-11-10T14:56:32.847\",\"errorDescription\":\"\",\"fileName\":\"Netflix Becomes a Broadway Producer With Peter Morgan’s Patriots.txt\",\"folder\":\"C:\\\\Users\\\\XiaoXinPro 16 IAH\\\\Desktop\\\\LRIA_llm_eval\\\\eval\\\\Quantum_e2e_v20251106\\\\Bvt1110\\\\bvtfiles\",\"id\":1987776372025724928,\"isDeleted\":0,\"isTmpFile\":false,\"labelNameList\":[],\"lastModifyTime\":\"2025-09-17T09:46:00\",\"md5\":\"ab84c46eaa62a18048fb0241446da4ca\",\"path\":\"C:\\\\Users\\\\XiaoXinPro 16 IAH\\\\Desktop\\\\LRIA_llm_eval\\\\eval\\\\Quantum_e2e_v20251106\\\\Bvt1110\\\\bvtfiles\\\\Netflix Becomes a Broadway Producer With Peter Morgan’s Patriots.txt\",\"priority\":9,\"score\":0.0,\"status\":\"ADDED\",\"tokenNum\":0,\"uriPath\":\"\"}]"}}
2025-11-10 14:58:18,468 - [Quantum_e2e_20251110.py:340] - [get_register_document] - INFO - 文档数量: 9
2025-11-10 14:58:18,468 - [Quantum_e2e_20251110.py:363] - [get_register_document] - INFO - 文档总数: 9, COMPLETED状态的文档数量: 7
2025-11-10 14:58:18,469 - [Quantum_e2e_20251110.py:395] - [get_register_document] - INFO - 仍有文档在处理中
2025-11-10 14:58:18,469 - [Quantum_e2e_20251110.py:1154] - [process_document_registration_only] - INFO - 文档仍在处理中，等待2秒后重试...
2025-11-10 14:58:20,473 - [Quantum_e2e_20251110.py:1145] - [process_document_registration_only] - INFO - 第50次检查文档处理状态...
2025-11-10 14:58:20,473 - [Quantum_e2e_20251110.py:289] - [get_register_document] - INFO - 检查文档注册状态...
2025-11-10 14:58:20,476 - [connectionpool.py:243] - [_new_conn] - DEBUG - Starting new HTTP connection (1): 127.0.0.1:35253
2025-11-10 14:58:20,478 - [connectionpool.py:546] - [_make_request] - DEBUG - http://127.0.0.1:35253 "POST /upload HTTP/11" 200 19
2025-11-10 14:58:20,479 - [Quantum_e2e_20251110.py:299] - [get_register_document] - INFO - 文档注册已用时间: 108.07秒 (01:48)
2025-11-10 14:58:20,479 - [Quantum_e2e_20251110.py:303] - [get_register_document] - INFO - 成功获取文档列表，upload_id: 5521615791289477478
2025-11-10 14:58:20,482 - [connectionpool.py:243] - [_new_conn] - DEBUG - Starting new HTTP connection (1): 127.0.0.1:35253
2025-11-10 14:58:20,488 - [connectionpool.py:546] - [_make_request] - DEBUG - http://127.0.0.1:35253 "GET /query?fileData=5521615791289477478 HTTP/11" 200 None
2025-11-10 14:58:20,605 - [Quantum_e2e_20251110.py:583] - [get_response_content_detailed] - INFO - 响应时间: 0.01秒
2025-11-10 14:58:20,605 - [Quantum_e2e_20251110.py:310] - [get_register_document] - INFO - 获取到的result_text: {"jobId":52,"status":"complete","data":{"text":"[{\"createTime\":\"2025-11-10T14:56:32.563\",\"description\":\"This paper studies the computational hardness of learning Boolean functions from label proportions (LLP), a machine learning setting where only aggregated label information within small subsets (bags) is available. LLP generalizes the PAC learning framework and is motivated by applications like privacy-preserving learning and domains with high labeling costs (e.g., medical imaging). The authors prove three main results: (1) It is NP-hard to learn an ℓ-clause CNF that satisfies any constant-fraction of bags when the underlying function is an OR, establishing hardness even for bags of size ≤2 and separating CNFs from halfspaces. (2) It is NP-hard to learn an ℓ-DNF that satisfies more than (1/2 + δ)-fraction of bags for any constant δ>0 and ℓ, ruling out constant-factor DNF approximations. (3) For parities, with bags of size ≤q, it is NP-hard to satisfy more than (q/2^{q-1} + δ)-fraction of the bags, with the hardness increasing exponentially in bag size. However, a randomized polynomial-time algorithm can achieve a (1/2^{q-2})-approximation for LLP parity learning. These findings show qualitative differences between the LLP and PAC settings: problems tractable in PAC (e.g., ORs, parities) become inapproximable in LLP. The results rely on reductions from Label Cover and Smooth Label Cover problems. Prior works are discussed, highlighting that LLP learnability has been far less explored compared to PAC learning. Applications include privacy and weak supervision scenarios.\",\"docName\":\"2403.19401\",\"editTime\":\"2025-11-10T14:57:36.527\",\"fileName\":\"2403.19401.pdf\",\"folder\":\"C:\\\\Users\\\\XiaoXinPro 16 IAH\\\\Desktop\\\\LRIA_llm_eval\\\\eval\\\\Quantum_e2e_v20251106\\\\Bvt1110\\\\bvtfiles\",\"id\":1987776370834542592,\"isDeleted\":0,\"isTmpFile\":false,\"labelNameList\":[\"Technology\",\"Data Analysis\",\"Research Paper\"],\"lastModifyTime\":\"2025-09-17T09:45:00\",\"md5\":\"4ff6ba88616fcf7a71d1dca6c9adc14c\",\"path\":\"C:\\\\Users\\\\XiaoXinPro 16 IAH\\\\Desktop\\\\LRIA_llm_eval\\\\eval\\\\Quantum_e2e_v20251106\\\\Bvt1110\\\\bvtfiles\\\\2403.19401.pdf\",\"previewPath\":\"c:\\\\users\\\\xiaoxinpro 16 iah\\\\documents\\\\qtcore\\\\pdffile\\\\b6e6995c4481f9cd5d6cfb8c79124693.pdf\",\"priority\":1,\"score\":0.0,\"status\":\"COMPLETED\",\"tokenNum\":14092,\"uriPath\":\"\"},{\"createTime\":\"2025-11-10T14:56:32.609\",\"description\":\"A One Day International (ODI) is a format of limited overs cricket played between teams with international status, typically consisting of 50 overs per side. Originating in the late twentieth century, the first ODI was played in 1971 between Australia and England after rain affected a Test match. Initially, ODIs featured white kits and a red ball. The late 1970s saw significant innovations through Kerry Packer's World Series Cricket, introducing colored uniforms, night games under floodlights using a white ball, and enhanced television broadcasts with multiple camera angles and audio effects. These changes increased professionalism in the sport, with international players receiving payments and TV rights shifting to Channel 9 in Australia. Over time, colored kits and the white ball became the norm, with the traditional white flannels and red ball phased out by 2001. ODIs are considered the pinnacle of List A cricket, with the format used in major tournaments like the Cricket World Cup.\",\"docName\":\"3nql1cs15r8aviz39pth2bpsr4zvy1\",\"editTime\":\"2025-11-10T14:57:34.270\",\"fileName\":\"3nql1cs15r8aviz39pth2bpsr4zvy1.txt\",\"folder\":\"C:\\\\Users\\\\XiaoXinPro 16 IAH\\\\Desktop\\\\LRIA_llm_eval\\\\eval\\\\Quantum_e2e_v20251106\\\\Bvt1110\\\\bvtfiles\",\"id\":1987776371027480576,\"isDeleted\":0,\"isTmpFile\":false,\"labelNameList\":[\"Sport\",\"Informational\",\"History\"],\"lastModifyTime\":\"2025-09-17T09:45:00\",\"md5\":\"da0c0f7162b267cca0de596df4c40c56\",\"path\":\"C:\\\\Users\\\\XiaoXinPro 16 IAH\\\\Desktop\\\\LRIA_llm_eval\\\\eval\\\\Quantum_e2e_v20251106\\\\Bvt1110\\\\bvtfiles\\\\3nql1cs15r8aviz39pth2bpsr4zvy1.txt\",\"previewPath\":\"c:\\\\users\\\\xiaoxinpro 16 iah\\\\documents\\\\qtcore\\\\pdffile\\\\db8ff9222bdd0e56ba076310ced4c747.pdf\",\"priority\":2,\"score\":0.0,\"status\":\"COMPLETED\",\"tokenNum\":402,\"uriPath\":\"\"},{\"createTime\":\"2025-11-10T14:56:32.639\",\"description\":\"Psychological identity encompasses self-image, self-esteem, and individuality, representing how individuals perceive themselves in the present, past, and future. According to Weinreich, identity is the totality of self-construal, reflecting continuity across time and aspirations. Ethnic identity, for example, is defined as the part of self-construal connecting ancestry and future goals in terms of ethnicity. The concept of identity is central to fields like psychology, sociology, and anthropology, requiring frameworks that address both unique personal attributes and shifting group affiliations. Weinreich’s Identity Structure Analysis (ISA) provides a structural approach to mapping identity, focusing on stable relationships between the self and others within socio-cultural contexts. ISA utilizes constructs from individual experience, group dynamics, and cultural norms, offering a methodology for analyzing how individuals use these elements to evaluate themselves, others, and institutions over time and in varying circumstances.\",\"docName\":\"3u84xhcdicdb6vqtlfud7syhj444z2\",\"editTime\":\"2025-11-10T14:57:38.411\",\"fileName\":\"3u84xhcdicdb6vqtlfud7syhj444z2.txt\",\"folder\":\"C:\\\\Users\\\\XiaoXinPro 16 IAH\\\\Desktop\\\\LRIA_llm_eval\\\\eval\\\\Quantum_e2e_v20251106\\\\Bvt1110\\\\bvtfiles\",\"id\":1987776371153309696,\"isDeleted\":0,\"isTmpFile\":false,\"labelNameList\":[\"Informational\",\"Research Paper\",\"Psychology\"],\"lastModifyTime\":\"2025-09-17T09:45:00\",\"md5\":\"a80f0ad4af9fd250a462680c85e6fbf0\",\"path\":\"C:\\\\Users\\\\XiaoXinPro 16 IAH\\\\Desktop\\\\LRIA_llm_eval\\\\eval\\\\Quantum_e2e_v20251106\\\\Bvt1110\\\\bvtfiles\\\\3u84xhcdicdb6vqtlfud7syhj444z2.txt\",\"previewPath\":\"c:\\\\users\\\\xiaoxinpro 16 iah\\\\documents\\\\qtcore\\\\pdffile\\\\4bb6e885c6b375f7991ed237ae550f5a.pdf\",\"priority\":3,\"score\":0.0,\"status\":\"COMPLETED\",\"tokenNum\":414,\"uriPath\":\"\"},{\"createTime\":\"2025-11-10T14:56:32.666\",\"description\":\"Archie receives orders to join the earl and a large group of soldiers in pursuit of Bruce after a traitor reveals Bruce’s recent whereabouts. Despite his reluctance, Archie prepares to lead the party using Hector, the hound, whose tracking skills are crucial for the search. Archie contemplates killing the hound and fleeing if they get close to Bruce, though escape seems unlikely given the number of mounted men. Guided by a local peasant, the group reaches a cottage five miles away where Hector becomes highly excited, thoroughly investigating the area before decisively taking up Bruce’s trail. Archie struggles to control the eager hound, who pulls hard on the chain. He cautions Pembroke, the earl, to keep the knights and soldiers at a distance, noting that their noise further agitates Hector and makes the dog harder to manage. The narrative details the tension and urgency of the pursuit, highlighting Archie’s internal conflict and the hound’s pivotal role.\",\"docName\":\"3z3zlgnnsiuha76yy56h6uu71bh3q1\",\"editTime\":\"2025-11-10T14:57:41.133\",\"fileName\":\"3z3zlgnnsiuha76yy56h6uu71bh3q1.txt\",\"folder\":\"C:\\\\Users\\\\XiaoXinPro 16 IAH\\\\Desktop\\\\LRIA_llm_eval\\\\eval\\\\Quantum_e2e_v20251106\\\\Bvt1110\\\\bvtfiles\",\"id\":1987776371266555904,\"isDeleted\":0,\"isTmpFile\":false,\"labelNameList\":[\"History\",\"Report\",\"Text Document\"],\"lastModifyTime\":\"2025-09-17T09:45:00\",\"md5\":\"bb28043dd606535bdcaf1ee30346b0f9\",\"path\":\"C:\\\\Users\\\\XiaoXinPro 16 IAH\\\\Desktop\\\\LRIA_llm_eval\\\\eval\\\\Quantum_e2e_v20251106\\\\Bvt1110\\\\bvtfiles\\\\3z3zlgnnsiuha76yy56h6uu71bh3q1.txt\",\"previewPath\":\"c:\\\\users\\\\xiaoxinpro 16 iah\\\\documents\\\\qtcore\\\\pdffile\\\\e6e2343232ca421ef2da852a5f84548c.pdf\",\"priority\":4,\"score\":0.0,\"status\":\"COMPLETED\",\"tokenNum\":326,\"uriPath\":\"\"},{\"createTime\":\"2025-11-10T14:56:32.695\",\"description\":\"This document outlines the design method for evaluating AI face algorithms, focusing on test set collection and variable matrices. Key variables include head movements (pitch, yaw, roll), facial motions (mouth, eyebrow, eyelid), and lighting conditions (weak, medium, strong, uneven). Motion transfers involve horizontal and angular head movements, while expression transfers and optical flow are assessed under varied light environments. The evaluation uses only laptop cameras, with tools from Ruifeng for video input/output collection. Collection involves preparing 70 videos, at least 5 seconds each, covering head and facial movement variables and lighting conditions, with 10 videos per variable. Each variable should ideally have data from multiple participants, covering at least 7 individuals. Driving videos and output videos are compared to assess algorithm performance, using selected source images and ground truth from videos.\",\"docName\":\"AI_Face_Test_Set_Collection_Method_Design\",\"editTime\":\"2025-11-10T14:57:50.923\",\"fileName\":\"AI_Face_Test_Set_Collection_Method_Design.pptx\",\"folder\":\"C:\\\\Users\\\\XiaoXinPro 16 IAH\\\\Desktop\\\\LRIA_llm_eval\\\\eval\\\\Quantum_e2e_v20251106\\\\Bvt1110\\\\bvtfiles\",\"id\":1987776371388190720,\"isDeleted\":0,\"isTmpFile\":false,\"labelNameList\":[\"Technology\",\"Data Analysis\",\"Specifications\"],\"lastModifyTime\":\"2025-09-17T09:46:00\",\"md5\":\"b0f396e7936e0f6192cd880927e8e74b\",\"path\":\"C:\\\\Users\\\\XiaoXinPro 16 IAH\\\\Desktop\\\\LRIA_llm_eval\\\\eval\\\\Quantum_e2e_v20251106\\\\Bvt1110\\\\bvtfiles\\\\AI_Face_Test_Set_Collection_Method_Design.pptx\",\"previewPath\":\"c:\\\\users\\\\xiaoxinpro 16 iah\\\\documents\\\\qtcore\\\\pdffile\\\\5820f6ff633a3666eab35d871b69006b.pdf\",\"priority\":5,\"score\":0.0,\"status\":\"COMPLETED\",\"tokenNum\":432,\"uriPath\":\"\"},{\"createTime\":\"2025-11-10T14:56:32.726\",\"description\":\"This document provides an introduction to Linear Programming (LP), detailing its definition, historical development, solution methods, and strategies for testing LP solvers. LP focuses on optimizing a linear objective function subject to linear constraints, with solutions within a convex polyhedral feasible set. Mixed-Integer Programming (MIP) extends LP by allowing some variables to be integers, solved using techniques like Branch-and-Bound. The history covers key contributors: G.B. Dantzig (concept, Simplex Method), L.V. Kantorovich and T.C. Koopmans (Nobel Prize), L.G. Khachian (Ellipsoid Method), and N. Karmarkar (Interior-Point Method). Solution methods include enumeration, the Simplex Method (effective in practice but exponential in worst cases), and the Interior-Point Method (polynomial-time efficiency for large problems). LP solvers are tested using both benchmark and self-built test sets, including classic optimization models with varying size and structure. Testing approaches include handling unique, infinite, infeasible, and unbounded problems, using different coefficient scales and constraints to evaluate solver robustness and correctness.\",\"docName\":\"A_brief_introduction_of_LP_liutao21_20220615\",\"editTime\":\"2025-11-10T14:58:06.320\",\"fileName\":\"A_brief_introduction_of_LP_liutao21_20220615.pptx\",\"folder\":\"C:\\\\Users\\\\XiaoXinPro 16 IAH\\\\Desktop\\\\LRIA_llm_eval\\\\eval\\\\Quantum_e2e_v20251106\\\\Bvt1110\\\\bvtfiles\",\"id\":1987776371518214144,\"isDeleted\":0,\"isTmpFile\":false,\"labelNameList\":[\"Technology\",\"Specifications\",\"Training\"],\"lastModifyTime\":\"2025-09-17T09:46:00\",\"md5\":\"0dbb2532524843af54fb3388b7bf3381\",\"path\":\"C:\\\\Users\\\\XiaoXinPro 16 IAH\\\\Desktop\\\\LRIA_llm_eval\\\\eval\\\\Quantum_e2e_v20251106\\\\Bvt1110\\\\bvtfiles\\\\A_brief_introduction_of_LP_liutao21_20220615.pptx\",\"previewPath\":\"c:\\\\users\\\\xiaoxinpro 16 iah\\\\documents\\\\qtcore\\\\pdffile\\\\d590d120fc4bcc9bc01d308c3ad03c90.pdf\",\"priority\":6,\"score\":0.0,\"status\":\"COMPLETED\",\"tokenNum\":1297,\"uriPath\":\"\"},{\"createTime\":\"2025-11-10T14:56:32.800\",\"description\":\"\",\"docName\":\"Belfast-English\",\"editTime\":\"2025-11-10T14:58:17.585\",\"fileName\":\"Belfast-English.docx\",\"folder\":\"C:\\\\Users\\\\XiaoXinPro 16 IAH\\\\Desktop\\\\LRIA_llm_eval\\\\eval\\\\Quantum_e2e_v20251106\\\\Bvt1110\\\\bvtfiles\",\"id\":1987776371828592640,\"isDeleted\":0,\"isTmpFile\":false,\"labelNameList\":[],\"lastModifyTime\":\"2025-09-17T09:45:00\",\"md5\":\"3193e699ffa92db332ae31a9fb1d3cb4\",\"path\":\"C:\\\\Users\\\\XiaoXinPro 16 IAH\\\\Desktop\\\\LRIA_llm_eval\\\\eval\\\\Quantum_e2e_v20251106\\\\Bvt1110\\\\bvtfiles\\\\Belfast-English.docx\",\"previewPath\":\"c:\\\\users\\\\xiaoxinpro 16 iah\\\\documents\\\\qtcore\\\\pdffile\\\\7d62eed3de32f05711820c16bc2bd670.pdf\",\"priority\":7,\"score\":0.0,\"status\":\"COMPLETED\",\"tokenNum\":2989,\"uriPath\":\"\"},{\"createTime\":\"2025-11-10T14:56:32.823\",\"description\":\"\",\"docName\":\"\",\"editTime\":\"2025-11-10T14:58:17.612\",\"fileName\":\"British-Food-Culture.doc\",\"folder\":\"C:\\\\Users\\\\XiaoXinPro 16 IAH\\\\Desktop\\\\LRIA_llm_eval\\\\eval\\\\Quantum_e2e_v20251106\\\\Bvt1110\\\\bvtfiles\",\"id\":1987776371925061632,\"isDeleted\":0,\"isTmpFile\":false,\"labelNameList\":[],\"lastModifyTime\":\"2025-09-17T09:45:00\",\"md5\":\"435798f1c3377c7f5b71e18d733ca579\",\"path\":\"C:\\\\Users\\\\XiaoXinPro 16 IAH\\\\Desktop\\\\LRIA_llm_eval\\\\eval\\\\Quantum_e2e_v20251106\\\\Bvt1110\\\\bvtfiles\\\\British-Food-Culture.doc\",\"priority\":8,\"score\":0.0,\"status\":\"RUNNING\",\"tokenNum\":0,\"uriPath\":\"\"},{\"createTime\":\"2025-11-10T14:56:32.847\",\"description\":\"\",\"docName\":\"\",\"editTime\":\"2025-11-10T14:56:32.847\",\"errorDescription\":\"\",\"fileName\":\"Netflix Becomes a Broadway Producer With Peter Morgan’s Patriots.txt\",\"folder\":\"C:\\\\Users\\\\XiaoXinPro 16 IAH\\\\Desktop\\\\LRIA_llm_eval\\\\eval\\\\Quantum_e2e_v20251106\\\\Bvt1110\\\\bvtfiles\",\"id\":1987776372025724928,\"isDeleted\":0,\"isTmpFile\":false,\"labelNameList\":[],\"lastModifyTime\":\"2025-09-17T09:46:00\",\"md5\":\"ab84c46eaa62a18048fb0241446da4ca\",\"path\":\"C:\\\\Users\\\\XiaoXinPro 16 IAH\\\\Desktop\\\\LRIA_llm_eval\\\\eval\\\\Quantum_e2e_v20251106\\\\Bvt1110\\\\bvtfiles\\\\Netflix Becomes a Broadway Producer With Peter Morgan’s Patriots.txt\",\"priority\":9,\"score\":0.0,\"status\":\"ADDED\",\"tokenNum\":0,\"uriPath\":\"\"}]"}}
2025-11-10 14:58:20,606 - [Quantum_e2e_20251110.py:340] - [get_register_document] - INFO - 文档数量: 9
2025-11-10 14:58:20,606 - [Quantum_e2e_20251110.py:363] - [get_register_document] - INFO - 文档总数: 9, COMPLETED状态的文档数量: 7
2025-11-10 14:58:20,607 - [Quantum_e2e_20251110.py:395] - [get_register_document] - INFO - 仍有文档在处理中
2025-11-10 14:58:20,608 - [Quantum_e2e_20251110.py:1154] - [process_document_registration_only] - INFO - 文档仍在处理中，等待2秒后重试...
2025-11-10 14:58:22,615 - [Quantum_e2e_20251110.py:1145] - [process_document_registration_only] - INFO - 第51次检查文档处理状态...
2025-11-10 14:58:22,616 - [Quantum_e2e_20251110.py:289] - [get_register_document] - INFO - 检查文档注册状态...
2025-11-10 14:58:22,618 - [connectionpool.py:243] - [_new_conn] - DEBUG - Starting new HTTP connection (1): 127.0.0.1:35253
2025-11-10 14:58:22,622 - [connectionpool.py:546] - [_make_request] - DEBUG - http://127.0.0.1:35253 "POST /upload HTTP/11" 200 19
2025-11-10 14:58:22,623 - [Quantum_e2e_20251110.py:299] - [get_register_document] - INFO - 文档注册已用时间: 110.21秒 (01:50)
2025-11-10 14:58:22,623 - [Quantum_e2e_20251110.py:303] - [get_register_document] - INFO - 成功获取文档列表，upload_id: 1149083585629360654
2025-11-10 14:58:22,625 - [connectionpool.py:243] - [_new_conn] - DEBUG - Starting new HTTP connection (1): 127.0.0.1:35253
2025-11-10 14:58:22,631 - [connectionpool.py:546] - [_make_request] - DEBUG - http://127.0.0.1:35253 "GET /query?fileData=1149083585629360654 HTTP/11" 200 None
2025-11-10 14:58:22,748 - [Quantum_e2e_20251110.py:583] - [get_response_content_detailed] - INFO - 响应时间: 0.01秒
2025-11-10 14:58:22,748 - [Quantum_e2e_20251110.py:310] - [get_register_document] - INFO - 获取到的result_text: {"jobId":53,"status":"complete","data":{"text":"[{\"createTime\":\"2025-11-10T14:56:32.563\",\"description\":\"This paper studies the computational hardness of learning Boolean functions from label proportions (LLP), a machine learning setting where only aggregated label information within small subsets (bags) is available. LLP generalizes the PAC learning framework and is motivated by applications like privacy-preserving learning and domains with high labeling costs (e.g., medical imaging). The authors prove three main results: (1) It is NP-hard to learn an ℓ-clause CNF that satisfies any constant-fraction of bags when the underlying function is an OR, establishing hardness even for bags of size ≤2 and separating CNFs from halfspaces. (2) It is NP-hard to learn an ℓ-DNF that satisfies more than (1/2 + δ)-fraction of bags for any constant δ>0 and ℓ, ruling out constant-factor DNF approximations. (3) For parities, with bags of size ≤q, it is NP-hard to satisfy more than (q/2^{q-1} + δ)-fraction of the bags, with the hardness increasing exponentially in bag size. However, a randomized polynomial-time algorithm can achieve a (1/2^{q-2})-approximation for LLP parity learning. These findings show qualitative differences between the LLP and PAC settings: problems tractable in PAC (e.g., ORs, parities) become inapproximable in LLP. The results rely on reductions from Label Cover and Smooth Label Cover problems. Prior works are discussed, highlighting that LLP learnability has been far less explored compared to PAC learning. Applications include privacy and weak supervision scenarios.\",\"docName\":\"2403.19401\",\"editTime\":\"2025-11-10T14:57:36.527\",\"fileName\":\"2403.19401.pdf\",\"folder\":\"C:\\\\Users\\\\XiaoXinPro 16 IAH\\\\Desktop\\\\LRIA_llm_eval\\\\eval\\\\Quantum_e2e_v20251106\\\\Bvt1110\\\\bvtfiles\",\"id\":1987776370834542592,\"isDeleted\":0,\"isTmpFile\":false,\"labelNameList\":[\"Technology\",\"Data Analysis\",\"Research Paper\"],\"lastModifyTime\":\"2025-09-17T09:45:00\",\"md5\":\"4ff6ba88616fcf7a71d1dca6c9adc14c\",\"path\":\"C:\\\\Users\\\\XiaoXinPro 16 IAH\\\\Desktop\\\\LRIA_llm_eval\\\\eval\\\\Quantum_e2e_v20251106\\\\Bvt1110\\\\bvtfiles\\\\2403.19401.pdf\",\"previewPath\":\"c:\\\\users\\\\xiaoxinpro 16 iah\\\\documents\\\\qtcore\\\\pdffile\\\\b6e6995c4481f9cd5d6cfb8c79124693.pdf\",\"priority\":1,\"score\":0.0,\"status\":\"COMPLETED\",\"tokenNum\":14092,\"uriPath\":\"\"},{\"createTime\":\"2025-11-10T14:56:32.609\",\"description\":\"A One Day International (ODI) is a format of limited overs cricket played between teams with international status, typically consisting of 50 overs per side. Originating in the late twentieth century, the first ODI was played in 1971 between Australia and England after rain affected a Test match. Initially, ODIs featured white kits and a red ball. The late 1970s saw significant innovations through Kerry Packer's World Series Cricket, introducing colored uniforms, night games under floodlights using a white ball, and enhanced television broadcasts with multiple camera angles and audio effects. These changes increased professionalism in the sport, with international players receiving payments and TV rights shifting to Channel 9 in Australia. Over time, colored kits and the white ball became the norm, with the traditional white flannels and red ball phased out by 2001. ODIs are considered the pinnacle of List A cricket, with the format used in major tournaments like the Cricket World Cup.\",\"docName\":\"3nql1cs15r8aviz39pth2bpsr4zvy1\",\"editTime\":\"2025-11-10T14:57:34.270\",\"fileName\":\"3nql1cs15r8aviz39pth2bpsr4zvy1.txt\",\"folder\":\"C:\\\\Users\\\\XiaoXinPro 16 IAH\\\\Desktop\\\\LRIA_llm_eval\\\\eval\\\\Quantum_e2e_v20251106\\\\Bvt1110\\\\bvtfiles\",\"id\":1987776371027480576,\"isDeleted\":0,\"isTmpFile\":false,\"labelNameList\":[\"Sport\",\"Informational\",\"History\"],\"lastModifyTime\":\"2025-09-17T09:45:00\",\"md5\":\"da0c0f7162b267cca0de596df4c40c56\",\"path\":\"C:\\\\Users\\\\XiaoXinPro 16 IAH\\\\Desktop\\\\LRIA_llm_eval\\\\eval\\\\Quantum_e2e_v20251106\\\\Bvt1110\\\\bvtfiles\\\\3nql1cs15r8aviz39pth2bpsr4zvy1.txt\",\"previewPath\":\"c:\\\\users\\\\xiaoxinpro 16 iah\\\\documents\\\\qtcore\\\\pdffile\\\\db8ff9222bdd0e56ba076310ced4c747.pdf\",\"priority\":2,\"score\":0.0,\"status\":\"COMPLETED\",\"tokenNum\":402,\"uriPath\":\"\"},{\"createTime\":\"2025-11-10T14:56:32.639\",\"description\":\"Psychological identity encompasses self-image, self-esteem, and individuality, representing how individuals perceive themselves in the present, past, and future. According to Weinreich, identity is the totality of self-construal, reflecting continuity across time and aspirations. Ethnic identity, for example, is defined as the part of self-construal connecting ancestry and future goals in terms of ethnicity. The concept of identity is central to fields like psychology, sociology, and anthropology, requiring frameworks that address both unique personal attributes and shifting group affiliations. Weinreich’s Identity Structure Analysis (ISA) provides a structural approach to mapping identity, focusing on stable relationships between the self and others within socio-cultural contexts. ISA utilizes constructs from individual experience, group dynamics, and cultural norms, offering a methodology for analyzing how individuals use these elements to evaluate themselves, others, and institutions over time and in varying circumstances.\",\"docName\":\"3u84xhcdicdb6vqtlfud7syhj444z2\",\"editTime\":\"2025-11-10T14:57:38.411\",\"fileName\":\"3u84xhcdicdb6vqtlfud7syhj444z2.txt\",\"folder\":\"C:\\\\Users\\\\XiaoXinPro 16 IAH\\\\Desktop\\\\LRIA_llm_eval\\\\eval\\\\Quantum_e2e_v20251106\\\\Bvt1110\\\\bvtfiles\",\"id\":1987776371153309696,\"isDeleted\":0,\"isTmpFile\":false,\"labelNameList\":[\"Informational\",\"Research Paper\",\"Psychology\"],\"lastModifyTime\":\"2025-09-17T09:45:00\",\"md5\":\"a80f0ad4af9fd250a462680c85e6fbf0\",\"path\":\"C:\\\\Users\\\\XiaoXinPro 16 IAH\\\\Desktop\\\\LRIA_llm_eval\\\\eval\\\\Quantum_e2e_v20251106\\\\Bvt1110\\\\bvtfiles\\\\3u84xhcdicdb6vqtlfud7syhj444z2.txt\",\"previewPath\":\"c:\\\\users\\\\xiaoxinpro 16 iah\\\\documents\\\\qtcore\\\\pdffile\\\\4bb6e885c6b375f7991ed237ae550f5a.pdf\",\"priority\":3,\"score\":0.0,\"status\":\"COMPLETED\",\"tokenNum\":414,\"uriPath\":\"\"},{\"createTime\":\"2025-11-10T14:56:32.666\",\"description\":\"Archie receives orders to join the earl and a large group of soldiers in pursuit of Bruce after a traitor reveals Bruce’s recent whereabouts. Despite his reluctance, Archie prepares to lead the party using Hector, the hound, whose tracking skills are crucial for the search. Archie contemplates killing the hound and fleeing if they get close to Bruce, though escape seems unlikely given the number of mounted men. Guided by a local peasant, the group reaches a cottage five miles away where Hector becomes highly excited, thoroughly investigating the area before decisively taking up Bruce’s trail. Archie struggles to control the eager hound, who pulls hard on the chain. He cautions Pembroke, the earl, to keep the knights and soldiers at a distance, noting that their noise further agitates Hector and makes the dog harder to manage. The narrative details the tension and urgency of the pursuit, highlighting Archie’s internal conflict and the hound’s pivotal role.\",\"docName\":\"3z3zlgnnsiuha76yy56h6uu71bh3q1\",\"editTime\":\"2025-11-10T14:57:41.133\",\"fileName\":\"3z3zlgnnsiuha76yy56h6uu71bh3q1.txt\",\"folder\":\"C:\\\\Users\\\\XiaoXinPro 16 IAH\\\\Desktop\\\\LRIA_llm_eval\\\\eval\\\\Quantum_e2e_v20251106\\\\Bvt1110\\\\bvtfiles\",\"id\":1987776371266555904,\"isDeleted\":0,\"isTmpFile\":false,\"labelNameList\":[\"History\",\"Report\",\"Text Document\"],\"lastModifyTime\":\"2025-09-17T09:45:00\",\"md5\":\"bb28043dd606535bdcaf1ee30346b0f9\",\"path\":\"C:\\\\Users\\\\XiaoXinPro 16 IAH\\\\Desktop\\\\LRIA_llm_eval\\\\eval\\\\Quantum_e2e_v20251106\\\\Bvt1110\\\\bvtfiles\\\\3z3zlgnnsiuha76yy56h6uu71bh3q1.txt\",\"previewPath\":\"c:\\\\users\\\\xiaoxinpro 16 iah\\\\documents\\\\qtcore\\\\pdffile\\\\e6e2343232ca421ef2da852a5f84548c.pdf\",\"priority\":4,\"score\":0.0,\"status\":\"COMPLETED\",\"tokenNum\":326,\"uriPath\":\"\"},{\"createTime\":\"2025-11-10T14:56:32.695\",\"description\":\"This document outlines the design method for evaluating AI face algorithms, focusing on test set collection and variable matrices. Key variables include head movements (pitch, yaw, roll), facial motions (mouth, eyebrow, eyelid), and lighting conditions (weak, medium, strong, uneven). Motion transfers involve horizontal and angular head movements, while expression transfers and optical flow are assessed under varied light environments. The evaluation uses only laptop cameras, with tools from Ruifeng for video input/output collection. Collection involves preparing 70 videos, at least 5 seconds each, covering head and facial movement variables and lighting conditions, with 10 videos per variable. Each variable should ideally have data from multiple participants, covering at least 7 individuals. Driving videos and output videos are compared to assess algorithm performance, using selected source images and ground truth from videos.\",\"docName\":\"AI_Face_Test_Set_Collection_Method_Design\",\"editTime\":\"2025-11-10T14:57:50.923\",\"fileName\":\"AI_Face_Test_Set_Collection_Method_Design.pptx\",\"folder\":\"C:\\\\Users\\\\XiaoXinPro 16 IAH\\\\Desktop\\\\LRIA_llm_eval\\\\eval\\\\Quantum_e2e_v20251106\\\\Bvt1110\\\\bvtfiles\",\"id\":1987776371388190720,\"isDeleted\":0,\"isTmpFile\":false,\"labelNameList\":[\"Technology\",\"Data Analysis\",\"Specifications\"],\"lastModifyTime\":\"2025-09-17T09:46:00\",\"md5\":\"b0f396e7936e0f6192cd880927e8e74b\",\"path\":\"C:\\\\Users\\\\XiaoXinPro 16 IAH\\\\Desktop\\\\LRIA_llm_eval\\\\eval\\\\Quantum_e2e_v20251106\\\\Bvt1110\\\\bvtfiles\\\\AI_Face_Test_Set_Collection_Method_Design.pptx\",\"previewPath\":\"c:\\\\users\\\\xiaoxinpro 16 iah\\\\documents\\\\qtcore\\\\pdffile\\\\5820f6ff633a3666eab35d871b69006b.pdf\",\"priority\":5,\"score\":0.0,\"status\":\"COMPLETED\",\"tokenNum\":432,\"uriPath\":\"\"},{\"createTime\":\"2025-11-10T14:56:32.726\",\"description\":\"This document provides an introduction to Linear Programming (LP), detailing its definition, historical development, solution methods, and strategies for testing LP solvers. LP focuses on optimizing a linear objective function subject to linear constraints, with solutions within a convex polyhedral feasible set. Mixed-Integer Programming (MIP) extends LP by allowing some variables to be integers, solved using techniques like Branch-and-Bound. The history covers key contributors: G.B. Dantzig (concept, Simplex Method), L.V. Kantorovich and T.C. Koopmans (Nobel Prize), L.G. Khachian (Ellipsoid Method), and N. Karmarkar (Interior-Point Method). Solution methods include enumeration, the Simplex Method (effective in practice but exponential in worst cases), and the Interior-Point Method (polynomial-time efficiency for large problems). LP solvers are tested using both benchmark and self-built test sets, including classic optimization models with varying size and structure. Testing approaches include handling unique, infinite, infeasible, and unbounded problems, using different coefficient scales and constraints to evaluate solver robustness and correctness.\",\"docName\":\"A_brief_introduction_of_LP_liutao21_20220615\",\"editTime\":\"2025-11-10T14:58:06.320\",\"fileName\":\"A_brief_introduction_of_LP_liutao21_20220615.pptx\",\"folder\":\"C:\\\\Users\\\\XiaoXinPro 16 IAH\\\\Desktop\\\\LRIA_llm_eval\\\\eval\\\\Quantum_e2e_v20251106\\\\Bvt1110\\\\bvtfiles\",\"id\":1987776371518214144,\"isDeleted\":0,\"isTmpFile\":false,\"labelNameList\":[\"Technology\",\"Specifications\",\"Training\"],\"lastModifyTime\":\"2025-09-17T09:46:00\",\"md5\":\"0dbb2532524843af54fb3388b7bf3381\",\"path\":\"C:\\\\Users\\\\XiaoXinPro 16 IAH\\\\Desktop\\\\LRIA_llm_eval\\\\eval\\\\Quantum_e2e_v20251106\\\\Bvt1110\\\\bvtfiles\\\\A_brief_introduction_of_LP_liutao21_20220615.pptx\",\"previewPath\":\"c:\\\\users\\\\xiaoxinpro 16 iah\\\\documents\\\\qtcore\\\\pdffile\\\\d590d120fc4bcc9bc01d308c3ad03c90.pdf\",\"priority\":6,\"score\":0.0,\"status\":\"COMPLETED\",\"tokenNum\":1297,\"uriPath\":\"\"},{\"createTime\":\"2025-11-10T14:56:32.800\",\"description\":\"This document provides an overview of Belfast English, its origins, and sociolinguistic investigations into language variation across different social networks in Belfast. Founded in 1603, Belfast grew rapidly in the 19th century due to industrialisation and migration following the Great Famine. The city's English evolved as an amalgamation of linguistic features from western Scotland, northern England, and unique local traits. Key sociolinguistic studies, particularly by James and Lesley Milroy, examined how language use in Belfast is influenced by social networks—ties within neighbourhoods that vary in density and multiplexity. Strong, dense networks (often working-class, with high solidarity) resist external linguistic norms, while loose networks (middle-class, status-oriented) tend to adopt standard speech. Detailed investigations were conducted in three areas: Ballymacarrett, Hammer, and Clonard, revealing differences in phonological variables (such as palatalisation, dental realisations, and vowel raising) that correlate with community structure, gender, and age. The Milroys highlighted the role of local linguistic norms in shaping identity and excluding outsiders, noting that vernacular speech retains unique markers not easily acquired by non-natives. Their research contributed to broader linguistic theory, illustrating the variation and rules within vernacular communities versus the standardized norms. The document is supported by a comprehensive set of academic references related to Belfast English and sociolinguistic research.\",\"docName\":\"Belfast-English\",\"editTime\":\"2025-11-10T14:58:22.145\",\"fileName\":\"Belfast-English.docx\",\"folder\":\"C:\\\\Users\\\\XiaoXinPro 16 IAH\\\\Desktop\\\\LRIA_llm_eval\\\\eval\\\\Quantum_e2e_v20251106\\\\Bvt1110\\\\bvtfiles\",\"id\":1987776371828592640,\"isDeleted\":0,\"isTmpFile\":false,\"labelNameList\":[\"History\",\"Data Analysis\",\"Research Paper\"],\"lastModifyTime\":\"2025-09-17T09:45:00\",\"md5\":\"3193e699ffa92db332ae31a9fb1d3cb4\",\"path\":\"C:\\\\Users\\\\XiaoXinPro 16 IAH\\\\Desktop\\\\LRIA_llm_eval\\\\eval\\\\Quantum_e2e_v20251106\\\\Bvt1110\\\\bvtfiles\\\\Belfast-English.docx\",\"previewPath\":\"c:\\\\users\\\\xiaoxinpro 16 iah\\\\documents\\\\qtcore\\\\pdffile\\\\7d62eed3de32f05711820c16bc2bd670.pdf\",\"priority\":7,\"score\":0.0,\"status\":\"COMPLETED\",\"tokenNum\":2989,\"uriPath\":\"\"},{\"createTime\":\"2025-11-10T14:56:32.823\",\"description\":\"\",\"docName\":\"\",\"editTime\":\"2025-11-10T14:58:17.612\",\"fileName\":\"British-Food-Culture.doc\",\"folder\":\"C:\\\\Users\\\\XiaoXinPro 16 IAH\\\\Desktop\\\\LRIA_llm_eval\\\\eval\\\\Quantum_e2e_v20251106\\\\Bvt1110\\\\bvtfiles\",\"id\":1987776371925061632,\"isDeleted\":0,\"isTmpFile\":false,\"labelNameList\":[],\"lastModifyTime\":\"2025-09-17T09:45:00\",\"md5\":\"435798f1c3377c7f5b71e18d733ca579\",\"path\":\"C:\\\\Users\\\\XiaoXinPro 16 IAH\\\\Desktop\\\\LRIA_llm_eval\\\\eval\\\\Quantum_e2e_v20251106\\\\Bvt1110\\\\bvtfiles\\\\British-Food-Culture.doc\",\"priority\":8,\"score\":0.0,\"status\":\"RUNNING\",\"tokenNum\":0,\"uriPath\":\"\"},{\"createTime\":\"2025-11-10T14:56:32.847\",\"description\":\"\",\"docName\":\"\",\"editTime\":\"2025-11-10T14:56:32.847\",\"errorDescription\":\"\",\"fileName\":\"Netflix Becomes a Broadway Producer With Peter Morgan’s Patriots.txt\",\"folder\":\"C:\\\\Users\\\\XiaoXinPro 16 IAH\\\\Desktop\\\\LRIA_llm_eval\\\\eval\\\\Quantum_e2e_v20251106\\\\Bvt1110\\\\bvtfiles\",\"id\":1987776372025724928,\"isDeleted\":0,\"isTmpFile\":false,\"labelNameList\":[],\"lastModifyTime\":\"2025-09-17T09:46:00\",\"md5\":\"ab84c46eaa62a18048fb0241446da4ca\",\"path\":\"C:\\\\Users\\\\XiaoXinPro 16 IAH\\\\Desktop\\\\LRIA_llm_eval\\\\eval\\\\Quantum_e2e_v20251106\\\\Bvt1110\\\\bvtfiles\\\\Netflix Becomes a Broadway Producer With Peter Morgan’s Patriots.txt\",\"priority\":9,\"score\":0.0,\"status\":\"ADDED\",\"tokenNum\":0,\"uriPath\":\"\"}]"}}
2025-11-10 14:58:22,749 - [Quantum_e2e_20251110.py:340] - [get_register_document] - INFO - 文档数量: 9
2025-11-10 14:58:22,750 - [Quantum_e2e_20251110.py:363] - [get_register_document] - INFO - 文档总数: 9, COMPLETED状态的文档数量: 7
2025-11-10 14:58:22,750 - [Quantum_e2e_20251110.py:395] - [get_register_document] - INFO - 仍有文档在处理中
2025-11-10 14:58:22,750 - [Quantum_e2e_20251110.py:1154] - [process_document_registration_only] - INFO - 文档仍在处理中，等待2秒后重试...
2025-11-10 14:58:24,759 - [Quantum_e2e_20251110.py:1145] - [process_document_registration_only] - INFO - 第52次检查文档处理状态...
2025-11-10 14:58:24,760 - [Quantum_e2e_20251110.py:289] - [get_register_document] - INFO - 检查文档注册状态...
2025-11-10 14:58:24,762 - [connectionpool.py:243] - [_new_conn] - DEBUG - Starting new HTTP connection (1): 127.0.0.1:35253
2025-11-10 14:58:24,765 - [connectionpool.py:546] - [_make_request] - DEBUG - http://127.0.0.1:35253 "POST /upload HTTP/11" 200 19
2025-11-10 14:58:24,766 - [Quantum_e2e_20251110.py:299] - [get_register_document] - INFO - 文档注册已用时间: 112.35秒 (01:52)
2025-11-10 14:58:24,767 - [Quantum_e2e_20251110.py:303] - [get_register_document] - INFO - 成功获取文档列表，upload_id: 5287040245471820287
2025-11-10 14:58:24,768 - [connectionpool.py:243] - [_new_conn] - DEBUG - Starting new HTTP connection (1): 127.0.0.1:35253
2025-11-10 14:58:24,774 - [connectionpool.py:546] - [_make_request] - DEBUG - http://127.0.0.1:35253 "GET /query?fileData=5287040245471820287 HTTP/11" 200 None
2025-11-10 14:58:24,899 - [Quantum_e2e_20251110.py:583] - [get_response_content_detailed] - INFO - 响应时间: 0.01秒
2025-11-10 14:58:24,900 - [Quantum_e2e_20251110.py:310] - [get_register_document] - INFO - 获取到的result_text: {"jobId":54,"status":"complete","data":{"text":"[{\"createTime\":\"2025-11-10T14:56:32.563\",\"description\":\"This paper studies the computational hardness of learning Boolean functions from label proportions (LLP), a machine learning setting where only aggregated label information within small subsets (bags) is available. LLP generalizes the PAC learning framework and is motivated by applications like privacy-preserving learning and domains with high labeling costs (e.g., medical imaging). The authors prove three main results: (1) It is NP-hard to learn an ℓ-clause CNF that satisfies any constant-fraction of bags when the underlying function is an OR, establishing hardness even for bags of size ≤2 and separating CNFs from halfspaces. (2) It is NP-hard to learn an ℓ-DNF that satisfies more than (1/2 + δ)-fraction of bags for any constant δ>0 and ℓ, ruling out constant-factor DNF approximations. (3) For parities, with bags of size ≤q, it is NP-hard to satisfy more than (q/2^{q-1} + δ)-fraction of the bags, with the hardness increasing exponentially in bag size. However, a randomized polynomial-time algorithm can achieve a (1/2^{q-2})-approximation for LLP parity learning. These findings show qualitative differences between the LLP and PAC settings: problems tractable in PAC (e.g., ORs, parities) become inapproximable in LLP. The results rely on reductions from Label Cover and Smooth Label Cover problems. Prior works are discussed, highlighting that LLP learnability has been far less explored compared to PAC learning. Applications include privacy and weak supervision scenarios.\",\"docName\":\"2403.19401\",\"editTime\":\"2025-11-10T14:57:36.527\",\"fileName\":\"2403.19401.pdf\",\"folder\":\"C:\\\\Users\\\\XiaoXinPro 16 IAH\\\\Desktop\\\\LRIA_llm_eval\\\\eval\\\\Quantum_e2e_v20251106\\\\Bvt1110\\\\bvtfiles\",\"id\":1987776370834542592,\"isDeleted\":0,\"isTmpFile\":false,\"labelNameList\":[\"Technology\",\"Data Analysis\",\"Research Paper\"],\"lastModifyTime\":\"2025-09-17T09:45:00\",\"md5\":\"4ff6ba88616fcf7a71d1dca6c9adc14c\",\"path\":\"C:\\\\Users\\\\XiaoXinPro 16 IAH\\\\Desktop\\\\LRIA_llm_eval\\\\eval\\\\Quantum_e2e_v20251106\\\\Bvt1110\\\\bvtfiles\\\\2403.19401.pdf\",\"previewPath\":\"c:\\\\users\\\\xiaoxinpro 16 iah\\\\documents\\\\qtcore\\\\pdffile\\\\b6e6995c4481f9cd5d6cfb8c79124693.pdf\",\"priority\":1,\"score\":0.0,\"status\":\"COMPLETED\",\"tokenNum\":14092,\"uriPath\":\"\"},{\"createTime\":\"2025-11-10T14:56:32.609\",\"description\":\"A One Day International (ODI) is a format of limited overs cricket played between teams with international status, typically consisting of 50 overs per side. Originating in the late twentieth century, the first ODI was played in 1971 between Australia and England after rain affected a Test match. Initially, ODIs featured white kits and a red ball. The late 1970s saw significant innovations through Kerry Packer's World Series Cricket, introducing colored uniforms, night games under floodlights using a white ball, and enhanced television broadcasts with multiple camera angles and audio effects. These changes increased professionalism in the sport, with international players receiving payments and TV rights shifting to Channel 9 in Australia. Over time, colored kits and the white ball became the norm, with the traditional white flannels and red ball phased out by 2001. ODIs are considered the pinnacle of List A cricket, with the format used in major tournaments like the Cricket World Cup.\",\"docName\":\"3nql1cs15r8aviz39pth2bpsr4zvy1\",\"editTime\":\"2025-11-10T14:57:34.270\",\"fileName\":\"3nql1cs15r8aviz39pth2bpsr4zvy1.txt\",\"folder\":\"C:\\\\Users\\\\XiaoXinPro 16 IAH\\\\Desktop\\\\LRIA_llm_eval\\\\eval\\\\Quantum_e2e_v20251106\\\\Bvt1110\\\\bvtfiles\",\"id\":1987776371027480576,\"isDeleted\":0,\"isTmpFile\":false,\"labelNameList\":[\"Sport\",\"Informational\",\"History\"],\"lastModifyTime\":\"2025-09-17T09:45:00\",\"md5\":\"da0c0f7162b267cca0de596df4c40c56\",\"path\":\"C:\\\\Users\\\\XiaoXinPro 16 IAH\\\\Desktop\\\\LRIA_llm_eval\\\\eval\\\\Quantum_e2e_v20251106\\\\Bvt1110\\\\bvtfiles\\\\3nql1cs15r8aviz39pth2bpsr4zvy1.txt\",\"previewPath\":\"c:\\\\users\\\\xiaoxinpro 16 iah\\\\documents\\\\qtcore\\\\pdffile\\\\db8ff9222bdd0e56ba076310ced4c747.pdf\",\"priority\":2,\"score\":0.0,\"status\":\"COMPLETED\",\"tokenNum\":402,\"uriPath\":\"\"},{\"createTime\":\"2025-11-10T14:56:32.639\",\"description\":\"Psychological identity encompasses self-image, self-esteem, and individuality, representing how individuals perceive themselves in the present, past, and future. According to Weinreich, identity is the totality of self-construal, reflecting continuity across time and aspirations. Ethnic identity, for example, is defined as the part of self-construal connecting ancestry and future goals in terms of ethnicity. The concept of identity is central to fields like psychology, sociology, and anthropology, requiring frameworks that address both unique personal attributes and shifting group affiliations. Weinreich’s Identity Structure Analysis (ISA) provides a structural approach to mapping identity, focusing on stable relationships between the self and others within socio-cultural contexts. ISA utilizes constructs from individual experience, group dynamics, and cultural norms, offering a methodology for analyzing how individuals use these elements to evaluate themselves, others, and institutions over time and in varying circumstances.\",\"docName\":\"3u84xhcdicdb6vqtlfud7syhj444z2\",\"editTime\":\"2025-11-10T14:57:38.411\",\"fileName\":\"3u84xhcdicdb6vqtlfud7syhj444z2.txt\",\"folder\":\"C:\\\\Users\\\\XiaoXinPro 16 IAH\\\\Desktop\\\\LRIA_llm_eval\\\\eval\\\\Quantum_e2e_v20251106\\\\Bvt1110\\\\bvtfiles\",\"id\":1987776371153309696,\"isDeleted\":0,\"isTmpFile\":false,\"labelNameList\":[\"Informational\",\"Research Paper\",\"Psychology\"],\"lastModifyTime\":\"2025-09-17T09:45:00\",\"md5\":\"a80f0ad4af9fd250a462680c85e6fbf0\",\"path\":\"C:\\\\Users\\\\XiaoXinPro 16 IAH\\\\Desktop\\\\LRIA_llm_eval\\\\eval\\\\Quantum_e2e_v20251106\\\\Bvt1110\\\\bvtfiles\\\\3u84xhcdicdb6vqtlfud7syhj444z2.txt\",\"previewPath\":\"c:\\\\users\\\\xiaoxinpro 16 iah\\\\documents\\\\qtcore\\\\pdffile\\\\4bb6e885c6b375f7991ed237ae550f5a.pdf\",\"priority\":3,\"score\":0.0,\"status\":\"COMPLETED\",\"tokenNum\":414,\"uriPath\":\"\"},{\"createTime\":\"2025-11-10T14:56:32.666\",\"description\":\"Archie receives orders to join the earl and a large group of soldiers in pursuit of Bruce after a traitor reveals Bruce’s recent whereabouts. Despite his reluctance, Archie prepares to lead the party using Hector, the hound, whose tracking skills are crucial for the search. Archie contemplates killing the hound and fleeing if they get close to Bruce, though escape seems unlikely given the number of mounted men. Guided by a local peasant, the group reaches a cottage five miles away where Hector becomes highly excited, thoroughly investigating the area before decisively taking up Bruce’s trail. Archie struggles to control the eager hound, who pulls hard on the chain. He cautions Pembroke, the earl, to keep the knights and soldiers at a distance, noting that their noise further agitates Hector and makes the dog harder to manage. The narrative details the tension and urgency of the pursuit, highlighting Archie’s internal conflict and the hound’s pivotal role.\",\"docName\":\"3z3zlgnnsiuha76yy56h6uu71bh3q1\",\"editTime\":\"2025-11-10T14:57:41.133\",\"fileName\":\"3z3zlgnnsiuha76yy56h6uu71bh3q1.txt\",\"folder\":\"C:\\\\Users\\\\XiaoXinPro 16 IAH\\\\Desktop\\\\LRIA_llm_eval\\\\eval\\\\Quantum_e2e_v20251106\\\\Bvt1110\\\\bvtfiles\",\"id\":1987776371266555904,\"isDeleted\":0,\"isTmpFile\":false,\"labelNameList\":[\"History\",\"Report\",\"Text Document\"],\"lastModifyTime\":\"2025-09-17T09:45:00\",\"md5\":\"bb28043dd606535bdcaf1ee30346b0f9\",\"path\":\"C:\\\\Users\\\\XiaoXinPro 16 IAH\\\\Desktop\\\\LRIA_llm_eval\\\\eval\\\\Quantum_e2e_v20251106\\\\Bvt1110\\\\bvtfiles\\\\3z3zlgnnsiuha76yy56h6uu71bh3q1.txt\",\"previewPath\":\"c:\\\\users\\\\xiaoxinpro 16 iah\\\\documents\\\\qtcore\\\\pdffile\\\\e6e2343232ca421ef2da852a5f84548c.pdf\",\"priority\":4,\"score\":0.0,\"status\":\"COMPLETED\",\"tokenNum\":326,\"uriPath\":\"\"},{\"createTime\":\"2025-11-10T14:56:32.695\",\"description\":\"This document outlines the design method for evaluating AI face algorithms, focusing on test set collection and variable matrices. Key variables include head movements (pitch, yaw, roll), facial motions (mouth, eyebrow, eyelid), and lighting conditions (weak, medium, strong, uneven). Motion transfers involve horizontal and angular head movements, while expression transfers and optical flow are assessed under varied light environments. The evaluation uses only laptop cameras, with tools from Ruifeng for video input/output collection. Collection involves preparing 70 videos, at least 5 seconds each, covering head and facial movement variables and lighting conditions, with 10 videos per variable. Each variable should ideally have data from multiple participants, covering at least 7 individuals. Driving videos and output videos are compared to assess algorithm performance, using selected source images and ground truth from videos.\",\"docName\":\"AI_Face_Test_Set_Collection_Method_Design\",\"editTime\":\"2025-11-10T14:57:50.923\",\"fileName\":\"AI_Face_Test_Set_Collection_Method_Design.pptx\",\"folder\":\"C:\\\\Users\\\\XiaoXinPro 16 IAH\\\\Desktop\\\\LRIA_llm_eval\\\\eval\\\\Quantum_e2e_v20251106\\\\Bvt1110\\\\bvtfiles\",\"id\":1987776371388190720,\"isDeleted\":0,\"isTmpFile\":false,\"labelNameList\":[\"Technology\",\"Data Analysis\",\"Specifications\"],\"lastModifyTime\":\"2025-09-17T09:46:00\",\"md5\":\"b0f396e7936e0f6192cd880927e8e74b\",\"path\":\"C:\\\\Users\\\\XiaoXinPro 16 IAH\\\\Desktop\\\\LRIA_llm_eval\\\\eval\\\\Quantum_e2e_v20251106\\\\Bvt1110\\\\bvtfiles\\\\AI_Face_Test_Set_Collection_Method_Design.pptx\",\"previewPath\":\"c:\\\\users\\\\xiaoxinpro 16 iah\\\\documents\\\\qtcore\\\\pdffile\\\\5820f6ff633a3666eab35d871b69006b.pdf\",\"priority\":5,\"score\":0.0,\"status\":\"COMPLETED\",\"tokenNum\":432,\"uriPath\":\"\"},{\"createTime\":\"2025-11-10T14:56:32.726\",\"description\":\"This document provides an introduction to Linear Programming (LP), detailing its definition, historical development, solution methods, and strategies for testing LP solvers. LP focuses on optimizing a linear objective function subject to linear constraints, with solutions within a convex polyhedral feasible set. Mixed-Integer Programming (MIP) extends LP by allowing some variables to be integers, solved using techniques like Branch-and-Bound. The history covers key contributors: G.B. Dantzig (concept, Simplex Method), L.V. Kantorovich and T.C. Koopmans (Nobel Prize), L.G. Khachian (Ellipsoid Method), and N. Karmarkar (Interior-Point Method). Solution methods include enumeration, the Simplex Method (effective in practice but exponential in worst cases), and the Interior-Point Method (polynomial-time efficiency for large problems). LP solvers are tested using both benchmark and self-built test sets, including classic optimization models with varying size and structure. Testing approaches include handling unique, infinite, infeasible, and unbounded problems, using different coefficient scales and constraints to evaluate solver robustness and correctness.\",\"docName\":\"A_brief_introduction_of_LP_liutao21_20220615\",\"editTime\":\"2025-11-10T14:58:06.320\",\"fileName\":\"A_brief_introduction_of_LP_liutao21_20220615.pptx\",\"folder\":\"C:\\\\Users\\\\XiaoXinPro 16 IAH\\\\Desktop\\\\LRIA_llm_eval\\\\eval\\\\Quantum_e2e_v20251106\\\\Bvt1110\\\\bvtfiles\",\"id\":1987776371518214144,\"isDeleted\":0,\"isTmpFile\":false,\"labelNameList\":[\"Technology\",\"Specifications\",\"Training\"],\"lastModifyTime\":\"2025-09-17T09:46:00\",\"md5\":\"0dbb2532524843af54fb3388b7bf3381\",\"path\":\"C:\\\\Users\\\\XiaoXinPro 16 IAH\\\\Desktop\\\\LRIA_llm_eval\\\\eval\\\\Quantum_e2e_v20251106\\\\Bvt1110\\\\bvtfiles\\\\A_brief_introduction_of_LP_liutao21_20220615.pptx\",\"previewPath\":\"c:\\\\users\\\\xiaoxinpro 16 iah\\\\documents\\\\qtcore\\\\pdffile\\\\d590d120fc4bcc9bc01d308c3ad03c90.pdf\",\"priority\":6,\"score\":0.0,\"status\":\"COMPLETED\",\"tokenNum\":1297,\"uriPath\":\"\"},{\"createTime\":\"2025-11-10T14:56:32.800\",\"description\":\"This document provides an overview of Belfast English, its origins, and sociolinguistic investigations into language variation across different social networks in Belfast. Founded in 1603, Belfast grew rapidly in the 19th century due to industrialisation and migration following the Great Famine. The city's English evolved as an amalgamation of linguistic features from western Scotland, northern England, and unique local traits. Key sociolinguistic studies, particularly by James and Lesley Milroy, examined how language use in Belfast is influenced by social networks—ties within neighbourhoods that vary in density and multiplexity. Strong, dense networks (often working-class, with high solidarity) resist external linguistic norms, while loose networks (middle-class, status-oriented) tend to adopt standard speech. Detailed investigations were conducted in three areas: Ballymacarrett, Hammer, and Clonard, revealing differences in phonological variables (such as palatalisation, dental realisations, and vowel raising) that correlate with community structure, gender, and age. The Milroys highlighted the role of local linguistic norms in shaping identity and excluding outsiders, noting that vernacular speech retains unique markers not easily acquired by non-natives. Their research contributed to broader linguistic theory, illustrating the variation and rules within vernacular communities versus the standardized norms. The document is supported by a comprehensive set of academic references related to Belfast English and sociolinguistic research.\",\"docName\":\"Belfast-English\",\"editTime\":\"2025-11-10T14:58:22.145\",\"fileName\":\"Belfast-English.docx\",\"folder\":\"C:\\\\Users\\\\XiaoXinPro 16 IAH\\\\Desktop\\\\LRIA_llm_eval\\\\eval\\\\Quantum_e2e_v20251106\\\\Bvt1110\\\\bvtfiles\",\"id\":1987776371828592640,\"isDeleted\":0,\"isTmpFile\":false,\"labelNameList\":[\"History\",\"Data Analysis\",\"Research Paper\"],\"lastModifyTime\":\"2025-09-17T09:45:00\",\"md5\":\"3193e699ffa92db332ae31a9fb1d3cb4\",\"path\":\"C:\\\\Users\\\\XiaoXinPro 16 IAH\\\\Desktop\\\\LRIA_llm_eval\\\\eval\\\\Quantum_e2e_v20251106\\\\Bvt1110\\\\bvtfiles\\\\Belfast-English.docx\",\"previewPath\":\"c:\\\\users\\\\xiaoxinpro 16 iah\\\\documents\\\\qtcore\\\\pdffile\\\\7d62eed3de32f05711820c16bc2bd670.pdf\",\"priority\":7,\"score\":0.0,\"status\":\"COMPLETED\",\"tokenNum\":2989,\"uriPath\":\"\"},{\"createTime\":\"2025-11-10T14:56:32.823\",\"description\":\"\",\"docName\":\"\",\"editTime\":\"2025-11-10T14:58:17.612\",\"fileName\":\"British-Food-Culture.doc\",\"folder\":\"C:\\\\Users\\\\XiaoXinPro 16 IAH\\\\Desktop\\\\LRIA_llm_eval\\\\eval\\\\Quantum_e2e_v20251106\\\\Bvt1110\\\\bvtfiles\",\"id\":1987776371925061632,\"isDeleted\":0,\"isTmpFile\":false,\"labelNameList\":[],\"lastModifyTime\":\"2025-09-17T09:45:00\",\"md5\":\"435798f1c3377c7f5b71e18d733ca579\",\"path\":\"C:\\\\Users\\\\XiaoXinPro 16 IAH\\\\Desktop\\\\LRIA_llm_eval\\\\eval\\\\Quantum_e2e_v20251106\\\\Bvt1110\\\\bvtfiles\\\\British-Food-Culture.doc\",\"priority\":8,\"score\":0.0,\"status\":\"RUNNING\",\"tokenNum\":0,\"uriPath\":\"\"},{\"createTime\":\"2025-11-10T14:56:32.847\",\"description\":\"\",\"docName\":\"\",\"editTime\":\"2025-11-10T14:56:32.847\",\"errorDescription\":\"\",\"fileName\":\"Netflix Becomes a Broadway Producer With Peter Morgan’s Patriots.txt\",\"folder\":\"C:\\\\Users\\\\XiaoXinPro 16 IAH\\\\Desktop\\\\LRIA_llm_eval\\\\eval\\\\Quantum_e2e_v20251106\\\\Bvt1110\\\\bvtfiles\",\"id\":1987776372025724928,\"isDeleted\":0,\"isTmpFile\":false,\"labelNameList\":[],\"lastModifyTime\":\"2025-09-17T09:46:00\",\"md5\":\"ab84c46eaa62a18048fb0241446da4ca\",\"path\":\"C:\\\\Users\\\\XiaoXinPro 16 IAH\\\\Desktop\\\\LRIA_llm_eval\\\\eval\\\\Quantum_e2e_v20251106\\\\Bvt1110\\\\bvtfiles\\\\Netflix Becomes a Broadway Producer With Peter Morgan’s Patriots.txt\",\"priority\":9,\"score\":0.0,\"status\":\"ADDED\",\"tokenNum\":0,\"uriPath\":\"\"}]"}}
2025-11-10 14:58:24,901 - [Quantum_e2e_20251110.py:340] - [get_register_document] - INFO - 文档数量: 9
2025-11-10 14:58:24,901 - [Quantum_e2e_20251110.py:363] - [get_register_document] - INFO - 文档总数: 9, COMPLETED状态的文档数量: 7
2025-11-10 14:58:24,902 - [Quantum_e2e_20251110.py:395] - [get_register_document] - INFO - 仍有文档在处理中
2025-11-10 14:58:24,902 - [Quantum_e2e_20251110.py:1154] - [process_document_registration_only] - INFO - 文档仍在处理中，等待2秒后重试...
2025-11-10 14:58:26,906 - [Quantum_e2e_20251110.py:1145] - [process_document_registration_only] - INFO - 第53次检查文档处理状态...
2025-11-10 14:58:26,906 - [Quantum_e2e_20251110.py:289] - [get_register_document] - INFO - 检查文档注册状态...
2025-11-10 14:58:26,909 - [connectionpool.py:243] - [_new_conn] - DEBUG - Starting new HTTP connection (1): 127.0.0.1:35253
2025-11-10 14:58:26,911 - [connectionpool.py:546] - [_make_request] - DEBUG - http://127.0.0.1:35253 "POST /upload HTTP/11" 200 19
2025-11-10 14:58:26,912 - [Quantum_e2e_20251110.py:299] - [get_register_document] - INFO - 文档注册已用时间: 114.50秒 (01:54)
2025-11-10 14:58:26,912 - [Quantum_e2e_20251110.py:303] - [get_register_document] - INFO - 成功获取文档列表，upload_id: 5874100839836494561
2025-11-10 14:58:26,914 - [connectionpool.py:243] - [_new_conn] - DEBUG - Starting new HTTP connection (1): 127.0.0.1:35253
2025-11-10 14:58:26,922 - [connectionpool.py:546] - [_make_request] - DEBUG - http://127.0.0.1:35253 "GET /query?fileData=5874100839836494561 HTTP/11" 200 None
2025-11-10 14:58:27,031 - [Quantum_e2e_20251110.py:583] - [get_response_content_detailed] - INFO - 响应时间: 0.01秒
2025-11-10 14:58:27,031 - [Quantum_e2e_20251110.py:310] - [get_register_document] - INFO - 获取到的result_text: {"jobId":55,"status":"complete","data":{"text":"[{\"createTime\":\"2025-11-10T14:56:32.563\",\"description\":\"This paper studies the computational hardness of learning Boolean functions from label proportions (LLP), a machine learning setting where only aggregated label information within small subsets (bags) is available. LLP generalizes the PAC learning framework and is motivated by applications like privacy-preserving learning and domains with high labeling costs (e.g., medical imaging). The authors prove three main results: (1) It is NP-hard to learn an ℓ-clause CNF that satisfies any constant-fraction of bags when the underlying function is an OR, establishing hardness even for bags of size ≤2 and separating CNFs from halfspaces. (2) It is NP-hard to learn an ℓ-DNF that satisfies more than (1/2 + δ)-fraction of bags for any constant δ>0 and ℓ, ruling out constant-factor DNF approximations. (3) For parities, with bags of size ≤q, it is NP-hard to satisfy more than (q/2^{q-1} + δ)-fraction of the bags, with the hardness increasing exponentially in bag size. However, a randomized polynomial-time algorithm can achieve a (1/2^{q-2})-approximation for LLP parity learning. These findings show qualitative differences between the LLP and PAC settings: problems tractable in PAC (e.g., ORs, parities) become inapproximable in LLP. The results rely on reductions from Label Cover and Smooth Label Cover problems. Prior works are discussed, highlighting that LLP learnability has been far less explored compared to PAC learning. Applications include privacy and weak supervision scenarios.\",\"docName\":\"2403.19401\",\"editTime\":\"2025-11-10T14:57:36.527\",\"fileName\":\"2403.19401.pdf\",\"folder\":\"C:\\\\Users\\\\XiaoXinPro 16 IAH\\\\Desktop\\\\LRIA_llm_eval\\\\eval\\\\Quantum_e2e_v20251106\\\\Bvt1110\\\\bvtfiles\",\"id\":1987776370834542592,\"isDeleted\":0,\"isTmpFile\":false,\"labelNameList\":[\"Technology\",\"Data Analysis\",\"Research Paper\"],\"lastModifyTime\":\"2025-09-17T09:45:00\",\"md5\":\"4ff6ba88616fcf7a71d1dca6c9adc14c\",\"path\":\"C:\\\\Users\\\\XiaoXinPro 16 IAH\\\\Desktop\\\\LRIA_llm_eval\\\\eval\\\\Quantum_e2e_v20251106\\\\Bvt1110\\\\bvtfiles\\\\2403.19401.pdf\",\"previewPath\":\"c:\\\\users\\\\xiaoxinpro 16 iah\\\\documents\\\\qtcore\\\\pdffile\\\\b6e6995c4481f9cd5d6cfb8c79124693.pdf\",\"priority\":1,\"score\":0.0,\"status\":\"COMPLETED\",\"tokenNum\":14092,\"uriPath\":\"\"},{\"createTime\":\"2025-11-10T14:56:32.609\",\"description\":\"A One Day International (ODI) is a format of limited overs cricket played between teams with international status, typically consisting of 50 overs per side. Originating in the late twentieth century, the first ODI was played in 1971 between Australia and England after rain affected a Test match. Initially, ODIs featured white kits and a red ball. The late 1970s saw significant innovations through Kerry Packer's World Series Cricket, introducing colored uniforms, night games under floodlights using a white ball, and enhanced television broadcasts with multiple camera angles and audio effects. These changes increased professionalism in the sport, with international players receiving payments and TV rights shifting to Channel 9 in Australia. Over time, colored kits and the white ball became the norm, with the traditional white flannels and red ball phased out by 2001. ODIs are considered the pinnacle of List A cricket, with the format used in major tournaments like the Cricket World Cup.\",\"docName\":\"3nql1cs15r8aviz39pth2bpsr4zvy1\",\"editTime\":\"2025-11-10T14:57:34.270\",\"fileName\":\"3nql1cs15r8aviz39pth2bpsr4zvy1.txt\",\"folder\":\"C:\\\\Users\\\\XiaoXinPro 16 IAH\\\\Desktop\\\\LRIA_llm_eval\\\\eval\\\\Quantum_e2e_v20251106\\\\Bvt1110\\\\bvtfiles\",\"id\":1987776371027480576,\"isDeleted\":0,\"isTmpFile\":false,\"labelNameList\":[\"Sport\",\"Informational\",\"History\"],\"lastModifyTime\":\"2025-09-17T09:45:00\",\"md5\":\"da0c0f7162b267cca0de596df4c40c56\",\"path\":\"C:\\\\Users\\\\XiaoXinPro 16 IAH\\\\Desktop\\\\LRIA_llm_eval\\\\eval\\\\Quantum_e2e_v20251106\\\\Bvt1110\\\\bvtfiles\\\\3nql1cs15r8aviz39pth2bpsr4zvy1.txt\",\"previewPath\":\"c:\\\\users\\\\xiaoxinpro 16 iah\\\\documents\\\\qtcore\\\\pdffile\\\\db8ff9222bdd0e56ba076310ced4c747.pdf\",\"priority\":2,\"score\":0.0,\"status\":\"COMPLETED\",\"tokenNum\":402,\"uriPath\":\"\"},{\"createTime\":\"2025-11-10T14:56:32.639\",\"description\":\"Psychological identity encompasses self-image, self-esteem, and individuality, representing how individuals perceive themselves in the present, past, and future. According to Weinreich, identity is the totality of self-construal, reflecting continuity across time and aspirations. Ethnic identity, for example, is defined as the part of self-construal connecting ancestry and future goals in terms of ethnicity. The concept of identity is central to fields like psychology, sociology, and anthropology, requiring frameworks that address both unique personal attributes and shifting group affiliations. Weinreich’s Identity Structure Analysis (ISA) provides a structural approach to mapping identity, focusing on stable relationships between the self and others within socio-cultural contexts. ISA utilizes constructs from individual experience, group dynamics, and cultural norms, offering a methodology for analyzing how individuals use these elements to evaluate themselves, others, and institutions over time and in varying circumstances.\",\"docName\":\"3u84xhcdicdb6vqtlfud7syhj444z2\",\"editTime\":\"2025-11-10T14:57:38.411\",\"fileName\":\"3u84xhcdicdb6vqtlfud7syhj444z2.txt\",\"folder\":\"C:\\\\Users\\\\XiaoXinPro 16 IAH\\\\Desktop\\\\LRIA_llm_eval\\\\eval\\\\Quantum_e2e_v20251106\\\\Bvt1110\\\\bvtfiles\",\"id\":1987776371153309696,\"isDeleted\":0,\"isTmpFile\":false,\"labelNameList\":[\"Informational\",\"Research Paper\",\"Psychology\"],\"lastModifyTime\":\"2025-09-17T09:45:00\",\"md5\":\"a80f0ad4af9fd250a462680c85e6fbf0\",\"path\":\"C:\\\\Users\\\\XiaoXinPro 16 IAH\\\\Desktop\\\\LRIA_llm_eval\\\\eval\\\\Quantum_e2e_v20251106\\\\Bvt1110\\\\bvtfiles\\\\3u84xhcdicdb6vqtlfud7syhj444z2.txt\",\"previewPath\":\"c:\\\\users\\\\xiaoxinpro 16 iah\\\\documents\\\\qtcore\\\\pdffile\\\\4bb6e885c6b375f7991ed237ae550f5a.pdf\",\"priority\":3,\"score\":0.0,\"status\":\"COMPLETED\",\"tokenNum\":414,\"uriPath\":\"\"},{\"createTime\":\"2025-11-10T14:56:32.666\",\"description\":\"Archie receives orders to join the earl and a large group of soldiers in pursuit of Bruce after a traitor reveals Bruce’s recent whereabouts. Despite his reluctance, Archie prepares to lead the party using Hector, the hound, whose tracking skills are crucial for the search. Archie contemplates killing the hound and fleeing if they get close to Bruce, though escape seems unlikely given the number of mounted men. Guided by a local peasant, the group reaches a cottage five miles away where Hector becomes highly excited, thoroughly investigating the area before decisively taking up Bruce’s trail. Archie struggles to control the eager hound, who pulls hard on the chain. He cautions Pembroke, the earl, to keep the knights and soldiers at a distance, noting that their noise further agitates Hector and makes the dog harder to manage. The narrative details the tension and urgency of the pursuit, highlighting Archie’s internal conflict and the hound’s pivotal role.\",\"docName\":\"3z3zlgnnsiuha76yy56h6uu71bh3q1\",\"editTime\":\"2025-11-10T14:57:41.133\",\"fileName\":\"3z3zlgnnsiuha76yy56h6uu71bh3q1.txt\",\"folder\":\"C:\\\\Users\\\\XiaoXinPro 16 IAH\\\\Desktop\\\\LRIA_llm_eval\\\\eval\\\\Quantum_e2e_v20251106\\\\Bvt1110\\\\bvtfiles\",\"id\":1987776371266555904,\"isDeleted\":0,\"isTmpFile\":false,\"labelNameList\":[\"History\",\"Report\",\"Text Document\"],\"lastModifyTime\":\"2025-09-17T09:45:00\",\"md5\":\"bb28043dd606535bdcaf1ee30346b0f9\",\"path\":\"C:\\\\Users\\\\XiaoXinPro 16 IAH\\\\Desktop\\\\LRIA_llm_eval\\\\eval\\\\Quantum_e2e_v20251106\\\\Bvt1110\\\\bvtfiles\\\\3z3zlgnnsiuha76yy56h6uu71bh3q1.txt\",\"previewPath\":\"c:\\\\users\\\\xiaoxinpro 16 iah\\\\documents\\\\qtcore\\\\pdffile\\\\e6e2343232ca421ef2da852a5f84548c.pdf\",\"priority\":4,\"score\":0.0,\"status\":\"COMPLETED\",\"tokenNum\":326,\"uriPath\":\"\"},{\"createTime\":\"2025-11-10T14:56:32.695\",\"description\":\"This document outlines the design method for evaluating AI face algorithms, focusing on test set collection and variable matrices. Key variables include head movements (pitch, yaw, roll), facial motions (mouth, eyebrow, eyelid), and lighting conditions (weak, medium, strong, uneven). Motion transfers involve horizontal and angular head movements, while expression transfers and optical flow are assessed under varied light environments. The evaluation uses only laptop cameras, with tools from Ruifeng for video input/output collection. Collection involves preparing 70 videos, at least 5 seconds each, covering head and facial movement variables and lighting conditions, with 10 videos per variable. Each variable should ideally have data from multiple participants, covering at least 7 individuals. Driving videos and output videos are compared to assess algorithm performance, using selected source images and ground truth from videos.\",\"docName\":\"AI_Face_Test_Set_Collection_Method_Design\",\"editTime\":\"2025-11-10T14:57:50.923\",\"fileName\":\"AI_Face_Test_Set_Collection_Method_Design.pptx\",\"folder\":\"C:\\\\Users\\\\XiaoXinPro 16 IAH\\\\Desktop\\\\LRIA_llm_eval\\\\eval\\\\Quantum_e2e_v20251106\\\\Bvt1110\\\\bvtfiles\",\"id\":1987776371388190720,\"isDeleted\":0,\"isTmpFile\":false,\"labelNameList\":[\"Technology\",\"Data Analysis\",\"Specifications\"],\"lastModifyTime\":\"2025-09-17T09:46:00\",\"md5\":\"b0f396e7936e0f6192cd880927e8e74b\",\"path\":\"C:\\\\Users\\\\XiaoXinPro 16 IAH\\\\Desktop\\\\LRIA_llm_eval\\\\eval\\\\Quantum_e2e_v20251106\\\\Bvt1110\\\\bvtfiles\\\\AI_Face_Test_Set_Collection_Method_Design.pptx\",\"previewPath\":\"c:\\\\users\\\\xiaoxinpro 16 iah\\\\documents\\\\qtcore\\\\pdffile\\\\5820f6ff633a3666eab35d871b69006b.pdf\",\"priority\":5,\"score\":0.0,\"status\":\"COMPLETED\",\"tokenNum\":432,\"uriPath\":\"\"},{\"createTime\":\"2025-11-10T14:56:32.726\",\"description\":\"This document provides an introduction to Linear Programming (LP), detailing its definition, historical development, solution methods, and strategies for testing LP solvers. LP focuses on optimizing a linear objective function subject to linear constraints, with solutions within a convex polyhedral feasible set. Mixed-Integer Programming (MIP) extends LP by allowing some variables to be integers, solved using techniques like Branch-and-Bound. The history covers key contributors: G.B. Dantzig (concept, Simplex Method), L.V. Kantorovich and T.C. Koopmans (Nobel Prize), L.G. Khachian (Ellipsoid Method), and N. Karmarkar (Interior-Point Method). Solution methods include enumeration, the Simplex Method (effective in practice but exponential in worst cases), and the Interior-Point Method (polynomial-time efficiency for large problems). LP solvers are tested using both benchmark and self-built test sets, including classic optimization models with varying size and structure. Testing approaches include handling unique, infinite, infeasible, and unbounded problems, using different coefficient scales and constraints to evaluate solver robustness and correctness.\",\"docName\":\"A_brief_introduction_of_LP_liutao21_20220615\",\"editTime\":\"2025-11-10T14:58:06.320\",\"fileName\":\"A_brief_introduction_of_LP_liutao21_20220615.pptx\",\"folder\":\"C:\\\\Users\\\\XiaoXinPro 16 IAH\\\\Desktop\\\\LRIA_llm_eval\\\\eval\\\\Quantum_e2e_v20251106\\\\Bvt1110\\\\bvtfiles\",\"id\":1987776371518214144,\"isDeleted\":0,\"isTmpFile\":false,\"labelNameList\":[\"Technology\",\"Specifications\",\"Training\"],\"lastModifyTime\":\"2025-09-17T09:46:00\",\"md5\":\"0dbb2532524843af54fb3388b7bf3381\",\"path\":\"C:\\\\Users\\\\XiaoXinPro 16 IAH\\\\Desktop\\\\LRIA_llm_eval\\\\eval\\\\Quantum_e2e_v20251106\\\\Bvt1110\\\\bvtfiles\\\\A_brief_introduction_of_LP_liutao21_20220615.pptx\",\"previewPath\":\"c:\\\\users\\\\xiaoxinpro 16 iah\\\\documents\\\\qtcore\\\\pdffile\\\\d590d120fc4bcc9bc01d308c3ad03c90.pdf\",\"priority\":6,\"score\":0.0,\"status\":\"COMPLETED\",\"tokenNum\":1297,\"uriPath\":\"\"},{\"createTime\":\"2025-11-10T14:56:32.800\",\"description\":\"This document provides an overview of Belfast English, its origins, and sociolinguistic investigations into language variation across different social networks in Belfast. Founded in 1603, Belfast grew rapidly in the 19th century due to industrialisation and migration following the Great Famine. The city's English evolved as an amalgamation of linguistic features from western Scotland, northern England, and unique local traits. Key sociolinguistic studies, particularly by James and Lesley Milroy, examined how language use in Belfast is influenced by social networks—ties within neighbourhoods that vary in density and multiplexity. Strong, dense networks (often working-class, with high solidarity) resist external linguistic norms, while loose networks (middle-class, status-oriented) tend to adopt standard speech. Detailed investigations were conducted in three areas: Ballymacarrett, Hammer, and Clonard, revealing differences in phonological variables (such as palatalisation, dental realisations, and vowel raising) that correlate with community structure, gender, and age. The Milroys highlighted the role of local linguistic norms in shaping identity and excluding outsiders, noting that vernacular speech retains unique markers not easily acquired by non-natives. Their research contributed to broader linguistic theory, illustrating the variation and rules within vernacular communities versus the standardized norms. The document is supported by a comprehensive set of academic references related to Belfast English and sociolinguistic research.\",\"docName\":\"Belfast-English\",\"editTime\":\"2025-11-10T14:58:22.145\",\"fileName\":\"Belfast-English.docx\",\"folder\":\"C:\\\\Users\\\\XiaoXinPro 16 IAH\\\\Desktop\\\\LRIA_llm_eval\\\\eval\\\\Quantum_e2e_v20251106\\\\Bvt1110\\\\bvtfiles\",\"id\":1987776371828592640,\"isDeleted\":0,\"isTmpFile\":false,\"labelNameList\":[\"History\",\"Data Analysis\",\"Research Paper\"],\"lastModifyTime\":\"2025-09-17T09:45:00\",\"md5\":\"3193e699ffa92db332ae31a9fb1d3cb4\",\"path\":\"C:\\\\Users\\\\XiaoXinPro 16 IAH\\\\Desktop\\\\LRIA_llm_eval\\\\eval\\\\Quantum_e2e_v20251106\\\\Bvt1110\\\\bvtfiles\\\\Belfast-English.docx\",\"previewPath\":\"c:\\\\users\\\\xiaoxinpro 16 iah\\\\documents\\\\qtcore\\\\pdffile\\\\7d62eed3de32f05711820c16bc2bd670.pdf\",\"priority\":7,\"score\":0.0,\"status\":\"COMPLETED\",\"tokenNum\":2989,\"uriPath\":\"\"},{\"createTime\":\"2025-11-10T14:56:32.823\",\"description\":\"\",\"docName\":\"\",\"editTime\":\"2025-11-10T14:58:17.612\",\"fileName\":\"British-Food-Culture.doc\",\"folder\":\"C:\\\\Users\\\\XiaoXinPro 16 IAH\\\\Desktop\\\\LRIA_llm_eval\\\\eval\\\\Quantum_e2e_v20251106\\\\Bvt1110\\\\bvtfiles\",\"id\":1987776371925061632,\"isDeleted\":0,\"isTmpFile\":false,\"labelNameList\":[],\"lastModifyTime\":\"2025-09-17T09:45:00\",\"md5\":\"435798f1c3377c7f5b71e18d733ca579\",\"path\":\"C:\\\\Users\\\\XiaoXinPro 16 IAH\\\\Desktop\\\\LRIA_llm_eval\\\\eval\\\\Quantum_e2e_v20251106\\\\Bvt1110\\\\bvtfiles\\\\British-Food-Culture.doc\",\"priority\":8,\"score\":0.0,\"status\":\"RUNNING\",\"tokenNum\":0,\"uriPath\":\"\"},{\"createTime\":\"2025-11-10T14:56:32.847\",\"description\":\"\",\"docName\":\"\",\"editTime\":\"2025-11-10T14:56:32.847\",\"errorDescription\":\"\",\"fileName\":\"Netflix Becomes a Broadway Producer With Peter Morgan’s Patriots.txt\",\"folder\":\"C:\\\\Users\\\\XiaoXinPro 16 IAH\\\\Desktop\\\\LRIA_llm_eval\\\\eval\\\\Quantum_e2e_v20251106\\\\Bvt1110\\\\bvtfiles\",\"id\":1987776372025724928,\"isDeleted\":0,\"isTmpFile\":false,\"labelNameList\":[],\"lastModifyTime\":\"2025-09-17T09:46:00\",\"md5\":\"ab84c46eaa62a18048fb0241446da4ca\",\"path\":\"C:\\\\Users\\\\XiaoXinPro 16 IAH\\\\Desktop\\\\LRIA_llm_eval\\\\eval\\\\Quantum_e2e_v20251106\\\\Bvt1110\\\\bvtfiles\\\\Netflix Becomes a Broadway Producer With Peter Morgan’s Patriots.txt\",\"priority\":9,\"score\":0.0,\"status\":\"ADDED\",\"tokenNum\":0,\"uriPath\":\"\"}]"}}
2025-11-10 14:58:27,032 - [Quantum_e2e_20251110.py:340] - [get_register_document] - INFO - 文档数量: 9
2025-11-10 14:58:27,032 - [Quantum_e2e_20251110.py:363] - [get_register_document] - INFO - 文档总数: 9, COMPLETED状态的文档数量: 7
2025-11-10 14:58:27,033 - [Quantum_e2e_20251110.py:395] - [get_register_document] - INFO - 仍有文档在处理中
2025-11-10 14:58:27,033 - [Quantum_e2e_20251110.py:1154] - [process_document_registration_only] - INFO - 文档仍在处理中，等待2秒后重试...
2025-11-10 14:58:29,044 - [Quantum_e2e_20251110.py:1145] - [process_document_registration_only] - INFO - 第54次检查文档处理状态...
2025-11-10 14:58:29,044 - [Quantum_e2e_20251110.py:289] - [get_register_document] - INFO - 检查文档注册状态...
2025-11-10 14:58:29,046 - [connectionpool.py:243] - [_new_conn] - DEBUG - Starting new HTTP connection (1): 127.0.0.1:35253
2025-11-10 14:58:29,050 - [connectionpool.py:546] - [_make_request] - DEBUG - http://127.0.0.1:35253 "POST /upload HTTP/11" 200 19
2025-11-10 14:58:29,051 - [Quantum_e2e_20251110.py:299] - [get_register_document] - INFO - 文档注册已用时间: 116.64秒 (01:56)
2025-11-10 14:58:29,051 - [Quantum_e2e_20251110.py:303] - [get_register_document] - INFO - 成功获取文档列表，upload_id: 3772226342215711545
2025-11-10 14:58:29,052 - [connectionpool.py:243] - [_new_conn] - DEBUG - Starting new HTTP connection (1): 127.0.0.1:35253
2025-11-10 14:58:29,060 - [connectionpool.py:546] - [_make_request] - DEBUG - http://127.0.0.1:35253 "GET /query?fileData=3772226342215711545 HTTP/11" 200 None
2025-11-10 14:58:29,182 - [Quantum_e2e_20251110.py:583] - [get_response_content_detailed] - INFO - 响应时间: 0.01秒
2025-11-10 14:58:29,182 - [Quantum_e2e_20251110.py:310] - [get_register_document] - INFO - 获取到的result_text: {"jobId":56,"status":"complete","data":{"text":"[{\"createTime\":\"2025-11-10T14:56:32.563\",\"description\":\"This paper studies the computational hardness of learning Boolean functions from label proportions (LLP), a machine learning setting where only aggregated label information within small subsets (bags) is available. LLP generalizes the PAC learning framework and is motivated by applications like privacy-preserving learning and domains with high labeling costs (e.g., medical imaging). The authors prove three main results: (1) It is NP-hard to learn an ℓ-clause CNF that satisfies any constant-fraction of bags when the underlying function is an OR, establishing hardness even for bags of size ≤2 and separating CNFs from halfspaces. (2) It is NP-hard to learn an ℓ-DNF that satisfies more than (1/2 + δ)-fraction of bags for any constant δ>0 and ℓ, ruling out constant-factor DNF approximations. (3) For parities, with bags of size ≤q, it is NP-hard to satisfy more than (q/2^{q-1} + δ)-fraction of the bags, with the hardness increasing exponentially in bag size. However, a randomized polynomial-time algorithm can achieve a (1/2^{q-2})-approximation for LLP parity learning. These findings show qualitative differences between the LLP and PAC settings: problems tractable in PAC (e.g., ORs, parities) become inapproximable in LLP. The results rely on reductions from Label Cover and Smooth Label Cover problems. Prior works are discussed, highlighting that LLP learnability has been far less explored compared to PAC learning. Applications include privacy and weak supervision scenarios.\",\"docName\":\"2403.19401\",\"editTime\":\"2025-11-10T14:57:36.527\",\"fileName\":\"2403.19401.pdf\",\"folder\":\"C:\\\\Users\\\\XiaoXinPro 16 IAH\\\\Desktop\\\\LRIA_llm_eval\\\\eval\\\\Quantum_e2e_v20251106\\\\Bvt1110\\\\bvtfiles\",\"id\":1987776370834542592,\"isDeleted\":0,\"isTmpFile\":false,\"labelNameList\":[\"Technology\",\"Data Analysis\",\"Research Paper\"],\"lastModifyTime\":\"2025-09-17T09:45:00\",\"md5\":\"4ff6ba88616fcf7a71d1dca6c9adc14c\",\"path\":\"C:\\\\Users\\\\XiaoXinPro 16 IAH\\\\Desktop\\\\LRIA_llm_eval\\\\eval\\\\Quantum_e2e_v20251106\\\\Bvt1110\\\\bvtfiles\\\\2403.19401.pdf\",\"previewPath\":\"c:\\\\users\\\\xiaoxinpro 16 iah\\\\documents\\\\qtcore\\\\pdffile\\\\b6e6995c4481f9cd5d6cfb8c79124693.pdf\",\"priority\":1,\"score\":0.0,\"status\":\"COMPLETED\",\"tokenNum\":14092,\"uriPath\":\"\"},{\"createTime\":\"2025-11-10T14:56:32.609\",\"description\":\"A One Day International (ODI) is a format of limited overs cricket played between teams with international status, typically consisting of 50 overs per side. Originating in the late twentieth century, the first ODI was played in 1971 between Australia and England after rain affected a Test match. Initially, ODIs featured white kits and a red ball. The late 1970s saw significant innovations through Kerry Packer's World Series Cricket, introducing colored uniforms, night games under floodlights using a white ball, and enhanced television broadcasts with multiple camera angles and audio effects. These changes increased professionalism in the sport, with international players receiving payments and TV rights shifting to Channel 9 in Australia. Over time, colored kits and the white ball became the norm, with the traditional white flannels and red ball phased out by 2001. ODIs are considered the pinnacle of List A cricket, with the format used in major tournaments like the Cricket World Cup.\",\"docName\":\"3nql1cs15r8aviz39pth2bpsr4zvy1\",\"editTime\":\"2025-11-10T14:57:34.270\",\"fileName\":\"3nql1cs15r8aviz39pth2bpsr4zvy1.txt\",\"folder\":\"C:\\\\Users\\\\XiaoXinPro 16 IAH\\\\Desktop\\\\LRIA_llm_eval\\\\eval\\\\Quantum_e2e_v20251106\\\\Bvt1110\\\\bvtfiles\",\"id\":1987776371027480576,\"isDeleted\":0,\"isTmpFile\":false,\"labelNameList\":[\"Sport\",\"Informational\",\"History\"],\"lastModifyTime\":\"2025-09-17T09:45:00\",\"md5\":\"da0c0f7162b267cca0de596df4c40c56\",\"path\":\"C:\\\\Users\\\\XiaoXinPro 16 IAH\\\\Desktop\\\\LRIA_llm_eval\\\\eval\\\\Quantum_e2e_v20251106\\\\Bvt1110\\\\bvtfiles\\\\3nql1cs15r8aviz39pth2bpsr4zvy1.txt\",\"previewPath\":\"c:\\\\users\\\\xiaoxinpro 16 iah\\\\documents\\\\qtcore\\\\pdffile\\\\db8ff9222bdd0e56ba076310ced4c747.pdf\",\"priority\":2,\"score\":0.0,\"status\":\"COMPLETED\",\"tokenNum\":402,\"uriPath\":\"\"},{\"createTime\":\"2025-11-10T14:56:32.639\",\"description\":\"Psychological identity encompasses self-image, self-esteem, and individuality, representing how individuals perceive themselves in the present, past, and future. According to Weinreich, identity is the totality of self-construal, reflecting continuity across time and aspirations. Ethnic identity, for example, is defined as the part of self-construal connecting ancestry and future goals in terms of ethnicity. The concept of identity is central to fields like psychology, sociology, and anthropology, requiring frameworks that address both unique personal attributes and shifting group affiliations. Weinreich’s Identity Structure Analysis (ISA) provides a structural approach to mapping identity, focusing on stable relationships between the self and others within socio-cultural contexts. ISA utilizes constructs from individual experience, group dynamics, and cultural norms, offering a methodology for analyzing how individuals use these elements to evaluate themselves, others, and institutions over time and in varying circumstances.\",\"docName\":\"3u84xhcdicdb6vqtlfud7syhj444z2\",\"editTime\":\"2025-11-10T14:57:38.411\",\"fileName\":\"3u84xhcdicdb6vqtlfud7syhj444z2.txt\",\"folder\":\"C:\\\\Users\\\\XiaoXinPro 16 IAH\\\\Desktop\\\\LRIA_llm_eval\\\\eval\\\\Quantum_e2e_v20251106\\\\Bvt1110\\\\bvtfiles\",\"id\":1987776371153309696,\"isDeleted\":0,\"isTmpFile\":false,\"labelNameList\":[\"Informational\",\"Research Paper\",\"Psychology\"],\"lastModifyTime\":\"2025-09-17T09:45:00\",\"md5\":\"a80f0ad4af9fd250a462680c85e6fbf0\",\"path\":\"C:\\\\Users\\\\XiaoXinPro 16 IAH\\\\Desktop\\\\LRIA_llm_eval\\\\eval\\\\Quantum_e2e_v20251106\\\\Bvt1110\\\\bvtfiles\\\\3u84xhcdicdb6vqtlfud7syhj444z2.txt\",\"previewPath\":\"c:\\\\users\\\\xiaoxinpro 16 iah\\\\documents\\\\qtcore\\\\pdffile\\\\4bb6e885c6b375f7991ed237ae550f5a.pdf\",\"priority\":3,\"score\":0.0,\"status\":\"COMPLETED\",\"tokenNum\":414,\"uriPath\":\"\"},{\"createTime\":\"2025-11-10T14:56:32.666\",\"description\":\"Archie receives orders to join the earl and a large group of soldiers in pursuit of Bruce after a traitor reveals Bruce’s recent whereabouts. Despite his reluctance, Archie prepares to lead the party using Hector, the hound, whose tracking skills are crucial for the search. Archie contemplates killing the hound and fleeing if they get close to Bruce, though escape seems unlikely given the number of mounted men. Guided by a local peasant, the group reaches a cottage five miles away where Hector becomes highly excited, thoroughly investigating the area before decisively taking up Bruce’s trail. Archie struggles to control the eager hound, who pulls hard on the chain. He cautions Pembroke, the earl, to keep the knights and soldiers at a distance, noting that their noise further agitates Hector and makes the dog harder to manage. The narrative details the tension and urgency of the pursuit, highlighting Archie’s internal conflict and the hound’s pivotal role.\",\"docName\":\"3z3zlgnnsiuha76yy56h6uu71bh3q1\",\"editTime\":\"2025-11-10T14:57:41.133\",\"fileName\":\"3z3zlgnnsiuha76yy56h6uu71bh3q1.txt\",\"folder\":\"C:\\\\Users\\\\XiaoXinPro 16 IAH\\\\Desktop\\\\LRIA_llm_eval\\\\eval\\\\Quantum_e2e_v20251106\\\\Bvt1110\\\\bvtfiles\",\"id\":1987776371266555904,\"isDeleted\":0,\"isTmpFile\":false,\"labelNameList\":[\"History\",\"Report\",\"Text Document\"],\"lastModifyTime\":\"2025-09-17T09:45:00\",\"md5\":\"bb28043dd606535bdcaf1ee30346b0f9\",\"path\":\"C:\\\\Users\\\\XiaoXinPro 16 IAH\\\\Desktop\\\\LRIA_llm_eval\\\\eval\\\\Quantum_e2e_v20251106\\\\Bvt1110\\\\bvtfiles\\\\3z3zlgnnsiuha76yy56h6uu71bh3q1.txt\",\"previewPath\":\"c:\\\\users\\\\xiaoxinpro 16 iah\\\\documents\\\\qtcore\\\\pdffile\\\\e6e2343232ca421ef2da852a5f84548c.pdf\",\"priority\":4,\"score\":0.0,\"status\":\"COMPLETED\",\"tokenNum\":326,\"uriPath\":\"\"},{\"createTime\":\"2025-11-10T14:56:32.695\",\"description\":\"This document outlines the design method for evaluating AI face algorithms, focusing on test set collection and variable matrices. Key variables include head movements (pitch, yaw, roll), facial motions (mouth, eyebrow, eyelid), and lighting conditions (weak, medium, strong, uneven). Motion transfers involve horizontal and angular head movements, while expression transfers and optical flow are assessed under varied light environments. The evaluation uses only laptop cameras, with tools from Ruifeng for video input/output collection. Collection involves preparing 70 videos, at least 5 seconds each, covering head and facial movement variables and lighting conditions, with 10 videos per variable. Each variable should ideally have data from multiple participants, covering at least 7 individuals. Driving videos and output videos are compared to assess algorithm performance, using selected source images and ground truth from videos.\",\"docName\":\"AI_Face_Test_Set_Collection_Method_Design\",\"editTime\":\"2025-11-10T14:57:50.923\",\"fileName\":\"AI_Face_Test_Set_Collection_Method_Design.pptx\",\"folder\":\"C:\\\\Users\\\\XiaoXinPro 16 IAH\\\\Desktop\\\\LRIA_llm_eval\\\\eval\\\\Quantum_e2e_v20251106\\\\Bvt1110\\\\bvtfiles\",\"id\":1987776371388190720,\"isDeleted\":0,\"isTmpFile\":false,\"labelNameList\":[\"Technology\",\"Data Analysis\",\"Specifications\"],\"lastModifyTime\":\"2025-09-17T09:46:00\",\"md5\":\"b0f396e7936e0f6192cd880927e8e74b\",\"path\":\"C:\\\\Users\\\\XiaoXinPro 16 IAH\\\\Desktop\\\\LRIA_llm_eval\\\\eval\\\\Quantum_e2e_v20251106\\\\Bvt1110\\\\bvtfiles\\\\AI_Face_Test_Set_Collection_Method_Design.pptx\",\"previewPath\":\"c:\\\\users\\\\xiaoxinpro 16 iah\\\\documents\\\\qtcore\\\\pdffile\\\\5820f6ff633a3666eab35d871b69006b.pdf\",\"priority\":5,\"score\":0.0,\"status\":\"COMPLETED\",\"tokenNum\":432,\"uriPath\":\"\"},{\"createTime\":\"2025-11-10T14:56:32.726\",\"description\":\"This document provides an introduction to Linear Programming (LP), detailing its definition, historical development, solution methods, and strategies for testing LP solvers. LP focuses on optimizing a linear objective function subject to linear constraints, with solutions within a convex polyhedral feasible set. Mixed-Integer Programming (MIP) extends LP by allowing some variables to be integers, solved using techniques like Branch-and-Bound. The history covers key contributors: G.B. Dantzig (concept, Simplex Method), L.V. Kantorovich and T.C. Koopmans (Nobel Prize), L.G. Khachian (Ellipsoid Method), and N. Karmarkar (Interior-Point Method). Solution methods include enumeration, the Simplex Method (effective in practice but exponential in worst cases), and the Interior-Point Method (polynomial-time efficiency for large problems). LP solvers are tested using both benchmark and self-built test sets, including classic optimization models with varying size and structure. Testing approaches include handling unique, infinite, infeasible, and unbounded problems, using different coefficient scales and constraints to evaluate solver robustness and correctness.\",\"docName\":\"A_brief_introduction_of_LP_liutao21_20220615\",\"editTime\":\"2025-11-10T14:58:06.320\",\"fileName\":\"A_brief_introduction_of_LP_liutao21_20220615.pptx\",\"folder\":\"C:\\\\Users\\\\XiaoXinPro 16 IAH\\\\Desktop\\\\LRIA_llm_eval\\\\eval\\\\Quantum_e2e_v20251106\\\\Bvt1110\\\\bvtfiles\",\"id\":1987776371518214144,\"isDeleted\":0,\"isTmpFile\":false,\"labelNameList\":[\"Technology\",\"Specifications\",\"Training\"],\"lastModifyTime\":\"2025-09-17T09:46:00\",\"md5\":\"0dbb2532524843af54fb3388b7bf3381\",\"path\":\"C:\\\\Users\\\\XiaoXinPro 16 IAH\\\\Desktop\\\\LRIA_llm_eval\\\\eval\\\\Quantum_e2e_v20251106\\\\Bvt1110\\\\bvtfiles\\\\A_brief_introduction_of_LP_liutao21_20220615.pptx\",\"previewPath\":\"c:\\\\users\\\\xiaoxinpro 16 iah\\\\documents\\\\qtcore\\\\pdffile\\\\d590d120fc4bcc9bc01d308c3ad03c90.pdf\",\"priority\":6,\"score\":0.0,\"status\":\"COMPLETED\",\"tokenNum\":1297,\"uriPath\":\"\"},{\"createTime\":\"2025-11-10T14:56:32.800\",\"description\":\"This document provides an overview of Belfast English, its origins, and sociolinguistic investigations into language variation across different social networks in Belfast. Founded in 1603, Belfast grew rapidly in the 19th century due to industrialisation and migration following the Great Famine. The city's English evolved as an amalgamation of linguistic features from western Scotland, northern England, and unique local traits. Key sociolinguistic studies, particularly by James and Lesley Milroy, examined how language use in Belfast is influenced by social networks—ties within neighbourhoods that vary in density and multiplexity. Strong, dense networks (often working-class, with high solidarity) resist external linguistic norms, while loose networks (middle-class, status-oriented) tend to adopt standard speech. Detailed investigations were conducted in three areas: Ballymacarrett, Hammer, and Clonard, revealing differences in phonological variables (such as palatalisation, dental realisations, and vowel raising) that correlate with community structure, gender, and age. The Milroys highlighted the role of local linguistic norms in shaping identity and excluding outsiders, noting that vernacular speech retains unique markers not easily acquired by non-natives. Their research contributed to broader linguistic theory, illustrating the variation and rules within vernacular communities versus the standardized norms. The document is supported by a comprehensive set of academic references related to Belfast English and sociolinguistic research.\",\"docName\":\"Belfast-English\",\"editTime\":\"2025-11-10T14:58:22.145\",\"fileName\":\"Belfast-English.docx\",\"folder\":\"C:\\\\Users\\\\XiaoXinPro 16 IAH\\\\Desktop\\\\LRIA_llm_eval\\\\eval\\\\Quantum_e2e_v20251106\\\\Bvt1110\\\\bvtfiles\",\"id\":1987776371828592640,\"isDeleted\":0,\"isTmpFile\":false,\"labelNameList\":[\"History\",\"Data Analysis\",\"Research Paper\"],\"lastModifyTime\":\"2025-09-17T09:45:00\",\"md5\":\"3193e699ffa92db332ae31a9fb1d3cb4\",\"path\":\"C:\\\\Users\\\\XiaoXinPro 16 IAH\\\\Desktop\\\\LRIA_llm_eval\\\\eval\\\\Quantum_e2e_v20251106\\\\Bvt1110\\\\bvtfiles\\\\Belfast-English.docx\",\"previewPath\":\"c:\\\\users\\\\xiaoxinpro 16 iah\\\\documents\\\\qtcore\\\\pdffile\\\\7d62eed3de32f05711820c16bc2bd670.pdf\",\"priority\":7,\"score\":0.0,\"status\":\"COMPLETED\",\"tokenNum\":2989,\"uriPath\":\"\"},{\"createTime\":\"2025-11-10T14:56:32.823\",\"description\":\"\",\"docName\":\"\",\"editTime\":\"2025-11-10T14:58:17.612\",\"fileName\":\"British-Food-Culture.doc\",\"folder\":\"C:\\\\Users\\\\XiaoXinPro 16 IAH\\\\Desktop\\\\LRIA_llm_eval\\\\eval\\\\Quantum_e2e_v20251106\\\\Bvt1110\\\\bvtfiles\",\"id\":1987776371925061632,\"isDeleted\":0,\"isTmpFile\":false,\"labelNameList\":[],\"lastModifyTime\":\"2025-09-17T09:45:00\",\"md5\":\"435798f1c3377c7f5b71e18d733ca579\",\"path\":\"C:\\\\Users\\\\XiaoXinPro 16 IAH\\\\Desktop\\\\LRIA_llm_eval\\\\eval\\\\Quantum_e2e_v20251106\\\\Bvt1110\\\\bvtfiles\\\\British-Food-Culture.doc\",\"priority\":8,\"score\":0.0,\"status\":\"RUNNING\",\"tokenNum\":0,\"uriPath\":\"\"},{\"createTime\":\"2025-11-10T14:56:32.847\",\"description\":\"\",\"docName\":\"\",\"editTime\":\"2025-11-10T14:56:32.847\",\"errorDescription\":\"\",\"fileName\":\"Netflix Becomes a Broadway Producer With Peter Morgan’s Patriots.txt\",\"folder\":\"C:\\\\Users\\\\XiaoXinPro 16 IAH\\\\Desktop\\\\LRIA_llm_eval\\\\eval\\\\Quantum_e2e_v20251106\\\\Bvt1110\\\\bvtfiles\",\"id\":1987776372025724928,\"isDeleted\":0,\"isTmpFile\":false,\"labelNameList\":[],\"lastModifyTime\":\"2025-09-17T09:46:00\",\"md5\":\"ab84c46eaa62a18048fb0241446da4ca\",\"path\":\"C:\\\\Users\\\\XiaoXinPro 16 IAH\\\\Desktop\\\\LRIA_llm_eval\\\\eval\\\\Quantum_e2e_v20251106\\\\Bvt1110\\\\bvtfiles\\\\Netflix Becomes a Broadway Producer With Peter Morgan’s Patriots.txt\",\"priority\":9,\"score\":0.0,\"status\":\"ADDED\",\"tokenNum\":0,\"uriPath\":\"\"}]"}}
2025-11-10 14:58:29,183 - [Quantum_e2e_20251110.py:340] - [get_register_document] - INFO - 文档数量: 9
2025-11-10 14:58:29,184 - [Quantum_e2e_20251110.py:363] - [get_register_document] - INFO - 文档总数: 9, COMPLETED状态的文档数量: 7
2025-11-10 14:58:29,184 - [Quantum_e2e_20251110.py:395] - [get_register_document] - INFO - 仍有文档在处理中
2025-11-10 14:58:29,185 - [Quantum_e2e_20251110.py:1154] - [process_document_registration_only] - INFO - 文档仍在处理中，等待2秒后重试...
2025-11-10 14:58:31,197 - [Quantum_e2e_20251110.py:1145] - [process_document_registration_only] - INFO - 第55次检查文档处理状态...
2025-11-10 14:58:31,197 - [Quantum_e2e_20251110.py:289] - [get_register_document] - INFO - 检查文档注册状态...
2025-11-10 14:58:31,198 - [connectionpool.py:243] - [_new_conn] - DEBUG - Starting new HTTP connection (1): 127.0.0.1:35253
2025-11-10 14:58:31,201 - [connectionpool.py:546] - [_make_request] - DEBUG - http://127.0.0.1:35253 "POST /upload HTTP/11" 200 19
2025-11-10 14:58:31,201 - [Quantum_e2e_20251110.py:299] - [get_register_document] - INFO - 文档注册已用时间: 118.79秒 (01:58)
2025-11-10 14:58:31,202 - [Quantum_e2e_20251110.py:303] - [get_register_document] - INFO - 成功获取文档列表，upload_id: 4926352741138403551
2025-11-10 14:58:31,203 - [connectionpool.py:243] - [_new_conn] - DEBUG - Starting new HTTP connection (1): 127.0.0.1:35253
2025-11-10 14:58:31,213 - [connectionpool.py:546] - [_make_request] - DEBUG - http://127.0.0.1:35253 "GET /query?fileData=4926352741138403551 HTTP/11" 200 None
2025-11-10 14:58:31,679 - [Quantum_e2e_20251110.py:583] - [get_response_content_detailed] - INFO - 响应时间: 0.01秒
2025-11-10 14:58:31,679 - [Quantum_e2e_20251110.py:310] - [get_register_document] - INFO - 获取到的result_text: {"jobId":57,"status":"complete","data":{"text":"[{\"createTime\":\"2025-11-10T14:56:32.563\",\"description\":\"This paper studies the computational hardness of learning Boolean functions from label proportions (LLP), a machine learning setting where only aggregated label information within small subsets (bags) is available. LLP generalizes the PAC learning framework and is motivated by applications like privacy-preserving learning and domains with high labeling costs (e.g., medical imaging). The authors prove three main results: (1) It is NP-hard to learn an ℓ-clause CNF that satisfies any constant-fraction of bags when the underlying function is an OR, establishing hardness even for bags of size ≤2 and separating CNFs from halfspaces. (2) It is NP-hard to learn an ℓ-DNF that satisfies more than (1/2 + δ)-fraction of bags for any constant δ>0 and ℓ, ruling out constant-factor DNF approximations. (3) For parities, with bags of size ≤q, it is NP-hard to satisfy more than (q/2^{q-1} + δ)-fraction of the bags, with the hardness increasing exponentially in bag size. However, a randomized polynomial-time algorithm can achieve a (1/2^{q-2})-approximation for LLP parity learning. These findings show qualitative differences between the LLP and PAC settings: problems tractable in PAC (e.g., ORs, parities) become inapproximable in LLP. The results rely on reductions from Label Cover and Smooth Label Cover problems. Prior works are discussed, highlighting that LLP learnability has been far less explored compared to PAC learning. Applications include privacy and weak supervision scenarios.\",\"docName\":\"2403.19401\",\"editTime\":\"2025-11-10T14:57:36.527\",\"fileName\":\"2403.19401.pdf\",\"folder\":\"C:\\\\Users\\\\XiaoXinPro 16 IAH\\\\Desktop\\\\LRIA_llm_eval\\\\eval\\\\Quantum_e2e_v20251106\\\\Bvt1110\\\\bvtfiles\",\"id\":1987776370834542592,\"isDeleted\":0,\"isTmpFile\":false,\"labelNameList\":[\"Technology\",\"Data Analysis\",\"Research Paper\"],\"lastModifyTime\":\"2025-09-17T09:45:00\",\"md5\":\"4ff6ba88616fcf7a71d1dca6c9adc14c\",\"path\":\"C:\\\\Users\\\\XiaoXinPro 16 IAH\\\\Desktop\\\\LRIA_llm_eval\\\\eval\\\\Quantum_e2e_v20251106\\\\Bvt1110\\\\bvtfiles\\\\2403.19401.pdf\",\"previewPath\":\"c:\\\\users\\\\xiaoxinpro 16 iah\\\\documents\\\\qtcore\\\\pdffile\\\\b6e6995c4481f9cd5d6cfb8c79124693.pdf\",\"priority\":1,\"score\":0.0,\"status\":\"COMPLETED\",\"tokenNum\":14092,\"uriPath\":\"\"},{\"createTime\":\"2025-11-10T14:56:32.609\",\"description\":\"A One Day International (ODI) is a format of limited overs cricket played between teams with international status, typically consisting of 50 overs per side. Originating in the late twentieth century, the first ODI was played in 1971 between Australia and England after rain affected a Test match. Initially, ODIs featured white kits and a red ball. The late 1970s saw significant innovations through Kerry Packer's World Series Cricket, introducing colored uniforms, night games under floodlights using a white ball, and enhanced television broadcasts with multiple camera angles and audio effects. These changes increased professionalism in the sport, with international players receiving payments and TV rights shifting to Channel 9 in Australia. Over time, colored kits and the white ball became the norm, with the traditional white flannels and red ball phased out by 2001. ODIs are considered the pinnacle of List A cricket, with the format used in major tournaments like the Cricket World Cup.\",\"docName\":\"3nql1cs15r8aviz39pth2bpsr4zvy1\",\"editTime\":\"2025-11-10T14:57:34.270\",\"fileName\":\"3nql1cs15r8aviz39pth2bpsr4zvy1.txt\",\"folder\":\"C:\\\\Users\\\\XiaoXinPro 16 IAH\\\\Desktop\\\\LRIA_llm_eval\\\\eval\\\\Quantum_e2e_v20251106\\\\Bvt1110\\\\bvtfiles\",\"id\":1987776371027480576,\"isDeleted\":0,\"isTmpFile\":false,\"labelNameList\":[\"Sport\",\"Informational\",\"History\"],\"lastModifyTime\":\"2025-09-17T09:45:00\",\"md5\":\"da0c0f7162b267cca0de596df4c40c56\",\"path\":\"C:\\\\Users\\\\XiaoXinPro 16 IAH\\\\Desktop\\\\LRIA_llm_eval\\\\eval\\\\Quantum_e2e_v20251106\\\\Bvt1110\\\\bvtfiles\\\\3nql1cs15r8aviz39pth2bpsr4zvy1.txt\",\"previewPath\":\"c:\\\\users\\\\xiaoxinpro 16 iah\\\\documents\\\\qtcore\\\\pdffile\\\\db8ff9222bdd0e56ba076310ced4c747.pdf\",\"priority\":2,\"score\":0.0,\"status\":\"COMPLETED\",\"tokenNum\":402,\"uriPath\":\"\"},{\"createTime\":\"2025-11-10T14:56:32.639\",\"description\":\"Psychological identity encompasses self-image, self-esteem, and individuality, representing how individuals perceive themselves in the present, past, and future. According to Weinreich, identity is the totality of self-construal, reflecting continuity across time and aspirations. Ethnic identity, for example, is defined as the part of self-construal connecting ancestry and future goals in terms of ethnicity. The concept of identity is central to fields like psychology, sociology, and anthropology, requiring frameworks that address both unique personal attributes and shifting group affiliations. Weinreich’s Identity Structure Analysis (ISA) provides a structural approach to mapping identity, focusing on stable relationships between the self and others within socio-cultural contexts. ISA utilizes constructs from individual experience, group dynamics, and cultural norms, offering a methodology for analyzing how individuals use these elements to evaluate themselves, others, and institutions over time and in varying circumstances.\",\"docName\":\"3u84xhcdicdb6vqtlfud7syhj444z2\",\"editTime\":\"2025-11-10T14:57:38.411\",\"fileName\":\"3u84xhcdicdb6vqtlfud7syhj444z2.txt\",\"folder\":\"C:\\\\Users\\\\XiaoXinPro 16 IAH\\\\Desktop\\\\LRIA_llm_eval\\\\eval\\\\Quantum_e2e_v20251106\\\\Bvt1110\\\\bvtfiles\",\"id\":1987776371153309696,\"isDeleted\":0,\"isTmpFile\":false,\"labelNameList\":[\"Informational\",\"Research Paper\",\"Psychology\"],\"lastModifyTime\":\"2025-09-17T09:45:00\",\"md5\":\"a80f0ad4af9fd250a462680c85e6fbf0\",\"path\":\"C:\\\\Users\\\\XiaoXinPro 16 IAH\\\\Desktop\\\\LRIA_llm_eval\\\\eval\\\\Quantum_e2e_v20251106\\\\Bvt1110\\\\bvtfiles\\\\3u84xhcdicdb6vqtlfud7syhj444z2.txt\",\"previewPath\":\"c:\\\\users\\\\xiaoxinpro 16 iah\\\\documents\\\\qtcore\\\\pdffile\\\\4bb6e885c6b375f7991ed237ae550f5a.pdf\",\"priority\":3,\"score\":0.0,\"status\":\"COMPLETED\",\"tokenNum\":414,\"uriPath\":\"\"},{\"createTime\":\"2025-11-10T14:56:32.666\",\"description\":\"Archie receives orders to join the earl and a large group of soldiers in pursuit of Bruce after a traitor reveals Bruce’s recent whereabouts. Despite his reluctance, Archie prepares to lead the party using Hector, the hound, whose tracking skills are crucial for the search. Archie contemplates killing the hound and fleeing if they get close to Bruce, though escape seems unlikely given the number of mounted men. Guided by a local peasant, the group reaches a cottage five miles away where Hector becomes highly excited, thoroughly investigating the area before decisively taking up Bruce’s trail. Archie struggles to control the eager hound, who pulls hard on the chain. He cautions Pembroke, the earl, to keep the knights and soldiers at a distance, noting that their noise further agitates Hector and makes the dog harder to manage. The narrative details the tension and urgency of the pursuit, highlighting Archie’s internal conflict and the hound’s pivotal role.\",\"docName\":\"3z3zlgnnsiuha76yy56h6uu71bh3q1\",\"editTime\":\"2025-11-10T14:57:41.133\",\"fileName\":\"3z3zlgnnsiuha76yy56h6uu71bh3q1.txt\",\"folder\":\"C:\\\\Users\\\\XiaoXinPro 16 IAH\\\\Desktop\\\\LRIA_llm_eval\\\\eval\\\\Quantum_e2e_v20251106\\\\Bvt1110\\\\bvtfiles\",\"id\":1987776371266555904,\"isDeleted\":0,\"isTmpFile\":false,\"labelNameList\":[\"History\",\"Report\",\"Text Document\"],\"lastModifyTime\":\"2025-09-17T09:45:00\",\"md5\":\"bb28043dd606535bdcaf1ee30346b0f9\",\"path\":\"C:\\\\Users\\\\XiaoXinPro 16 IAH\\\\Desktop\\\\LRIA_llm_eval\\\\eval\\\\Quantum_e2e_v20251106\\\\Bvt1110\\\\bvtfiles\\\\3z3zlgnnsiuha76yy56h6uu71bh3q1.txt\",\"previewPath\":\"c:\\\\users\\\\xiaoxinpro 16 iah\\\\documents\\\\qtcore\\\\pdffile\\\\e6e2343232ca421ef2da852a5f84548c.pdf\",\"priority\":4,\"score\":0.0,\"status\":\"COMPLETED\",\"tokenNum\":326,\"uriPath\":\"\"},{\"createTime\":\"2025-11-10T14:56:32.695\",\"description\":\"This document outlines the design method for evaluating AI face algorithms, focusing on test set collection and variable matrices. Key variables include head movements (pitch, yaw, roll), facial motions (mouth, eyebrow, eyelid), and lighting conditions (weak, medium, strong, uneven). Motion transfers involve horizontal and angular head movements, while expression transfers and optical flow are assessed under varied light environments. The evaluation uses only laptop cameras, with tools from Ruifeng for video input/output collection. Collection involves preparing 70 videos, at least 5 seconds each, covering head and facial movement variables and lighting conditions, with 10 videos per variable. Each variable should ideally have data from multiple participants, covering at least 7 individuals. Driving videos and output videos are compared to assess algorithm performance, using selected source images and ground truth from videos.\",\"docName\":\"AI_Face_Test_Set_Collection_Method_Design\",\"editTime\":\"2025-11-10T14:57:50.923\",\"fileName\":\"AI_Face_Test_Set_Collection_Method_Design.pptx\",\"folder\":\"C:\\\\Users\\\\XiaoXinPro 16 IAH\\\\Desktop\\\\LRIA_llm_eval\\\\eval\\\\Quantum_e2e_v20251106\\\\Bvt1110\\\\bvtfiles\",\"id\":1987776371388190720,\"isDeleted\":0,\"isTmpFile\":false,\"labelNameList\":[\"Technology\",\"Data Analysis\",\"Specifications\"],\"lastModifyTime\":\"2025-09-17T09:46:00\",\"md5\":\"b0f396e7936e0f6192cd880927e8e74b\",\"path\":\"C:\\\\Users\\\\XiaoXinPro 16 IAH\\\\Desktop\\\\LRIA_llm_eval\\\\eval\\\\Quantum_e2e_v20251106\\\\Bvt1110\\\\bvtfiles\\\\AI_Face_Test_Set_Collection_Method_Design.pptx\",\"previewPath\":\"c:\\\\users\\\\xiaoxinpro 16 iah\\\\documents\\\\qtcore\\\\pdffile\\\\5820f6ff633a3666eab35d871b69006b.pdf\",\"priority\":5,\"score\":0.0,\"status\":\"COMPLETED\",\"tokenNum\":432,\"uriPath\":\"\"},{\"createTime\":\"2025-11-10T14:56:32.726\",\"description\":\"This document provides an introduction to Linear Programming (LP), detailing its definition, historical development, solution methods, and strategies for testing LP solvers. LP focuses on optimizing a linear objective function subject to linear constraints, with solutions within a convex polyhedral feasible set. Mixed-Integer Programming (MIP) extends LP by allowing some variables to be integers, solved using techniques like Branch-and-Bound. The history covers key contributors: G.B. Dantzig (concept, Simplex Method), L.V. Kantorovich and T.C. Koopmans (Nobel Prize), L.G. Khachian (Ellipsoid Method), and N. Karmarkar (Interior-Point Method). Solution methods include enumeration, the Simplex Method (effective in practice but exponential in worst cases), and the Interior-Point Method (polynomial-time efficiency for large problems). LP solvers are tested using both benchmark and self-built test sets, including classic optimization models with varying size and structure. Testing approaches include handling unique, infinite, infeasible, and unbounded problems, using different coefficient scales and constraints to evaluate solver robustness and correctness.\",\"docName\":\"A_brief_introduction_of_LP_liutao21_20220615\",\"editTime\":\"2025-11-10T14:58:06.320\",\"fileName\":\"A_brief_introduction_of_LP_liutao21_20220615.pptx\",\"folder\":\"C:\\\\Users\\\\XiaoXinPro 16 IAH\\\\Desktop\\\\LRIA_llm_eval\\\\eval\\\\Quantum_e2e_v20251106\\\\Bvt1110\\\\bvtfiles\",\"id\":1987776371518214144,\"isDeleted\":0,\"isTmpFile\":false,\"labelNameList\":[\"Technology\",\"Specifications\",\"Training\"],\"lastModifyTime\":\"2025-09-17T09:46:00\",\"md5\":\"0dbb2532524843af54fb3388b7bf3381\",\"path\":\"C:\\\\Users\\\\XiaoXinPro 16 IAH\\\\Desktop\\\\LRIA_llm_eval\\\\eval\\\\Quantum_e2e_v20251106\\\\Bvt1110\\\\bvtfiles\\\\A_brief_introduction_of_LP_liutao21_20220615.pptx\",\"previewPath\":\"c:\\\\users\\\\xiaoxinpro 16 iah\\\\documents\\\\qtcore\\\\pdffile\\\\d590d120fc4bcc9bc01d308c3ad03c90.pdf\",\"priority\":6,\"score\":0.0,\"status\":\"COMPLETED\",\"tokenNum\":1297,\"uriPath\":\"\"},{\"createTime\":\"2025-11-10T14:56:32.800\",\"description\":\"This document provides an overview of Belfast English, its origins, and sociolinguistic investigations into language variation across different social networks in Belfast. Founded in 1603, Belfast grew rapidly in the 19th century due to industrialisation and migration following the Great Famine. The city's English evolved as an amalgamation of linguistic features from western Scotland, northern England, and unique local traits. Key sociolinguistic studies, particularly by James and Lesley Milroy, examined how language use in Belfast is influenced by social networks—ties within neighbourhoods that vary in density and multiplexity. Strong, dense networks (often working-class, with high solidarity) resist external linguistic norms, while loose networks (middle-class, status-oriented) tend to adopt standard speech. Detailed investigations were conducted in three areas: Ballymacarrett, Hammer, and Clonard, revealing differences in phonological variables (such as palatalisation, dental realisations, and vowel raising) that correlate with community structure, gender, and age. The Milroys highlighted the role of local linguistic norms in shaping identity and excluding outsiders, noting that vernacular speech retains unique markers not easily acquired by non-natives. Their research contributed to broader linguistic theory, illustrating the variation and rules within vernacular communities versus the standardized norms. The document is supported by a comprehensive set of academic references related to Belfast English and sociolinguistic research.\",\"docName\":\"Belfast-English\",\"editTime\":\"2025-11-10T14:58:22.145\",\"fileName\":\"Belfast-English.docx\",\"folder\":\"C:\\\\Users\\\\XiaoXinPro 16 IAH\\\\Desktop\\\\LRIA_llm_eval\\\\eval\\\\Quantum_e2e_v20251106\\\\Bvt1110\\\\bvtfiles\",\"id\":1987776371828592640,\"isDeleted\":0,\"isTmpFile\":false,\"labelNameList\":[\"History\",\"Data Analysis\",\"Research Paper\"],\"lastModifyTime\":\"2025-09-17T09:45:00\",\"md5\":\"3193e699ffa92db332ae31a9fb1d3cb4\",\"path\":\"C:\\\\Users\\\\XiaoXinPro 16 IAH\\\\Desktop\\\\LRIA_llm_eval\\\\eval\\\\Quantum_e2e_v20251106\\\\Bvt1110\\\\bvtfiles\\\\Belfast-English.docx\",\"previewPath\":\"c:\\\\users\\\\xiaoxinpro 16 iah\\\\documents\\\\qtcore\\\\pdffile\\\\7d62eed3de32f05711820c16bc2bd670.pdf\",\"priority\":7,\"score\":0.0,\"status\":\"COMPLETED\",\"tokenNum\":2989,\"uriPath\":\"\"},{\"createTime\":\"2025-11-10T14:56:32.823\",\"description\":\"\",\"docName\":\"\",\"editTime\":\"2025-11-10T14:58:17.612\",\"fileName\":\"British-Food-Culture.doc\",\"folder\":\"C:\\\\Users\\\\XiaoXinPro 16 IAH\\\\Desktop\\\\LRIA_llm_eval\\\\eval\\\\Quantum_e2e_v20251106\\\\Bvt1110\\\\bvtfiles\",\"id\":1987776371925061632,\"isDeleted\":0,\"isTmpFile\":false,\"labelNameList\":[],\"lastModifyTime\":\"2025-09-17T09:45:00\",\"md5\":\"435798f1c3377c7f5b71e18d733ca579\",\"path\":\"C:\\\\Users\\\\XiaoXinPro 16 IAH\\\\Desktop\\\\LRIA_llm_eval\\\\eval\\\\Quantum_e2e_v20251106\\\\Bvt1110\\\\bvtfiles\\\\British-Food-Culture.doc\",\"priority\":8,\"score\":0.0,\"status\":\"RUNNING\",\"tokenNum\":0,\"uriPath\":\"\"},{\"createTime\":\"2025-11-10T14:56:32.847\",\"description\":\"\",\"docName\":\"\",\"editTime\":\"2025-11-10T14:56:32.847\",\"errorDescription\":\"\",\"fileName\":\"Netflix Becomes a Broadway Producer With Peter Morgan’s Patriots.txt\",\"folder\":\"C:\\\\Users\\\\XiaoXinPro 16 IAH\\\\Desktop\\\\LRIA_llm_eval\\\\eval\\\\Quantum_e2e_v20251106\\\\Bvt1110\\\\bvtfiles\",\"id\":1987776372025724928,\"isDeleted\":0,\"isTmpFile\":false,\"labelNameList\":[],\"lastModifyTime\":\"2025-09-17T09:46:00\",\"md5\":\"ab84c46eaa62a18048fb0241446da4ca\",\"path\":\"C:\\\\Users\\\\XiaoXinPro 16 IAH\\\\Desktop\\\\LRIA_llm_eval\\\\eval\\\\Quantum_e2e_v20251106\\\\Bvt1110\\\\bvtfiles\\\\Netflix Becomes a Broadway Producer With Peter Morgan’s Patriots.txt\",\"priority\":9,\"score\":0.0,\"status\":\"ADDED\",\"tokenNum\":0,\"uriPath\":\"\"}]"}}
2025-11-10 14:58:31,681 - [Quantum_e2e_20251110.py:340] - [get_register_document] - INFO - 文档数量: 9
2025-11-10 14:58:31,682 - [Quantum_e2e_20251110.py:363] - [get_register_document] - INFO - 文档总数: 9, COMPLETED状态的文档数量: 7
2025-11-10 14:58:31,682 - [Quantum_e2e_20251110.py:395] - [get_register_document] - INFO - 仍有文档在处理中
2025-11-10 14:58:31,682 - [Quantum_e2e_20251110.py:1154] - [process_document_registration_only] - INFO - 文档仍在处理中，等待2秒后重试...
2025-11-10 14:58:33,687 - [Quantum_e2e_20251110.py:1145] - [process_document_registration_only] - INFO - 第56次检查文档处理状态...
2025-11-10 14:58:33,687 - [Quantum_e2e_20251110.py:289] - [get_register_document] - INFO - 检查文档注册状态...
2025-11-10 14:58:33,692 - [connectionpool.py:243] - [_new_conn] - DEBUG - Starting new HTTP connection (1): 127.0.0.1:35253
2025-11-10 14:58:33,695 - [connectionpool.py:546] - [_make_request] - DEBUG - http://127.0.0.1:35253 "POST /upload HTTP/11" 200 18
2025-11-10 14:58:33,695 - [Quantum_e2e_20251110.py:299] - [get_register_document] - INFO - 文档注册已用时间: 121.28秒 (02:01)
2025-11-10 14:58:33,696 - [Quantum_e2e_20251110.py:303] - [get_register_document] - INFO - 成功获取文档列表，upload_id: -23882626857995735
2025-11-10 14:58:33,697 - [connectionpool.py:243] - [_new_conn] - DEBUG - Starting new HTTP connection (1): 127.0.0.1:35253
2025-11-10 14:58:33,702 - [connectionpool.py:546] - [_make_request] - DEBUG - http://127.0.0.1:35253 "GET /query?fileData=-23882626857995735 HTTP/11" 200 None
2025-11-10 14:58:33,826 - [Quantum_e2e_20251110.py:583] - [get_response_content_detailed] - INFO - 响应时间: 0.01秒
2025-11-10 14:58:33,828 - [Quantum_e2e_20251110.py:310] - [get_register_document] - INFO - 获取到的result_text: {"jobId":58,"status":"complete","data":{"text":"[{\"createTime\":\"2025-11-10T14:56:32.563\",\"description\":\"This paper studies the computational hardness of learning Boolean functions from label proportions (LLP), a machine learning setting where only aggregated label information within small subsets (bags) is available. LLP generalizes the PAC learning framework and is motivated by applications like privacy-preserving learning and domains with high labeling costs (e.g., medical imaging). The authors prove three main results: (1) It is NP-hard to learn an ℓ-clause CNF that satisfies any constant-fraction of bags when the underlying function is an OR, establishing hardness even for bags of size ≤2 and separating CNFs from halfspaces. (2) It is NP-hard to learn an ℓ-DNF that satisfies more than (1/2 + δ)-fraction of bags for any constant δ>0 and ℓ, ruling out constant-factor DNF approximations. (3) For parities, with bags of size ≤q, it is NP-hard to satisfy more than (q/2^{q-1} + δ)-fraction of the bags, with the hardness increasing exponentially in bag size. However, a randomized polynomial-time algorithm can achieve a (1/2^{q-2})-approximation for LLP parity learning. These findings show qualitative differences between the LLP and PAC settings: problems tractable in PAC (e.g., ORs, parities) become inapproximable in LLP. The results rely on reductions from Label Cover and Smooth Label Cover problems. Prior works are discussed, highlighting that LLP learnability has been far less explored compared to PAC learning. Applications include privacy and weak supervision scenarios.\",\"docName\":\"2403.19401\",\"editTime\":\"2025-11-10T14:57:36.527\",\"fileName\":\"2403.19401.pdf\",\"folder\":\"C:\\\\Users\\\\XiaoXinPro 16 IAH\\\\Desktop\\\\LRIA_llm_eval\\\\eval\\\\Quantum_e2e_v20251106\\\\Bvt1110\\\\bvtfiles\",\"id\":1987776370834542592,\"isDeleted\":0,\"isTmpFile\":false,\"labelNameList\":[\"Technology\",\"Data Analysis\",\"Research Paper\"],\"lastModifyTime\":\"2025-09-17T09:45:00\",\"md5\":\"4ff6ba88616fcf7a71d1dca6c9adc14c\",\"path\":\"C:\\\\Users\\\\XiaoXinPro 16 IAH\\\\Desktop\\\\LRIA_llm_eval\\\\eval\\\\Quantum_e2e_v20251106\\\\Bvt1110\\\\bvtfiles\\\\2403.19401.pdf\",\"previewPath\":\"c:\\\\users\\\\xiaoxinpro 16 iah\\\\documents\\\\qtcore\\\\pdffile\\\\b6e6995c4481f9cd5d6cfb8c79124693.pdf\",\"priority\":1,\"score\":0.0,\"status\":\"COMPLETED\",\"tokenNum\":14092,\"uriPath\":\"\"},{\"createTime\":\"2025-11-10T14:56:32.609\",\"description\":\"A One Day International (ODI) is a format of limited overs cricket played between teams with international status, typically consisting of 50 overs per side. Originating in the late twentieth century, the first ODI was played in 1971 between Australia and England after rain affected a Test match. Initially, ODIs featured white kits and a red ball. The late 1970s saw significant innovations through Kerry Packer's World Series Cricket, introducing colored uniforms, night games under floodlights using a white ball, and enhanced television broadcasts with multiple camera angles and audio effects. These changes increased professionalism in the sport, with international players receiving payments and TV rights shifting to Channel 9 in Australia. Over time, colored kits and the white ball became the norm, with the traditional white flannels and red ball phased out by 2001. ODIs are considered the pinnacle of List A cricket, with the format used in major tournaments like the Cricket World Cup.\",\"docName\":\"3nql1cs15r8aviz39pth2bpsr4zvy1\",\"editTime\":\"2025-11-10T14:57:34.270\",\"fileName\":\"3nql1cs15r8aviz39pth2bpsr4zvy1.txt\",\"folder\":\"C:\\\\Users\\\\XiaoXinPro 16 IAH\\\\Desktop\\\\LRIA_llm_eval\\\\eval\\\\Quantum_e2e_v20251106\\\\Bvt1110\\\\bvtfiles\",\"id\":1987776371027480576,\"isDeleted\":0,\"isTmpFile\":false,\"labelNameList\":[\"Sport\",\"Informational\",\"History\"],\"lastModifyTime\":\"2025-09-17T09:45:00\",\"md5\":\"da0c0f7162b267cca0de596df4c40c56\",\"path\":\"C:\\\\Users\\\\XiaoXinPro 16 IAH\\\\Desktop\\\\LRIA_llm_eval\\\\eval\\\\Quantum_e2e_v20251106\\\\Bvt1110\\\\bvtfiles\\\\3nql1cs15r8aviz39pth2bpsr4zvy1.txt\",\"previewPath\":\"c:\\\\users\\\\xiaoxinpro 16 iah\\\\documents\\\\qtcore\\\\pdffile\\\\db8ff9222bdd0e56ba076310ced4c747.pdf\",\"priority\":2,\"score\":0.0,\"status\":\"COMPLETED\",\"tokenNum\":402,\"uriPath\":\"\"},{\"createTime\":\"2025-11-10T14:56:32.639\",\"description\":\"Psychological identity encompasses self-image, self-esteem, and individuality, representing how individuals perceive themselves in the present, past, and future. According to Weinreich, identity is the totality of self-construal, reflecting continuity across time and aspirations. Ethnic identity, for example, is defined as the part of self-construal connecting ancestry and future goals in terms of ethnicity. The concept of identity is central to fields like psychology, sociology, and anthropology, requiring frameworks that address both unique personal attributes and shifting group affiliations. Weinreich’s Identity Structure Analysis (ISA) provides a structural approach to mapping identity, focusing on stable relationships between the self and others within socio-cultural contexts. ISA utilizes constructs from individual experience, group dynamics, and cultural norms, offering a methodology for analyzing how individuals use these elements to evaluate themselves, others, and institutions over time and in varying circumstances.\",\"docName\":\"3u84xhcdicdb6vqtlfud7syhj444z2\",\"editTime\":\"2025-11-10T14:57:38.411\",\"fileName\":\"3u84xhcdicdb6vqtlfud7syhj444z2.txt\",\"folder\":\"C:\\\\Users\\\\XiaoXinPro 16 IAH\\\\Desktop\\\\LRIA_llm_eval\\\\eval\\\\Quantum_e2e_v20251106\\\\Bvt1110\\\\bvtfiles\",\"id\":1987776371153309696,\"isDeleted\":0,\"isTmpFile\":false,\"labelNameList\":[\"Informational\",\"Research Paper\",\"Psychology\"],\"lastModifyTime\":\"2025-09-17T09:45:00\",\"md5\":\"a80f0ad4af9fd250a462680c85e6fbf0\",\"path\":\"C:\\\\Users\\\\XiaoXinPro 16 IAH\\\\Desktop\\\\LRIA_llm_eval\\\\eval\\\\Quantum_e2e_v20251106\\\\Bvt1110\\\\bvtfiles\\\\3u84xhcdicdb6vqtlfud7syhj444z2.txt\",\"previewPath\":\"c:\\\\users\\\\xiaoxinpro 16 iah\\\\documents\\\\qtcore\\\\pdffile\\\\4bb6e885c6b375f7991ed237ae550f5a.pdf\",\"priority\":3,\"score\":0.0,\"status\":\"COMPLETED\",\"tokenNum\":414,\"uriPath\":\"\"},{\"createTime\":\"2025-11-10T14:56:32.666\",\"description\":\"Archie receives orders to join the earl and a large group of soldiers in pursuit of Bruce after a traitor reveals Bruce’s recent whereabouts. Despite his reluctance, Archie prepares to lead the party using Hector, the hound, whose tracking skills are crucial for the search. Archie contemplates killing the hound and fleeing if they get close to Bruce, though escape seems unlikely given the number of mounted men. Guided by a local peasant, the group reaches a cottage five miles away where Hector becomes highly excited, thoroughly investigating the area before decisively taking up Bruce’s trail. Archie struggles to control the eager hound, who pulls hard on the chain. He cautions Pembroke, the earl, to keep the knights and soldiers at a distance, noting that their noise further agitates Hector and makes the dog harder to manage. The narrative details the tension and urgency of the pursuit, highlighting Archie’s internal conflict and the hound’s pivotal role.\",\"docName\":\"3z3zlgnnsiuha76yy56h6uu71bh3q1\",\"editTime\":\"2025-11-10T14:57:41.133\",\"fileName\":\"3z3zlgnnsiuha76yy56h6uu71bh3q1.txt\",\"folder\":\"C:\\\\Users\\\\XiaoXinPro 16 IAH\\\\Desktop\\\\LRIA_llm_eval\\\\eval\\\\Quantum_e2e_v20251106\\\\Bvt1110\\\\bvtfiles\",\"id\":1987776371266555904,\"isDeleted\":0,\"isTmpFile\":false,\"labelNameList\":[\"History\",\"Report\",\"Text Document\"],\"lastModifyTime\":\"2025-09-17T09:45:00\",\"md5\":\"bb28043dd606535bdcaf1ee30346b0f9\",\"path\":\"C:\\\\Users\\\\XiaoXinPro 16 IAH\\\\Desktop\\\\LRIA_llm_eval\\\\eval\\\\Quantum_e2e_v20251106\\\\Bvt1110\\\\bvtfiles\\\\3z3zlgnnsiuha76yy56h6uu71bh3q1.txt\",\"previewPath\":\"c:\\\\users\\\\xiaoxinpro 16 iah\\\\documents\\\\qtcore\\\\pdffile\\\\e6e2343232ca421ef2da852a5f84548c.pdf\",\"priority\":4,\"score\":0.0,\"status\":\"COMPLETED\",\"tokenNum\":326,\"uriPath\":\"\"},{\"createTime\":\"2025-11-10T14:56:32.695\",\"description\":\"This document outlines the design method for evaluating AI face algorithms, focusing on test set collection and variable matrices. Key variables include head movements (pitch, yaw, roll), facial motions (mouth, eyebrow, eyelid), and lighting conditions (weak, medium, strong, uneven). Motion transfers involve horizontal and angular head movements, while expression transfers and optical flow are assessed under varied light environments. The evaluation uses only laptop cameras, with tools from Ruifeng for video input/output collection. Collection involves preparing 70 videos, at least 5 seconds each, covering head and facial movement variables and lighting conditions, with 10 videos per variable. Each variable should ideally have data from multiple participants, covering at least 7 individuals. Driving videos and output videos are compared to assess algorithm performance, using selected source images and ground truth from videos.\",\"docName\":\"AI_Face_Test_Set_Collection_Method_Design\",\"editTime\":\"2025-11-10T14:57:50.923\",\"fileName\":\"AI_Face_Test_Set_Collection_Method_Design.pptx\",\"folder\":\"C:\\\\Users\\\\XiaoXinPro 16 IAH\\\\Desktop\\\\LRIA_llm_eval\\\\eval\\\\Quantum_e2e_v20251106\\\\Bvt1110\\\\bvtfiles\",\"id\":1987776371388190720,\"isDeleted\":0,\"isTmpFile\":false,\"labelNameList\":[\"Technology\",\"Data Analysis\",\"Specifications\"],\"lastModifyTime\":\"2025-09-17T09:46:00\",\"md5\":\"b0f396e7936e0f6192cd880927e8e74b\",\"path\":\"C:\\\\Users\\\\XiaoXinPro 16 IAH\\\\Desktop\\\\LRIA_llm_eval\\\\eval\\\\Quantum_e2e_v20251106\\\\Bvt1110\\\\bvtfiles\\\\AI_Face_Test_Set_Collection_Method_Design.pptx\",\"previewPath\":\"c:\\\\users\\\\xiaoxinpro 16 iah\\\\documents\\\\qtcore\\\\pdffile\\\\5820f6ff633a3666eab35d871b69006b.pdf\",\"priority\":5,\"score\":0.0,\"status\":\"COMPLETED\",\"tokenNum\":432,\"uriPath\":\"\"},{\"createTime\":\"2025-11-10T14:56:32.726\",\"description\":\"This document provides an introduction to Linear Programming (LP), detailing its definition, historical development, solution methods, and strategies for testing LP solvers. LP focuses on optimizing a linear objective function subject to linear constraints, with solutions within a convex polyhedral feasible set. Mixed-Integer Programming (MIP) extends LP by allowing some variables to be integers, solved using techniques like Branch-and-Bound. The history covers key contributors: G.B. Dantzig (concept, Simplex Method), L.V. Kantorovich and T.C. Koopmans (Nobel Prize), L.G. Khachian (Ellipsoid Method), and N. Karmarkar (Interior-Point Method). Solution methods include enumeration, the Simplex Method (effective in practice but exponential in worst cases), and the Interior-Point Method (polynomial-time efficiency for large problems). LP solvers are tested using both benchmark and self-built test sets, including classic optimization models with varying size and structure. Testing approaches include handling unique, infinite, infeasible, and unbounded problems, using different coefficient scales and constraints to evaluate solver robustness and correctness.\",\"docName\":\"A_brief_introduction_of_LP_liutao21_20220615\",\"editTime\":\"2025-11-10T14:58:06.320\",\"fileName\":\"A_brief_introduction_of_LP_liutao21_20220615.pptx\",\"folder\":\"C:\\\\Users\\\\XiaoXinPro 16 IAH\\\\Desktop\\\\LRIA_llm_eval\\\\eval\\\\Quantum_e2e_v20251106\\\\Bvt1110\\\\bvtfiles\",\"id\":1987776371518214144,\"isDeleted\":0,\"isTmpFile\":false,\"labelNameList\":[\"Technology\",\"Specifications\",\"Training\"],\"lastModifyTime\":\"2025-09-17T09:46:00\",\"md5\":\"0dbb2532524843af54fb3388b7bf3381\",\"path\":\"C:\\\\Users\\\\XiaoXinPro 16 IAH\\\\Desktop\\\\LRIA_llm_eval\\\\eval\\\\Quantum_e2e_v20251106\\\\Bvt1110\\\\bvtfiles\\\\A_brief_introduction_of_LP_liutao21_20220615.pptx\",\"previewPath\":\"c:\\\\users\\\\xiaoxinpro 16 iah\\\\documents\\\\qtcore\\\\pdffile\\\\d590d120fc4bcc9bc01d308c3ad03c90.pdf\",\"priority\":6,\"score\":0.0,\"status\":\"COMPLETED\",\"tokenNum\":1297,\"uriPath\":\"\"},{\"createTime\":\"2025-11-10T14:56:32.800\",\"description\":\"This document provides an overview of Belfast English, its origins, and sociolinguistic investigations into language variation across different social networks in Belfast. Founded in 1603, Belfast grew rapidly in the 19th century due to industrialisation and migration following the Great Famine. The city's English evolved as an amalgamation of linguistic features from western Scotland, northern England, and unique local traits. Key sociolinguistic studies, particularly by James and Lesley Milroy, examined how language use in Belfast is influenced by social networks—ties within neighbourhoods that vary in density and multiplexity. Strong, dense networks (often working-class, with high solidarity) resist external linguistic norms, while loose networks (middle-class, status-oriented) tend to adopt standard speech. Detailed investigations were conducted in three areas: Ballymacarrett, Hammer, and Clonard, revealing differences in phonological variables (such as palatalisation, dental realisations, and vowel raising) that correlate with community structure, gender, and age. The Milroys highlighted the role of local linguistic norms in shaping identity and excluding outsiders, noting that vernacular speech retains unique markers not easily acquired by non-natives. Their research contributed to broader linguistic theory, illustrating the variation and rules within vernacular communities versus the standardized norms. The document is supported by a comprehensive set of academic references related to Belfast English and sociolinguistic research.\",\"docName\":\"Belfast-English\",\"editTime\":\"2025-11-10T14:58:22.145\",\"fileName\":\"Belfast-English.docx\",\"folder\":\"C:\\\\Users\\\\XiaoXinPro 16 IAH\\\\Desktop\\\\LRIA_llm_eval\\\\eval\\\\Quantum_e2e_v20251106\\\\Bvt1110\\\\bvtfiles\",\"id\":1987776371828592640,\"isDeleted\":0,\"isTmpFile\":false,\"labelNameList\":[\"History\",\"Data Analysis\",\"Research Paper\"],\"lastModifyTime\":\"2025-09-17T09:45:00\",\"md5\":\"3193e699ffa92db332ae31a9fb1d3cb4\",\"path\":\"C:\\\\Users\\\\XiaoXinPro 16 IAH\\\\Desktop\\\\LRIA_llm_eval\\\\eval\\\\Quantum_e2e_v20251106\\\\Bvt1110\\\\bvtfiles\\\\Belfast-English.docx\",\"previewPath\":\"c:\\\\users\\\\xiaoxinpro 16 iah\\\\documents\\\\qtcore\\\\pdffile\\\\7d62eed3de32f05711820c16bc2bd670.pdf\",\"priority\":7,\"score\":0.0,\"status\":\"COMPLETED\",\"tokenNum\":2989,\"uriPath\":\"\"},{\"createTime\":\"2025-11-10T14:56:32.823\",\"description\":\"\",\"docName\":\"British-Food-Culture\",\"editTime\":\"2025-11-10T14:58:32.693\",\"fileName\":\"British-Food-Culture.doc\",\"folder\":\"C:\\\\Users\\\\XiaoXinPro 16 IAH\\\\Desktop\\\\LRIA_llm_eval\\\\eval\\\\Quantum_e2e_v20251106\\\\Bvt1110\\\\bvtfiles\",\"id\":1987776371925061632,\"isDeleted\":0,\"isTmpFile\":false,\"labelNameList\":[],\"lastModifyTime\":\"2025-09-17T09:45:00\",\"md5\":\"435798f1c3377c7f5b71e18d733ca579\",\"path\":\"C:\\\\Users\\\\XiaoXinPro 16 IAH\\\\Desktop\\\\LRIA_llm_eval\\\\eval\\\\Quantum_e2e_v20251106\\\\Bvt1110\\\\bvtfiles\\\\British-Food-Culture.doc\",\"previewPath\":\"c:\\\\users\\\\xiaoxinpro 16 iah\\\\documents\\\\qtcore\\\\pdffile\\\\0213265ebaf0d7b3dc71495c3f63deb3.pdf\",\"priority\":8,\"score\":0.0,\"status\":\"COMPLETED\",\"tokenNum\":2009,\"uriPath\":\"\"},{\"createTime\":\"2025-11-10T14:56:32.847\",\"description\":\"\",\"docName\":\"\",\"editTime\":\"2025-11-10T14:58:32.715\",\"fileName\":\"Netflix Becomes a Broadway Producer With Peter Morgan’s Patriots.txt\",\"folder\":\"C:\\\\Users\\\\XiaoXinPro 16 IAH\\\\Desktop\\\\LRIA_llm_eval\\\\eval\\\\Quantum_e2e_v20251106\\\\Bvt1110\\\\bvtfiles\",\"id\":1987776372025724928,\"isDeleted\":0,\"isTmpFile\":false,\"labelNameList\":[],\"lastModifyTime\":\"2025-09-17T09:46:00\",\"md5\":\"ab84c46eaa62a18048fb0241446da4ca\",\"path\":\"C:\\\\Users\\\\XiaoXinPro 16 IAH\\\\Desktop\\\\LRIA_llm_eval\\\\eval\\\\Quantum_e2e_v20251106\\\\Bvt1110\\\\bvtfiles\\\\Netflix Becomes a Broadway Producer With Peter Morgan’s Patriots.txt\",\"priority\":9,\"score\":0.0,\"status\":\"RUNNING\",\"tokenNum\":0,\"uriPath\":\"\"}]"}}
2025-11-10 14:58:33,829 - [Quantum_e2e_20251110.py:340] - [get_register_document] - INFO - 文档数量: 9
2025-11-10 14:58:33,829 - [Quantum_e2e_20251110.py:363] - [get_register_document] - INFO - 文档总数: 9, COMPLETED状态的文档数量: 8
2025-11-10 14:58:33,829 - [Quantum_e2e_20251110.py:395] - [get_register_document] - INFO - 仍有文档在处理中
2025-11-10 14:58:33,830 - [Quantum_e2e_20251110.py:1154] - [process_document_registration_only] - INFO - 文档仍在处理中，等待2秒后重试...
2025-11-10 14:58:35,830 - [Quantum_e2e_20251110.py:1145] - [process_document_registration_only] - INFO - 第57次检查文档处理状态...
2025-11-10 14:58:35,830 - [Quantum_e2e_20251110.py:289] - [get_register_document] - INFO - 检查文档注册状态...
2025-11-10 14:58:35,832 - [connectionpool.py:243] - [_new_conn] - DEBUG - Starting new HTTP connection (1): 127.0.0.1:35253
2025-11-10 14:58:35,835 - [connectionpool.py:546] - [_make_request] - DEBUG - http://127.0.0.1:35253 "POST /upload HTTP/11" 200 19
2025-11-10 14:58:35,836 - [Quantum_e2e_20251110.py:299] - [get_register_document] - INFO - 文档注册已用时间: 123.42秒 (02:03)
2025-11-10 14:58:35,836 - [Quantum_e2e_20251110.py:303] - [get_register_document] - INFO - 成功获取文档列表，upload_id: 9093536102125260375
2025-11-10 14:58:35,838 - [connectionpool.py:243] - [_new_conn] - DEBUG - Starting new HTTP connection (1): 127.0.0.1:35253
2025-11-10 14:58:35,846 - [connectionpool.py:546] - [_make_request] - DEBUG - http://127.0.0.1:35253 "GET /query?fileData=9093536102125260375 HTTP/11" 200 None
2025-11-10 14:58:35,956 - [Quantum_e2e_20251110.py:583] - [get_response_content_detailed] - INFO - 响应时间: 0.01秒
2025-11-10 14:58:35,957 - [Quantum_e2e_20251110.py:310] - [get_register_document] - INFO - 获取到的result_text: {"jobId":59,"status":"complete","data":{"text":"[{\"createTime\":\"2025-11-10T14:56:32.563\",\"description\":\"This paper studies the computational hardness of learning Boolean functions from label proportions (LLP), a machine learning setting where only aggregated label information within small subsets (bags) is available. LLP generalizes the PAC learning framework and is motivated by applications like privacy-preserving learning and domains with high labeling costs (e.g., medical imaging). The authors prove three main results: (1) It is NP-hard to learn an ℓ-clause CNF that satisfies any constant-fraction of bags when the underlying function is an OR, establishing hardness even for bags of size ≤2 and separating CNFs from halfspaces. (2) It is NP-hard to learn an ℓ-DNF that satisfies more than (1/2 + δ)-fraction of bags for any constant δ>0 and ℓ, ruling out constant-factor DNF approximations. (3) For parities, with bags of size ≤q, it is NP-hard to satisfy more than (q/2^{q-1} + δ)-fraction of the bags, with the hardness increasing exponentially in bag size. However, a randomized polynomial-time algorithm can achieve a (1/2^{q-2})-approximation for LLP parity learning. These findings show qualitative differences between the LLP and PAC settings: problems tractable in PAC (e.g., ORs, parities) become inapproximable in LLP. The results rely on reductions from Label Cover and Smooth Label Cover problems. Prior works are discussed, highlighting that LLP learnability has been far less explored compared to PAC learning. Applications include privacy and weak supervision scenarios.\",\"docName\":\"2403.19401\",\"editTime\":\"2025-11-10T14:57:36.527\",\"fileName\":\"2403.19401.pdf\",\"folder\":\"C:\\\\Users\\\\XiaoXinPro 16 IAH\\\\Desktop\\\\LRIA_llm_eval\\\\eval\\\\Quantum_e2e_v20251106\\\\Bvt1110\\\\bvtfiles\",\"id\":1987776370834542592,\"isDeleted\":0,\"isTmpFile\":false,\"labelNameList\":[\"Technology\",\"Data Analysis\",\"Research Paper\"],\"lastModifyTime\":\"2025-09-17T09:45:00\",\"md5\":\"4ff6ba88616fcf7a71d1dca6c9adc14c\",\"path\":\"C:\\\\Users\\\\XiaoXinPro 16 IAH\\\\Desktop\\\\LRIA_llm_eval\\\\eval\\\\Quantum_e2e_v20251106\\\\Bvt1110\\\\bvtfiles\\\\2403.19401.pdf\",\"previewPath\":\"c:\\\\users\\\\xiaoxinpro 16 iah\\\\documents\\\\qtcore\\\\pdffile\\\\b6e6995c4481f9cd5d6cfb8c79124693.pdf\",\"priority\":1,\"score\":0.0,\"status\":\"COMPLETED\",\"tokenNum\":14092,\"uriPath\":\"\"},{\"createTime\":\"2025-11-10T14:56:32.609\",\"description\":\"A One Day International (ODI) is a format of limited overs cricket played between teams with international status, typically consisting of 50 overs per side. Originating in the late twentieth century, the first ODI was played in 1971 between Australia and England after rain affected a Test match. Initially, ODIs featured white kits and a red ball. The late 1970s saw significant innovations through Kerry Packer's World Series Cricket, introducing colored uniforms, night games under floodlights using a white ball, and enhanced television broadcasts with multiple camera angles and audio effects. These changes increased professionalism in the sport, with international players receiving payments and TV rights shifting to Channel 9 in Australia. Over time, colored kits and the white ball became the norm, with the traditional white flannels and red ball phased out by 2001. ODIs are considered the pinnacle of List A cricket, with the format used in major tournaments like the Cricket World Cup.\",\"docName\":\"3nql1cs15r8aviz39pth2bpsr4zvy1\",\"editTime\":\"2025-11-10T14:57:34.270\",\"fileName\":\"3nql1cs15r8aviz39pth2bpsr4zvy1.txt\",\"folder\":\"C:\\\\Users\\\\XiaoXinPro 16 IAH\\\\Desktop\\\\LRIA_llm_eval\\\\eval\\\\Quantum_e2e_v20251106\\\\Bvt1110\\\\bvtfiles\",\"id\":1987776371027480576,\"isDeleted\":0,\"isTmpFile\":false,\"labelNameList\":[\"Sport\",\"Informational\",\"History\"],\"lastModifyTime\":\"2025-09-17T09:45:00\",\"md5\":\"da0c0f7162b267cca0de596df4c40c56\",\"path\":\"C:\\\\Users\\\\XiaoXinPro 16 IAH\\\\Desktop\\\\LRIA_llm_eval\\\\eval\\\\Quantum_e2e_v20251106\\\\Bvt1110\\\\bvtfiles\\\\3nql1cs15r8aviz39pth2bpsr4zvy1.txt\",\"previewPath\":\"c:\\\\users\\\\xiaoxinpro 16 iah\\\\documents\\\\qtcore\\\\pdffile\\\\db8ff9222bdd0e56ba076310ced4c747.pdf\",\"priority\":2,\"score\":0.0,\"status\":\"COMPLETED\",\"tokenNum\":402,\"uriPath\":\"\"},{\"createTime\":\"2025-11-10T14:56:32.639\",\"description\":\"Psychological identity encompasses self-image, self-esteem, and individuality, representing how individuals perceive themselves in the present, past, and future. According to Weinreich, identity is the totality of self-construal, reflecting continuity across time and aspirations. Ethnic identity, for example, is defined as the part of self-construal connecting ancestry and future goals in terms of ethnicity. The concept of identity is central to fields like psychology, sociology, and anthropology, requiring frameworks that address both unique personal attributes and shifting group affiliations. Weinreich’s Identity Structure Analysis (ISA) provides a structural approach to mapping identity, focusing on stable relationships between the self and others within socio-cultural contexts. ISA utilizes constructs from individual experience, group dynamics, and cultural norms, offering a methodology for analyzing how individuals use these elements to evaluate themselves, others, and institutions over time and in varying circumstances.\",\"docName\":\"3u84xhcdicdb6vqtlfud7syhj444z2\",\"editTime\":\"2025-11-10T14:57:38.411\",\"fileName\":\"3u84xhcdicdb6vqtlfud7syhj444z2.txt\",\"folder\":\"C:\\\\Users\\\\XiaoXinPro 16 IAH\\\\Desktop\\\\LRIA_llm_eval\\\\eval\\\\Quantum_e2e_v20251106\\\\Bvt1110\\\\bvtfiles\",\"id\":1987776371153309696,\"isDeleted\":0,\"isTmpFile\":false,\"labelNameList\":[\"Informational\",\"Research Paper\",\"Psychology\"],\"lastModifyTime\":\"2025-09-17T09:45:00\",\"md5\":\"a80f0ad4af9fd250a462680c85e6fbf0\",\"path\":\"C:\\\\Users\\\\XiaoXinPro 16 IAH\\\\Desktop\\\\LRIA_llm_eval\\\\eval\\\\Quantum_e2e_v20251106\\\\Bvt1110\\\\bvtfiles\\\\3u84xhcdicdb6vqtlfud7syhj444z2.txt\",\"previewPath\":\"c:\\\\users\\\\xiaoxinpro 16 iah\\\\documents\\\\qtcore\\\\pdffile\\\\4bb6e885c6b375f7991ed237ae550f5a.pdf\",\"priority\":3,\"score\":0.0,\"status\":\"COMPLETED\",\"tokenNum\":414,\"uriPath\":\"\"},{\"createTime\":\"2025-11-10T14:56:32.666\",\"description\":\"Archie receives orders to join the earl and a large group of soldiers in pursuit of Bruce after a traitor reveals Bruce’s recent whereabouts. Despite his reluctance, Archie prepares to lead the party using Hector, the hound, whose tracking skills are crucial for the search. Archie contemplates killing the hound and fleeing if they get close to Bruce, though escape seems unlikely given the number of mounted men. Guided by a local peasant, the group reaches a cottage five miles away where Hector becomes highly excited, thoroughly investigating the area before decisively taking up Bruce’s trail. Archie struggles to control the eager hound, who pulls hard on the chain. He cautions Pembroke, the earl, to keep the knights and soldiers at a distance, noting that their noise further agitates Hector and makes the dog harder to manage. The narrative details the tension and urgency of the pursuit, highlighting Archie’s internal conflict and the hound’s pivotal role.\",\"docName\":\"3z3zlgnnsiuha76yy56h6uu71bh3q1\",\"editTime\":\"2025-11-10T14:57:41.133\",\"fileName\":\"3z3zlgnnsiuha76yy56h6uu71bh3q1.txt\",\"folder\":\"C:\\\\Users\\\\XiaoXinPro 16 IAH\\\\Desktop\\\\LRIA_llm_eval\\\\eval\\\\Quantum_e2e_v20251106\\\\Bvt1110\\\\bvtfiles\",\"id\":1987776371266555904,\"isDeleted\":0,\"isTmpFile\":false,\"labelNameList\":[\"History\",\"Report\",\"Text Document\"],\"lastModifyTime\":\"2025-09-17T09:45:00\",\"md5\":\"bb28043dd606535bdcaf1ee30346b0f9\",\"path\":\"C:\\\\Users\\\\XiaoXinPro 16 IAH\\\\Desktop\\\\LRIA_llm_eval\\\\eval\\\\Quantum_e2e_v20251106\\\\Bvt1110\\\\bvtfiles\\\\3z3zlgnnsiuha76yy56h6uu71bh3q1.txt\",\"previewPath\":\"c:\\\\users\\\\xiaoxinpro 16 iah\\\\documents\\\\qtcore\\\\pdffile\\\\e6e2343232ca421ef2da852a5f84548c.pdf\",\"priority\":4,\"score\":0.0,\"status\":\"COMPLETED\",\"tokenNum\":326,\"uriPath\":\"\"},{\"createTime\":\"2025-11-10T14:56:32.695\",\"description\":\"This document outlines the design method for evaluating AI face algorithms, focusing on test set collection and variable matrices. Key variables include head movements (pitch, yaw, roll), facial motions (mouth, eyebrow, eyelid), and lighting conditions (weak, medium, strong, uneven). Motion transfers involve horizontal and angular head movements, while expression transfers and optical flow are assessed under varied light environments. The evaluation uses only laptop cameras, with tools from Ruifeng for video input/output collection. Collection involves preparing 70 videos, at least 5 seconds each, covering head and facial movement variables and lighting conditions, with 10 videos per variable. Each variable should ideally have data from multiple participants, covering at least 7 individuals. Driving videos and output videos are compared to assess algorithm performance, using selected source images and ground truth from videos.\",\"docName\":\"AI_Face_Test_Set_Collection_Method_Design\",\"editTime\":\"2025-11-10T14:57:50.923\",\"fileName\":\"AI_Face_Test_Set_Collection_Method_Design.pptx\",\"folder\":\"C:\\\\Users\\\\XiaoXinPro 16 IAH\\\\Desktop\\\\LRIA_llm_eval\\\\eval\\\\Quantum_e2e_v20251106\\\\Bvt1110\\\\bvtfiles\",\"id\":1987776371388190720,\"isDeleted\":0,\"isTmpFile\":false,\"labelNameList\":[\"Technology\",\"Data Analysis\",\"Specifications\"],\"lastModifyTime\":\"2025-09-17T09:46:00\",\"md5\":\"b0f396e7936e0f6192cd880927e8e74b\",\"path\":\"C:\\\\Users\\\\XiaoXinPro 16 IAH\\\\Desktop\\\\LRIA_llm_eval\\\\eval\\\\Quantum_e2e_v20251106\\\\Bvt1110\\\\bvtfiles\\\\AI_Face_Test_Set_Collection_Method_Design.pptx\",\"previewPath\":\"c:\\\\users\\\\xiaoxinpro 16 iah\\\\documents\\\\qtcore\\\\pdffile\\\\5820f6ff633a3666eab35d871b69006b.pdf\",\"priority\":5,\"score\":0.0,\"status\":\"COMPLETED\",\"tokenNum\":432,\"uriPath\":\"\"},{\"createTime\":\"2025-11-10T14:56:32.726\",\"description\":\"This document provides an introduction to Linear Programming (LP), detailing its definition, historical development, solution methods, and strategies for testing LP solvers. LP focuses on optimizing a linear objective function subject to linear constraints, with solutions within a convex polyhedral feasible set. Mixed-Integer Programming (MIP) extends LP by allowing some variables to be integers, solved using techniques like Branch-and-Bound. The history covers key contributors: G.B. Dantzig (concept, Simplex Method), L.V. Kantorovich and T.C. Koopmans (Nobel Prize), L.G. Khachian (Ellipsoid Method), and N. Karmarkar (Interior-Point Method). Solution methods include enumeration, the Simplex Method (effective in practice but exponential in worst cases), and the Interior-Point Method (polynomial-time efficiency for large problems). LP solvers are tested using both benchmark and self-built test sets, including classic optimization models with varying size and structure. Testing approaches include handling unique, infinite, infeasible, and unbounded problems, using different coefficient scales and constraints to evaluate solver robustness and correctness.\",\"docName\":\"A_brief_introduction_of_LP_liutao21_20220615\",\"editTime\":\"2025-11-10T14:58:06.320\",\"fileName\":\"A_brief_introduction_of_LP_liutao21_20220615.pptx\",\"folder\":\"C:\\\\Users\\\\XiaoXinPro 16 IAH\\\\Desktop\\\\LRIA_llm_eval\\\\eval\\\\Quantum_e2e_v20251106\\\\Bvt1110\\\\bvtfiles\",\"id\":1987776371518214144,\"isDeleted\":0,\"isTmpFile\":false,\"labelNameList\":[\"Technology\",\"Specifications\",\"Training\"],\"lastModifyTime\":\"2025-09-17T09:46:00\",\"md5\":\"0dbb2532524843af54fb3388b7bf3381\",\"path\":\"C:\\\\Users\\\\XiaoXinPro 16 IAH\\\\Desktop\\\\LRIA_llm_eval\\\\eval\\\\Quantum_e2e_v20251106\\\\Bvt1110\\\\bvtfiles\\\\A_brief_introduction_of_LP_liutao21_20220615.pptx\",\"previewPath\":\"c:\\\\users\\\\xiaoxinpro 16 iah\\\\documents\\\\qtcore\\\\pdffile\\\\d590d120fc4bcc9bc01d308c3ad03c90.pdf\",\"priority\":6,\"score\":0.0,\"status\":\"COMPLETED\",\"tokenNum\":1297,\"uriPath\":\"\"},{\"createTime\":\"2025-11-10T14:56:32.800\",\"description\":\"This document provides an overview of Belfast English, its origins, and sociolinguistic investigations into language variation across different social networks in Belfast. Founded in 1603, Belfast grew rapidly in the 19th century due to industrialisation and migration following the Great Famine. The city's English evolved as an amalgamation of linguistic features from western Scotland, northern England, and unique local traits. Key sociolinguistic studies, particularly by James and Lesley Milroy, examined how language use in Belfast is influenced by social networks—ties within neighbourhoods that vary in density and multiplexity. Strong, dense networks (often working-class, with high solidarity) resist external linguistic norms, while loose networks (middle-class, status-oriented) tend to adopt standard speech. Detailed investigations were conducted in three areas: Ballymacarrett, Hammer, and Clonard, revealing differences in phonological variables (such as palatalisation, dental realisations, and vowel raising) that correlate with community structure, gender, and age. The Milroys highlighted the role of local linguistic norms in shaping identity and excluding outsiders, noting that vernacular speech retains unique markers not easily acquired by non-natives. Their research contributed to broader linguistic theory, illustrating the variation and rules within vernacular communities versus the standardized norms. The document is supported by a comprehensive set of academic references related to Belfast English and sociolinguistic research.\",\"docName\":\"Belfast-English\",\"editTime\":\"2025-11-10T14:58:22.145\",\"fileName\":\"Belfast-English.docx\",\"folder\":\"C:\\\\Users\\\\XiaoXinPro 16 IAH\\\\Desktop\\\\LRIA_llm_eval\\\\eval\\\\Quantum_e2e_v20251106\\\\Bvt1110\\\\bvtfiles\",\"id\":1987776371828592640,\"isDeleted\":0,\"isTmpFile\":false,\"labelNameList\":[\"History\",\"Data Analysis\",\"Research Paper\"],\"lastModifyTime\":\"2025-09-17T09:45:00\",\"md5\":\"3193e699ffa92db332ae31a9fb1d3cb4\",\"path\":\"C:\\\\Users\\\\XiaoXinPro 16 IAH\\\\Desktop\\\\LRIA_llm_eval\\\\eval\\\\Quantum_e2e_v20251106\\\\Bvt1110\\\\bvtfiles\\\\Belfast-English.docx\",\"previewPath\":\"c:\\\\users\\\\xiaoxinpro 16 iah\\\\documents\\\\qtcore\\\\pdffile\\\\7d62eed3de32f05711820c16bc2bd670.pdf\",\"priority\":7,\"score\":0.0,\"status\":\"COMPLETED\",\"tokenNum\":2989,\"uriPath\":\"\"},{\"createTime\":\"2025-11-10T14:56:32.823\",\"description\":\"\",\"docName\":\"British-Food-Culture\",\"editTime\":\"2025-11-10T14:58:32.693\",\"fileName\":\"British-Food-Culture.doc\",\"folder\":\"C:\\\\Users\\\\XiaoXinPro 16 IAH\\\\Desktop\\\\LRIA_llm_eval\\\\eval\\\\Quantum_e2e_v20251106\\\\Bvt1110\\\\bvtfiles\",\"id\":1987776371925061632,\"isDeleted\":0,\"isTmpFile\":false,\"labelNameList\":[],\"lastModifyTime\":\"2025-09-17T09:45:00\",\"md5\":\"435798f1c3377c7f5b71e18d733ca579\",\"path\":\"C:\\\\Users\\\\XiaoXinPro 16 IAH\\\\Desktop\\\\LRIA_llm_eval\\\\eval\\\\Quantum_e2e_v20251106\\\\Bvt1110\\\\bvtfiles\\\\British-Food-Culture.doc\",\"previewPath\":\"c:\\\\users\\\\xiaoxinpro 16 iah\\\\documents\\\\qtcore\\\\pdffile\\\\0213265ebaf0d7b3dc71495c3f63deb3.pdf\",\"priority\":8,\"score\":0.0,\"status\":\"COMPLETED\",\"tokenNum\":2009,\"uriPath\":\"\"},{\"createTime\":\"2025-11-10T14:56:32.847\",\"description\":\"\",\"docName\":\"\",\"editTime\":\"2025-11-10T14:58:32.715\",\"fileName\":\"Netflix Becomes a Broadway Producer With Peter Morgan’s Patriots.txt\",\"folder\":\"C:\\\\Users\\\\XiaoXinPro 16 IAH\\\\Desktop\\\\LRIA_llm_eval\\\\eval\\\\Quantum_e2e_v20251106\\\\Bvt1110\\\\bvtfiles\",\"id\":1987776372025724928,\"isDeleted\":0,\"isTmpFile\":false,\"labelNameList\":[],\"lastModifyTime\":\"2025-09-17T09:46:00\",\"md5\":\"ab84c46eaa62a18048fb0241446da4ca\",\"path\":\"C:\\\\Users\\\\XiaoXinPro 16 IAH\\\\Desktop\\\\LRIA_llm_eval\\\\eval\\\\Quantum_e2e_v20251106\\\\Bvt1110\\\\bvtfiles\\\\Netflix Becomes a Broadway Producer With Peter Morgan’s Patriots.txt\",\"priority\":9,\"score\":0.0,\"status\":\"RUNNING\",\"tokenNum\":0,\"uriPath\":\"\"}]"}}
2025-11-10 14:58:35,964 - [Quantum_e2e_20251110.py:340] - [get_register_document] - INFO - 文档数量: 9
2025-11-10 14:58:35,967 - [Quantum_e2e_20251110.py:363] - [get_register_document] - INFO - 文档总数: 9, COMPLETED状态的文档数量: 8
2025-11-10 14:58:35,971 - [Quantum_e2e_20251110.py:395] - [get_register_document] - INFO - 仍有文档在处理中
2025-11-10 14:58:35,971 - [Quantum_e2e_20251110.py:1154] - [process_document_registration_only] - INFO - 文档仍在处理中，等待2秒后重试...
2025-11-10 14:58:37,979 - [Quantum_e2e_20251110.py:1145] - [process_document_registration_only] - INFO - 第58次检查文档处理状态...
2025-11-10 14:58:37,980 - [Quantum_e2e_20251110.py:289] - [get_register_document] - INFO - 检查文档注册状态...
2025-11-10 14:58:37,982 - [connectionpool.py:243] - [_new_conn] - DEBUG - Starting new HTTP connection (1): 127.0.0.1:35253
2025-11-10 14:58:37,985 - [connectionpool.py:546] - [_make_request] - DEBUG - http://127.0.0.1:35253 "POST /upload HTTP/11" 200 19
2025-11-10 14:58:37,986 - [Quantum_e2e_20251110.py:299] - [get_register_document] - INFO - 文档注册已用时间: 125.57秒 (02:05)
2025-11-10 14:58:37,986 - [Quantum_e2e_20251110.py:303] - [get_register_document] - INFO - 成功获取文档列表，upload_id: 6690567538597862359
2025-11-10 14:58:37,988 - [connectionpool.py:243] - [_new_conn] - DEBUG - Starting new HTTP connection (1): 127.0.0.1:35253
2025-11-10 14:58:37,995 - [connectionpool.py:546] - [_make_request] - DEBUG - http://127.0.0.1:35253 "GET /query?fileData=6690567538597862359 HTTP/11" 200 None
2025-11-10 14:58:38,109 - [Quantum_e2e_20251110.py:583] - [get_response_content_detailed] - INFO - 响应时间: 0.01秒
2025-11-10 14:58:38,110 - [Quantum_e2e_20251110.py:310] - [get_register_document] - INFO - 获取到的result_text: {"jobId":60,"status":"complete","data":{"text":"[{\"createTime\":\"2025-11-10T14:56:32.563\",\"description\":\"This paper studies the computational hardness of learning Boolean functions from label proportions (LLP), a machine learning setting where only aggregated label information within small subsets (bags) is available. LLP generalizes the PAC learning framework and is motivated by applications like privacy-preserving learning and domains with high labeling costs (e.g., medical imaging). The authors prove three main results: (1) It is NP-hard to learn an ℓ-clause CNF that satisfies any constant-fraction of bags when the underlying function is an OR, establishing hardness even for bags of size ≤2 and separating CNFs from halfspaces. (2) It is NP-hard to learn an ℓ-DNF that satisfies more than (1/2 + δ)-fraction of bags for any constant δ>0 and ℓ, ruling out constant-factor DNF approximations. (3) For parities, with bags of size ≤q, it is NP-hard to satisfy more than (q/2^{q-1} + δ)-fraction of the bags, with the hardness increasing exponentially in bag size. However, a randomized polynomial-time algorithm can achieve a (1/2^{q-2})-approximation for LLP parity learning. These findings show qualitative differences between the LLP and PAC settings: problems tractable in PAC (e.g., ORs, parities) become inapproximable in LLP. The results rely on reductions from Label Cover and Smooth Label Cover problems. Prior works are discussed, highlighting that LLP learnability has been far less explored compared to PAC learning. Applications include privacy and weak supervision scenarios.\",\"docName\":\"2403.19401\",\"editTime\":\"2025-11-10T14:57:36.527\",\"fileName\":\"2403.19401.pdf\",\"folder\":\"C:\\\\Users\\\\XiaoXinPro 16 IAH\\\\Desktop\\\\LRIA_llm_eval\\\\eval\\\\Quantum_e2e_v20251106\\\\Bvt1110\\\\bvtfiles\",\"id\":1987776370834542592,\"isDeleted\":0,\"isTmpFile\":false,\"labelNameList\":[\"Technology\",\"Data Analysis\",\"Research Paper\"],\"lastModifyTime\":\"2025-09-17T09:45:00\",\"md5\":\"4ff6ba88616fcf7a71d1dca6c9adc14c\",\"path\":\"C:\\\\Users\\\\XiaoXinPro 16 IAH\\\\Desktop\\\\LRIA_llm_eval\\\\eval\\\\Quantum_e2e_v20251106\\\\Bvt1110\\\\bvtfiles\\\\2403.19401.pdf\",\"previewPath\":\"c:\\\\users\\\\xiaoxinpro 16 iah\\\\documents\\\\qtcore\\\\pdffile\\\\b6e6995c4481f9cd5d6cfb8c79124693.pdf\",\"priority\":1,\"score\":0.0,\"status\":\"COMPLETED\",\"tokenNum\":14092,\"uriPath\":\"\"},{\"createTime\":\"2025-11-10T14:56:32.609\",\"description\":\"A One Day International (ODI) is a format of limited overs cricket played between teams with international status, typically consisting of 50 overs per side. Originating in the late twentieth century, the first ODI was played in 1971 between Australia and England after rain affected a Test match. Initially, ODIs featured white kits and a red ball. The late 1970s saw significant innovations through Kerry Packer's World Series Cricket, introducing colored uniforms, night games under floodlights using a white ball, and enhanced television broadcasts with multiple camera angles and audio effects. These changes increased professionalism in the sport, with international players receiving payments and TV rights shifting to Channel 9 in Australia. Over time, colored kits and the white ball became the norm, with the traditional white flannels and red ball phased out by 2001. ODIs are considered the pinnacle of List A cricket, with the format used in major tournaments like the Cricket World Cup.\",\"docName\":\"3nql1cs15r8aviz39pth2bpsr4zvy1\",\"editTime\":\"2025-11-10T14:57:34.270\",\"fileName\":\"3nql1cs15r8aviz39pth2bpsr4zvy1.txt\",\"folder\":\"C:\\\\Users\\\\XiaoXinPro 16 IAH\\\\Desktop\\\\LRIA_llm_eval\\\\eval\\\\Quantum_e2e_v20251106\\\\Bvt1110\\\\bvtfiles\",\"id\":1987776371027480576,\"isDeleted\":0,\"isTmpFile\":false,\"labelNameList\":[\"Sport\",\"Informational\",\"History\"],\"lastModifyTime\":\"2025-09-17T09:45:00\",\"md5\":\"da0c0f7162b267cca0de596df4c40c56\",\"path\":\"C:\\\\Users\\\\XiaoXinPro 16 IAH\\\\Desktop\\\\LRIA_llm_eval\\\\eval\\\\Quantum_e2e_v20251106\\\\Bvt1110\\\\bvtfiles\\\\3nql1cs15r8aviz39pth2bpsr4zvy1.txt\",\"previewPath\":\"c:\\\\users\\\\xiaoxinpro 16 iah\\\\documents\\\\qtcore\\\\pdffile\\\\db8ff9222bdd0e56ba076310ced4c747.pdf\",\"priority\":2,\"score\":0.0,\"status\":\"COMPLETED\",\"tokenNum\":402,\"uriPath\":\"\"},{\"createTime\":\"2025-11-10T14:56:32.639\",\"description\":\"Psychological identity encompasses self-image, self-esteem, and individuality, representing how individuals perceive themselves in the present, past, and future. According to Weinreich, identity is the totality of self-construal, reflecting continuity across time and aspirations. Ethnic identity, for example, is defined as the part of self-construal connecting ancestry and future goals in terms of ethnicity. The concept of identity is central to fields like psychology, sociology, and anthropology, requiring frameworks that address both unique personal attributes and shifting group affiliations. Weinreich’s Identity Structure Analysis (ISA) provides a structural approach to mapping identity, focusing on stable relationships between the self and others within socio-cultural contexts. ISA utilizes constructs from individual experience, group dynamics, and cultural norms, offering a methodology for analyzing how individuals use these elements to evaluate themselves, others, and institutions over time and in varying circumstances.\",\"docName\":\"3u84xhcdicdb6vqtlfud7syhj444z2\",\"editTime\":\"2025-11-10T14:57:38.411\",\"fileName\":\"3u84xhcdicdb6vqtlfud7syhj444z2.txt\",\"folder\":\"C:\\\\Users\\\\XiaoXinPro 16 IAH\\\\Desktop\\\\LRIA_llm_eval\\\\eval\\\\Quantum_e2e_v20251106\\\\Bvt1110\\\\bvtfiles\",\"id\":1987776371153309696,\"isDeleted\":0,\"isTmpFile\":false,\"labelNameList\":[\"Informational\",\"Research Paper\",\"Psychology\"],\"lastModifyTime\":\"2025-09-17T09:45:00\",\"md5\":\"a80f0ad4af9fd250a462680c85e6fbf0\",\"path\":\"C:\\\\Users\\\\XiaoXinPro 16 IAH\\\\Desktop\\\\LRIA_llm_eval\\\\eval\\\\Quantum_e2e_v20251106\\\\Bvt1110\\\\bvtfiles\\\\3u84xhcdicdb6vqtlfud7syhj444z2.txt\",\"previewPath\":\"c:\\\\users\\\\xiaoxinpro 16 iah\\\\documents\\\\qtcore\\\\pdffile\\\\4bb6e885c6b375f7991ed237ae550f5a.pdf\",\"priority\":3,\"score\":0.0,\"status\":\"COMPLETED\",\"tokenNum\":414,\"uriPath\":\"\"},{\"createTime\":\"2025-11-10T14:56:32.666\",\"description\":\"Archie receives orders to join the earl and a large group of soldiers in pursuit of Bruce after a traitor reveals Bruce’s recent whereabouts. Despite his reluctance, Archie prepares to lead the party using Hector, the hound, whose tracking skills are crucial for the search. Archie contemplates killing the hound and fleeing if they get close to Bruce, though escape seems unlikely given the number of mounted men. Guided by a local peasant, the group reaches a cottage five miles away where Hector becomes highly excited, thoroughly investigating the area before decisively taking up Bruce’s trail. Archie struggles to control the eager hound, who pulls hard on the chain. He cautions Pembroke, the earl, to keep the knights and soldiers at a distance, noting that their noise further agitates Hector and makes the dog harder to manage. The narrative details the tension and urgency of the pursuit, highlighting Archie’s internal conflict and the hound’s pivotal role.\",\"docName\":\"3z3zlgnnsiuha76yy56h6uu71bh3q1\",\"editTime\":\"2025-11-10T14:57:41.133\",\"fileName\":\"3z3zlgnnsiuha76yy56h6uu71bh3q1.txt\",\"folder\":\"C:\\\\Users\\\\XiaoXinPro 16 IAH\\\\Desktop\\\\LRIA_llm_eval\\\\eval\\\\Quantum_e2e_v20251106\\\\Bvt1110\\\\bvtfiles\",\"id\":1987776371266555904,\"isDeleted\":0,\"isTmpFile\":false,\"labelNameList\":[\"History\",\"Report\",\"Text Document\"],\"lastModifyTime\":\"2025-09-17T09:45:00\",\"md5\":\"bb28043dd606535bdcaf1ee30346b0f9\",\"path\":\"C:\\\\Users\\\\XiaoXinPro 16 IAH\\\\Desktop\\\\LRIA_llm_eval\\\\eval\\\\Quantum_e2e_v20251106\\\\Bvt1110\\\\bvtfiles\\\\3z3zlgnnsiuha76yy56h6uu71bh3q1.txt\",\"previewPath\":\"c:\\\\users\\\\xiaoxinpro 16 iah\\\\documents\\\\qtcore\\\\pdffile\\\\e6e2343232ca421ef2da852a5f84548c.pdf\",\"priority\":4,\"score\":0.0,\"status\":\"COMPLETED\",\"tokenNum\":326,\"uriPath\":\"\"},{\"createTime\":\"2025-11-10T14:56:32.695\",\"description\":\"This document outlines the design method for evaluating AI face algorithms, focusing on test set collection and variable matrices. Key variables include head movements (pitch, yaw, roll), facial motions (mouth, eyebrow, eyelid), and lighting conditions (weak, medium, strong, uneven). Motion transfers involve horizontal and angular head movements, while expression transfers and optical flow are assessed under varied light environments. The evaluation uses only laptop cameras, with tools from Ruifeng for video input/output collection. Collection involves preparing 70 videos, at least 5 seconds each, covering head and facial movement variables and lighting conditions, with 10 videos per variable. Each variable should ideally have data from multiple participants, covering at least 7 individuals. Driving videos and output videos are compared to assess algorithm performance, using selected source images and ground truth from videos.\",\"docName\":\"AI_Face_Test_Set_Collection_Method_Design\",\"editTime\":\"2025-11-10T14:57:50.923\",\"fileName\":\"AI_Face_Test_Set_Collection_Method_Design.pptx\",\"folder\":\"C:\\\\Users\\\\XiaoXinPro 16 IAH\\\\Desktop\\\\LRIA_llm_eval\\\\eval\\\\Quantum_e2e_v20251106\\\\Bvt1110\\\\bvtfiles\",\"id\":1987776371388190720,\"isDeleted\":0,\"isTmpFile\":false,\"labelNameList\":[\"Technology\",\"Data Analysis\",\"Specifications\"],\"lastModifyTime\":\"2025-09-17T09:46:00\",\"md5\":\"b0f396e7936e0f6192cd880927e8e74b\",\"path\":\"C:\\\\Users\\\\XiaoXinPro 16 IAH\\\\Desktop\\\\LRIA_llm_eval\\\\eval\\\\Quantum_e2e_v20251106\\\\Bvt1110\\\\bvtfiles\\\\AI_Face_Test_Set_Collection_Method_Design.pptx\",\"previewPath\":\"c:\\\\users\\\\xiaoxinpro 16 iah\\\\documents\\\\qtcore\\\\pdffile\\\\5820f6ff633a3666eab35d871b69006b.pdf\",\"priority\":5,\"score\":0.0,\"status\":\"COMPLETED\",\"tokenNum\":432,\"uriPath\":\"\"},{\"createTime\":\"2025-11-10T14:56:32.726\",\"description\":\"This document provides an introduction to Linear Programming (LP), detailing its definition, historical development, solution methods, and strategies for testing LP solvers. LP focuses on optimizing a linear objective function subject to linear constraints, with solutions within a convex polyhedral feasible set. Mixed-Integer Programming (MIP) extends LP by allowing some variables to be integers, solved using techniques like Branch-and-Bound. The history covers key contributors: G.B. Dantzig (concept, Simplex Method), L.V. Kantorovich and T.C. Koopmans (Nobel Prize), L.G. Khachian (Ellipsoid Method), and N. Karmarkar (Interior-Point Method). Solution methods include enumeration, the Simplex Method (effective in practice but exponential in worst cases), and the Interior-Point Method (polynomial-time efficiency for large problems). LP solvers are tested using both benchmark and self-built test sets, including classic optimization models with varying size and structure. Testing approaches include handling unique, infinite, infeasible, and unbounded problems, using different coefficient scales and constraints to evaluate solver robustness and correctness.\",\"docName\":\"A_brief_introduction_of_LP_liutao21_20220615\",\"editTime\":\"2025-11-10T14:58:06.320\",\"fileName\":\"A_brief_introduction_of_LP_liutao21_20220615.pptx\",\"folder\":\"C:\\\\Users\\\\XiaoXinPro 16 IAH\\\\Desktop\\\\LRIA_llm_eval\\\\eval\\\\Quantum_e2e_v20251106\\\\Bvt1110\\\\bvtfiles\",\"id\":1987776371518214144,\"isDeleted\":0,\"isTmpFile\":false,\"labelNameList\":[\"Technology\",\"Specifications\",\"Training\"],\"lastModifyTime\":\"2025-09-17T09:46:00\",\"md5\":\"0dbb2532524843af54fb3388b7bf3381\",\"path\":\"C:\\\\Users\\\\XiaoXinPro 16 IAH\\\\Desktop\\\\LRIA_llm_eval\\\\eval\\\\Quantum_e2e_v20251106\\\\Bvt1110\\\\bvtfiles\\\\A_brief_introduction_of_LP_liutao21_20220615.pptx\",\"previewPath\":\"c:\\\\users\\\\xiaoxinpro 16 iah\\\\documents\\\\qtcore\\\\pdffile\\\\d590d120fc4bcc9bc01d308c3ad03c90.pdf\",\"priority\":6,\"score\":0.0,\"status\":\"COMPLETED\",\"tokenNum\":1297,\"uriPath\":\"\"},{\"createTime\":\"2025-11-10T14:56:32.800\",\"description\":\"This document provides an overview of Belfast English, its origins, and sociolinguistic investigations into language variation across different social networks in Belfast. Founded in 1603, Belfast grew rapidly in the 19th century due to industrialisation and migration following the Great Famine. The city's English evolved as an amalgamation of linguistic features from western Scotland, northern England, and unique local traits. Key sociolinguistic studies, particularly by James and Lesley Milroy, examined how language use in Belfast is influenced by social networks—ties within neighbourhoods that vary in density and multiplexity. Strong, dense networks (often working-class, with high solidarity) resist external linguistic norms, while loose networks (middle-class, status-oriented) tend to adopt standard speech. Detailed investigations were conducted in three areas: Ballymacarrett, Hammer, and Clonard, revealing differences in phonological variables (such as palatalisation, dental realisations, and vowel raising) that correlate with community structure, gender, and age. The Milroys highlighted the role of local linguistic norms in shaping identity and excluding outsiders, noting that vernacular speech retains unique markers not easily acquired by non-natives. Their research contributed to broader linguistic theory, illustrating the variation and rules within vernacular communities versus the standardized norms. The document is supported by a comprehensive set of academic references related to Belfast English and sociolinguistic research.\",\"docName\":\"Belfast-English\",\"editTime\":\"2025-11-10T14:58:22.145\",\"fileName\":\"Belfast-English.docx\",\"folder\":\"C:\\\\Users\\\\XiaoXinPro 16 IAH\\\\Desktop\\\\LRIA_llm_eval\\\\eval\\\\Quantum_e2e_v20251106\\\\Bvt1110\\\\bvtfiles\",\"id\":1987776371828592640,\"isDeleted\":0,\"isTmpFile\":false,\"labelNameList\":[\"History\",\"Data Analysis\",\"Research Paper\"],\"lastModifyTime\":\"2025-09-17T09:45:00\",\"md5\":\"3193e699ffa92db332ae31a9fb1d3cb4\",\"path\":\"C:\\\\Users\\\\XiaoXinPro 16 IAH\\\\Desktop\\\\LRIA_llm_eval\\\\eval\\\\Quantum_e2e_v20251106\\\\Bvt1110\\\\bvtfiles\\\\Belfast-English.docx\",\"previewPath\":\"c:\\\\users\\\\xiaoxinpro 16 iah\\\\documents\\\\qtcore\\\\pdffile\\\\7d62eed3de32f05711820c16bc2bd670.pdf\",\"priority\":7,\"score\":0.0,\"status\":\"COMPLETED\",\"tokenNum\":2989,\"uriPath\":\"\"},{\"createTime\":\"2025-11-10T14:56:32.823\",\"description\":\"British food culture is deeply rooted in the nation’s diverse history and regional influences, shaped by invaders and traders such as the Romans, Saxons, Vikings, Danes, Normans, Crusaders, and the expansion of the British Empire. These interactions introduced a variety of produce, spices, and culinary techniques, leading to iconic dishes like Roast Beef, Yorkshire Pudding, and modern adaptations such as curry. Today, British cuisine continues to evolve and reflects ethnic diversity and global influence, with popular dishes now including rice, pasta, and curry. Daily meals typically involve a simple breakfast (often cereal or toast), packed lunches (sandwich, crisps, fruit), and dinners featuring 'meat and two veg' or other meat-based dishes. British eating etiquette emphasizes good table manners, such as using cutlery, waiting for the host to start, expressing gratitude, and following specific formal and informal dining rules. Breaches of etiquette include starting prematurely, chewing with an open mouth, elbows on the table, noisy eating, and improper use of napkins and fingers. Overall, British food culture mirrors its social customs and history, and understanding it can facilitate better communication and relationships.\",\"docName\":\"British-Food-Culture\",\"editTime\":\"2025-11-10T14:58:36.404\",\"fileName\":\"British-Food-Culture.doc\",\"folder\":\"C:\\\\Users\\\\XiaoXinPro 16 IAH\\\\Desktop\\\\LRIA_llm_eval\\\\eval\\\\Quantum_e2e_v20251106\\\\Bvt1110\\\\bvtfiles\",\"id\":1987776371925061632,\"isDeleted\":0,\"isTmpFile\":false,\"labelNameList\":[\"Informational\",\"History\",\"Culture\"],\"lastModifyTime\":\"2025-09-17T09:45:00\",\"md5\":\"435798f1c3377c7f5b71e18d733ca579\",\"path\":\"C:\\\\Users\\\\XiaoXinPro 16 IAH\\\\Desktop\\\\LRIA_llm_eval\\\\eval\\\\Quantum_e2e_v20251106\\\\Bvt1110\\\\bvtfiles\\\\British-Food-Culture.doc\",\"previewPath\":\"c:\\\\users\\\\xiaoxinpro 16 iah\\\\documents\\\\qtcore\\\\pdffile\\\\0213265ebaf0d7b3dc71495c3f63deb3.pdf\",\"priority\":8,\"score\":0.0,\"status\":\"COMPLETED\",\"tokenNum\":2009,\"uriPath\":\"\"},{\"createTime\":\"2025-11-10T14:56:32.847\",\"description\":\"\",\"docName\":\"Netflix Becomes a Broadway Producer With Peter Morgan’s Patriots\",\"editTime\":\"2025-11-10T14:58:36.870\",\"fileName\":\"Netflix Becomes a Broadway Producer With Peter Morgan’s Patriots.txt\",\"folder\":\"C:\\\\Users\\\\XiaoXinPro 16 IAH\\\\Desktop\\\\LRIA_llm_eval\\\\eval\\\\Quantum_e2e_v20251106\\\\Bvt1110\\\\bvtfiles\",\"id\":1987776372025724928,\"isDeleted\":0,\"isTmpFile\":false,\"labelNameList\":[],\"lastModifyTime\":\"2025-09-17T09:46:00\",\"md5\":\"ab84c46eaa62a18048fb0241446da4ca\",\"path\":\"C:\\\\Users\\\\XiaoXinPro 16 IAH\\\\Desktop\\\\LRIA_llm_eval\\\\eval\\\\Quantum_e2e_v20251106\\\\Bvt1110\\\\bvtfiles\\\\Netflix Becomes a Broadway Producer With Peter Morgan’s Patriots.txt\",\"previewPath\":\"c:\\\\users\\\\xiaoxinpro 16 iah\\\\documents\\\\qtcore\\\\pdffile\\\\cdf70ef8ff4e5243928121c0055b28ea.pdf\",\"priority\":9,\"score\":0.0,\"status\":\"COMPLETED\",\"tokenNum\":930,\"uriPath\":\"\"}]"}}
2025-11-10 14:58:38,111 - [Quantum_e2e_20251110.py:340] - [get_register_document] - INFO - 文档数量: 9
2025-11-10 14:58:38,111 - [Quantum_e2e_20251110.py:363] - [get_register_document] - INFO - 文档总数: 9, COMPLETED状态的文档数量: 9
2025-11-10 14:58:38,111 - [Quantum_e2e_20251110.py:370] - [get_register_document] - INFO - 文档注册完成，总耗时: 125.70秒 (02:05)
2025-11-10 14:58:38,111 - [Quantum_e2e_20251110.py:374] - [get_register_document] - INFO - 所有文档解析完成
2025-11-10 14:58:38,112 - [Quantum_e2e_20251110.py:375] - [get_register_document] - INFO - 文档ID列表: [1987776370834542592, 1987776371027480576, 1987776371153309696, 1987776371266555904, 1987776371388190720, 1987776371518214144, 1987776371828592640, 1987776371925061632, 1987776372025724928]
2025-11-10 14:58:38,207 - [Quantum_e2e_20251110.py:840] - [save_document_details_to_excel] - INFO - 文档详细信息已保存到 c:\Users\XiaoXinPro 16 IAH\Desktop\LRIA_llm_eval\eval\Quantum_e2e_v20251106\testresult\document_registration_20251110_145838_document.xlsx
2025-11-10 14:58:38,207 - [Quantum_e2e_20251110.py:841] - [save_document_details_to_excel] - INFO - 共保存 9 个文档的详细信息
2025-11-10 14:58:38,208 - [Quantum_e2e_20251110.py:1149] - [process_document_registration_only] - INFO - 文档处理完成
2025-11-10 14:58:38,212 - [Quantum_e2e_20251110.py:105] - [mark_documents_registered] - INFO - 标记 9 个新文档为已注册，总共已注册 9 个文档
2025-11-10 14:58:38,212 - [Quantum_e2e_20251110.py:1169] - [process_document_registration_only] - INFO - 文档注册流程完成
2025-11-10 14:58:38,212 - [Quantum_e2e_20251110.py:1185] - [process_main_excel_only] - INFO - 开始处理主Excel文件，循环轮数: 1
2025-11-10 14:58:38,213 - [Quantum_e2e_20251110.py:1191] - [process_main_excel_only] - INFO - 开始执行第 1/1 轮循环
2025-11-10 14:58:38,238 - [Quantum_e2e_20251110.py:1195] - [process_main_excel_only] - INFO - 成功加载 Excel，共 26 行数据
2025-11-10 14:58:38,270 - [Quantum_e2e_20251110.py:1220] - [process_main_excel_only] - INFO - 创建新的输出文件: c:\Users\XiaoXinPro 16 IAH\Desktop\LRIA_llm_eval\eval\Quantum_e2e_v20251106\testresult\test_results_Pod7_Multimodal_cases_v1.3_sub50_1029_20251110_145540_cycle1.xlsx
2025-11-10 14:58:38,271 - [Quantum_e2e_20251110.py:1237] - [process_main_excel_only] - INFO - 从第 1 行开始处理
2025-11-10 14:58:38,289 - [Quantum_e2e_20251110.py:1286] - [process_main_excel_only] - INFO - 
=== 正在处理第 1 行 ===
2025-11-10 14:58:38,289 - [Quantum_e2e_20251110.py:1287] - [process_main_excel_only] - INFO - Question: What is the difference in value between Lamb and Corn?
2025-11-10 14:58:38,290 - [Quantum_e2e_20251110.py:1288] - [process_main_excel_only] - INFO - Pathlist: ['C:\\Users\\XiaoXinPro 16 IAH\\Desktop\\LRIA_llm_eval\\eval\\Quantum_e2e_v20251031\\images\\Chart_Document\\ChartQA_TEST\\2.jpg']
2025-11-10 14:58:38,292 - [connectionpool.py:243] - [_new_conn] - DEBUG - Starting new HTTP connection (1): 127.0.0.1:35253
2025-11-10 14:58:38,295 - [connectionpool.py:546] - [_make_request] - DEBUG - http://127.0.0.1:35253 "POST /upload HTTP/11" 200 19
2025-11-10 14:58:38,296 - [Quantum_e2e_20251110.py:120] - [create_session] - INFO - 成功创建会话，upload_id: 8322116023179202007
2025-11-10 14:58:39,302 - [connectionpool.py:243] - [_new_conn] - DEBUG - Starting new HTTP connection (1): 127.0.0.1:35253
2025-11-10 14:58:39,307 - [connectionpool.py:546] - [_make_request] - DEBUG - http://127.0.0.1:35253 "GET /query?fileData=8322116023179202007 HTTP/11" 200 None
2025-11-10 14:58:39,372 - [Quantum_e2e_20251110.py:159] - [get_session_info] - INFO - jobId: 61
2025-11-10 14:58:39,398 - [Quantum_e2e_20251110.py:165] - [get_session_info] - INFO - sessionID: a548b311-63b3-4de9-9633-d53135a72480
2025-11-10 14:58:39,399 - [Quantum_e2e_20251110.py:639] - [send_query_with_image] - INFO - 发送查询请求: {'command': 'query', 'sessionId': 'a548b311-63b3-4de9-9633-d53135a72480', 'data': {'text': '{"query": "What is the difference in value between Lamb and Corn?", "handler": "aaitc-graph-brain", "modelName": "gpt", "modelVersion": "gpt-4.1"}', 'uri': ['C:\\Users\\XiaoXinPro 16 IAH\\Desktop\\LRIA_llm_eval\\eval\\Quantum_e2e_v20251031\\images\\Chart_Document\\ChartQA_TEST\\2.jpg']}}
2025-11-10 14:58:39,401 - [connectionpool.py:243] - [_new_conn] - DEBUG - Starting new HTTP connection (1): 127.0.0.1:35253
2025-11-10 14:58:39,405 - [connectionpool.py:546] - [_make_request] - DEBUG - http://127.0.0.1:35253 "POST /upload HTTP/11" 200 19
2025-11-10 14:58:39,405 - [Quantum_e2e_20251110.py:646] - [send_query_with_image] - INFO - 查询请求成功，返回 upload_id: -721354635611703276
2025-11-10 14:58:39,407 - [connectionpool.py:243] - [_new_conn] - DEBUG - Starting new HTTP connection (1): 127.0.0.1:35253
2025-11-10 14:58:39,423 - [connectionpool.py:546] - [_make_request] - DEBUG - http://127.0.0.1:35253 "GET /query?fileData=-721354635611703276 HTTP/11" 200 None
2025-11-10 14:58:39,424 - [Quantum_e2e_20251110.py:673] - [get_response_content] - INFO - 开始时间: 2025-11-10 14:58:39.424
2025-11-10 14:58:39,501 - [Quantum_e2e_20251110.py:686] - [get_response_content] - DEBUG - {'type': 'job-id', 'contents': '62'}
2025-11-10 14:58:56,319 - [Quantum_e2e_20251110.py:686] - [get_response_content] - DEBUG - {'type': 'output-data', 'contents': '{"jobId":62,"status":"update_progress","data":{"text":"{\\"type\\":\\"text\\",\\"response\\":\\"\\\\nThe difference in value between Lamb and Corn is 0.57 index points, with Lamb being higher than Corn.\\\\n\\",\\"compact\\":false}"}}'}
2025-11-10 14:58:56,320 - [Quantum_e2e_20251110.py:721] - [get_response_content] - INFO - 响应时间: 16.89秒
2025-11-10 14:58:56,320 - [Quantum_e2e_20251110.py:722] - [get_response_content] - INFO - 结束时间: 2025-11-10 14:58:56.319
2025-11-10 14:58:56,320 - [Quantum_e2e_20251110.py:1039] - [run_query_only] - INFO - 最终结果: 
The difference in value between Lamb and Corn is 0.57 index points, with Lamb being higher than Corn.

2025-11-10 14:58:56,323 - [Quantum_e2e_20251110.py:1312] - [process_main_excel_only] - INFO - 第 1 行处理成功，结果长度: 103，响应时间: 16.89秒
2025-11-10 14:58:56,346 - [Quantum_e2e_20251110.py:1339] - [process_main_excel_only] - INFO - 第 1 行结果已保存
2025-11-10 14:58:56,349 - [Quantum_e2e_20251110.py:1286] - [process_main_excel_only] - INFO - 
=== 正在处理第 2 行 ===
2025-11-10 14:58:56,350 - [Quantum_e2e_20251110.py:1287] - [process_main_excel_only] - INFO - Question: Is the largest segment greater than sum of all the other segments?
2025-11-10 14:58:56,350 - [Quantum_e2e_20251110.py:1288] - [process_main_excel_only] - INFO - Pathlist: ['C:\\Users\\XiaoXinPro 16 IAH\\Desktop\\LRIA_llm_eval\\eval\\Quantum_e2e_v20251031\\images\\Chart_Document\\ChartQA_TEST\\26.jpg']
2025-11-10 14:58:56,353 - [connectionpool.py:243] - [_new_conn] - DEBUG - Starting new HTTP connection (1): 127.0.0.1:35253
2025-11-10 14:58:56,357 - [connectionpool.py:546] - [_make_request] - DEBUG - http://127.0.0.1:35253 "POST /upload HTTP/11" 200 20
2025-11-10 14:58:56,358 - [Quantum_e2e_20251110.py:120] - [create_session] - INFO - 成功创建会话，upload_id: -8207031361878175731
2025-11-10 14:58:57,360 - [connectionpool.py:243] - [_new_conn] - DEBUG - Starting new HTTP connection (1): 127.0.0.1:35253
2025-11-10 14:58:57,375 - [connectionpool.py:546] - [_make_request] - DEBUG - http://127.0.0.1:35253 "GET /query?fileData=-8207031361878175731 HTTP/11" 200 None
2025-11-10 14:58:57,415 - [Quantum_e2e_20251110.py:159] - [get_session_info] - INFO - jobId: 63
2025-11-10 14:58:57,441 - [Quantum_e2e_20251110.py:165] - [get_session_info] - INFO - sessionID: 83ffd307-28a0-48f1-8f21-94e504fa0279
2025-11-10 14:58:57,441 - [Quantum_e2e_20251110.py:639] - [send_query_with_image] - INFO - 发送查询请求: {'command': 'query', 'sessionId': '83ffd307-28a0-48f1-8f21-94e504fa0279', 'data': {'text': '{"query": "Is the largest segment greater than sum of all the other segments?", "handler": "aaitc-graph-brain", "modelName": "gpt", "modelVersion": "gpt-4.1"}', 'uri': ['C:\\Users\\XiaoXinPro 16 IAH\\Desktop\\LRIA_llm_eval\\eval\\Quantum_e2e_v20251031\\images\\Chart_Document\\ChartQA_TEST\\26.jpg']}}
2025-11-10 14:58:57,443 - [connectionpool.py:243] - [_new_conn] - DEBUG - Starting new HTTP connection (1): 127.0.0.1:35253
2025-11-10 14:58:57,446 - [connectionpool.py:546] - [_make_request] - DEBUG - http://127.0.0.1:35253 "POST /upload HTTP/11" 200 19
2025-11-10 14:58:57,447 - [Quantum_e2e_20251110.py:646] - [send_query_with_image] - INFO - 查询请求成功，返回 upload_id: 1946203788516443632
2025-11-10 14:58:57,449 - [connectionpool.py:243] - [_new_conn] - DEBUG - Starting new HTTP connection (1): 127.0.0.1:35253
2025-11-10 14:58:57,485 - [connectionpool.py:546] - [_make_request] - DEBUG - http://127.0.0.1:35253 "GET /query?fileData=1946203788516443632 HTTP/11" 200 None
2025-11-10 14:58:57,485 - [Quantum_e2e_20251110.py:673] - [get_response_content] - INFO - 开始时间: 2025-11-10 14:58:57.485
2025-11-10 14:58:57,537 - [Quantum_e2e_20251110.py:686] - [get_response_content] - DEBUG - {'type': 'job-id', 'contents': '64'}
2025-11-10 14:59:11,545 - [Quantum_e2e_20251110.py:686] - [get_response_content] - DEBUG - {'type': 'output-data', 'contents': '{"jobId":64,"status":"update_progress","data":{"text":"{\\"type\\":\\"text\\",\\"response\\":\\"\\\\nYes, the largest segment (STEM at 52%) is greater than the sum of all the other segments combined (which totals 48%).\\\\n\\",\\"compact\\":false}"}}'}
2025-11-10 14:59:11,545 - [Quantum_e2e_20251110.py:721] - [get_response_content] - INFO - 响应时间: 14.06秒
2025-11-10 14:59:11,545 - [Quantum_e2e_20251110.py:722] - [get_response_content] - INFO - 结束时间: 2025-11-10 14:59:11.545
2025-11-10 14:59:11,546 - [Quantum_e2e_20251110.py:1039] - [run_query_only] - INFO - 最终结果: 
Yes, the largest segment (STEM at 52%) is greater than the sum of all the other segments combined (which totals 48%).

2025-11-10 14:59:11,546 - [Quantum_e2e_20251110.py:1312] - [process_main_excel_only] - INFO - 第 2 行处理成功，结果长度: 119，响应时间: 14.06秒
2025-11-10 14:59:11,604 - [Quantum_e2e_20251110.py:1339] - [process_main_excel_only] - INFO - 第 2 行结果已保存
2025-11-10 14:59:11,638 - [Quantum_e2e_20251110.py:1286] - [process_main_excel_only] - INFO - 
=== 正在处理第 3 行 ===
2025-11-10 14:59:11,641 - [Quantum_e2e_20251110.py:1287] - [process_main_excel_only] - INFO - Question: What's the median value of red graph?
2025-11-10 14:59:11,641 - [Quantum_e2e_20251110.py:1288] - [process_main_excel_only] - INFO - Pathlist: ['C:\\Users\\XiaoXinPro 16 IAH\\Desktop\\LRIA_llm_eval\\eval\\Quantum_e2e_v20251031\\images\\Chart_Document\\ChartQA_TEST\\68.jpg']
2025-11-10 14:59:11,647 - [connectionpool.py:243] - [_new_conn] - DEBUG - Starting new HTTP connection (1): 127.0.0.1:35253
2025-11-10 14:59:11,650 - [connectionpool.py:546] - [_make_request] - DEBUG - http://127.0.0.1:35253 "POST /upload HTTP/11" 200 18
2025-11-10 14:59:11,652 - [Quantum_e2e_20251110.py:120] - [create_session] - INFO - 成功创建会话，upload_id: 381127817445868301
2025-11-10 14:59:12,661 - [connectionpool.py:243] - [_new_conn] - DEBUG - Starting new HTTP connection (1): 127.0.0.1:35253
2025-11-10 14:59:12,673 - [connectionpool.py:546] - [_make_request] - DEBUG - http://127.0.0.1:35253 "GET /query?fileData=381127817445868301 HTTP/11" 200 None
2025-11-10 14:59:12,741 - [Quantum_e2e_20251110.py:159] - [get_session_info] - INFO - jobId: 65
2025-11-10 14:59:12,760 - [Quantum_e2e_20251110.py:165] - [get_session_info] - INFO - sessionID: b71bbd0a-60ac-4c4a-a6f6-4e9e468007aa
2025-11-10 14:59:12,761 - [Quantum_e2e_20251110.py:639] - [send_query_with_image] - INFO - 发送查询请求: {'command': 'query', 'sessionId': 'b71bbd0a-60ac-4c4a-a6f6-4e9e468007aa', 'data': {'text': '{"query": "What\'s the median value of red graph?", "handler": "aaitc-graph-brain", "modelName": "gpt", "modelVersion": "gpt-4.1"}', 'uri': ['C:\\Users\\XiaoXinPro 16 IAH\\Desktop\\LRIA_llm_eval\\eval\\Quantum_e2e_v20251031\\images\\Chart_Document\\ChartQA_TEST\\68.jpg']}}
2025-11-10 14:59:12,763 - [connectionpool.py:243] - [_new_conn] - DEBUG - Starting new HTTP connection (1): 127.0.0.1:35253
2025-11-10 14:59:12,767 - [connectionpool.py:546] - [_make_request] - DEBUG - http://127.0.0.1:35253 "POST /upload HTTP/11" 200 19
2025-11-10 14:59:12,768 - [Quantum_e2e_20251110.py:646] - [send_query_with_image] - INFO - 查询请求成功，返回 upload_id: 8558736263194744504
2025-11-10 14:59:12,770 - [connectionpool.py:243] - [_new_conn] - DEBUG - Starting new HTTP connection (1): 127.0.0.1:35253
2025-11-10 14:59:12,800 - [connectionpool.py:546] - [_make_request] - DEBUG - http://127.0.0.1:35253 "GET /query?fileData=8558736263194744504 HTTP/11" 200 None
2025-11-10 14:59:12,801 - [Quantum_e2e_20251110.py:673] - [get_response_content] - INFO - 开始时间: 2025-11-10 14:59:12.801
2025-11-10 14:59:12,855 - [Quantum_e2e_20251110.py:686] - [get_response_content] - DEBUG - {'type': 'job-id', 'contents': '66'}
2025-11-10 14:59:28,772 - [Quantum_e2e_20251110.py:686] - [get_response_content] - DEBUG - {'type': 'output-data', 'contents': '{"jobId":66,"status":"update_progress","data":{"text":"{\\"type\\":\\"text\\",\\"response\\":\\"\\\\nThe median value of the red graph (Hispanic eligible voters) is 17.3 million.\\\\n\\",\\"compact\\":false}"}}'}
2025-11-10 14:59:28,772 - [Quantum_e2e_20251110.py:721] - [get_response_content] - INFO - 响应时间: 15.97秒
2025-11-10 14:59:28,772 - [Quantum_e2e_20251110.py:722] - [get_response_content] - INFO - 结束时间: 2025-11-10 14:59:28.772
2025-11-10 14:59:28,773 - [Quantum_e2e_20251110.py:1039] - [run_query_only] - INFO - 最终结果: 
The median value of the red graph (Hispanic eligible voters) is 17.3 million.

2025-11-10 14:59:28,774 - [Quantum_e2e_20251110.py:1312] - [process_main_excel_only] - INFO - 第 3 行处理成功，结果长度: 79，响应时间: 15.97秒
2025-11-10 14:59:28,800 - [Quantum_e2e_20251110.py:1339] - [process_main_excel_only] - INFO - 第 3 行结果已保存
2025-11-10 14:59:28,804 - [Quantum_e2e_20251110.py:1286] - [process_main_excel_only] - INFO - 
=== 正在处理第 4 行 ===
2025-11-10 14:59:28,805 - [Quantum_e2e_20251110.py:1287] - [process_main_excel_only] - INFO - Question: In what year did turnover increase again in Dutch footwear stores?
2025-11-10 14:59:28,805 - [Quantum_e2e_20251110.py:1288] - [process_main_excel_only] - INFO - Pathlist: ['C:\\Users\\XiaoXinPro 16 IAH\\Desktop\\LRIA_llm_eval\\eval\\Quantum_e2e_v20251031\\images\\Chart_Document\\ChartQA_TEST\\2283.jpg']
2025-11-10 14:59:28,807 - [connectionpool.py:243] - [_new_conn] - DEBUG - Starting new HTTP connection (1): 127.0.0.1:35253
2025-11-10 14:59:28,810 - [connectionpool.py:546] - [_make_request] - DEBUG - http://127.0.0.1:35253 "POST /upload HTTP/11" 200 20
2025-11-10 14:59:28,811 - [Quantum_e2e_20251110.py:120] - [create_session] - INFO - 成功创建会话，upload_id: -2744287064497890830
2025-11-10 14:59:29,827 - [connectionpool.py:243] - [_new_conn] - DEBUG - Starting new HTTP connection (1): 127.0.0.1:35253
2025-11-10 14:59:29,843 - [connectionpool.py:546] - [_make_request] - DEBUG - http://127.0.0.1:35253 "GET /query?fileData=-2744287064497890830 HTTP/11" 200 None
2025-11-10 14:59:29,891 - [Quantum_e2e_20251110.py:159] - [get_session_info] - INFO - jobId: 67
2025-11-10 14:59:29,914 - [Quantum_e2e_20251110.py:165] - [get_session_info] - INFO - sessionID: 70e44746-e4d9-464d-9dc5-980128a611a3
2025-11-10 14:59:29,915 - [Quantum_e2e_20251110.py:639] - [send_query_with_image] - INFO - 发送查询请求: {'command': 'query', 'sessionId': '70e44746-e4d9-464d-9dc5-980128a611a3', 'data': {'text': '{"query": "In what year did turnover increase again in Dutch footwear stores?", "handler": "aaitc-graph-brain", "modelName": "gpt", "modelVersion": "gpt-4.1"}', 'uri': ['C:\\Users\\XiaoXinPro 16 IAH\\Desktop\\LRIA_llm_eval\\eval\\Quantum_e2e_v20251031\\images\\Chart_Document\\ChartQA_TEST\\2283.jpg']}}
2025-11-10 14:59:29,917 - [connectionpool.py:243] - [_new_conn] - DEBUG - Starting new HTTP connection (1): 127.0.0.1:35253
2025-11-10 14:59:29,921 - [connectionpool.py:546] - [_make_request] - DEBUG - http://127.0.0.1:35253 "POST /upload HTTP/11" 200 20
2025-11-10 14:59:29,922 - [Quantum_e2e_20251110.py:646] - [send_query_with_image] - INFO - 查询请求成功，返回 upload_id: -5866121447182050447
2025-11-10 14:59:29,923 - [connectionpool.py:243] - [_new_conn] - DEBUG - Starting new HTTP connection (1): 127.0.0.1:35253
2025-11-10 14:59:29,950 - [connectionpool.py:546] - [_make_request] - DEBUG - http://127.0.0.1:35253 "GET /query?fileData=-5866121447182050447 HTTP/11" 200 None
2025-11-10 14:59:29,951 - [Quantum_e2e_20251110.py:673] - [get_response_content] - INFO - 开始时间: 2025-11-10 14:59:29.951
2025-11-10 14:59:30,007 - [Quantum_e2e_20251110.py:686] - [get_response_content] - DEBUG - {'type': 'job-id', 'contents': '68'}
2025-11-10 14:59:45,277 - [Quantum_e2e_20251110.py:686] - [get_response_content] - DEBUG - {'type': 'output-data', 'contents': '{"jobId":68,"status":"update_progress","data":{"text":"{\\"type\\":\\"text\\",\\"response\\":\\"\\\\nTurnover increased again in Dutch footwear stores in the year 2017.\\\\n\\",\\"compact\\":false}"}}'}
2025-11-10 14:59:45,277 - [Quantum_e2e_20251110.py:721] - [get_response_content] - INFO - 响应时间: 15.33秒
2025-11-10 14:59:45,278 - [Quantum_e2e_20251110.py:722] - [get_response_content] - INFO - 结束时间: 2025-11-10 14:59:45.277
2025-11-10 14:59:45,278 - [Quantum_e2e_20251110.py:1039] - [run_query_only] - INFO - 最终结果: 
Turnover increased again in Dutch footwear stores in the year 2017.

2025-11-10 14:59:45,279 - [Quantum_e2e_20251110.py:1312] - [process_main_excel_only] - INFO - 第 4 行处理成功，结果长度: 69，响应时间: 15.33秒
2025-11-10 14:59:45,338 - [Quantum_e2e_20251110.py:1339] - [process_main_excel_only] - INFO - 第 4 行结果已保存
2025-11-10 14:59:45,382 - [Quantum_e2e_20251110.py:1286] - [process_main_excel_only] - INFO - 
=== 正在处理第 5 行 ===
2025-11-10 14:59:45,382 - [Quantum_e2e_20251110.py:1287] - [process_main_excel_only] - INFO - Question: What is the objective for segment 1A?
2025-11-10 14:59:45,382 - [Quantum_e2e_20251110.py:1288] - [process_main_excel_only] - INFO - Pathlist: ['C:\\Users\\XiaoXinPro 16 IAH\\Desktop\\LRIA_llm_eval\\eval\\Quantum_e2e_v20251031\\images\\Chart_Document\\DocVQA_VAL\\fpmx0225_p9.jpg']
2025-11-10 14:59:45,387 - [connectionpool.py:243] - [_new_conn] - DEBUG - Starting new HTTP connection (1): 127.0.0.1:35253
2025-11-10 14:59:45,392 - [connectionpool.py:546] - [_make_request] - DEBUG - http://127.0.0.1:35253 "POST /upload HTTP/11" 200 19
2025-11-10 14:59:45,392 - [Quantum_e2e_20251110.py:120] - [create_session] - INFO - 成功创建会话，upload_id: 5569843497660799436
2025-11-10 14:59:46,396 - [connectionpool.py:243] - [_new_conn] - DEBUG - Starting new HTTP connection (1): 127.0.0.1:35253
2025-11-10 14:59:46,411 - [connectionpool.py:546] - [_make_request] - DEBUG - http://127.0.0.1:35253 "GET /query?fileData=5569843497660799436 HTTP/11" 200 None
2025-11-10 14:59:46,449 - [Quantum_e2e_20251110.py:159] - [get_session_info] - INFO - jobId: 69
2025-11-10 14:59:46,473 - [Quantum_e2e_20251110.py:165] - [get_session_info] - INFO - sessionID: 24723a53-6507-42ba-93d7-05d729807ff6
2025-11-10 14:59:46,473 - [Quantum_e2e_20251110.py:639] - [send_query_with_image] - INFO - 发送查询请求: {'command': 'query', 'sessionId': '24723a53-6507-42ba-93d7-05d729807ff6', 'data': {'text': '{"query": "What is the objective for segment 1A?", "handler": "aaitc-graph-brain", "modelName": "gpt", "modelVersion": "gpt-4.1"}', 'uri': ['C:\\Users\\XiaoXinPro 16 IAH\\Desktop\\LRIA_llm_eval\\eval\\Quantum_e2e_v20251031\\images\\Chart_Document\\DocVQA_VAL\\fpmx0225_p9.jpg']}}
2025-11-10 14:59:46,475 - [connectionpool.py:243] - [_new_conn] - DEBUG - Starting new HTTP connection (1): 127.0.0.1:35253
2025-11-10 14:59:46,478 - [connectionpool.py:546] - [_make_request] - DEBUG - http://127.0.0.1:35253 "POST /upload HTTP/11" 200 20
2025-11-10 14:59:46,479 - [Quantum_e2e_20251110.py:646] - [send_query_with_image] - INFO - 查询请求成功，返回 upload_id: -4822792622201723150
2025-11-10 14:59:46,481 - [connectionpool.py:243] - [_new_conn] - DEBUG - Starting new HTTP connection (1): 127.0.0.1:35253
2025-11-10 14:59:46,488 - [connectionpool.py:546] - [_make_request] - DEBUG - http://127.0.0.1:35253 "GET /query?fileData=-4822792622201723150 HTTP/11" 200 None
2025-11-10 14:59:46,489 - [Quantum_e2e_20251110.py:673] - [get_response_content] - INFO - 开始时间: 2025-11-10 14:59:46.489
2025-11-10 14:59:46,559 - [Quantum_e2e_20251110.py:686] - [get_response_content] - DEBUG - {'type': 'job-id', 'contents': '70'}
2025-11-10 15:00:13,136 - [Quantum_e2e_20251110.py:686] - [get_response_content] - DEBUG - {'type': 'output-data', 'contents': '{"jobId":70,"status":"update_progress","data":{"text":"{\\"type\\":\\"text\\",\\"response\\":\\"\\\\nThe objective for Segment 1A is to achieve strong share growth in influential multi-cultural cities where KOOL is relatively strong.\\\\n\\",\\"compact\\":false}"}}'}
2025-11-10 15:00:13,137 - [Quantum_e2e_20251110.py:721] - [get_response_content] - INFO - 响应时间: 26.65秒
2025-11-10 15:00:13,137 - [Quantum_e2e_20251110.py:722] - [get_response_content] - INFO - 结束时间: 2025-11-10 15:00:13.137
2025-11-10 15:00:13,138 - [Quantum_e2e_20251110.py:1039] - [run_query_only] - INFO - 最终结果: 
The objective for Segment 1A is to achieve strong share growth in influential multi-cultural cities where KOOL is relatively strong.

2025-11-10 15:00:13,138 - [Quantum_e2e_20251110.py:1312] - [process_main_excel_only] - INFO - 第 5 行处理成功，结果长度: 134，响应时间: 26.65秒
2025-11-10 15:00:13,165 - [Quantum_e2e_20251110.py:1339] - [process_main_excel_only] - INFO - 第 5 行结果已保存
2025-11-10 15:00:13,170 - [Quantum_e2e_20251110.py:1286] - [process_main_excel_only] - INFO - 
=== 正在处理第 6 行 ===
2025-11-10 15:00:13,170 - [Quantum_e2e_20251110.py:1287] - [process_main_excel_only] - INFO - Question: What is the name of report?
2025-11-10 15:00:13,170 - [Quantum_e2e_20251110.py:1288] - [process_main_excel_only] - INFO - Pathlist: ['C:\\Users\\XiaoXinPro 16 IAH\\Desktop\\LRIA_llm_eval\\eval\\Quantum_e2e_v20251031\\images\\Chart_Document\\DocVQA_VAL\\snbx0223_p221.jpg']
2025-11-10 15:00:13,173 - [connectionpool.py:243] - [_new_conn] - DEBUG - Starting new HTTP connection (1): 127.0.0.1:35253
2025-11-10 15:00:13,177 - [connectionpool.py:546] - [_make_request] - DEBUG - http://127.0.0.1:35253 "POST /upload HTTP/11" 200 20
2025-11-10 15:00:13,178 - [Quantum_e2e_20251110.py:120] - [create_session] - INFO - 成功创建会话，upload_id: -2019465232365571900
2025-11-10 15:00:14,182 - [connectionpool.py:243] - [_new_conn] - DEBUG - Starting new HTTP connection (1): 127.0.0.1:35253
2025-11-10 15:00:14,195 - [connectionpool.py:546] - [_make_request] - DEBUG - http://127.0.0.1:35253 "GET /query?fileData=-2019465232365571900 HTTP/11" 200 None
2025-11-10 15:00:14,253 - [Quantum_e2e_20251110.py:159] - [get_session_info] - INFO - jobId: 71
2025-11-10 15:00:14,279 - [Quantum_e2e_20251110.py:165] - [get_session_info] - INFO - sessionID: fb4c9f5c-6759-47f7-90ca-72c08309b287
2025-11-10 15:00:14,280 - [Quantum_e2e_20251110.py:639] - [send_query_with_image] - INFO - 发送查询请求: {'command': 'query', 'sessionId': 'fb4c9f5c-6759-47f7-90ca-72c08309b287', 'data': {'text': '{"query": "What is the name of report?", "handler": "aaitc-graph-brain", "modelName": "gpt", "modelVersion": "gpt-4.1"}', 'uri': ['C:\\Users\\XiaoXinPro 16 IAH\\Desktop\\LRIA_llm_eval\\eval\\Quantum_e2e_v20251031\\images\\Chart_Document\\DocVQA_VAL\\snbx0223_p221.jpg']}}
2025-11-10 15:00:14,282 - [connectionpool.py:243] - [_new_conn] - DEBUG - Starting new HTTP connection (1): 127.0.0.1:35253
2025-11-10 15:00:14,285 - [connectionpool.py:546] - [_make_request] - DEBUG - http://127.0.0.1:35253 "POST /upload HTTP/11" 200 19
2025-11-10 15:00:14,285 - [Quantum_e2e_20251110.py:646] - [send_query_with_image] - INFO - 查询请求成功，返回 upload_id: 6455793230103963150
2025-11-10 15:00:14,287 - [connectionpool.py:243] - [_new_conn] - DEBUG - Starting new HTTP connection (1): 127.0.0.1:35253
2025-11-10 15:00:14,320 - [connectionpool.py:546] - [_make_request] - DEBUG - http://127.0.0.1:35253 "GET /query?fileData=6455793230103963150 HTTP/11" 200 None
2025-11-10 15:00:14,321 - [Quantum_e2e_20251110.py:673] - [get_response_content] - INFO - 开始时间: 2025-11-10 15:00:14.321
2025-11-10 15:00:14,384 - [Quantum_e2e_20251110.py:686] - [get_response_content] - DEBUG - {'type': 'job-id', 'contents': '72'}
2025-11-10 15:00:29,701 - [Quantum_e2e_20251110.py:686] - [get_response_content] - DEBUG - {'type': 'output-data', 'contents': '{"jobId":72,"status":"update_progress","data":{"text":"{\\"type\\":\\"text\\",\\"response\\":\\"\\\\nThe name of the report is \\\\\\"Business Responsibility Report.\\\\\\"\\\\n\\",\\"compact\\":false}"}}'}
2025-11-10 15:00:29,701 - [Quantum_e2e_20251110.py:721] - [get_response_content] - INFO - 响应时间: 15.38秒
2025-11-10 15:00:29,702 - [Quantum_e2e_20251110.py:722] - [get_response_content] - INFO - 结束时间: 2025-11-10 15:00:29.701
2025-11-10 15:00:29,702 - [Quantum_e2e_20251110.py:1039] - [run_query_only] - INFO - 最终结果: 
The name of the report is "Business Responsibility Report."

2025-11-10 15:00:29,703 - [Quantum_e2e_20251110.py:1312] - [process_main_excel_only] - INFO - 第 6 行处理成功，结果长度: 61，响应时间: 15.38秒
2025-11-10 15:00:29,750 - [Quantum_e2e_20251110.py:1339] - [process_main_excel_only] - INFO - 第 6 行结果已保存
2025-11-10 15:00:29,797 - [Quantum_e2e_20251110.py:1286] - [process_main_excel_only] - INFO - 
=== 正在处理第 7 行 ===
2025-11-10 15:00:29,798 - [Quantum_e2e_20251110.py:1287] - [process_main_excel_only] - INFO - Question: What are the possible reasons of the formation of this sight?
2025-11-10 15:00:29,798 - [Quantum_e2e_20251110.py:1288] - [process_main_excel_only] - INFO - Pathlist: ['C:\\Users\\XiaoXinPro 16 IAH\\Desktop\\LRIA_llm_eval\\eval\\Quantum_e2e_v20251031\\images\\Comprehensive Evaluation\\LLaVABench\\001.jpg']
2025-11-10 15:00:29,802 - [connectionpool.py:243] - [_new_conn] - DEBUG - Starting new HTTP connection (1): 127.0.0.1:35253
2025-11-10 15:00:29,805 - [connectionpool.py:546] - [_make_request] - DEBUG - http://127.0.0.1:35253 "POST /upload HTTP/11" 200 20
2025-11-10 15:00:29,805 - [Quantum_e2e_20251110.py:120] - [create_session] - INFO - 成功创建会话，upload_id: -7903006730936187467
2025-11-10 15:00:30,810 - [connectionpool.py:243] - [_new_conn] - DEBUG - Starting new HTTP connection (1): 127.0.0.1:35253
2025-11-10 15:00:30,824 - [connectionpool.py:546] - [_make_request] - DEBUG - http://127.0.0.1:35253 "GET /query?fileData=-7903006730936187467 HTTP/11" 200 None
2025-11-10 15:00:30,886 - [Quantum_e2e_20251110.py:159] - [get_session_info] - INFO - jobId: 73
2025-11-10 15:00:30,904 - [Quantum_e2e_20251110.py:165] - [get_session_info] - INFO - sessionID: c28a4fc2-22bb-4f55-a3c3-9571f5452a84
2025-11-10 15:00:30,905 - [Quantum_e2e_20251110.py:639] - [send_query_with_image] - INFO - 发送查询请求: {'command': 'query', 'sessionId': 'c28a4fc2-22bb-4f55-a3c3-9571f5452a84', 'data': {'text': '{"query": "What are the possible reasons of the formation of this sight?", "handler": "aaitc-graph-brain", "modelName": "gpt", "modelVersion": "gpt-4.1"}', 'uri': ['C:\\Users\\XiaoXinPro 16 IAH\\Desktop\\LRIA_llm_eval\\eval\\Quantum_e2e_v20251031\\images\\Comprehensive Evaluation\\LLaVABench\\001.jpg']}}
2025-11-10 15:00:30,907 - [connectionpool.py:243] - [_new_conn] - DEBUG - Starting new HTTP connection (1): 127.0.0.1:35253
2025-11-10 15:00:30,911 - [connectionpool.py:546] - [_make_request] - DEBUG - http://127.0.0.1:35253 "POST /upload HTTP/11" 200 20
2025-11-10 15:00:30,912 - [Quantum_e2e_20251110.py:646] - [send_query_with_image] - INFO - 查询请求成功，返回 upload_id: -2870675112275160355
2025-11-10 15:00:30,913 - [connectionpool.py:243] - [_new_conn] - DEBUG - Starting new HTTP connection (1): 127.0.0.1:35253
2025-11-10 15:00:30,950 - [connectionpool.py:546] - [_make_request] - DEBUG - http://127.0.0.1:35253 "GET /query?fileData=-2870675112275160355 HTTP/11" 200 None
2025-11-10 15:00:30,951 - [Quantum_e2e_20251110.py:673] - [get_response_content] - INFO - 开始时间: 2025-11-10 15:00:30.950
2025-11-10 15:00:31,004 - [Quantum_e2e_20251110.py:686] - [get_response_content] - DEBUG - {'type': 'job-id', 'contents': '74'}
2025-11-10 15:00:49,142 - [Quantum_e2e_20251110.py:686] - [get_response_content] - DEBUG - {'type': 'output-data', 'contents': '{"jobId":74,"status":"update_progress","data":{"text":"{\\"type\\":\\"text\\",\\"response\\":\\"\\\\nThe possible reasons for the formation of the sight (a large circular volcanic crater near a coastal area) shown in your image are:\\\\n\\\\n1. Volcanic eruption: The crater was likely formed by a violent volcanic eruption, where magma, ash, and gas were expelled, causing the land to collapse and form a large bowl-shaped depression.\\\\n2. Collapse of a volcanic cone: After the eruption, the empty magma chamber beneath the volcano could have caused the surface to sink and collapse inward, further shaping the crater.\\\\n3. Erosion: Over time, natural weathering and erosion processes may have accentuated the rim and deepened the crater, refining its current features.\\\\n\\\\nThese processes—volcanic activity, geological collapse, and natural erosion—work together to create such impressive landforms.\\\\n\\",\\"compact\\":false}"}}'}
2025-11-10 15:00:49,143 - [Quantum_e2e_20251110.py:721] - [get_response_content] - INFO - 响应时间: 18.19秒
2025-11-10 15:00:49,144 - [Quantum_e2e_20251110.py:722] - [get_response_content] - INFO - 结束时间: 2025-11-10 15:00:49.143
2025-11-10 15:00:49,145 - [Quantum_e2e_20251110.py:1039] - [run_query_only] - INFO - 最终结果: 
The possible reasons for the formation of the sight (a large circular volcanic crater near a coastal area) shown in your image are:

1. Volcanic eruption: The crater was likely formed by a violent volcanic eruption, where magma, ash, and gas were expelled, causing the land to collapse and form a large bowl-shaped depression.
2. Collapse of a volcanic cone: After the eruption, the empty magma chamber beneath the volcano could have caused the surface to sink and collapse inward, further shaping the crater.
3. Erosion: Over time, natural weathering and erosion processes may have accentuated the rim and deepened the crater, refining its current features.

These processes—volcanic activity, geological collapse, and natural erosion—work together to create such impressive landforms.

2025-11-10 15:00:49,146 - [Quantum_e2e_20251110.py:1312] - [process_main_excel_only] - INFO - 第 7 行处理成功，结果长度: 788，响应时间: 18.19秒
2025-11-10 15:00:49,203 - [Quantum_e2e_20251110.py:1339] - [process_main_excel_only] - INFO - 第 7 行结果已保存
2025-11-10 15:00:49,232 - [Quantum_e2e_20251110.py:1286] - [process_main_excel_only] - INFO - 
=== 正在处理第 8 行 ===
2025-11-10 15:00:49,233 - [Quantum_e2e_20251110.py:1287] - [process_main_excel_only] - INFO - Question: Which solution has a higher concentration of blue particles?
2025-11-10 15:00:49,233 - [Quantum_e2e_20251110.py:1288] - [process_main_excel_only] - INFO - Pathlist: ['C:\\Users\\XiaoXinPro 16 IAH\\Desktop\\LRIA_llm_eval\\eval\\Quantum_e2e_v20251031\\images\\Comprehensive Evaluation\\MMBench_V11\\305.jpg']
2025-11-10 15:00:49,238 - [connectionpool.py:243] - [_new_conn] - DEBUG - Starting new HTTP connection (1): 127.0.0.1:35253
2025-11-10 15:00:49,243 - [connectionpool.py:546] - [_make_request] - DEBUG - http://127.0.0.1:35253 "POST /upload HTTP/11" 200 20
2025-11-10 15:00:49,244 - [Quantum_e2e_20251110.py:120] - [create_session] - INFO - 成功创建会话，upload_id: -7842416890282179311
2025-11-10 15:00:50,254 - [connectionpool.py:243] - [_new_conn] - DEBUG - Starting new HTTP connection (1): 127.0.0.1:35253
2025-11-10 15:00:50,266 - [connectionpool.py:546] - [_make_request] - DEBUG - http://127.0.0.1:35253 "GET /query?fileData=-7842416890282179311 HTTP/11" 200 None
2025-11-10 15:00:50,351 - [Quantum_e2e_20251110.py:159] - [get_session_info] - INFO - jobId: 75
2025-11-10 15:00:50,396 - [Quantum_e2e_20251110.py:165] - [get_session_info] - INFO - sessionID: 2a159a10-1eb0-4ed3-8e09-88f1a6be38e0
2025-11-10 15:00:50,397 - [Quantum_e2e_20251110.py:639] - [send_query_with_image] - INFO - 发送查询请求: {'command': 'query', 'sessionId': '2a159a10-1eb0-4ed3-8e09-88f1a6be38e0', 'data': {'text': '{"query": "Which solution has a higher concentration of blue particles?", "handler": "aaitc-graph-brain", "modelName": "gpt", "modelVersion": "gpt-4.1"}', 'uri': ['C:\\Users\\XiaoXinPro 16 IAH\\Desktop\\LRIA_llm_eval\\eval\\Quantum_e2e_v20251031\\images\\Comprehensive Evaluation\\MMBench_V11\\305.jpg']}}
2025-11-10 15:00:50,401 - [connectionpool.py:243] - [_new_conn] - DEBUG - Starting new HTTP connection (1): 127.0.0.1:35253
2025-11-10 15:00:50,405 - [connectionpool.py:546] - [_make_request] - DEBUG - http://127.0.0.1:35253 "POST /upload HTTP/11" 200 20
2025-11-10 15:00:50,406 - [Quantum_e2e_20251110.py:646] - [send_query_with_image] - INFO - 查询请求成功，返回 upload_id: -3352465942598057855
2025-11-10 15:00:50,408 - [connectionpool.py:243] - [_new_conn] - DEBUG - Starting new HTTP connection (1): 127.0.0.1:35253
2025-11-10 15:00:50,420 - [connectionpool.py:546] - [_make_request] - DEBUG - http://127.0.0.1:35253 "GET /query?fileData=-3352465942598057855 HTTP/11" 200 None
2025-11-10 15:00:50,421 - [Quantum_e2e_20251110.py:673] - [get_response_content] - INFO - 开始时间: 2025-11-10 15:00:50.421
2025-11-10 15:00:50,512 - [Quantum_e2e_20251110.py:686] - [get_response_content] - DEBUG - {'type': 'job-id', 'contents': '76'}
2025-11-10 15:01:02,502 - [Quantum_e2e_20251110.py:686] - [get_response_content] - DEBUG - {'type': 'output-data', 'contents': '{"jobId":76,"status":"update_progress","data":{"text":"{\\"type\\":\\"text\\",\\"response\\":\\"\\\\nSolution B has a higher concentration of blue particles than Solution A.\\\\n\\",\\"compact\\":false}"}}'}
2025-11-10 15:01:02,504 - [Quantum_e2e_20251110.py:721] - [get_response_content] - INFO - 响应时间: 12.08秒
2025-11-10 15:01:02,504 - [Quantum_e2e_20251110.py:722] - [get_response_content] - INFO - 结束时间: 2025-11-10 15:01:02.503
2025-11-10 15:01:02,505 - [Quantum_e2e_20251110.py:1039] - [run_query_only] - INFO - 最终结果: 
Solution B has a higher concentration of blue particles than Solution A.

2025-11-10 15:01:02,506 - [Quantum_e2e_20251110.py:1312] - [process_main_excel_only] - INFO - 第 8 行处理成功，结果长度: 74，响应时间: 12.08秒
2025-11-10 15:01:02,643 - [Quantum_e2e_20251110.py:1339] - [process_main_excel_only] - INFO - 第 8 行结果已保存
2025-11-10 15:01:02,773 - [Quantum_e2e_20251110.py:1286] - [process_main_excel_only] - INFO - 
=== 正在处理第 9 行 ===
2025-11-10 15:01:02,774 - [Quantum_e2e_20251110.py:1287] - [process_main_excel_only] - INFO - Question: In a forest ecosystem, what's the relationship between these two creatures?
2025-11-10 15:01:02,775 - [Quantum_e2e_20251110.py:1288] - [process_main_excel_only] - INFO - Pathlist: ['C:\\Users\\XiaoXinPro 16 IAH\\Desktop\\LRIA_llm_eval\\eval\\Quantum_e2e_v20251031\\images\\Comprehensive Evaluation\\MMBench_V11\\1003291.jpg']
2025-11-10 15:01:02,780 - [connectionpool.py:243] - [_new_conn] - DEBUG - Starting new HTTP connection (1): 127.0.0.1:35253
2025-11-10 15:01:02,786 - [connectionpool.py:546] - [_make_request] - DEBUG - http://127.0.0.1:35253 "POST /upload HTTP/11" 200 20
2025-11-10 15:01:02,786 - [Quantum_e2e_20251110.py:120] - [create_session] - INFO - 成功创建会话，upload_id: -3127777991098490350
2025-11-10 15:01:03,802 - [connectionpool.py:243] - [_new_conn] - DEBUG - Starting new HTTP connection (1): 127.0.0.1:35253
2025-11-10 15:01:03,806 - [connectionpool.py:546] - [_make_request] - DEBUG - http://127.0.0.1:35253 "GET /query?fileData=-3127777991098490350 HTTP/11" 200 None
2025-11-10 15:01:03,887 - [Quantum_e2e_20251110.py:159] - [get_session_info] - INFO - jobId: 77
2025-11-10 15:01:03,929 - [Quantum_e2e_20251110.py:165] - [get_session_info] - INFO - sessionID: fecb595e-0cbe-4726-adc1-53ff8423b56c
2025-11-10 15:01:03,931 - [Quantum_e2e_20251110.py:639] - [send_query_with_image] - INFO - 发送查询请求: {'command': 'query', 'sessionId': 'fecb595e-0cbe-4726-adc1-53ff8423b56c', 'data': {'text': '{"query": "In a forest ecosystem, what\'s the relationship between these two creatures?", "handler": "aaitc-graph-brain", "modelName": "gpt", "modelVersion": "gpt-4.1"}', 'uri': ['C:\\Users\\XiaoXinPro 16 IAH\\Desktop\\LRIA_llm_eval\\eval\\Quantum_e2e_v20251031\\images\\Comprehensive Evaluation\\MMBench_V11\\1003291.jpg']}}
2025-11-10 15:01:03,935 - [connectionpool.py:243] - [_new_conn] - DEBUG - Starting new HTTP connection (1): 127.0.0.1:35253
2025-11-10 15:01:03,940 - [connectionpool.py:546] - [_make_request] - DEBUG - http://127.0.0.1:35253 "POST /upload HTTP/11" 200 20
2025-11-10 15:01:03,941 - [Quantum_e2e_20251110.py:646] - [send_query_with_image] - INFO - 查询请求成功，返回 upload_id: -2664374256605035479
2025-11-10 15:01:03,945 - [connectionpool.py:243] - [_new_conn] - DEBUG - Starting new HTTP connection (1): 127.0.0.1:35253
2025-11-10 15:01:03,955 - [connectionpool.py:546] - [_make_request] - DEBUG - http://127.0.0.1:35253 "GET /query?fileData=-2664374256605035479 HTTP/11" 200 None
2025-11-10 15:01:03,956 - [Quantum_e2e_20251110.py:673] - [get_response_content] - INFO - 开始时间: 2025-11-10 15:01:03.956
2025-11-10 15:01:04,048 - [Quantum_e2e_20251110.py:686] - [get_response_content] - DEBUG - {'type': 'job-id', 'contents': '78'}
2025-11-10 15:01:15,714 - [Quantum_e2e_20251110.py:686] - [get_response_content] - DEBUG - {'type': 'output-data', 'contents': '{"jobId":78,"status":"update_progress","data":{"text":"{\\"type\\":\\"text\\",\\"response\\":\\"\\\\nIn a forest ecosystem, the relationship between the tiger and the deer is that of predator and prey. The tiger serves as the predator, hunting and feeding on the deer for sustenance, while the deer is the prey. This predator-prey interaction is a key aspect of the food chain and energy flow within the ecosystem.\\\\n\\",\\"compact\\":false}"}}'}
2025-11-10 15:01:15,714 - [Quantum_e2e_20251110.py:721] - [get_response_content] - INFO - 响应时间: 11.76秒
2025-11-10 15:01:15,715 - [Quantum_e2e_20251110.py:722] - [get_response_content] - INFO - 结束时间: 2025-11-10 15:01:15.714
2025-11-10 15:01:15,715 - [Quantum_e2e_20251110.py:1039] - [run_query_only] - INFO - 最终结果: 
In a forest ecosystem, the relationship between the tiger and the deer is that of predator and prey. The tiger serves as the predator, hunting and feeding on the deer for sustenance, while the deer is the prey. This predator-prey interaction is a key aspect of the food chain and energy flow within the ecosystem.

2025-11-10 15:01:15,716 - [Quantum_e2e_20251110.py:1312] - [process_main_excel_only] - INFO - 第 9 行处理成功，结果长度: 315，响应时间: 11.76秒
2025-11-10 15:01:15,762 - [Quantum_e2e_20251110.py:1339] - [process_main_excel_only] - INFO - 第 9 行结果已保存
2025-11-10 15:01:15,799 - [Quantum_e2e_20251110.py:1286] - [process_main_excel_only] - INFO - 
=== 正在处理第 10 行 ===
2025-11-10 15:01:15,805 - [Quantum_e2e_20251110.py:1287] - [process_main_excel_only] - INFO - Question: What type of lighting fixtures are present in the bedroom?
2025-11-10 15:01:15,808 - [Quantum_e2e_20251110.py:1288] - [process_main_excel_only] - INFO - Pathlist: ['C:\\Users\\XiaoXinPro 16 IAH\\Desktop\\LRIA_llm_eval\\eval\\Quantum_e2e_v20251031\\images\\Comprehensive Evaluation\\MMStar\\262.jpg']
2025-11-10 15:01:15,815 - [connectionpool.py:243] - [_new_conn] - DEBUG - Starting new HTTP connection (1): 127.0.0.1:35253
2025-11-10 15:01:15,822 - [connectionpool.py:546] - [_make_request] - DEBUG - http://127.0.0.1:35253 "POST /upload HTTP/11" 200 19
2025-11-10 15:01:15,840 - [Quantum_e2e_20251110.py:120] - [create_session] - INFO - 成功创建会话，upload_id: -954545084071549169
2025-11-10 15:01:16,880 - [connectionpool.py:243] - [_new_conn] - DEBUG - Starting new HTTP connection (1): 127.0.0.1:35253
2025-11-10 15:01:16,894 - [connectionpool.py:546] - [_make_request] - DEBUG - http://127.0.0.1:35253 "GET /query?fileData=-954545084071549169 HTTP/11" 200 None
2025-11-10 15:01:16,952 - [Quantum_e2e_20251110.py:159] - [get_session_info] - INFO - jobId: 79
2025-11-10 15:01:16,976 - [Quantum_e2e_20251110.py:165] - [get_session_info] - INFO - sessionID: c239dc44-6b21-414f-b603-82a766208aa3
2025-11-10 15:01:16,977 - [Quantum_e2e_20251110.py:639] - [send_query_with_image] - INFO - 发送查询请求: {'command': 'query', 'sessionId': 'c239dc44-6b21-414f-b603-82a766208aa3', 'data': {'text': '{"query": "What type of lighting fixtures are present in the bedroom?", "handler": "aaitc-graph-brain", "modelName": "gpt", "modelVersion": "gpt-4.1"}', 'uri': ['C:\\Users\\XiaoXinPro 16 IAH\\Desktop\\LRIA_llm_eval\\eval\\Quantum_e2e_v20251031\\images\\Comprehensive Evaluation\\MMStar\\262.jpg']}}
2025-11-10 15:01:16,979 - [connectionpool.py:243] - [_new_conn] - DEBUG - Starting new HTTP connection (1): 127.0.0.1:35253
2025-11-10 15:01:16,982 - [connectionpool.py:546] - [_make_request] - DEBUG - http://127.0.0.1:35253 "POST /upload HTTP/11" 200 20
2025-11-10 15:01:16,983 - [Quantum_e2e_20251110.py:646] - [send_query_with_image] - INFO - 查询请求成功，返回 upload_id: -3703019700365054440
2025-11-10 15:01:16,985 - [connectionpool.py:243] - [_new_conn] - DEBUG - Starting new HTTP connection (1): 127.0.0.1:35253
2025-11-10 15:01:16,989 - [connectionpool.py:546] - [_make_request] - DEBUG - http://127.0.0.1:35253 "GET /query?fileData=-3703019700365054440 HTTP/11" 200 None
2025-11-10 15:01:16,990 - [Quantum_e2e_20251110.py:673] - [get_response_content] - INFO - 开始时间: 2025-11-10 15:01:16.990
2025-11-10 15:01:17,050 - [Quantum_e2e_20251110.py:686] - [get_response_content] - DEBUG - {'type': 'job-id', 'contents': '80'}
2025-11-10 15:01:28,533 - [Quantum_e2e_20251110.py:686] - [get_response_content] - DEBUG - {'type': 'output-data', 'contents': '{"jobId":80,"status":"update_progress","data":{"text":"{\\"type\\":\\"text\\",\\"response\\":\\"\\\\nThe bedroom features a ceiling fan with an integrated light fixture. The light fixture is centrally positioned, has a decorative circular design, and is accented with hanging crystal-like elements surrounding a central light.\\\\n\\",\\"compact\\":false}"}}'}
2025-11-10 15:01:28,533 - [Quantum_e2e_20251110.py:721] - [get_response_content] - INFO - 响应时间: 11.54秒
2025-11-10 15:01:28,534 - [Quantum_e2e_20251110.py:722] - [get_response_content] - INFO - 结束时间: 2025-11-10 15:01:28.533
2025-11-10 15:01:28,534 - [Quantum_e2e_20251110.py:1039] - [run_query_only] - INFO - 最终结果: 
The bedroom features a ceiling fan with an integrated light fixture. The light fixture is centrally positioned, has a decorative circular design, and is accented with hanging crystal-like elements surrounding a central light.

2025-11-10 15:01:28,535 - [Quantum_e2e_20251110.py:1312] - [process_main_excel_only] - INFO - 第 10 行处理成功，结果长度: 227，响应时间: 11.54秒
2025-11-10 15:01:28,558 - [Quantum_e2e_20251110.py:1339] - [process_main_excel_only] - INFO - 第 10 行结果已保存
2025-11-10 15:01:28,559 - [Quantum_e2e_20251110.py:1247] - [process_main_excel_only] - INFO - 第 11 行跳过：question 为空或者为1
2025-11-10 15:01:28,559 - [Quantum_e2e_20251110.py:1247] - [process_main_excel_only] - INFO - 第 12 行跳过：question 为空或者为1
2025-11-10 15:01:28,559 - [Quantum_e2e_20251110.py:1247] - [process_main_excel_only] - INFO - 第 13 行跳过：question 为空或者为1
2025-11-10 15:01:28,560 - [Quantum_e2e_20251110.py:1247] - [process_main_excel_only] - INFO - 第 14 行跳过：question 为空或者为1
2025-11-10 15:01:28,560 - [Quantum_e2e_20251110.py:1247] - [process_main_excel_only] - INFO - 第 15 行跳过：question 为空或者为1
2025-11-10 15:01:28,560 - [Quantum_e2e_20251110.py:1247] - [process_main_excel_only] - INFO - 第 16 行跳过：question 为空或者为1
2025-11-10 15:01:28,561 - [Quantum_e2e_20251110.py:1247] - [process_main_excel_only] - INFO - 第 17 行跳过：question 为空或者为1
2025-11-10 15:01:28,561 - [Quantum_e2e_20251110.py:1247] - [process_main_excel_only] - INFO - 第 18 行跳过：question 为空或者为1
2025-11-10 15:01:28,561 - [Quantum_e2e_20251110.py:1247] - [process_main_excel_only] - INFO - 第 19 行跳过：question 为空或者为1
2025-11-10 15:01:28,562 - [Quantum_e2e_20251110.py:1247] - [process_main_excel_only] - INFO - 第 20 行跳过：question 为空或者为1
2025-11-10 15:01:28,562 - [Quantum_e2e_20251110.py:1247] - [process_main_excel_only] - INFO - 第 21 行跳过：question 为空或者为1
2025-11-10 15:01:28,562 - [Quantum_e2e_20251110.py:1247] - [process_main_excel_only] - INFO - 第 22 行跳过：question 为空或者为1
2025-11-10 15:01:28,563 - [Quantum_e2e_20251110.py:1247] - [process_main_excel_only] - INFO - 第 23 行跳过：question 为空或者为1
2025-11-10 15:01:28,563 - [Quantum_e2e_20251110.py:1247] - [process_main_excel_only] - INFO - 第 24 行跳过：question 为空或者为1
2025-11-10 15:01:28,563 - [Quantum_e2e_20251110.py:1247] - [process_main_excel_only] - INFO - 第 25 行跳过：question 为空或者为1
2025-11-10 15:01:28,563 - [Quantum_e2e_20251110.py:1247] - [process_main_excel_only] - INFO - 第 26 行跳过：question 为空或者为1
2025-11-10 15:01:28,564 - [Quantum_e2e_20251110.py:1343] - [process_main_excel_only] - INFO - 
第 1 轮循环完成，结果已保存至: c:\Users\XiaoXinPro 16 IAH\Desktop\LRIA_llm_eval\eval\Quantum_e2e_v20251106\testresult\test_results_Pod7_Multimodal_cases_v1.3_sub50_1029_20251110_145540_cycle1.xlsx
2025-11-10 15:01:28,564 - [Quantum_e2e_20251110.py:1345] - [process_main_excel_only] - INFO - 
所有 1 轮循环已完成
2025-11-10 15:01:28,564 - [Quantum_e2e_20251110.py:1608] - [<module>] - INFO - 文件 Pod7_Multimodal_cases_v1.3_sub50_1029.xlsx 处理完成
2025-11-10 15:01:29,304 - [monitor_util.py:167] - [stop_monitoring_resource] - INFO - Monitor thread stopped: False
2025-11-10 15:01:29,336 - [Quantum_e2e_20251110.py:1421] - [add_resource_data_to_results] - INFO - 资源监控数据已保存到 c:\Users\XiaoXinPro 16 IAH\Desktop\LRIA_llm_eval\eval\Quantum_e2e_v20251106\testresult\test_results_Pod7_Multimodal_cases_v1.3_sub50_1029_20251110_145540_cycle1.xlsx 的 resource sheet中
2025-11-10 15:01:29,337 - [Quantum_e2e_20251110.py:1631] - [<module>] - INFO - 测试完成,关闭服务
2025-11-10 15:01:29,339 - [start_stop_services.py:386] - [stop_services] - INFO - 找到需要终止的进程: ['mcpMgmtService.exe (PID: 27264)', 'fileSearch.exe (PID: 29140)', 'com.lenovo.quantum.exe (PID: 29388)', 'mcpMgmtService.exe (PID: 33876)', 'fileSearch.exe (PID: 39600)', 'lenovo.pfm.pipe.exe (PID: 39668)', 'com.lenovo.quantum.exe (PID: 39896)']
2025-11-10 15:01:32,363 - [start_stop_services.py:440] - [stop_services] - INFO - 所有服务进程已成功终止
