2025-11-10 15:51:31,790 - INFO - 日志系统初始化完成
2025-11-10 15:51:31,792 - INFO - 开始备份日志信息和清理目录...
2025-11-10 15:51:31,800 - INFO - 成功备份日志目录: C:\Users\XiaoXinPro 16 IAH\AppData\Local\mcp_mgmt_service -> C:\Users\XiaoXinPro 16 IAH\AppData\Local\mcp_mgmt_service_20251110155131
2025-11-10 15:51:31,801 - INFO - 成功删除日志目录: C:\Users\XiaoXinPro 16 IAH\AppData\Local\mcp_mgmt_service
2025-11-10 15:51:31,822 - INFO - 成功备份日志目录: C:\Users\XiaoXinPro 16 IAH\AppData\Local\quantum_core -> C:\Users\XiaoXinPro 16 IAH\AppData\Local\quantum_core_20251110155131
2025-11-10 15:51:31,827 - INFO - 成功删除日志目录: C:\Users\XiaoXinPro 16 IAH\AppData\Local\quantum_core
2025-11-10 15:51:31,830 - INFO - 成功删除目录: C:\Users\XiaoXinPro 16 IAH\.quantum
2025-11-10 15:51:31,970 - INFO - 成功删除目录: C:\Users\XiaoXinPro 16 IAH\Documents\QTCore
2025-11-10 15:51:31,970 - INFO - 删除目录不存在: C:\Users\XiaoXinPro 16 IAH\AppData\Quantum
2025-11-10 15:51:32,038 - INFO - 成功删除目录: C:\Users\XiaoXinPro 16 IAH\AppData\Local\Lenovo\QuantumAI
2025-11-10 15:51:32,039 - INFO - 开始启动服务...
2025-11-10 15:51:32,039 - INFO - 开始启动服务，服务目录: C:\Users\XiaoXinPro 16 IAH\Desktop\LRIA_llm_eval\version\LATC_Brain_20251031\Lenovo_Quantum_Core_V20251030_R8_226
2025-11-10 15:51:32,039 - INFO - 开始启动 mcpMgmtService.exe，时间戳: 2025-11-10 15:51:32.039
2025-11-10 15:51:33,330 - WARNING - 日志目录不存在: C:\Users\XiaoXinPro 16 IAH\AppData\Local\mcp_mgmt_service
2025-11-10 15:51:34,333 - WARNING - 未找到日志文件
2025-11-10 15:51:35,343 - INFO - 未找到在启动时间之后的application ready event
2025-11-10 15:51:36,355 - INFO - 未找到在启动时间之后的application ready event
2025-11-10 15:51:37,361 - INFO - 未找到在启动时间之后的application ready event
2025-11-10 15:51:38,367 - INFO - 未找到在启动时间之后的application ready event
2025-11-10 15:51:39,372 - INFO - 未找到在启动时间之后的application ready event
2025-11-10 15:51:40,380 - INFO - 未找到在启动时间之后的application ready event
2025-11-10 15:51:41,397 - INFO - 未找到在启动时间之后的application ready event
2025-11-10 15:51:42,414 - INFO - 未找到在启动时间之后的application ready event
2025-11-10 15:51:43,426 - INFO - 未找到在启动时间之后的application ready event
2025-11-10 15:51:44,434 - INFO - 找到在启动时间之后的application ready event: 2025-11-10 15:51:43.695 [INFO] [main] [com.lenovo.aieco.quantum.config.RegistryManagerConfig] - [onApplicationReadyEvent] [43] - application ready event, successfully write win registry key.
2025-11-10 15:51:44,434 - INFO - MCP服务启动时间: 11.656秒 (从 2025-11-10 15:51:32.039 到 2025-11-10 15:51:43.695)
2025-11-10 15:51:44,434 - INFO - mcpMgmtService.exe 启动成功
2025-11-10 15:51:44,435 - INFO - 开始启动 com.lenovo.quantum.exe，时间戳: 2025-11-10 15:51:44.435
2025-11-10 15:51:45,655 - WARNING - 量子服务日志目录不存在: C:\Users\XiaoXinPro 16 IAH\AppData\Local\quantum_core
2025-11-10 15:51:46,656 - WARNING - 量子服务日志目录不存在: C:\Users\XiaoXinPro 16 IAH\AppData\Local\quantum_core
2025-11-10 15:51:47,663 - INFO - 未找到在启动时间之后的工具列表信息
2025-11-10 15:51:48,666 - INFO - 未找到在启动时间之后的工具列表信息
2025-11-10 15:51:49,669 - INFO - 未找到在启动时间之后的工具列表信息
2025-11-10 15:51:50,671 - INFO - 未找到在启动时间之后的工具列表信息
2025-11-10 15:51:51,680 - INFO - 未找到在启动时间之后的工具列表信息
2025-11-10 15:51:52,687 - INFO - 未找到在启动时间之后的工具列表信息
2025-11-10 15:51:53,693 - INFO - 未找到在启动时间之后的工具列表信息
2025-11-10 15:51:54,695 - INFO - 未找到在启动时间之后的工具列表信息
2025-11-10 15:51:55,697 - INFO - 未找到在启动时间之后的工具列表信息
2025-11-10 15:51:56,700 - INFO - 未找到在启动时间之后的工具列表信息
2025-11-10 15:51:57,712 - INFO - 未找到在启动时间之后的工具列表信息
2025-11-10 15:51:58,717 - INFO - 未找到在启动时间之后的工具列表信息
2025-11-10 15:51:59,725 - INFO - 未找到在启动时间之后的工具列表信息
2025-11-10 15:52:00,736 - INFO - 未找到在启动时间之后的工具列表信息
2025-11-10 15:52:01,746 - INFO - 未找到在启动时间之后的工具列表信息
2025-11-10 15:52:02,755 - INFO - 未找到在启动时间之后的工具列表信息
2025-11-10 15:52:03,759 - INFO - 未找到在启动时间之后的工具列表信息
2025-11-10 15:52:04,765 - INFO - 未找到在启动时间之后的工具列表信息
2025-11-10 15:52:05,775 - INFO - 未找到在启动时间之后的工具列表信息
2025-11-10 15:52:06,783 - INFO - 未找到在启动时间之后的工具列表信息
2025-11-10 15:52:07,795 - INFO - 未找到在启动时间之后的工具列表信息
2025-11-10 15:52:08,807 - INFO - 未找到在启动时间之后的工具列表信息
2025-11-10 15:52:09,820 - INFO - 未找到在启动时间之后的工具列表信息
2025-11-10 15:52:10,835 - INFO - 未找到在启动时间之后的工具列表信息
2025-11-10 15:52:11,851 - INFO - 未找到在启动时间之后的工具列表信息
2025-11-10 15:52:12,882 - INFO - 未找到在启动时间之后的工具列表信息
2025-11-10 15:52:13,907 - INFO - 未找到在启动时间之后的工具列表信息
2025-11-10 15:52:14,936 - INFO - 未找到在启动时间之后的工具列表信息
2025-11-10 15:52:15,988 - INFO - 未找到在启动时间之后的工具列表信息
2025-11-10 15:52:17,028 - INFO - 未找到在启动时间之后的工具列表信息
2025-11-10 15:52:18,077 - INFO - 未找到在启动时间之后的工具列表信息
2025-11-10 15:52:19,104 - INFO - 未找到在启动时间之后的工具列表信息
2025-11-10 15:52:20,141 - INFO - 未找到在启动时间之后的工具列表信息
2025-11-10 15:52:21,169 - INFO - 找到在启动时间之后工具数量最多的工具列表信息: [LocalAgent_volume_control_on_pc, add_document_to_knowledge_base, web_search_grounding, LocalAgent_open_app_on_pc, search_image, LocalAgent_close_app_on_pc, LocalAgent_connectivity_toggle_on_pc, LocalAgent_add_calendar_event_on_pc, LocalFileSearch_local_file_search_on_pc, LocalAgent_make_video_call_on_pc, localczMCPServer_init_model, LocalAgent_microphone_toggle_on_pc, LocalAgent_battery_saver_toggle_on_pc, LocalAgent_check_calendar_event_on_pc, LocalAgent_eye_care_mode_toggle_on_pc, czMCPServer_cloud_image_from_text, LocalAgent_setup_chatgroup_on_pc, czMCPServer_cloud_image_from_outpainting, CMU_reply_notification, LocalAgent_performance_toggle_on_pc, czMCPServer_cloud_image_from_sketch, LocalAgent_send_message_on_pc, LocalAgent_change_background_on_pc, LocalAgent_system_update_control_on_pc, LearningZone_generate_notes, knowledge_base_qa, localczMCPServer_load_model, LocalAgent_speaker_toggle_on_pc, LocalAgent_open_browser_with_url, add_memory, LocalAgent_brightness_control_on_pc, czMCPServer_cloud_image_from_erase, CMU_get_notifications, czMCPServer_cloud_image_from_inpainting, localczMCPServer_local_text_to_image_tool, LocalAgent_night_mode_toggle_on_pc, LocalAgent_notification_control_on_pc, LocalAgent_make_voice_call_on_pc, czMCPServer_cloud_image_from_style_sync, LearningZone_generate_quiz, LocalAgent_send_email_on_pc, search_memory, czMCPServer_cloud_avatar_from_image, czMCPServer_cloud_image_from_SmartEditing, summarize_documents, czMCPServer_cloud_sticker_from_text]
2025-11-10 15:52:21,170 - INFO - 工具数量: 46
2025-11-10 15:52:21,170 - INFO - 检测到 46 个工具: ['LocalAgent_volume_control_on_pc', 'add_document_to_knowledge_base', 'web_search_grounding', 'LocalAgent_open_app_on_pc', 'search_image', 'LocalAgent_close_app_on_pc', 'LocalAgent_connectivity_toggle_on_pc', 'LocalAgent_add_calendar_event_on_pc', 'LocalFileSearch_local_file_search_on_pc', 'LocalAgent_make_video_call_on_pc', 'localczMCPServer_init_model', 'LocalAgent_microphone_toggle_on_pc', 'LocalAgent_battery_saver_toggle_on_pc', 'LocalAgent_check_calendar_event_on_pc', 'LocalAgent_eye_care_mode_toggle_on_pc', 'czMCPServer_cloud_image_from_text', 'LocalAgent_setup_chatgroup_on_pc', 'czMCPServer_cloud_image_from_outpainting', 'CMU_reply_notification', 'LocalAgent_performance_toggle_on_pc', 'czMCPServer_cloud_image_from_sketch', 'LocalAgent_send_message_on_pc', 'LocalAgent_change_background_on_pc', 'LocalAgent_system_update_control_on_pc', 'LearningZone_generate_notes', 'knowledge_base_qa', 'localczMCPServer_load_model', 'LocalAgent_speaker_toggle_on_pc', 'LocalAgent_open_browser_with_url', 'add_memory', 'LocalAgent_brightness_control_on_pc', 'czMCPServer_cloud_image_from_erase', 'CMU_get_notifications', 'czMCPServer_cloud_image_from_inpainting', 'localczMCPServer_local_text_to_image_tool', 'LocalAgent_night_mode_toggle_on_pc', 'LocalAgent_notification_control_on_pc', 'LocalAgent_make_voice_call_on_pc', 'czMCPServer_cloud_image_from_style_sync', 'LearningZone_generate_quiz', 'LocalAgent_send_email_on_pc', 'search_memory', 'czMCPServer_cloud_avatar_from_image', 'czMCPServer_cloud_image_from_SmartEditing', 'summarize_documents', 'czMCPServer_cloud_sticker_from_text']
2025-11-10 15:52:21,171 - INFO - com.lenovo.quantum.exe 启动成功
2025-11-10 15:52:21,171 - INFO - 所有服务启动成功
2025-11-10 15:52:21,171 - INFO - 所有服务启动成功，可以继续执行后续流程
2025-11-10 15:52:21,171 - INFO - 开始API接口自动化测试...
2025-11-10 15:52:21,171 - INFO - === 测试 create_session 接口 ===
2025-11-10 15:52:21,186 - DEBUG - Starting new HTTP connection (1): 127.0.0.1:35253
2025-11-10 15:52:21,284 - DEBUG - http://127.0.0.1:35253 "POST /upload HTTP/11" 200 20
2025-11-10 15:52:21,285 - INFO - 成功创建会话，upload_id: -5957501808245932563
2025-11-10 15:52:21,285 - INFO - DEBUG: 添加测试结果 - 接口: create_session, 响应时间: 0.11
2025-11-10 15:52:22,034 - INFO - ✅ 已写入测试结果: create_session
2025-11-10 15:52:22,034 - INFO - 
=== 测试 get_session_info 接口 ===
2025-11-10 15:52:22,035 - DEBUG - Starting new HTTP connection (1): 127.0.0.1:35253
2025-11-10 15:52:22,047 - DEBUG - http://127.0.0.1:35253 "GET /query?fileData=-5957501808245932563 HTTP/11" 200 None
2025-11-10 15:52:22,373 - INFO - jobId: 1
2025-11-10 15:52:22,420 - INFO - sessionID: 5be6fa58-b054-4d07-bc94-b5bac6170455
2025-11-10 15:52:22,424 - INFO - DEBUG: 添加测试结果 - 接口: get_session_info, 响应时间: 0.01
2025-11-10 15:52:22,447 - INFO - ✅ 已写入测试结果: get_session_info
2025-11-10 15:52:22,447 - INFO - 
=== 测试 register_document 接口 ===
2025-11-10 15:52:22,451 - INFO - 找到 9 个文档文件
2025-11-10 15:52:22,452 - INFO - {'command': 'document', 'data': {'text': '{"action": "add", "body": {"doc_paths": ["C:\\\\Users\\\\XiaoXinPro 16 IAH\\\\Desktop\\\\LRIA_llm_eval\\\\eval\\\\Quantum_Bvt_20251110\\\\bvtfiles\\\\2403.19401.pdf", "C:\\\\Users\\\\XiaoXinPro 16 IAH\\\\Desktop\\\\LRIA_llm_eval\\\\eval\\\\Quantum_Bvt_20251110\\\\bvtfiles\\\\3nql1cs15r8aviz39pth2bpsr4zvy1.txt", "C:\\\\Users\\\\XiaoXinPro 16 IAH\\\\Desktop\\\\LRIA_llm_eval\\\\eval\\\\Quantum_Bvt_20251110\\\\bvtfiles\\\\3u84xhcdicdb6vqtlfud7syhj444z2.txt", "C:\\\\Users\\\\XiaoXinPro 16 IAH\\\\Desktop\\\\LRIA_llm_eval\\\\eval\\\\Quantum_Bvt_20251110\\\\bvtfiles\\\\3z3zlgnnsiuha76yy56h6uu71bh3q1.txt", "C:\\\\Users\\\\XiaoXinPro 16 IAH\\\\Desktop\\\\LRIA_llm_eval\\\\eval\\\\Quantum_Bvt_20251110\\\\bvtfiles\\\\AI_Face_Test_Set_Collection_Method_Design.pptx", "C:\\\\Users\\\\XiaoXinPro 16 IAH\\\\Desktop\\\\LRIA_llm_eval\\\\eval\\\\Quantum_Bvt_20251110\\\\bvtfiles\\\\A_brief_introduction_of_LP_liutao21_20220615.pptx", "C:\\\\Users\\\\XiaoXinPro 16 IAH\\\\Desktop\\\\LRIA_llm_eval\\\\eval\\\\Quantum_Bvt_20251110\\\\bvtfiles\\\\Belfast-English.docx", "C:\\\\Users\\\\XiaoXinPro 16 IAH\\\\Desktop\\\\LRIA_llm_eval\\\\eval\\\\Quantum_Bvt_20251110\\\\bvtfiles\\\\British-Food-Culture.doc", "C:\\\\Users\\\\XiaoXinPro 16 IAH\\\\Desktop\\\\LRIA_llm_eval\\\\eval\\\\Quantum_Bvt_20251110\\\\bvtfiles\\\\Netflix Becomes a Broadway Producer With Peter Morgan\\u2019s Patriots.txt"], "isTempFile": false}}'}}
2025-11-10 15:52:22,453 - DEBUG - Starting new HTTP connection (1): 127.0.0.1:35253
2025-11-10 15:52:22,456 - DEBUG - http://127.0.0.1:35253 "POST /upload HTTP/11" 200 19
2025-11-10 15:52:22,457 - INFO - 成功注册文档，upload_id: 5610966347781516059
2025-11-10 15:52:22,457 - INFO - 开始时间: 2025-11-10 15:52:22.457
2025-11-10 15:52:22,458 - DEBUG - Starting new HTTP connection (1): 127.0.0.1:35253
2025-11-10 15:52:22,467 - DEBUG - http://127.0.0.1:35253 "GET /query?fileData=5610966347781516059 HTTP/11" 200 None
2025-11-10 15:52:22,821 - INFO - 响应时间: 0.36秒
2025-11-10 15:52:22,822 - INFO - DEBUG: 添加测试结果 - 接口: register_document, 响应时间: 0.36
2025-11-10 15:52:22,833 - INFO - ✅ 已写入测试结果: register_document
2025-11-10 15:52:22,834 - INFO - 
=== 测试 get_register_document 接口 ===
2025-11-10 15:52:22,834 - INFO - {'command': 'document', 'data': {'text': '{"action": "list", "body": {"folder_path": ""}}'}}
2025-11-10 15:52:22,835 - DEBUG - Starting new HTTP connection (1): 127.0.0.1:35253
2025-11-10 15:52:22,838 - DEBUG - http://127.0.0.1:35253 "POST /upload HTTP/11" 200 19
2025-11-10 15:52:22,838 - INFO - 成功获取文档列表，upload_id: -972089066755487687
2025-11-10 15:52:22,839 - INFO - 开始时间: 2025-11-10 15:52:22.839
2025-11-10 15:52:22,840 - DEBUG - Starting new HTTP connection (1): 127.0.0.1:35253
2025-11-10 15:52:22,873 - DEBUG - http://127.0.0.1:35253 "GET /query?fileData=-972089066755487687 HTTP/11" 200 None
2025-11-10 15:52:22,990 - INFO - 响应时间: 0.15秒
2025-11-10 15:52:22,991 - INFO - 第1次尝试，获取到的result_text: {"jobId":3,"status":"complete","data":{"text":"[{\"createTime\":\"2025-11-10T15:52:22.597\",\"description\":\"\",\"docName\":\"\",\"editTime\":\"2025-11-10T15:52:22.597\",\"errorDescription\":\"\",\"fileName\":\"2403.19401.pdf\",\"folder\":\"C:\\\\Users\\\\XiaoXinPro 16 IAH\\\\Desktop\\\\LRIA_llm_eval\\\\eval\\\\Quantum_Bvt_20251110\\\\bvtfiles\",\"id\":1987790421895548928,\"isDeleted\":0,\"isTmpFile\":false,\"labelNameList\":[],\"lastModifyTime\":\"2025-09-17T09:45:00\",\"md5\":\"4ff6ba88616fcf7a71d1dca6c9adc14c\",\"path\":\"C:\\\\Users\\\\XiaoXinPro 16 IAH\\\\Desktop\\\\LRIA_llm_eval\\\\eval\\\\Quantum_Bvt_20251110\\\\bvtfiles\\\\2403.19401.pdf\",\"priority\":1,\"score\":0.0,\"status\":\"ADDED\",\"tokenNum\":0,\"uriPath\":\"\"},{\"createTime\":\"2025-11-10T15:52:22.630\",\"description\":\"\",\"docName\":\"\",\"editTime\":\"2025-11-10T15:52:22.630\",\"errorDescription\":\"\",\"fileName\":\"3nql1cs15r8aviz39pth2bpsr4zvy1.txt\",\"folder\":\"C:\\\\Users\\\\XiaoXinPro 16 IAH\\\\Desktop\\\\LRIA_llm_eval\\\\eval\\\\Quantum_Bvt_20251110\\\\bvtfiles\",\"id\":1987790422033960960,\"isDeleted\":0,\"isTmpFile\":false,\"labelNameList\":[],\"lastModifyTime\":\"2025-09-17T09:45:00\",\"md5\":\"da0c0f7162b267cca0de596df4c40c56\",\"path\":\"C:\\\\Users\\\\XiaoXinPro 16 IAH\\\\Desktop\\\\LRIA_llm_eval\\\\eval\\\\Quantum_Bvt_20251110\\\\bvtfiles\\\\3nql1cs15r8aviz39pth2bpsr4zvy1.txt\",\"priority\":2,\"score\":0.0,\"status\":\"ADDED\",\"tokenNum\":0,\"uriPath\":\"\"},{\"createTime\":\"2025-11-10T15:52:22.650\",\"description\":\"\",\"docName\":\"\",\"editTime\":\"2025-11-10T15:52:22.650\",\"errorDescription\":\"\",\"fileName\":\"3u84xhcdicdb6vqtlfud7syhj444z2.txt\",\"folder\":\"C:\\\\Users\\\\XiaoXinPro 16 IAH\\\\Desktop\\\\LRIA_llm_eval\\\\eval\\\\Quantum_Bvt_20251110\\\\bvtfiles\",\"id\":1987790422117847040,\"isDeleted\":0,\"isTmpFile\":false,\"labelNameList\":[],\"lastModifyTime\":\"2025-09-17T09:45:00\",\"md5\":\"a80f0ad4af9fd250a462680c85e6fbf0\",\"path\":\"C:\\\\Users\\\\XiaoXinPro 16 IAH\\\\Desktop\\\\LRIA_llm_eval\\\\eval\\\\Quantum_Bvt_20251110\\\\bvtfiles\\\\3u84xhcdicdb6vqtlfud7syhj444z2.txt\",\"priority\":3,\"score\":0.0,\"status\":\"ADDED\",\"tokenNum\":0,\"uriPath\":\"\"},{\"createTime\":\"2025-11-10T15:52:22.668\",\"description\":\"\",\"docName\":\"\",\"editTime\":\"2025-11-10T15:52:22.668\",\"errorDescription\":\"\",\"fileName\":\"3z3zlgnnsiuha76yy56h6uu71bh3q1.txt\",\"folder\":\"C:\\\\Users\\\\XiaoXinPro 16 IAH\\\\Desktop\\\\LRIA_llm_eval\\\\eval\\\\Quantum_Bvt_20251110\\\\bvtfiles\",\"id\":1987790422193344512,\"isDeleted\":0,\"isTmpFile\":false,\"labelNameList\":[],\"lastModifyTime\":\"2025-09-17T09:45:00\",\"md5\":\"bb28043dd606535bdcaf1ee30346b0f9\",\"path\":\"C:\\\\Users\\\\XiaoXinPro 16 IAH\\\\Desktop\\\\LRIA_llm_eval\\\\eval\\\\Quantum_Bvt_20251110\\\\bvtfiles\\\\3z3zlgnnsiuha76yy56h6uu71bh3q1.txt\",\"priority\":4,\"score\":0.0,\"status\":\"ADDED\",\"tokenNum\":0,\"uriPath\":\"\"},{\"createTime\":\"2025-11-10T15:52:22.688\",\"description\":\"\",\"docName\":\"\",\"editTime\":\"2025-11-10T15:52:22.688\",\"errorDescription\":\"\",\"fileName\":\"AI_Face_Test_Set_Collection_Method_Design.pptx\",\"folder\":\"C:\\\\Users\\\\XiaoXinPro 16 IAH\\\\Desktop\\\\LRIA_llm_eval\\\\eval\\\\Quantum_Bvt_20251110\\\\bvtfiles\",\"id\":1987790422277230592,\"isDeleted\":0,\"isTmpFile\":false,\"labelNameList\":[],\"lastModifyTime\":\"2025-09-17T09:46:00\",\"md5\":\"b0f396e7936e0f6192cd880927e8e74b\",\"path\":\"C:\\\\Users\\\\XiaoXinPro 16 IAH\\\\Desktop\\\\LRIA_llm_eval\\\\eval\\\\Quantum_Bvt_20251110\\\\bvtfiles\\\\AI_Face_Test_Set_Collection_Method_Design.pptx\",\"priority\":5,\"score\":0.0,\"status\":\"ADDED\",\"tokenNum\":0,\"uriPath\":\"\"},{\"createTime\":\"2025-11-10T15:52:22.707\",\"description\":\"\",\"docName\":\"\",\"editTime\":\"2025-11-10T15:52:22.707\",\"errorDescription\":\"\",\"fileName\":\"A_brief_introduction_of_LP_liutao21_20220615.pptx\",\"folder\":\"C:\\\\Users\\\\XiaoXinPro 16 IAH\\\\Desktop\\\\LRIA_llm_eval\\\\eval\\\\Quantum_Bvt_20251110\\\\bvtfiles\",\"id\":1987790422356922368,\"isDeleted\":0,\"isTmpFile\":false,\"labelNameList\":[],\"lastModifyTime\":\"2025-09-17T09:46:00\",\"md5\":\"0dbb2532524843af54fb3388b7bf3381\",\"path\":\"C:\\\\Users\\\\XiaoXinPro 16 IAH\\\\Desktop\\\\LRIA_llm_eval\\\\eval\\\\Quantum_Bvt_20251110\\\\bvtfiles\\\\A_brief_introduction_of_LP_liutao21_20220615.pptx\",\"priority\":6,\"score\":0.0,\"status\":\"ADDED\",\"tokenNum\":0,\"uriPath\":\"\"},{\"createTime\":\"2025-11-10T15:52:22.764\",\"description\":\"\",\"docName\":\"\",\"editTime\":\"2025-11-10T15:52:22.764\",\"errorDescription\":\"\",\"fileName\":\"Belfast-English.docx\",\"folder\":\"C:\\\\Users\\\\XiaoXinPro 16 IAH\\\\Desktop\\\\LRIA_llm_eval\\\\eval\\\\Quantum_Bvt_20251110\\\\bvtfiles\",\"id\":1987790422595997696,\"isDeleted\":0,\"isTmpFile\":false,\"labelNameList\":[],\"lastModifyTime\":\"2025-09-17T09:45:00\",\"md5\":\"3193e699ffa92db332ae31a9fb1d3cb4\",\"path\":\"C:\\\\Users\\\\XiaoXinPro 16 IAH\\\\Desktop\\\\LRIA_llm_eval\\\\eval\\\\Quantum_Bvt_20251110\\\\bvtfiles\\\\Belfast-English.docx\",\"priority\":7,\"score\":0.0,\"status\":\"ADDED\",\"tokenNum\":0,\"uriPath\":\"\"},{\"createTime\":\"2025-11-10T15:52:22.784\",\"description\":\"\",\"docName\":\"\",\"editTime\":\"2025-11-10T15:52:22.784\",\"errorDescription\":\"\",\"fileName\":\"British-Food-Culture.doc\",\"folder\":\"C:\\\\Users\\\\XiaoXinPro 16 IAH\\\\Desktop\\\\LRIA_llm_eval\\\\eval\\\\Quantum_Bvt_20251110\\\\bvtfiles\",\"id\":1987790422679883776,\"isDeleted\":0,\"isTmpFile\":false,\"labelNameList\":[],\"lastModifyTime\":\"2025-09-17T09:45:00\",\"md5\":\"435798f1c3377c7f5b71e18d733ca579\",\"path\":\"C:\\\\Users\\\\XiaoXinPro 16 IAH\\\\Desktop\\\\LRIA_llm_eval\\\\eval\\\\Quantum_Bvt_20251110\\\\bvtfiles\\\\British-Food-Culture.doc\",\"priority\":8,\"score\":0.0,\"status\":\"ADDED\",\"tokenNum\":0,\"uriPath\":\"\"},{\"createTime\":\"2025-11-10T15:52:22.803\",\"description\":\"\",\"docName\":\"\",\"editTime\":\"2025-11-10T15:52:22.803\",\"errorDescription\":\"\",\"fileName\":\"Netflix Becomes a Broadway Producer With Peter Morgan’s Patriots.txt\",\"folder\":\"C:\\\\Users\\\\XiaoXinPro 16 IAH\\\\Desktop\\\\LRIA_llm_eval\\\\eval\\\\Quantum_Bvt_20251110\\\\bvtfiles\",\"id\":1987790422759575552,\"isDeleted\":0,\"isTmpFile\":false,\"labelNameList\":[],\"lastModifyTime\":\"2025-09-17T09:46:00\",\"md5\":\"ab84c46eaa62a18048fb0241446da4ca\",\"path\":\"C:\\\\Users\\\\XiaoXinPro 16 IAH\\\\Desktop\\\\LRIA_llm_eval\\\\eval\\\\Quantum_Bvt_20251110\\\\bvtfiles\\\\Netflix Becomes a Broadway Producer With Peter Morgan’s Patriots.txt\",\"priority\":9,\"score\":0.0,\"status\":\"ADDED\",\"tokenNum\":0,\"uriPath\":\"\"}]"}}
2025-11-10 15:52:22,991 - INFO - 文档数量: 9
2025-11-10 15:52:22,992 - INFO - 第1个文档状态: ADDED
2025-11-10 15:52:22,992 - INFO - 第2个文档状态: ADDED
2025-11-10 15:52:22,992 - INFO - 第3个文档状态: ADDED
2025-11-10 15:52:22,992 - INFO - 第4个文档状态: ADDED
2025-11-10 15:52:22,992 - INFO - 第5个文档状态: ADDED
2025-11-10 15:52:22,992 - INFO - 第6个文档状态: ADDED
2025-11-10 15:52:22,992 - INFO - 第7个文档状态: ADDED
2025-11-10 15:52:22,992 - INFO - 第8个文档状态: ADDED
2025-11-10 15:52:22,993 - INFO - 第9个文档状态: ADDED
2025-11-10 15:52:22,993 - INFO - 仍有文档在处理中，第1次尝试...
2025-11-10 15:52:24,995 - DEBUG - Starting new HTTP connection (1): 127.0.0.1:35253
2025-11-10 15:52:25,000 - DEBUG - http://127.0.0.1:35253 "POST /upload HTTP/11" 200 19
2025-11-10 15:52:25,000 - INFO - 成功获取文档列表，upload_id: 3051234000347568771
2025-11-10 15:52:25,000 - INFO - 开始时间: 2025-11-10 15:52:25.000
2025-11-10 15:52:25,001 - DEBUG - Starting new HTTP connection (1): 127.0.0.1:35253
2025-11-10 15:52:25,019 - DEBUG - http://127.0.0.1:35253 "GET /query?fileData=3051234000347568771 HTTP/11" 200 None
2025-11-10 15:52:25,107 - INFO - 响应时间: 0.11秒
2025-11-10 15:52:25,107 - INFO - 第2次尝试，获取到的result_text: {"jobId":4,"status":"complete","data":{"text":"[{\"createTime\":\"2025-11-10T15:52:22.597\",\"description\":\"\",\"docName\":\"\",\"editTime\":\"2025-11-10T15:52:22.597\",\"errorDescription\":\"\",\"fileName\":\"2403.19401.pdf\",\"folder\":\"C:\\\\Users\\\\XiaoXinPro 16 IAH\\\\Desktop\\\\LRIA_llm_eval\\\\eval\\\\Quantum_Bvt_20251110\\\\bvtfiles\",\"id\":1987790421895548928,\"isDeleted\":0,\"isTmpFile\":false,\"labelNameList\":[],\"lastModifyTime\":\"2025-09-17T09:45:00\",\"md5\":\"4ff6ba88616fcf7a71d1dca6c9adc14c\",\"path\":\"C:\\\\Users\\\\XiaoXinPro 16 IAH\\\\Desktop\\\\LRIA_llm_eval\\\\eval\\\\Quantum_Bvt_20251110\\\\bvtfiles\\\\2403.19401.pdf\",\"priority\":1,\"score\":0.0,\"status\":\"ADDED\",\"tokenNum\":0,\"uriPath\":\"\"},{\"createTime\":\"2025-11-10T15:52:22.630\",\"description\":\"\",\"docName\":\"\",\"editTime\":\"2025-11-10T15:52:22.630\",\"errorDescription\":\"\",\"fileName\":\"3nql1cs15r8aviz39pth2bpsr4zvy1.txt\",\"folder\":\"C:\\\\Users\\\\XiaoXinPro 16 IAH\\\\Desktop\\\\LRIA_llm_eval\\\\eval\\\\Quantum_Bvt_20251110\\\\bvtfiles\",\"id\":1987790422033960960,\"isDeleted\":0,\"isTmpFile\":false,\"labelNameList\":[],\"lastModifyTime\":\"2025-09-17T09:45:00\",\"md5\":\"da0c0f7162b267cca0de596df4c40c56\",\"path\":\"C:\\\\Users\\\\XiaoXinPro 16 IAH\\\\Desktop\\\\LRIA_llm_eval\\\\eval\\\\Quantum_Bvt_20251110\\\\bvtfiles\\\\3nql1cs15r8aviz39pth2bpsr4zvy1.txt\",\"priority\":2,\"score\":0.0,\"status\":\"ADDED\",\"tokenNum\":0,\"uriPath\":\"\"},{\"createTime\":\"2025-11-10T15:52:22.650\",\"description\":\"\",\"docName\":\"\",\"editTime\":\"2025-11-10T15:52:22.650\",\"errorDescription\":\"\",\"fileName\":\"3u84xhcdicdb6vqtlfud7syhj444z2.txt\",\"folder\":\"C:\\\\Users\\\\XiaoXinPro 16 IAH\\\\Desktop\\\\LRIA_llm_eval\\\\eval\\\\Quantum_Bvt_20251110\\\\bvtfiles\",\"id\":1987790422117847040,\"isDeleted\":0,\"isTmpFile\":false,\"labelNameList\":[],\"lastModifyTime\":\"2025-09-17T09:45:00\",\"md5\":\"a80f0ad4af9fd250a462680c85e6fbf0\",\"path\":\"C:\\\\Users\\\\XiaoXinPro 16 IAH\\\\Desktop\\\\LRIA_llm_eval\\\\eval\\\\Quantum_Bvt_20251110\\\\bvtfiles\\\\3u84xhcdicdb6vqtlfud7syhj444z2.txt\",\"priority\":3,\"score\":0.0,\"status\":\"ADDED\",\"tokenNum\":0,\"uriPath\":\"\"},{\"createTime\":\"2025-11-10T15:52:22.668\",\"description\":\"\",\"docName\":\"\",\"editTime\":\"2025-11-10T15:52:22.668\",\"errorDescription\":\"\",\"fileName\":\"3z3zlgnnsiuha76yy56h6uu71bh3q1.txt\",\"folder\":\"C:\\\\Users\\\\XiaoXinPro 16 IAH\\\\Desktop\\\\LRIA_llm_eval\\\\eval\\\\Quantum_Bvt_20251110\\\\bvtfiles\",\"id\":1987790422193344512,\"isDeleted\":0,\"isTmpFile\":false,\"labelNameList\":[],\"lastModifyTime\":\"2025-09-17T09:45:00\",\"md5\":\"bb28043dd606535bdcaf1ee30346b0f9\",\"path\":\"C:\\\\Users\\\\XiaoXinPro 16 IAH\\\\Desktop\\\\LRIA_llm_eval\\\\eval\\\\Quantum_Bvt_20251110\\\\bvtfiles\\\\3z3zlgnnsiuha76yy56h6uu71bh3q1.txt\",\"priority\":4,\"score\":0.0,\"status\":\"ADDED\",\"tokenNum\":0,\"uriPath\":\"\"},{\"createTime\":\"2025-11-10T15:52:22.688\",\"description\":\"\",\"docName\":\"\",\"editTime\":\"2025-11-10T15:52:22.688\",\"errorDescription\":\"\",\"fileName\":\"AI_Face_Test_Set_Collection_Method_Design.pptx\",\"folder\":\"C:\\\\Users\\\\XiaoXinPro 16 IAH\\\\Desktop\\\\LRIA_llm_eval\\\\eval\\\\Quantum_Bvt_20251110\\\\bvtfiles\",\"id\":1987790422277230592,\"isDeleted\":0,\"isTmpFile\":false,\"labelNameList\":[],\"lastModifyTime\":\"2025-09-17T09:46:00\",\"md5\":\"b0f396e7936e0f6192cd880927e8e74b\",\"path\":\"C:\\\\Users\\\\XiaoXinPro 16 IAH\\\\Desktop\\\\LRIA_llm_eval\\\\eval\\\\Quantum_Bvt_20251110\\\\bvtfiles\\\\AI_Face_Test_Set_Collection_Method_Design.pptx\",\"priority\":5,\"score\":0.0,\"status\":\"ADDED\",\"tokenNum\":0,\"uriPath\":\"\"},{\"createTime\":\"2025-11-10T15:52:22.707\",\"description\":\"\",\"docName\":\"\",\"editTime\":\"2025-11-10T15:52:22.707\",\"errorDescription\":\"\",\"fileName\":\"A_brief_introduction_of_LP_liutao21_20220615.pptx\",\"folder\":\"C:\\\\Users\\\\XiaoXinPro 16 IAH\\\\Desktop\\\\LRIA_llm_eval\\\\eval\\\\Quantum_Bvt_20251110\\\\bvtfiles\",\"id\":1987790422356922368,\"isDeleted\":0,\"isTmpFile\":false,\"labelNameList\":[],\"lastModifyTime\":\"2025-09-17T09:46:00\",\"md5\":\"0dbb2532524843af54fb3388b7bf3381\",\"path\":\"C:\\\\Users\\\\XiaoXinPro 16 IAH\\\\Desktop\\\\LRIA_llm_eval\\\\eval\\\\Quantum_Bvt_20251110\\\\bvtfiles\\\\A_brief_introduction_of_LP_liutao21_20220615.pptx\",\"priority\":6,\"score\":0.0,\"status\":\"ADDED\",\"tokenNum\":0,\"uriPath\":\"\"},{\"createTime\":\"2025-11-10T15:52:22.764\",\"description\":\"\",\"docName\":\"\",\"editTime\":\"2025-11-10T15:52:22.764\",\"errorDescription\":\"\",\"fileName\":\"Belfast-English.docx\",\"folder\":\"C:\\\\Users\\\\XiaoXinPro 16 IAH\\\\Desktop\\\\LRIA_llm_eval\\\\eval\\\\Quantum_Bvt_20251110\\\\bvtfiles\",\"id\":1987790422595997696,\"isDeleted\":0,\"isTmpFile\":false,\"labelNameList\":[],\"lastModifyTime\":\"2025-09-17T09:45:00\",\"md5\":\"3193e699ffa92db332ae31a9fb1d3cb4\",\"path\":\"C:\\\\Users\\\\XiaoXinPro 16 IAH\\\\Desktop\\\\LRIA_llm_eval\\\\eval\\\\Quantum_Bvt_20251110\\\\bvtfiles\\\\Belfast-English.docx\",\"priority\":7,\"score\":0.0,\"status\":\"ADDED\",\"tokenNum\":0,\"uriPath\":\"\"},{\"createTime\":\"2025-11-10T15:52:22.784\",\"description\":\"\",\"docName\":\"\",\"editTime\":\"2025-11-10T15:52:22.784\",\"errorDescription\":\"\",\"fileName\":\"British-Food-Culture.doc\",\"folder\":\"C:\\\\Users\\\\XiaoXinPro 16 IAH\\\\Desktop\\\\LRIA_llm_eval\\\\eval\\\\Quantum_Bvt_20251110\\\\bvtfiles\",\"id\":1987790422679883776,\"isDeleted\":0,\"isTmpFile\":false,\"labelNameList\":[],\"lastModifyTime\":\"2025-09-17T09:45:00\",\"md5\":\"435798f1c3377c7f5b71e18d733ca579\",\"path\":\"C:\\\\Users\\\\XiaoXinPro 16 IAH\\\\Desktop\\\\LRIA_llm_eval\\\\eval\\\\Quantum_Bvt_20251110\\\\bvtfiles\\\\British-Food-Culture.doc\",\"priority\":8,\"score\":0.0,\"status\":\"ADDED\",\"tokenNum\":0,\"uriPath\":\"\"},{\"createTime\":\"2025-11-10T15:52:22.803\",\"description\":\"\",\"docName\":\"\",\"editTime\":\"2025-11-10T15:52:22.803\",\"errorDescription\":\"\",\"fileName\":\"Netflix Becomes a Broadway Producer With Peter Morgan’s Patriots.txt\",\"folder\":\"C:\\\\Users\\\\XiaoXinPro 16 IAH\\\\Desktop\\\\LRIA_llm_eval\\\\eval\\\\Quantum_Bvt_20251110\\\\bvtfiles\",\"id\":1987790422759575552,\"isDeleted\":0,\"isTmpFile\":false,\"labelNameList\":[],\"lastModifyTime\":\"2025-09-17T09:46:00\",\"md5\":\"ab84c46eaa62a18048fb0241446da4ca\",\"path\":\"C:\\\\Users\\\\XiaoXinPro 16 IAH\\\\Desktop\\\\LRIA_llm_eval\\\\eval\\\\Quantum_Bvt_20251110\\\\bvtfiles\\\\Netflix Becomes a Broadway Producer With Peter Morgan’s Patriots.txt\",\"priority\":9,\"score\":0.0,\"status\":\"ADDED\",\"tokenNum\":0,\"uriPath\":\"\"}]"}}
2025-11-10 15:52:25,108 - INFO - 文档数量: 9
2025-11-10 15:52:25,108 - INFO - 第1个文档状态: ADDED
2025-11-10 15:52:25,108 - INFO - 第2个文档状态: ADDED
2025-11-10 15:52:25,108 - INFO - 第3个文档状态: ADDED
2025-11-10 15:52:25,108 - INFO - 第4个文档状态: ADDED
2025-11-10 15:52:25,108 - INFO - 第5个文档状态: ADDED
2025-11-10 15:52:25,108 - INFO - 第6个文档状态: ADDED
2025-11-10 15:52:25,108 - INFO - 第7个文档状态: ADDED
2025-11-10 15:52:25,108 - INFO - 第8个文档状态: ADDED
2025-11-10 15:52:25,108 - INFO - 第9个文档状态: ADDED
2025-11-10 15:52:25,109 - INFO - 仍有文档在处理中，第2次尝试...
2025-11-10 15:52:27,111 - DEBUG - Starting new HTTP connection (1): 127.0.0.1:35253
2025-11-10 15:52:27,115 - DEBUG - http://127.0.0.1:35253 "POST /upload HTTP/11" 200 19
2025-11-10 15:52:27,116 - INFO - 成功获取文档列表，upload_id: 5460514365316359281
2025-11-10 15:52:27,116 - INFO - 开始时间: 2025-11-10 15:52:27.116
2025-11-10 15:52:27,117 - DEBUG - Starting new HTTP connection (1): 127.0.0.1:35253
2025-11-10 15:52:27,125 - DEBUG - http://127.0.0.1:35253 "GET /query?fileData=5460514365316359281 HTTP/11" 200 None
2025-11-10 15:52:27,240 - INFO - 响应时间: 0.12秒
2025-11-10 15:52:27,240 - INFO - 第3次尝试，获取到的result_text: {"jobId":5,"status":"complete","data":{"text":"[{\"createTime\":\"2025-11-10T15:52:22.597\",\"description\":\"\",\"docName\":\"\",\"editTime\":\"2025-11-10T15:52:22.597\",\"errorDescription\":\"\",\"fileName\":\"2403.19401.pdf\",\"folder\":\"C:\\\\Users\\\\XiaoXinPro 16 IAH\\\\Desktop\\\\LRIA_llm_eval\\\\eval\\\\Quantum_Bvt_20251110\\\\bvtfiles\",\"id\":1987790421895548928,\"isDeleted\":0,\"isTmpFile\":false,\"labelNameList\":[],\"lastModifyTime\":\"2025-09-17T09:45:00\",\"md5\":\"4ff6ba88616fcf7a71d1dca6c9adc14c\",\"path\":\"C:\\\\Users\\\\XiaoXinPro 16 IAH\\\\Desktop\\\\LRIA_llm_eval\\\\eval\\\\Quantum_Bvt_20251110\\\\bvtfiles\\\\2403.19401.pdf\",\"priority\":1,\"score\":0.0,\"status\":\"ADDED\",\"tokenNum\":0,\"uriPath\":\"\"},{\"createTime\":\"2025-11-10T15:52:22.630\",\"description\":\"\",\"docName\":\"\",\"editTime\":\"2025-11-10T15:52:22.630\",\"errorDescription\":\"\",\"fileName\":\"3nql1cs15r8aviz39pth2bpsr4zvy1.txt\",\"folder\":\"C:\\\\Users\\\\XiaoXinPro 16 IAH\\\\Desktop\\\\LRIA_llm_eval\\\\eval\\\\Quantum_Bvt_20251110\\\\bvtfiles\",\"id\":1987790422033960960,\"isDeleted\":0,\"isTmpFile\":false,\"labelNameList\":[],\"lastModifyTime\":\"2025-09-17T09:45:00\",\"md5\":\"da0c0f7162b267cca0de596df4c40c56\",\"path\":\"C:\\\\Users\\\\XiaoXinPro 16 IAH\\\\Desktop\\\\LRIA_llm_eval\\\\eval\\\\Quantum_Bvt_20251110\\\\bvtfiles\\\\3nql1cs15r8aviz39pth2bpsr4zvy1.txt\",\"priority\":2,\"score\":0.0,\"status\":\"ADDED\",\"tokenNum\":0,\"uriPath\":\"\"},{\"createTime\":\"2025-11-10T15:52:22.650\",\"description\":\"\",\"docName\":\"\",\"editTime\":\"2025-11-10T15:52:22.650\",\"errorDescription\":\"\",\"fileName\":\"3u84xhcdicdb6vqtlfud7syhj444z2.txt\",\"folder\":\"C:\\\\Users\\\\XiaoXinPro 16 IAH\\\\Desktop\\\\LRIA_llm_eval\\\\eval\\\\Quantum_Bvt_20251110\\\\bvtfiles\",\"id\":1987790422117847040,\"isDeleted\":0,\"isTmpFile\":false,\"labelNameList\":[],\"lastModifyTime\":\"2025-09-17T09:45:00\",\"md5\":\"a80f0ad4af9fd250a462680c85e6fbf0\",\"path\":\"C:\\\\Users\\\\XiaoXinPro 16 IAH\\\\Desktop\\\\LRIA_llm_eval\\\\eval\\\\Quantum_Bvt_20251110\\\\bvtfiles\\\\3u84xhcdicdb6vqtlfud7syhj444z2.txt\",\"priority\":3,\"score\":0.0,\"status\":\"ADDED\",\"tokenNum\":0,\"uriPath\":\"\"},{\"createTime\":\"2025-11-10T15:52:22.668\",\"description\":\"\",\"docName\":\"\",\"editTime\":\"2025-11-10T15:52:22.668\",\"errorDescription\":\"\",\"fileName\":\"3z3zlgnnsiuha76yy56h6uu71bh3q1.txt\",\"folder\":\"C:\\\\Users\\\\XiaoXinPro 16 IAH\\\\Desktop\\\\LRIA_llm_eval\\\\eval\\\\Quantum_Bvt_20251110\\\\bvtfiles\",\"id\":1987790422193344512,\"isDeleted\":0,\"isTmpFile\":false,\"labelNameList\":[],\"lastModifyTime\":\"2025-09-17T09:45:00\",\"md5\":\"bb28043dd606535bdcaf1ee30346b0f9\",\"path\":\"C:\\\\Users\\\\XiaoXinPro 16 IAH\\\\Desktop\\\\LRIA_llm_eval\\\\eval\\\\Quantum_Bvt_20251110\\\\bvtfiles\\\\3z3zlgnnsiuha76yy56h6uu71bh3q1.txt\",\"priority\":4,\"score\":0.0,\"status\":\"ADDED\",\"tokenNum\":0,\"uriPath\":\"\"},{\"createTime\":\"2025-11-10T15:52:22.688\",\"description\":\"\",\"docName\":\"\",\"editTime\":\"2025-11-10T15:52:22.688\",\"errorDescription\":\"\",\"fileName\":\"AI_Face_Test_Set_Collection_Method_Design.pptx\",\"folder\":\"C:\\\\Users\\\\XiaoXinPro 16 IAH\\\\Desktop\\\\LRIA_llm_eval\\\\eval\\\\Quantum_Bvt_20251110\\\\bvtfiles\",\"id\":1987790422277230592,\"isDeleted\":0,\"isTmpFile\":false,\"labelNameList\":[],\"lastModifyTime\":\"2025-09-17T09:46:00\",\"md5\":\"b0f396e7936e0f6192cd880927e8e74b\",\"path\":\"C:\\\\Users\\\\XiaoXinPro 16 IAH\\\\Desktop\\\\LRIA_llm_eval\\\\eval\\\\Quantum_Bvt_20251110\\\\bvtfiles\\\\AI_Face_Test_Set_Collection_Method_Design.pptx\",\"priority\":5,\"score\":0.0,\"status\":\"ADDED\",\"tokenNum\":0,\"uriPath\":\"\"},{\"createTime\":\"2025-11-10T15:52:22.707\",\"description\":\"\",\"docName\":\"\",\"editTime\":\"2025-11-10T15:52:22.707\",\"errorDescription\":\"\",\"fileName\":\"A_brief_introduction_of_LP_liutao21_20220615.pptx\",\"folder\":\"C:\\\\Users\\\\XiaoXinPro 16 IAH\\\\Desktop\\\\LRIA_llm_eval\\\\eval\\\\Quantum_Bvt_20251110\\\\bvtfiles\",\"id\":1987790422356922368,\"isDeleted\":0,\"isTmpFile\":false,\"labelNameList\":[],\"lastModifyTime\":\"2025-09-17T09:46:00\",\"md5\":\"0dbb2532524843af54fb3388b7bf3381\",\"path\":\"C:\\\\Users\\\\XiaoXinPro 16 IAH\\\\Desktop\\\\LRIA_llm_eval\\\\eval\\\\Quantum_Bvt_20251110\\\\bvtfiles\\\\A_brief_introduction_of_LP_liutao21_20220615.pptx\",\"priority\":6,\"score\":0.0,\"status\":\"ADDED\",\"tokenNum\":0,\"uriPath\":\"\"},{\"createTime\":\"2025-11-10T15:52:22.764\",\"description\":\"\",\"docName\":\"\",\"editTime\":\"2025-11-10T15:52:22.764\",\"errorDescription\":\"\",\"fileName\":\"Belfast-English.docx\",\"folder\":\"C:\\\\Users\\\\XiaoXinPro 16 IAH\\\\Desktop\\\\LRIA_llm_eval\\\\eval\\\\Quantum_Bvt_20251110\\\\bvtfiles\",\"id\":1987790422595997696,\"isDeleted\":0,\"isTmpFile\":false,\"labelNameList\":[],\"lastModifyTime\":\"2025-09-17T09:45:00\",\"md5\":\"3193e699ffa92db332ae31a9fb1d3cb4\",\"path\":\"C:\\\\Users\\\\XiaoXinPro 16 IAH\\\\Desktop\\\\LRIA_llm_eval\\\\eval\\\\Quantum_Bvt_20251110\\\\bvtfiles\\\\Belfast-English.docx\",\"priority\":7,\"score\":0.0,\"status\":\"ADDED\",\"tokenNum\":0,\"uriPath\":\"\"},{\"createTime\":\"2025-11-10T15:52:22.784\",\"description\":\"\",\"docName\":\"\",\"editTime\":\"2025-11-10T15:52:22.784\",\"errorDescription\":\"\",\"fileName\":\"British-Food-Culture.doc\",\"folder\":\"C:\\\\Users\\\\XiaoXinPro 16 IAH\\\\Desktop\\\\LRIA_llm_eval\\\\eval\\\\Quantum_Bvt_20251110\\\\bvtfiles\",\"id\":1987790422679883776,\"isDeleted\":0,\"isTmpFile\":false,\"labelNameList\":[],\"lastModifyTime\":\"2025-09-17T09:45:00\",\"md5\":\"435798f1c3377c7f5b71e18d733ca579\",\"path\":\"C:\\\\Users\\\\XiaoXinPro 16 IAH\\\\Desktop\\\\LRIA_llm_eval\\\\eval\\\\Quantum_Bvt_20251110\\\\bvtfiles\\\\British-Food-Culture.doc\",\"priority\":8,\"score\":0.0,\"status\":\"ADDED\",\"tokenNum\":0,\"uriPath\":\"\"},{\"createTime\":\"2025-11-10T15:52:22.803\",\"description\":\"\",\"docName\":\"\",\"editTime\":\"2025-11-10T15:52:22.803\",\"errorDescription\":\"\",\"fileName\":\"Netflix Becomes a Broadway Producer With Peter Morgan’s Patriots.txt\",\"folder\":\"C:\\\\Users\\\\XiaoXinPro 16 IAH\\\\Desktop\\\\LRIA_llm_eval\\\\eval\\\\Quantum_Bvt_20251110\\\\bvtfiles\",\"id\":1987790422759575552,\"isDeleted\":0,\"isTmpFile\":false,\"labelNameList\":[],\"lastModifyTime\":\"2025-09-17T09:46:00\",\"md5\":\"ab84c46eaa62a18048fb0241446da4ca\",\"path\":\"C:\\\\Users\\\\XiaoXinPro 16 IAH\\\\Desktop\\\\LRIA_llm_eval\\\\eval\\\\Quantum_Bvt_20251110\\\\bvtfiles\\\\Netflix Becomes a Broadway Producer With Peter Morgan’s Patriots.txt\",\"priority\":9,\"score\":0.0,\"status\":\"ADDED\",\"tokenNum\":0,\"uriPath\":\"\"}]"}}
2025-11-10 15:52:27,241 - INFO - 文档数量: 9
2025-11-10 15:52:27,241 - INFO - 第1个文档状态: ADDED
2025-11-10 15:52:27,241 - INFO - 第2个文档状态: ADDED
2025-11-10 15:52:27,241 - INFO - 第3个文档状态: ADDED
2025-11-10 15:52:27,241 - INFO - 第4个文档状态: ADDED
2025-11-10 15:52:27,241 - INFO - 第5个文档状态: ADDED
2025-11-10 15:52:27,242 - INFO - 第6个文档状态: ADDED
2025-11-10 15:52:27,242 - INFO - 第7个文档状态: ADDED
2025-11-10 15:52:27,242 - INFO - 第8个文档状态: ADDED
2025-11-10 15:52:27,242 - INFO - 第9个文档状态: ADDED
2025-11-10 15:52:27,242 - INFO - 仍有文档在处理中，第3次尝试...
2025-11-10 15:52:29,243 - DEBUG - Starting new HTTP connection (1): 127.0.0.1:35253
2025-11-10 15:52:29,248 - DEBUG - http://127.0.0.1:35253 "POST /upload HTTP/11" 200 19
2025-11-10 15:52:29,248 - INFO - 成功获取文档列表，upload_id: 2056571802990273946
2025-11-10 15:52:29,248 - INFO - 开始时间: 2025-11-10 15:52:29.248
2025-11-10 15:52:29,249 - DEBUG - Starting new HTTP connection (1): 127.0.0.1:35253
2025-11-10 15:52:29,264 - DEBUG - http://127.0.0.1:35253 "GET /query?fileData=2056571802990273946 HTTP/11" 200 None
2025-11-10 15:52:29,359 - INFO - 响应时间: 0.11秒
2025-11-10 15:52:29,359 - INFO - 第4次尝试，获取到的result_text: {"jobId":6,"status":"complete","data":{"text":"[{\"createTime\":\"2025-11-10T15:52:22.597\",\"description\":\"\",\"docName\":\"\",\"editTime\":\"2025-11-10T15:52:22.597\",\"errorDescription\":\"\",\"fileName\":\"2403.19401.pdf\",\"folder\":\"C:\\\\Users\\\\XiaoXinPro 16 IAH\\\\Desktop\\\\LRIA_llm_eval\\\\eval\\\\Quantum_Bvt_20251110\\\\bvtfiles\",\"id\":1987790421895548928,\"isDeleted\":0,\"isTmpFile\":false,\"labelNameList\":[],\"lastModifyTime\":\"2025-09-17T09:45:00\",\"md5\":\"4ff6ba88616fcf7a71d1dca6c9adc14c\",\"path\":\"C:\\\\Users\\\\XiaoXinPro 16 IAH\\\\Desktop\\\\LRIA_llm_eval\\\\eval\\\\Quantum_Bvt_20251110\\\\bvtfiles\\\\2403.19401.pdf\",\"priority\":1,\"score\":0.0,\"status\":\"ADDED\",\"tokenNum\":0,\"uriPath\":\"\"},{\"createTime\":\"2025-11-10T15:52:22.630\",\"description\":\"\",\"docName\":\"\",\"editTime\":\"2025-11-10T15:52:22.630\",\"errorDescription\":\"\",\"fileName\":\"3nql1cs15r8aviz39pth2bpsr4zvy1.txt\",\"folder\":\"C:\\\\Users\\\\XiaoXinPro 16 IAH\\\\Desktop\\\\LRIA_llm_eval\\\\eval\\\\Quantum_Bvt_20251110\\\\bvtfiles\",\"id\":1987790422033960960,\"isDeleted\":0,\"isTmpFile\":false,\"labelNameList\":[],\"lastModifyTime\":\"2025-09-17T09:45:00\",\"md5\":\"da0c0f7162b267cca0de596df4c40c56\",\"path\":\"C:\\\\Users\\\\XiaoXinPro 16 IAH\\\\Desktop\\\\LRIA_llm_eval\\\\eval\\\\Quantum_Bvt_20251110\\\\bvtfiles\\\\3nql1cs15r8aviz39pth2bpsr4zvy1.txt\",\"priority\":2,\"score\":0.0,\"status\":\"ADDED\",\"tokenNum\":0,\"uriPath\":\"\"},{\"createTime\":\"2025-11-10T15:52:22.650\",\"description\":\"\",\"docName\":\"\",\"editTime\":\"2025-11-10T15:52:22.650\",\"errorDescription\":\"\",\"fileName\":\"3u84xhcdicdb6vqtlfud7syhj444z2.txt\",\"folder\":\"C:\\\\Users\\\\XiaoXinPro 16 IAH\\\\Desktop\\\\LRIA_llm_eval\\\\eval\\\\Quantum_Bvt_20251110\\\\bvtfiles\",\"id\":1987790422117847040,\"isDeleted\":0,\"isTmpFile\":false,\"labelNameList\":[],\"lastModifyTime\":\"2025-09-17T09:45:00\",\"md5\":\"a80f0ad4af9fd250a462680c85e6fbf0\",\"path\":\"C:\\\\Users\\\\XiaoXinPro 16 IAH\\\\Desktop\\\\LRIA_llm_eval\\\\eval\\\\Quantum_Bvt_20251110\\\\bvtfiles\\\\3u84xhcdicdb6vqtlfud7syhj444z2.txt\",\"priority\":3,\"score\":0.0,\"status\":\"ADDED\",\"tokenNum\":0,\"uriPath\":\"\"},{\"createTime\":\"2025-11-10T15:52:22.668\",\"description\":\"\",\"docName\":\"\",\"editTime\":\"2025-11-10T15:52:22.668\",\"errorDescription\":\"\",\"fileName\":\"3z3zlgnnsiuha76yy56h6uu71bh3q1.txt\",\"folder\":\"C:\\\\Users\\\\XiaoXinPro 16 IAH\\\\Desktop\\\\LRIA_llm_eval\\\\eval\\\\Quantum_Bvt_20251110\\\\bvtfiles\",\"id\":1987790422193344512,\"isDeleted\":0,\"isTmpFile\":false,\"labelNameList\":[],\"lastModifyTime\":\"2025-09-17T09:45:00\",\"md5\":\"bb28043dd606535bdcaf1ee30346b0f9\",\"path\":\"C:\\\\Users\\\\XiaoXinPro 16 IAH\\\\Desktop\\\\LRIA_llm_eval\\\\eval\\\\Quantum_Bvt_20251110\\\\bvtfiles\\\\3z3zlgnnsiuha76yy56h6uu71bh3q1.txt\",\"priority\":4,\"score\":0.0,\"status\":\"ADDED\",\"tokenNum\":0,\"uriPath\":\"\"},{\"createTime\":\"2025-11-10T15:52:22.688\",\"description\":\"\",\"docName\":\"\",\"editTime\":\"2025-11-10T15:52:22.688\",\"errorDescription\":\"\",\"fileName\":\"AI_Face_Test_Set_Collection_Method_Design.pptx\",\"folder\":\"C:\\\\Users\\\\XiaoXinPro 16 IAH\\\\Desktop\\\\LRIA_llm_eval\\\\eval\\\\Quantum_Bvt_20251110\\\\bvtfiles\",\"id\":1987790422277230592,\"isDeleted\":0,\"isTmpFile\":false,\"labelNameList\":[],\"lastModifyTime\":\"2025-09-17T09:46:00\",\"md5\":\"b0f396e7936e0f6192cd880927e8e74b\",\"path\":\"C:\\\\Users\\\\XiaoXinPro 16 IAH\\\\Desktop\\\\LRIA_llm_eval\\\\eval\\\\Quantum_Bvt_20251110\\\\bvtfiles\\\\AI_Face_Test_Set_Collection_Method_Design.pptx\",\"priority\":5,\"score\":0.0,\"status\":\"ADDED\",\"tokenNum\":0,\"uriPath\":\"\"},{\"createTime\":\"2025-11-10T15:52:22.707\",\"description\":\"\",\"docName\":\"\",\"editTime\":\"2025-11-10T15:52:22.707\",\"errorDescription\":\"\",\"fileName\":\"A_brief_introduction_of_LP_liutao21_20220615.pptx\",\"folder\":\"C:\\\\Users\\\\XiaoXinPro 16 IAH\\\\Desktop\\\\LRIA_llm_eval\\\\eval\\\\Quantum_Bvt_20251110\\\\bvtfiles\",\"id\":1987790422356922368,\"isDeleted\":0,\"isTmpFile\":false,\"labelNameList\":[],\"lastModifyTime\":\"2025-09-17T09:46:00\",\"md5\":\"0dbb2532524843af54fb3388b7bf3381\",\"path\":\"C:\\\\Users\\\\XiaoXinPro 16 IAH\\\\Desktop\\\\LRIA_llm_eval\\\\eval\\\\Quantum_Bvt_20251110\\\\bvtfiles\\\\A_brief_introduction_of_LP_liutao21_20220615.pptx\",\"priority\":6,\"score\":0.0,\"status\":\"ADDED\",\"tokenNum\":0,\"uriPath\":\"\"},{\"createTime\":\"2025-11-10T15:52:22.764\",\"description\":\"\",\"docName\":\"\",\"editTime\":\"2025-11-10T15:52:22.764\",\"errorDescription\":\"\",\"fileName\":\"Belfast-English.docx\",\"folder\":\"C:\\\\Users\\\\XiaoXinPro 16 IAH\\\\Desktop\\\\LRIA_llm_eval\\\\eval\\\\Quantum_Bvt_20251110\\\\bvtfiles\",\"id\":1987790422595997696,\"isDeleted\":0,\"isTmpFile\":false,\"labelNameList\":[],\"lastModifyTime\":\"2025-09-17T09:45:00\",\"md5\":\"3193e699ffa92db332ae31a9fb1d3cb4\",\"path\":\"C:\\\\Users\\\\XiaoXinPro 16 IAH\\\\Desktop\\\\LRIA_llm_eval\\\\eval\\\\Quantum_Bvt_20251110\\\\bvtfiles\\\\Belfast-English.docx\",\"priority\":7,\"score\":0.0,\"status\":\"ADDED\",\"tokenNum\":0,\"uriPath\":\"\"},{\"createTime\":\"2025-11-10T15:52:22.784\",\"description\":\"\",\"docName\":\"\",\"editTime\":\"2025-11-10T15:52:22.784\",\"errorDescription\":\"\",\"fileName\":\"British-Food-Culture.doc\",\"folder\":\"C:\\\\Users\\\\XiaoXinPro 16 IAH\\\\Desktop\\\\LRIA_llm_eval\\\\eval\\\\Quantum_Bvt_20251110\\\\bvtfiles\",\"id\":1987790422679883776,\"isDeleted\":0,\"isTmpFile\":false,\"labelNameList\":[],\"lastModifyTime\":\"2025-09-17T09:45:00\",\"md5\":\"435798f1c3377c7f5b71e18d733ca579\",\"path\":\"C:\\\\Users\\\\XiaoXinPro 16 IAH\\\\Desktop\\\\LRIA_llm_eval\\\\eval\\\\Quantum_Bvt_20251110\\\\bvtfiles\\\\British-Food-Culture.doc\",\"priority\":8,\"score\":0.0,\"status\":\"ADDED\",\"tokenNum\":0,\"uriPath\":\"\"},{\"createTime\":\"2025-11-10T15:52:22.803\",\"description\":\"\",\"docName\":\"\",\"editTime\":\"2025-11-10T15:52:22.803\",\"errorDescription\":\"\",\"fileName\":\"Netflix Becomes a Broadway Producer With Peter Morgan’s Patriots.txt\",\"folder\":\"C:\\\\Users\\\\XiaoXinPro 16 IAH\\\\Desktop\\\\LRIA_llm_eval\\\\eval\\\\Quantum_Bvt_20251110\\\\bvtfiles\",\"id\":1987790422759575552,\"isDeleted\":0,\"isTmpFile\":false,\"labelNameList\":[],\"lastModifyTime\":\"2025-09-17T09:46:00\",\"md5\":\"ab84c46eaa62a18048fb0241446da4ca\",\"path\":\"C:\\\\Users\\\\XiaoXinPro 16 IAH\\\\Desktop\\\\LRIA_llm_eval\\\\eval\\\\Quantum_Bvt_20251110\\\\bvtfiles\\\\Netflix Becomes a Broadway Producer With Peter Morgan’s Patriots.txt\",\"priority\":9,\"score\":0.0,\"status\":\"ADDED\",\"tokenNum\":0,\"uriPath\":\"\"}]"}}
2025-11-10 15:52:29,360 - INFO - 文档数量: 9
2025-11-10 15:52:29,360 - INFO - 第1个文档状态: ADDED
2025-11-10 15:52:29,360 - INFO - 第2个文档状态: ADDED
2025-11-10 15:52:29,360 - INFO - 第3个文档状态: ADDED
2025-11-10 15:52:29,361 - INFO - 第4个文档状态: ADDED
2025-11-10 15:52:29,361 - INFO - 第5个文档状态: ADDED
2025-11-10 15:52:29,361 - INFO - 第6个文档状态: ADDED
2025-11-10 15:52:29,361 - INFO - 第7个文档状态: ADDED
2025-11-10 15:52:29,361 - INFO - 第8个文档状态: ADDED
2025-11-10 15:52:29,361 - INFO - 第9个文档状态: ADDED
2025-11-10 15:52:29,361 - INFO - 仍有文档在处理中，第4次尝试...
2025-11-10 15:52:31,363 - DEBUG - Starting new HTTP connection (1): 127.0.0.1:35253
2025-11-10 15:52:31,366 - DEBUG - http://127.0.0.1:35253 "POST /upload HTTP/11" 200 20
2025-11-10 15:52:31,367 - INFO - 成功获取文档列表，upload_id: -5598871537230847435
2025-11-10 15:52:31,367 - INFO - 开始时间: 2025-11-10 15:52:31.367
2025-11-10 15:52:31,368 - DEBUG - Starting new HTTP connection (1): 127.0.0.1:35253
2025-11-10 15:52:31,372 - DEBUG - http://127.0.0.1:35253 "GET /query?fileData=-5598871537230847435 HTTP/11" 200 None
2025-11-10 15:52:31,505 - INFO - 响应时间: 0.14秒
2025-11-10 15:52:31,506 - INFO - 第5次尝试，获取到的result_text: {"jobId":7,"status":"complete","data":{"text":"[{\"createTime\":\"2025-11-10T15:52:22.597\",\"description\":\"\",\"docName\":\"\",\"editTime\":\"2025-11-10T15:52:22.597\",\"errorDescription\":\"\",\"fileName\":\"2403.19401.pdf\",\"folder\":\"C:\\\\Users\\\\XiaoXinPro 16 IAH\\\\Desktop\\\\LRIA_llm_eval\\\\eval\\\\Quantum_Bvt_20251110\\\\bvtfiles\",\"id\":1987790421895548928,\"isDeleted\":0,\"isTmpFile\":false,\"labelNameList\":[],\"lastModifyTime\":\"2025-09-17T09:45:00\",\"md5\":\"4ff6ba88616fcf7a71d1dca6c9adc14c\",\"path\":\"C:\\\\Users\\\\XiaoXinPro 16 IAH\\\\Desktop\\\\LRIA_llm_eval\\\\eval\\\\Quantum_Bvt_20251110\\\\bvtfiles\\\\2403.19401.pdf\",\"priority\":1,\"score\":0.0,\"status\":\"ADDED\",\"tokenNum\":0,\"uriPath\":\"\"},{\"createTime\":\"2025-11-10T15:52:22.630\",\"description\":\"\",\"docName\":\"\",\"editTime\":\"2025-11-10T15:52:22.630\",\"errorDescription\":\"\",\"fileName\":\"3nql1cs15r8aviz39pth2bpsr4zvy1.txt\",\"folder\":\"C:\\\\Users\\\\XiaoXinPro 16 IAH\\\\Desktop\\\\LRIA_llm_eval\\\\eval\\\\Quantum_Bvt_20251110\\\\bvtfiles\",\"id\":1987790422033960960,\"isDeleted\":0,\"isTmpFile\":false,\"labelNameList\":[],\"lastModifyTime\":\"2025-09-17T09:45:00\",\"md5\":\"da0c0f7162b267cca0de596df4c40c56\",\"path\":\"C:\\\\Users\\\\XiaoXinPro 16 IAH\\\\Desktop\\\\LRIA_llm_eval\\\\eval\\\\Quantum_Bvt_20251110\\\\bvtfiles\\\\3nql1cs15r8aviz39pth2bpsr4zvy1.txt\",\"priority\":2,\"score\":0.0,\"status\":\"ADDED\",\"tokenNum\":0,\"uriPath\":\"\"},{\"createTime\":\"2025-11-10T15:52:22.650\",\"description\":\"\",\"docName\":\"\",\"editTime\":\"2025-11-10T15:52:22.650\",\"errorDescription\":\"\",\"fileName\":\"3u84xhcdicdb6vqtlfud7syhj444z2.txt\",\"folder\":\"C:\\\\Users\\\\XiaoXinPro 16 IAH\\\\Desktop\\\\LRIA_llm_eval\\\\eval\\\\Quantum_Bvt_20251110\\\\bvtfiles\",\"id\":1987790422117847040,\"isDeleted\":0,\"isTmpFile\":false,\"labelNameList\":[],\"lastModifyTime\":\"2025-09-17T09:45:00\",\"md5\":\"a80f0ad4af9fd250a462680c85e6fbf0\",\"path\":\"C:\\\\Users\\\\XiaoXinPro 16 IAH\\\\Desktop\\\\LRIA_llm_eval\\\\eval\\\\Quantum_Bvt_20251110\\\\bvtfiles\\\\3u84xhcdicdb6vqtlfud7syhj444z2.txt\",\"priority\":3,\"score\":0.0,\"status\":\"ADDED\",\"tokenNum\":0,\"uriPath\":\"\"},{\"createTime\":\"2025-11-10T15:52:22.668\",\"description\":\"\",\"docName\":\"\",\"editTime\":\"2025-11-10T15:52:22.668\",\"errorDescription\":\"\",\"fileName\":\"3z3zlgnnsiuha76yy56h6uu71bh3q1.txt\",\"folder\":\"C:\\\\Users\\\\XiaoXinPro 16 IAH\\\\Desktop\\\\LRIA_llm_eval\\\\eval\\\\Quantum_Bvt_20251110\\\\bvtfiles\",\"id\":1987790422193344512,\"isDeleted\":0,\"isTmpFile\":false,\"labelNameList\":[],\"lastModifyTime\":\"2025-09-17T09:45:00\",\"md5\":\"bb28043dd606535bdcaf1ee30346b0f9\",\"path\":\"C:\\\\Users\\\\XiaoXinPro 16 IAH\\\\Desktop\\\\LRIA_llm_eval\\\\eval\\\\Quantum_Bvt_20251110\\\\bvtfiles\\\\3z3zlgnnsiuha76yy56h6uu71bh3q1.txt\",\"priority\":4,\"score\":0.0,\"status\":\"ADDED\",\"tokenNum\":0,\"uriPath\":\"\"},{\"createTime\":\"2025-11-10T15:52:22.688\",\"description\":\"\",\"docName\":\"\",\"editTime\":\"2025-11-10T15:52:22.688\",\"errorDescription\":\"\",\"fileName\":\"AI_Face_Test_Set_Collection_Method_Design.pptx\",\"folder\":\"C:\\\\Users\\\\XiaoXinPro 16 IAH\\\\Desktop\\\\LRIA_llm_eval\\\\eval\\\\Quantum_Bvt_20251110\\\\bvtfiles\",\"id\":1987790422277230592,\"isDeleted\":0,\"isTmpFile\":false,\"labelNameList\":[],\"lastModifyTime\":\"2025-09-17T09:46:00\",\"md5\":\"b0f396e7936e0f6192cd880927e8e74b\",\"path\":\"C:\\\\Users\\\\XiaoXinPro 16 IAH\\\\Desktop\\\\LRIA_llm_eval\\\\eval\\\\Quantum_Bvt_20251110\\\\bvtfiles\\\\AI_Face_Test_Set_Collection_Method_Design.pptx\",\"priority\":5,\"score\":0.0,\"status\":\"ADDED\",\"tokenNum\":0,\"uriPath\":\"\"},{\"createTime\":\"2025-11-10T15:52:22.707\",\"description\":\"\",\"docName\":\"\",\"editTime\":\"2025-11-10T15:52:22.707\",\"errorDescription\":\"\",\"fileName\":\"A_brief_introduction_of_LP_liutao21_20220615.pptx\",\"folder\":\"C:\\\\Users\\\\XiaoXinPro 16 IAH\\\\Desktop\\\\LRIA_llm_eval\\\\eval\\\\Quantum_Bvt_20251110\\\\bvtfiles\",\"id\":1987790422356922368,\"isDeleted\":0,\"isTmpFile\":false,\"labelNameList\":[],\"lastModifyTime\":\"2025-09-17T09:46:00\",\"md5\":\"0dbb2532524843af54fb3388b7bf3381\",\"path\":\"C:\\\\Users\\\\XiaoXinPro 16 IAH\\\\Desktop\\\\LRIA_llm_eval\\\\eval\\\\Quantum_Bvt_20251110\\\\bvtfiles\\\\A_brief_introduction_of_LP_liutao21_20220615.pptx\",\"priority\":6,\"score\":0.0,\"status\":\"ADDED\",\"tokenNum\":0,\"uriPath\":\"\"},{\"createTime\":\"2025-11-10T15:52:22.764\",\"description\":\"\",\"docName\":\"\",\"editTime\":\"2025-11-10T15:52:22.764\",\"errorDescription\":\"\",\"fileName\":\"Belfast-English.docx\",\"folder\":\"C:\\\\Users\\\\XiaoXinPro 16 IAH\\\\Desktop\\\\LRIA_llm_eval\\\\eval\\\\Quantum_Bvt_20251110\\\\bvtfiles\",\"id\":1987790422595997696,\"isDeleted\":0,\"isTmpFile\":false,\"labelNameList\":[],\"lastModifyTime\":\"2025-09-17T09:45:00\",\"md5\":\"3193e699ffa92db332ae31a9fb1d3cb4\",\"path\":\"C:\\\\Users\\\\XiaoXinPro 16 IAH\\\\Desktop\\\\LRIA_llm_eval\\\\eval\\\\Quantum_Bvt_20251110\\\\bvtfiles\\\\Belfast-English.docx\",\"priority\":7,\"score\":0.0,\"status\":\"ADDED\",\"tokenNum\":0,\"uriPath\":\"\"},{\"createTime\":\"2025-11-10T15:52:22.784\",\"description\":\"\",\"docName\":\"\",\"editTime\":\"2025-11-10T15:52:22.784\",\"errorDescription\":\"\",\"fileName\":\"British-Food-Culture.doc\",\"folder\":\"C:\\\\Users\\\\XiaoXinPro 16 IAH\\\\Desktop\\\\LRIA_llm_eval\\\\eval\\\\Quantum_Bvt_20251110\\\\bvtfiles\",\"id\":1987790422679883776,\"isDeleted\":0,\"isTmpFile\":false,\"labelNameList\":[],\"lastModifyTime\":\"2025-09-17T09:45:00\",\"md5\":\"435798f1c3377c7f5b71e18d733ca579\",\"path\":\"C:\\\\Users\\\\XiaoXinPro 16 IAH\\\\Desktop\\\\LRIA_llm_eval\\\\eval\\\\Quantum_Bvt_20251110\\\\bvtfiles\\\\British-Food-Culture.doc\",\"priority\":8,\"score\":0.0,\"status\":\"ADDED\",\"tokenNum\":0,\"uriPath\":\"\"},{\"createTime\":\"2025-11-10T15:52:22.803\",\"description\":\"\",\"docName\":\"\",\"editTime\":\"2025-11-10T15:52:22.803\",\"errorDescription\":\"\",\"fileName\":\"Netflix Becomes a Broadway Producer With Peter Morgan’s Patriots.txt\",\"folder\":\"C:\\\\Users\\\\XiaoXinPro 16 IAH\\\\Desktop\\\\LRIA_llm_eval\\\\eval\\\\Quantum_Bvt_20251110\\\\bvtfiles\",\"id\":1987790422759575552,\"isDeleted\":0,\"isTmpFile\":false,\"labelNameList\":[],\"lastModifyTime\":\"2025-09-17T09:46:00\",\"md5\":\"ab84c46eaa62a18048fb0241446da4ca\",\"path\":\"C:\\\\Users\\\\XiaoXinPro 16 IAH\\\\Desktop\\\\LRIA_llm_eval\\\\eval\\\\Quantum_Bvt_20251110\\\\bvtfiles\\\\Netflix Becomes a Broadway Producer With Peter Morgan’s Patriots.txt\",\"priority\":9,\"score\":0.0,\"status\":\"ADDED\",\"tokenNum\":0,\"uriPath\":\"\"}]"}}
2025-11-10 15:52:31,507 - INFO - 文档数量: 9
2025-11-10 15:52:31,507 - INFO - 第1个文档状态: ADDED
2025-11-10 15:52:31,507 - INFO - 第2个文档状态: ADDED
2025-11-10 15:52:31,507 - INFO - 第3个文档状态: ADDED
2025-11-10 15:52:31,507 - INFO - 第4个文档状态: ADDED
2025-11-10 15:52:31,507 - INFO - 第5个文档状态: ADDED
2025-11-10 15:52:31,507 - INFO - 第6个文档状态: ADDED
2025-11-10 15:52:31,507 - INFO - 第7个文档状态: ADDED
2025-11-10 15:52:31,508 - INFO - 第8个文档状态: ADDED
2025-11-10 15:52:31,508 - INFO - 第9个文档状态: ADDED
2025-11-10 15:52:31,508 - INFO - 仍有文档在处理中，第5次尝试...
2025-11-10 15:52:33,509 - DEBUG - Starting new HTTP connection (1): 127.0.0.1:35253
2025-11-10 15:52:33,514 - DEBUG - http://127.0.0.1:35253 "POST /upload HTTP/11" 200 18
2025-11-10 15:52:33,514 - INFO - 成功获取文档列表，upload_id: 878751270837003233
2025-11-10 15:52:33,515 - INFO - 开始时间: 2025-11-10 15:52:33.515
2025-11-10 15:52:33,516 - DEBUG - Starting new HTTP connection (1): 127.0.0.1:35253
2025-11-10 15:52:33,521 - DEBUG - http://127.0.0.1:35253 "GET /query?fileData=878751270837003233 HTTP/11" 200 None
2025-11-10 15:52:33,625 - INFO - 响应时间: 0.11秒
2025-11-10 15:52:33,625 - INFO - 第6次尝试，获取到的result_text: {"jobId":8,"status":"complete","data":{"text":"[{\"createTime\":\"2025-11-10T15:52:22.597\",\"description\":\"\",\"docName\":\"\",\"editTime\":\"2025-11-10T15:52:22.597\",\"errorDescription\":\"\",\"fileName\":\"2403.19401.pdf\",\"folder\":\"C:\\\\Users\\\\XiaoXinPro 16 IAH\\\\Desktop\\\\LRIA_llm_eval\\\\eval\\\\Quantum_Bvt_20251110\\\\bvtfiles\",\"id\":1987790421895548928,\"isDeleted\":0,\"isTmpFile\":false,\"labelNameList\":[],\"lastModifyTime\":\"2025-09-17T09:45:00\",\"md5\":\"4ff6ba88616fcf7a71d1dca6c9adc14c\",\"path\":\"C:\\\\Users\\\\XiaoXinPro 16 IAH\\\\Desktop\\\\LRIA_llm_eval\\\\eval\\\\Quantum_Bvt_20251110\\\\bvtfiles\\\\2403.19401.pdf\",\"priority\":1,\"score\":0.0,\"status\":\"ADDED\",\"tokenNum\":0,\"uriPath\":\"\"},{\"createTime\":\"2025-11-10T15:52:22.630\",\"description\":\"\",\"docName\":\"\",\"editTime\":\"2025-11-10T15:52:22.630\",\"errorDescription\":\"\",\"fileName\":\"3nql1cs15r8aviz39pth2bpsr4zvy1.txt\",\"folder\":\"C:\\\\Users\\\\XiaoXinPro 16 IAH\\\\Desktop\\\\LRIA_llm_eval\\\\eval\\\\Quantum_Bvt_20251110\\\\bvtfiles\",\"id\":1987790422033960960,\"isDeleted\":0,\"isTmpFile\":false,\"labelNameList\":[],\"lastModifyTime\":\"2025-09-17T09:45:00\",\"md5\":\"da0c0f7162b267cca0de596df4c40c56\",\"path\":\"C:\\\\Users\\\\XiaoXinPro 16 IAH\\\\Desktop\\\\LRIA_llm_eval\\\\eval\\\\Quantum_Bvt_20251110\\\\bvtfiles\\\\3nql1cs15r8aviz39pth2bpsr4zvy1.txt\",\"priority\":2,\"score\":0.0,\"status\":\"ADDED\",\"tokenNum\":0,\"uriPath\":\"\"},{\"createTime\":\"2025-11-10T15:52:22.650\",\"description\":\"\",\"docName\":\"\",\"editTime\":\"2025-11-10T15:52:22.650\",\"errorDescription\":\"\",\"fileName\":\"3u84xhcdicdb6vqtlfud7syhj444z2.txt\",\"folder\":\"C:\\\\Users\\\\XiaoXinPro 16 IAH\\\\Desktop\\\\LRIA_llm_eval\\\\eval\\\\Quantum_Bvt_20251110\\\\bvtfiles\",\"id\":1987790422117847040,\"isDeleted\":0,\"isTmpFile\":false,\"labelNameList\":[],\"lastModifyTime\":\"2025-09-17T09:45:00\",\"md5\":\"a80f0ad4af9fd250a462680c85e6fbf0\",\"path\":\"C:\\\\Users\\\\XiaoXinPro 16 IAH\\\\Desktop\\\\LRIA_llm_eval\\\\eval\\\\Quantum_Bvt_20251110\\\\bvtfiles\\\\3u84xhcdicdb6vqtlfud7syhj444z2.txt\",\"priority\":3,\"score\":0.0,\"status\":\"ADDED\",\"tokenNum\":0,\"uriPath\":\"\"},{\"createTime\":\"2025-11-10T15:52:22.668\",\"description\":\"\",\"docName\":\"\",\"editTime\":\"2025-11-10T15:52:22.668\",\"errorDescription\":\"\",\"fileName\":\"3z3zlgnnsiuha76yy56h6uu71bh3q1.txt\",\"folder\":\"C:\\\\Users\\\\XiaoXinPro 16 IAH\\\\Desktop\\\\LRIA_llm_eval\\\\eval\\\\Quantum_Bvt_20251110\\\\bvtfiles\",\"id\":1987790422193344512,\"isDeleted\":0,\"isTmpFile\":false,\"labelNameList\":[],\"lastModifyTime\":\"2025-09-17T09:45:00\",\"md5\":\"bb28043dd606535bdcaf1ee30346b0f9\",\"path\":\"C:\\\\Users\\\\XiaoXinPro 16 IAH\\\\Desktop\\\\LRIA_llm_eval\\\\eval\\\\Quantum_Bvt_20251110\\\\bvtfiles\\\\3z3zlgnnsiuha76yy56h6uu71bh3q1.txt\",\"priority\":4,\"score\":0.0,\"status\":\"ADDED\",\"tokenNum\":0,\"uriPath\":\"\"},{\"createTime\":\"2025-11-10T15:52:22.688\",\"description\":\"\",\"docName\":\"\",\"editTime\":\"2025-11-10T15:52:22.688\",\"errorDescription\":\"\",\"fileName\":\"AI_Face_Test_Set_Collection_Method_Design.pptx\",\"folder\":\"C:\\\\Users\\\\XiaoXinPro 16 IAH\\\\Desktop\\\\LRIA_llm_eval\\\\eval\\\\Quantum_Bvt_20251110\\\\bvtfiles\",\"id\":1987790422277230592,\"isDeleted\":0,\"isTmpFile\":false,\"labelNameList\":[],\"lastModifyTime\":\"2025-09-17T09:46:00\",\"md5\":\"b0f396e7936e0f6192cd880927e8e74b\",\"path\":\"C:\\\\Users\\\\XiaoXinPro 16 IAH\\\\Desktop\\\\LRIA_llm_eval\\\\eval\\\\Quantum_Bvt_20251110\\\\bvtfiles\\\\AI_Face_Test_Set_Collection_Method_Design.pptx\",\"priority\":5,\"score\":0.0,\"status\":\"ADDED\",\"tokenNum\":0,\"uriPath\":\"\"},{\"createTime\":\"2025-11-10T15:52:22.707\",\"description\":\"\",\"docName\":\"\",\"editTime\":\"2025-11-10T15:52:22.707\",\"errorDescription\":\"\",\"fileName\":\"A_brief_introduction_of_LP_liutao21_20220615.pptx\",\"folder\":\"C:\\\\Users\\\\XiaoXinPro 16 IAH\\\\Desktop\\\\LRIA_llm_eval\\\\eval\\\\Quantum_Bvt_20251110\\\\bvtfiles\",\"id\":1987790422356922368,\"isDeleted\":0,\"isTmpFile\":false,\"labelNameList\":[],\"lastModifyTime\":\"2025-09-17T09:46:00\",\"md5\":\"0dbb2532524843af54fb3388b7bf3381\",\"path\":\"C:\\\\Users\\\\XiaoXinPro 16 IAH\\\\Desktop\\\\LRIA_llm_eval\\\\eval\\\\Quantum_Bvt_20251110\\\\bvtfiles\\\\A_brief_introduction_of_LP_liutao21_20220615.pptx\",\"priority\":6,\"score\":0.0,\"status\":\"ADDED\",\"tokenNum\":0,\"uriPath\":\"\"},{\"createTime\":\"2025-11-10T15:52:22.764\",\"description\":\"\",\"docName\":\"\",\"editTime\":\"2025-11-10T15:52:22.764\",\"errorDescription\":\"\",\"fileName\":\"Belfast-English.docx\",\"folder\":\"C:\\\\Users\\\\XiaoXinPro 16 IAH\\\\Desktop\\\\LRIA_llm_eval\\\\eval\\\\Quantum_Bvt_20251110\\\\bvtfiles\",\"id\":1987790422595997696,\"isDeleted\":0,\"isTmpFile\":false,\"labelNameList\":[],\"lastModifyTime\":\"2025-09-17T09:45:00\",\"md5\":\"3193e699ffa92db332ae31a9fb1d3cb4\",\"path\":\"C:\\\\Users\\\\XiaoXinPro 16 IAH\\\\Desktop\\\\LRIA_llm_eval\\\\eval\\\\Quantum_Bvt_20251110\\\\bvtfiles\\\\Belfast-English.docx\",\"priority\":7,\"score\":0.0,\"status\":\"ADDED\",\"tokenNum\":0,\"uriPath\":\"\"},{\"createTime\":\"2025-11-10T15:52:22.784\",\"description\":\"\",\"docName\":\"\",\"editTime\":\"2025-11-10T15:52:22.784\",\"errorDescription\":\"\",\"fileName\":\"British-Food-Culture.doc\",\"folder\":\"C:\\\\Users\\\\XiaoXinPro 16 IAH\\\\Desktop\\\\LRIA_llm_eval\\\\eval\\\\Quantum_Bvt_20251110\\\\bvtfiles\",\"id\":1987790422679883776,\"isDeleted\":0,\"isTmpFile\":false,\"labelNameList\":[],\"lastModifyTime\":\"2025-09-17T09:45:00\",\"md5\":\"435798f1c3377c7f5b71e18d733ca579\",\"path\":\"C:\\\\Users\\\\XiaoXinPro 16 IAH\\\\Desktop\\\\LRIA_llm_eval\\\\eval\\\\Quantum_Bvt_20251110\\\\bvtfiles\\\\British-Food-Culture.doc\",\"priority\":8,\"score\":0.0,\"status\":\"ADDED\",\"tokenNum\":0,\"uriPath\":\"\"},{\"createTime\":\"2025-11-10T15:52:22.803\",\"description\":\"\",\"docName\":\"\",\"editTime\":\"2025-11-10T15:52:22.803\",\"errorDescription\":\"\",\"fileName\":\"Netflix Becomes a Broadway Producer With Peter Morgan’s Patriots.txt\",\"folder\":\"C:\\\\Users\\\\XiaoXinPro 16 IAH\\\\Desktop\\\\LRIA_llm_eval\\\\eval\\\\Quantum_Bvt_20251110\\\\bvtfiles\",\"id\":1987790422759575552,\"isDeleted\":0,\"isTmpFile\":false,\"labelNameList\":[],\"lastModifyTime\":\"2025-09-17T09:46:00\",\"md5\":\"ab84c46eaa62a18048fb0241446da4ca\",\"path\":\"C:\\\\Users\\\\XiaoXinPro 16 IAH\\\\Desktop\\\\LRIA_llm_eval\\\\eval\\\\Quantum_Bvt_20251110\\\\bvtfiles\\\\Netflix Becomes a Broadway Producer With Peter Morgan’s Patriots.txt\",\"priority\":9,\"score\":0.0,\"status\":\"ADDED\",\"tokenNum\":0,\"uriPath\":\"\"}]"}}
2025-11-10 15:52:33,626 - INFO - 文档数量: 9
2025-11-10 15:52:33,626 - INFO - 第1个文档状态: ADDED
2025-11-10 15:52:33,626 - INFO - 第2个文档状态: ADDED
2025-11-10 15:52:33,626 - INFO - 第3个文档状态: ADDED
2025-11-10 15:52:33,626 - INFO - 第4个文档状态: ADDED
2025-11-10 15:52:33,626 - INFO - 第5个文档状态: ADDED
2025-11-10 15:52:33,628 - INFO - 第6个文档状态: ADDED
2025-11-10 15:52:33,628 - INFO - 第7个文档状态: ADDED
2025-11-10 15:52:33,628 - INFO - 第8个文档状态: ADDED
2025-11-10 15:52:33,628 - INFO - 第9个文档状态: ADDED
2025-11-10 15:52:33,628 - INFO - 仍有文档在处理中，第6次尝试...
2025-11-10 15:52:35,629 - DEBUG - Starting new HTTP connection (1): 127.0.0.1:35253
2025-11-10 15:52:35,632 - DEBUG - http://127.0.0.1:35253 "POST /upload HTTP/11" 200 20
2025-11-10 15:52:35,633 - INFO - 成功获取文档列表，upload_id: -3420899126267999312
2025-11-10 15:52:35,633 - INFO - 开始时间: 2025-11-10 15:52:35.633
2025-11-10 15:52:35,634 - DEBUG - Starting new HTTP connection (1): 127.0.0.1:35253
2025-11-10 15:52:35,667 - DEBUG - http://127.0.0.1:35253 "GET /query?fileData=-3420899126267999312 HTTP/11" 200 None
2025-11-10 15:52:35,766 - INFO - 响应时间: 0.13秒
2025-11-10 15:52:35,767 - INFO - 第7次尝试，获取到的result_text: {"jobId":9,"status":"complete","data":{"text":"[{\"createTime\":\"2025-11-10T15:52:22.597\",\"description\":\"\",\"docName\":\"\",\"editTime\":\"2025-11-10T15:52:22.597\",\"errorDescription\":\"\",\"fileName\":\"2403.19401.pdf\",\"folder\":\"C:\\\\Users\\\\XiaoXinPro 16 IAH\\\\Desktop\\\\LRIA_llm_eval\\\\eval\\\\Quantum_Bvt_20251110\\\\bvtfiles\",\"id\":1987790421895548928,\"isDeleted\":0,\"isTmpFile\":false,\"labelNameList\":[],\"lastModifyTime\":\"2025-09-17T09:45:00\",\"md5\":\"4ff6ba88616fcf7a71d1dca6c9adc14c\",\"path\":\"C:\\\\Users\\\\XiaoXinPro 16 IAH\\\\Desktop\\\\LRIA_llm_eval\\\\eval\\\\Quantum_Bvt_20251110\\\\bvtfiles\\\\2403.19401.pdf\",\"priority\":1,\"score\":0.0,\"status\":\"ADDED\",\"tokenNum\":0,\"uriPath\":\"\"},{\"createTime\":\"2025-11-10T15:52:22.630\",\"description\":\"\",\"docName\":\"\",\"editTime\":\"2025-11-10T15:52:22.630\",\"errorDescription\":\"\",\"fileName\":\"3nql1cs15r8aviz39pth2bpsr4zvy1.txt\",\"folder\":\"C:\\\\Users\\\\XiaoXinPro 16 IAH\\\\Desktop\\\\LRIA_llm_eval\\\\eval\\\\Quantum_Bvt_20251110\\\\bvtfiles\",\"id\":1987790422033960960,\"isDeleted\":0,\"isTmpFile\":false,\"labelNameList\":[],\"lastModifyTime\":\"2025-09-17T09:45:00\",\"md5\":\"da0c0f7162b267cca0de596df4c40c56\",\"path\":\"C:\\\\Users\\\\XiaoXinPro 16 IAH\\\\Desktop\\\\LRIA_llm_eval\\\\eval\\\\Quantum_Bvt_20251110\\\\bvtfiles\\\\3nql1cs15r8aviz39pth2bpsr4zvy1.txt\",\"priority\":2,\"score\":0.0,\"status\":\"ADDED\",\"tokenNum\":0,\"uriPath\":\"\"},{\"createTime\":\"2025-11-10T15:52:22.650\",\"description\":\"\",\"docName\":\"\",\"editTime\":\"2025-11-10T15:52:22.650\",\"errorDescription\":\"\",\"fileName\":\"3u84xhcdicdb6vqtlfud7syhj444z2.txt\",\"folder\":\"C:\\\\Users\\\\XiaoXinPro 16 IAH\\\\Desktop\\\\LRIA_llm_eval\\\\eval\\\\Quantum_Bvt_20251110\\\\bvtfiles\",\"id\":1987790422117847040,\"isDeleted\":0,\"isTmpFile\":false,\"labelNameList\":[],\"lastModifyTime\":\"2025-09-17T09:45:00\",\"md5\":\"a80f0ad4af9fd250a462680c85e6fbf0\",\"path\":\"C:\\\\Users\\\\XiaoXinPro 16 IAH\\\\Desktop\\\\LRIA_llm_eval\\\\eval\\\\Quantum_Bvt_20251110\\\\bvtfiles\\\\3u84xhcdicdb6vqtlfud7syhj444z2.txt\",\"priority\":3,\"score\":0.0,\"status\":\"ADDED\",\"tokenNum\":0,\"uriPath\":\"\"},{\"createTime\":\"2025-11-10T15:52:22.668\",\"description\":\"\",\"docName\":\"\",\"editTime\":\"2025-11-10T15:52:22.668\",\"errorDescription\":\"\",\"fileName\":\"3z3zlgnnsiuha76yy56h6uu71bh3q1.txt\",\"folder\":\"C:\\\\Users\\\\XiaoXinPro 16 IAH\\\\Desktop\\\\LRIA_llm_eval\\\\eval\\\\Quantum_Bvt_20251110\\\\bvtfiles\",\"id\":1987790422193344512,\"isDeleted\":0,\"isTmpFile\":false,\"labelNameList\":[],\"lastModifyTime\":\"2025-09-17T09:45:00\",\"md5\":\"bb28043dd606535bdcaf1ee30346b0f9\",\"path\":\"C:\\\\Users\\\\XiaoXinPro 16 IAH\\\\Desktop\\\\LRIA_llm_eval\\\\eval\\\\Quantum_Bvt_20251110\\\\bvtfiles\\\\3z3zlgnnsiuha76yy56h6uu71bh3q1.txt\",\"priority\":4,\"score\":0.0,\"status\":\"ADDED\",\"tokenNum\":0,\"uriPath\":\"\"},{\"createTime\":\"2025-11-10T15:52:22.688\",\"description\":\"\",\"docName\":\"\",\"editTime\":\"2025-11-10T15:52:22.688\",\"errorDescription\":\"\",\"fileName\":\"AI_Face_Test_Set_Collection_Method_Design.pptx\",\"folder\":\"C:\\\\Users\\\\XiaoXinPro 16 IAH\\\\Desktop\\\\LRIA_llm_eval\\\\eval\\\\Quantum_Bvt_20251110\\\\bvtfiles\",\"id\":1987790422277230592,\"isDeleted\":0,\"isTmpFile\":false,\"labelNameList\":[],\"lastModifyTime\":\"2025-09-17T09:46:00\",\"md5\":\"b0f396e7936e0f6192cd880927e8e74b\",\"path\":\"C:\\\\Users\\\\XiaoXinPro 16 IAH\\\\Desktop\\\\LRIA_llm_eval\\\\eval\\\\Quantum_Bvt_20251110\\\\bvtfiles\\\\AI_Face_Test_Set_Collection_Method_Design.pptx\",\"priority\":5,\"score\":0.0,\"status\":\"ADDED\",\"tokenNum\":0,\"uriPath\":\"\"},{\"createTime\":\"2025-11-10T15:52:22.707\",\"description\":\"\",\"docName\":\"\",\"editTime\":\"2025-11-10T15:52:22.707\",\"errorDescription\":\"\",\"fileName\":\"A_brief_introduction_of_LP_liutao21_20220615.pptx\",\"folder\":\"C:\\\\Users\\\\XiaoXinPro 16 IAH\\\\Desktop\\\\LRIA_llm_eval\\\\eval\\\\Quantum_Bvt_20251110\\\\bvtfiles\",\"id\":1987790422356922368,\"isDeleted\":0,\"isTmpFile\":false,\"labelNameList\":[],\"lastModifyTime\":\"2025-09-17T09:46:00\",\"md5\":\"0dbb2532524843af54fb3388b7bf3381\",\"path\":\"C:\\\\Users\\\\XiaoXinPro 16 IAH\\\\Desktop\\\\LRIA_llm_eval\\\\eval\\\\Quantum_Bvt_20251110\\\\bvtfiles\\\\A_brief_introduction_of_LP_liutao21_20220615.pptx\",\"priority\":6,\"score\":0.0,\"status\":\"ADDED\",\"tokenNum\":0,\"uriPath\":\"\"},{\"createTime\":\"2025-11-10T15:52:22.764\",\"description\":\"\",\"docName\":\"\",\"editTime\":\"2025-11-10T15:52:22.764\",\"errorDescription\":\"\",\"fileName\":\"Belfast-English.docx\",\"folder\":\"C:\\\\Users\\\\XiaoXinPro 16 IAH\\\\Desktop\\\\LRIA_llm_eval\\\\eval\\\\Quantum_Bvt_20251110\\\\bvtfiles\",\"id\":1987790422595997696,\"isDeleted\":0,\"isTmpFile\":false,\"labelNameList\":[],\"lastModifyTime\":\"2025-09-17T09:45:00\",\"md5\":\"3193e699ffa92db332ae31a9fb1d3cb4\",\"path\":\"C:\\\\Users\\\\XiaoXinPro 16 IAH\\\\Desktop\\\\LRIA_llm_eval\\\\eval\\\\Quantum_Bvt_20251110\\\\bvtfiles\\\\Belfast-English.docx\",\"priority\":7,\"score\":0.0,\"status\":\"ADDED\",\"tokenNum\":0,\"uriPath\":\"\"},{\"createTime\":\"2025-11-10T15:52:22.784\",\"description\":\"\",\"docName\":\"\",\"editTime\":\"2025-11-10T15:52:22.784\",\"errorDescription\":\"\",\"fileName\":\"British-Food-Culture.doc\",\"folder\":\"C:\\\\Users\\\\XiaoXinPro 16 IAH\\\\Desktop\\\\LRIA_llm_eval\\\\eval\\\\Quantum_Bvt_20251110\\\\bvtfiles\",\"id\":1987790422679883776,\"isDeleted\":0,\"isTmpFile\":false,\"labelNameList\":[],\"lastModifyTime\":\"2025-09-17T09:45:00\",\"md5\":\"435798f1c3377c7f5b71e18d733ca579\",\"path\":\"C:\\\\Users\\\\XiaoXinPro 16 IAH\\\\Desktop\\\\LRIA_llm_eval\\\\eval\\\\Quantum_Bvt_20251110\\\\bvtfiles\\\\British-Food-Culture.doc\",\"priority\":8,\"score\":0.0,\"status\":\"ADDED\",\"tokenNum\":0,\"uriPath\":\"\"},{\"createTime\":\"2025-11-10T15:52:22.803\",\"description\":\"\",\"docName\":\"\",\"editTime\":\"2025-11-10T15:52:22.803\",\"errorDescription\":\"\",\"fileName\":\"Netflix Becomes a Broadway Producer With Peter Morgan’s Patriots.txt\",\"folder\":\"C:\\\\Users\\\\XiaoXinPro 16 IAH\\\\Desktop\\\\LRIA_llm_eval\\\\eval\\\\Quantum_Bvt_20251110\\\\bvtfiles\",\"id\":1987790422759575552,\"isDeleted\":0,\"isTmpFile\":false,\"labelNameList\":[],\"lastModifyTime\":\"2025-09-17T09:46:00\",\"md5\":\"ab84c46eaa62a18048fb0241446da4ca\",\"path\":\"C:\\\\Users\\\\XiaoXinPro 16 IAH\\\\Desktop\\\\LRIA_llm_eval\\\\eval\\\\Quantum_Bvt_20251110\\\\bvtfiles\\\\Netflix Becomes a Broadway Producer With Peter Morgan’s Patriots.txt\",\"priority\":9,\"score\":0.0,\"status\":\"ADDED\",\"tokenNum\":0,\"uriPath\":\"\"}]"}}
2025-11-10 15:52:35,767 - INFO - 文档数量: 9
2025-11-10 15:52:35,768 - INFO - 第1个文档状态: ADDED
2025-11-10 15:52:35,768 - INFO - 第2个文档状态: ADDED
2025-11-10 15:52:35,768 - INFO - 第3个文档状态: ADDED
2025-11-10 15:52:35,768 - INFO - 第4个文档状态: ADDED
2025-11-10 15:52:35,768 - INFO - 第5个文档状态: ADDED
2025-11-10 15:52:35,768 - INFO - 第6个文档状态: ADDED
2025-11-10 15:52:35,768 - INFO - 第7个文档状态: ADDED
2025-11-10 15:52:35,768 - INFO - 第8个文档状态: ADDED
2025-11-10 15:52:35,769 - INFO - 第9个文档状态: ADDED
2025-11-10 15:52:35,769 - INFO - 仍有文档在处理中，第7次尝试...
2025-11-10 15:52:37,770 - DEBUG - Starting new HTTP connection (1): 127.0.0.1:35253
2025-11-10 15:52:37,775 - DEBUG - http://127.0.0.1:35253 "POST /upload HTTP/11" 200 20
2025-11-10 15:52:37,775 - INFO - 成功获取文档列表，upload_id: -2965922960558098883
2025-11-10 15:52:37,775 - INFO - 开始时间: 2025-11-10 15:52:37.775
2025-11-10 15:52:37,777 - DEBUG - Starting new HTTP connection (1): 127.0.0.1:35253
2025-11-10 15:52:37,781 - DEBUG - http://127.0.0.1:35253 "GET /query?fileData=-2965922960558098883 HTTP/11" 200 None
2025-11-10 15:52:37,881 - INFO - 响应时间: 0.11秒
2025-11-10 15:52:37,882 - INFO - 第8次尝试，获取到的result_text: {"jobId":10,"status":"complete","data":{"text":"[{\"createTime\":\"2025-11-10T15:52:22.597\",\"description\":\"\",\"docName\":\"\",\"editTime\":\"2025-11-10T15:52:22.597\",\"errorDescription\":\"\",\"fileName\":\"2403.19401.pdf\",\"folder\":\"C:\\\\Users\\\\XiaoXinPro 16 IAH\\\\Desktop\\\\LRIA_llm_eval\\\\eval\\\\Quantum_Bvt_20251110\\\\bvtfiles\",\"id\":1987790421895548928,\"isDeleted\":0,\"isTmpFile\":false,\"labelNameList\":[],\"lastModifyTime\":\"2025-09-17T09:45:00\",\"md5\":\"4ff6ba88616fcf7a71d1dca6c9adc14c\",\"path\":\"C:\\\\Users\\\\XiaoXinPro 16 IAH\\\\Desktop\\\\LRIA_llm_eval\\\\eval\\\\Quantum_Bvt_20251110\\\\bvtfiles\\\\2403.19401.pdf\",\"priority\":1,\"score\":0.0,\"status\":\"ADDED\",\"tokenNum\":0,\"uriPath\":\"\"},{\"createTime\":\"2025-11-10T15:52:22.630\",\"description\":\"\",\"docName\":\"\",\"editTime\":\"2025-11-10T15:52:22.630\",\"errorDescription\":\"\",\"fileName\":\"3nql1cs15r8aviz39pth2bpsr4zvy1.txt\",\"folder\":\"C:\\\\Users\\\\XiaoXinPro 16 IAH\\\\Desktop\\\\LRIA_llm_eval\\\\eval\\\\Quantum_Bvt_20251110\\\\bvtfiles\",\"id\":1987790422033960960,\"isDeleted\":0,\"isTmpFile\":false,\"labelNameList\":[],\"lastModifyTime\":\"2025-09-17T09:45:00\",\"md5\":\"da0c0f7162b267cca0de596df4c40c56\",\"path\":\"C:\\\\Users\\\\XiaoXinPro 16 IAH\\\\Desktop\\\\LRIA_llm_eval\\\\eval\\\\Quantum_Bvt_20251110\\\\bvtfiles\\\\3nql1cs15r8aviz39pth2bpsr4zvy1.txt\",\"priority\":2,\"score\":0.0,\"status\":\"ADDED\",\"tokenNum\":0,\"uriPath\":\"\"},{\"createTime\":\"2025-11-10T15:52:22.650\",\"description\":\"\",\"docName\":\"\",\"editTime\":\"2025-11-10T15:52:22.650\",\"errorDescription\":\"\",\"fileName\":\"3u84xhcdicdb6vqtlfud7syhj444z2.txt\",\"folder\":\"C:\\\\Users\\\\XiaoXinPro 16 IAH\\\\Desktop\\\\LRIA_llm_eval\\\\eval\\\\Quantum_Bvt_20251110\\\\bvtfiles\",\"id\":1987790422117847040,\"isDeleted\":0,\"isTmpFile\":false,\"labelNameList\":[],\"lastModifyTime\":\"2025-09-17T09:45:00\",\"md5\":\"a80f0ad4af9fd250a462680c85e6fbf0\",\"path\":\"C:\\\\Users\\\\XiaoXinPro 16 IAH\\\\Desktop\\\\LRIA_llm_eval\\\\eval\\\\Quantum_Bvt_20251110\\\\bvtfiles\\\\3u84xhcdicdb6vqtlfud7syhj444z2.txt\",\"priority\":3,\"score\":0.0,\"status\":\"ADDED\",\"tokenNum\":0,\"uriPath\":\"\"},{\"createTime\":\"2025-11-10T15:52:22.668\",\"description\":\"\",\"docName\":\"\",\"editTime\":\"2025-11-10T15:52:22.668\",\"errorDescription\":\"\",\"fileName\":\"3z3zlgnnsiuha76yy56h6uu71bh3q1.txt\",\"folder\":\"C:\\\\Users\\\\XiaoXinPro 16 IAH\\\\Desktop\\\\LRIA_llm_eval\\\\eval\\\\Quantum_Bvt_20251110\\\\bvtfiles\",\"id\":1987790422193344512,\"isDeleted\":0,\"isTmpFile\":false,\"labelNameList\":[],\"lastModifyTime\":\"2025-09-17T09:45:00\",\"md5\":\"bb28043dd606535bdcaf1ee30346b0f9\",\"path\":\"C:\\\\Users\\\\XiaoXinPro 16 IAH\\\\Desktop\\\\LRIA_llm_eval\\\\eval\\\\Quantum_Bvt_20251110\\\\bvtfiles\\\\3z3zlgnnsiuha76yy56h6uu71bh3q1.txt\",\"priority\":4,\"score\":0.0,\"status\":\"ADDED\",\"tokenNum\":0,\"uriPath\":\"\"},{\"createTime\":\"2025-11-10T15:52:22.688\",\"description\":\"\",\"docName\":\"\",\"editTime\":\"2025-11-10T15:52:22.688\",\"errorDescription\":\"\",\"fileName\":\"AI_Face_Test_Set_Collection_Method_Design.pptx\",\"folder\":\"C:\\\\Users\\\\XiaoXinPro 16 IAH\\\\Desktop\\\\LRIA_llm_eval\\\\eval\\\\Quantum_Bvt_20251110\\\\bvtfiles\",\"id\":1987790422277230592,\"isDeleted\":0,\"isTmpFile\":false,\"labelNameList\":[],\"lastModifyTime\":\"2025-09-17T09:46:00\",\"md5\":\"b0f396e7936e0f6192cd880927e8e74b\",\"path\":\"C:\\\\Users\\\\XiaoXinPro 16 IAH\\\\Desktop\\\\LRIA_llm_eval\\\\eval\\\\Quantum_Bvt_20251110\\\\bvtfiles\\\\AI_Face_Test_Set_Collection_Method_Design.pptx\",\"priority\":5,\"score\":0.0,\"status\":\"ADDED\",\"tokenNum\":0,\"uriPath\":\"\"},{\"createTime\":\"2025-11-10T15:52:22.707\",\"description\":\"\",\"docName\":\"\",\"editTime\":\"2025-11-10T15:52:22.707\",\"errorDescription\":\"\",\"fileName\":\"A_brief_introduction_of_LP_liutao21_20220615.pptx\",\"folder\":\"C:\\\\Users\\\\XiaoXinPro 16 IAH\\\\Desktop\\\\LRIA_llm_eval\\\\eval\\\\Quantum_Bvt_20251110\\\\bvtfiles\",\"id\":1987790422356922368,\"isDeleted\":0,\"isTmpFile\":false,\"labelNameList\":[],\"lastModifyTime\":\"2025-09-17T09:46:00\",\"md5\":\"0dbb2532524843af54fb3388b7bf3381\",\"path\":\"C:\\\\Users\\\\XiaoXinPro 16 IAH\\\\Desktop\\\\LRIA_llm_eval\\\\eval\\\\Quantum_Bvt_20251110\\\\bvtfiles\\\\A_brief_introduction_of_LP_liutao21_20220615.pptx\",\"priority\":6,\"score\":0.0,\"status\":\"ADDED\",\"tokenNum\":0,\"uriPath\":\"\"},{\"createTime\":\"2025-11-10T15:52:22.764\",\"description\":\"\",\"docName\":\"\",\"editTime\":\"2025-11-10T15:52:22.764\",\"errorDescription\":\"\",\"fileName\":\"Belfast-English.docx\",\"folder\":\"C:\\\\Users\\\\XiaoXinPro 16 IAH\\\\Desktop\\\\LRIA_llm_eval\\\\eval\\\\Quantum_Bvt_20251110\\\\bvtfiles\",\"id\":1987790422595997696,\"isDeleted\":0,\"isTmpFile\":false,\"labelNameList\":[],\"lastModifyTime\":\"2025-09-17T09:45:00\",\"md5\":\"3193e699ffa92db332ae31a9fb1d3cb4\",\"path\":\"C:\\\\Users\\\\XiaoXinPro 16 IAH\\\\Desktop\\\\LRIA_llm_eval\\\\eval\\\\Quantum_Bvt_20251110\\\\bvtfiles\\\\Belfast-English.docx\",\"priority\":7,\"score\":0.0,\"status\":\"ADDED\",\"tokenNum\":0,\"uriPath\":\"\"},{\"createTime\":\"2025-11-10T15:52:22.784\",\"description\":\"\",\"docName\":\"\",\"editTime\":\"2025-11-10T15:52:22.784\",\"errorDescription\":\"\",\"fileName\":\"British-Food-Culture.doc\",\"folder\":\"C:\\\\Users\\\\XiaoXinPro 16 IAH\\\\Desktop\\\\LRIA_llm_eval\\\\eval\\\\Quantum_Bvt_20251110\\\\bvtfiles\",\"id\":1987790422679883776,\"isDeleted\":0,\"isTmpFile\":false,\"labelNameList\":[],\"lastModifyTime\":\"2025-09-17T09:45:00\",\"md5\":\"435798f1c3377c7f5b71e18d733ca579\",\"path\":\"C:\\\\Users\\\\XiaoXinPro 16 IAH\\\\Desktop\\\\LRIA_llm_eval\\\\eval\\\\Quantum_Bvt_20251110\\\\bvtfiles\\\\British-Food-Culture.doc\",\"priority\":8,\"score\":0.0,\"status\":\"ADDED\",\"tokenNum\":0,\"uriPath\":\"\"},{\"createTime\":\"2025-11-10T15:52:22.803\",\"description\":\"\",\"docName\":\"\",\"editTime\":\"2025-11-10T15:52:22.803\",\"errorDescription\":\"\",\"fileName\":\"Netflix Becomes a Broadway Producer With Peter Morgan’s Patriots.txt\",\"folder\":\"C:\\\\Users\\\\XiaoXinPro 16 IAH\\\\Desktop\\\\LRIA_llm_eval\\\\eval\\\\Quantum_Bvt_20251110\\\\bvtfiles\",\"id\":1987790422759575552,\"isDeleted\":0,\"isTmpFile\":false,\"labelNameList\":[],\"lastModifyTime\":\"2025-09-17T09:46:00\",\"md5\":\"ab84c46eaa62a18048fb0241446da4ca\",\"path\":\"C:\\\\Users\\\\XiaoXinPro 16 IAH\\\\Desktop\\\\LRIA_llm_eval\\\\eval\\\\Quantum_Bvt_20251110\\\\bvtfiles\\\\Netflix Becomes a Broadway Producer With Peter Morgan’s Patriots.txt\",\"priority\":9,\"score\":0.0,\"status\":\"ADDED\",\"tokenNum\":0,\"uriPath\":\"\"}]"}}
2025-11-10 15:52:37,883 - INFO - 文档数量: 9
2025-11-10 15:52:37,883 - INFO - 第1个文档状态: ADDED
2025-11-10 15:52:37,883 - INFO - 第2个文档状态: ADDED
2025-11-10 15:52:37,883 - INFO - 第3个文档状态: ADDED
2025-11-10 15:52:37,883 - INFO - 第4个文档状态: ADDED
2025-11-10 15:52:37,884 - INFO - 第5个文档状态: ADDED
2025-11-10 15:52:37,884 - INFO - 第6个文档状态: ADDED
2025-11-10 15:52:37,884 - INFO - 第7个文档状态: ADDED
2025-11-10 15:52:37,884 - INFO - 第8个文档状态: ADDED
2025-11-10 15:52:37,884 - INFO - 第9个文档状态: ADDED
2025-11-10 15:52:37,884 - INFO - 仍有文档在处理中，第8次尝试...
2025-11-10 15:52:39,886 - DEBUG - Starting new HTTP connection (1): 127.0.0.1:35253
2025-11-10 15:52:39,889 - DEBUG - http://127.0.0.1:35253 "POST /upload HTTP/11" 200 19
2025-11-10 15:52:39,889 - INFO - 成功获取文档列表，upload_id: 1936778075427832798
2025-11-10 15:52:39,890 - INFO - 开始时间: 2025-11-10 15:52:39.890
2025-11-10 15:52:39,890 - DEBUG - Starting new HTTP connection (1): 127.0.0.1:35253
2025-11-10 15:52:39,904 - DEBUG - http://127.0.0.1:35253 "GET /query?fileData=1936778075427832798 HTTP/11" 200 None
2025-11-10 15:52:39,992 - INFO - 响应时间: 0.10秒
2025-11-10 15:52:39,994 - INFO - 第9次尝试，获取到的result_text: {"jobId":11,"status":"complete","data":{"text":"[{\"createTime\":\"2025-11-10T15:52:22.597\",\"description\":\"\",\"docName\":\"\",\"editTime\":\"2025-11-10T15:52:22.597\",\"errorDescription\":\"\",\"fileName\":\"2403.19401.pdf\",\"folder\":\"C:\\\\Users\\\\XiaoXinPro 16 IAH\\\\Desktop\\\\LRIA_llm_eval\\\\eval\\\\Quantum_Bvt_20251110\\\\bvtfiles\",\"id\":1987790421895548928,\"isDeleted\":0,\"isTmpFile\":false,\"labelNameList\":[],\"lastModifyTime\":\"2025-09-17T09:45:00\",\"md5\":\"4ff6ba88616fcf7a71d1dca6c9adc14c\",\"path\":\"C:\\\\Users\\\\XiaoXinPro 16 IAH\\\\Desktop\\\\LRIA_llm_eval\\\\eval\\\\Quantum_Bvt_20251110\\\\bvtfiles\\\\2403.19401.pdf\",\"priority\":1,\"score\":0.0,\"status\":\"ADDED\",\"tokenNum\":0,\"uriPath\":\"\"},{\"createTime\":\"2025-11-10T15:52:22.630\",\"description\":\"\",\"docName\":\"\",\"editTime\":\"2025-11-10T15:52:22.630\",\"errorDescription\":\"\",\"fileName\":\"3nql1cs15r8aviz39pth2bpsr4zvy1.txt\",\"folder\":\"C:\\\\Users\\\\XiaoXinPro 16 IAH\\\\Desktop\\\\LRIA_llm_eval\\\\eval\\\\Quantum_Bvt_20251110\\\\bvtfiles\",\"id\":1987790422033960960,\"isDeleted\":0,\"isTmpFile\":false,\"labelNameList\":[],\"lastModifyTime\":\"2025-09-17T09:45:00\",\"md5\":\"da0c0f7162b267cca0de596df4c40c56\",\"path\":\"C:\\\\Users\\\\XiaoXinPro 16 IAH\\\\Desktop\\\\LRIA_llm_eval\\\\eval\\\\Quantum_Bvt_20251110\\\\bvtfiles\\\\3nql1cs15r8aviz39pth2bpsr4zvy1.txt\",\"priority\":2,\"score\":0.0,\"status\":\"ADDED\",\"tokenNum\":0,\"uriPath\":\"\"},{\"createTime\":\"2025-11-10T15:52:22.650\",\"description\":\"\",\"docName\":\"\",\"editTime\":\"2025-11-10T15:52:22.650\",\"errorDescription\":\"\",\"fileName\":\"3u84xhcdicdb6vqtlfud7syhj444z2.txt\",\"folder\":\"C:\\\\Users\\\\XiaoXinPro 16 IAH\\\\Desktop\\\\LRIA_llm_eval\\\\eval\\\\Quantum_Bvt_20251110\\\\bvtfiles\",\"id\":1987790422117847040,\"isDeleted\":0,\"isTmpFile\":false,\"labelNameList\":[],\"lastModifyTime\":\"2025-09-17T09:45:00\",\"md5\":\"a80f0ad4af9fd250a462680c85e6fbf0\",\"path\":\"C:\\\\Users\\\\XiaoXinPro 16 IAH\\\\Desktop\\\\LRIA_llm_eval\\\\eval\\\\Quantum_Bvt_20251110\\\\bvtfiles\\\\3u84xhcdicdb6vqtlfud7syhj444z2.txt\",\"priority\":3,\"score\":0.0,\"status\":\"ADDED\",\"tokenNum\":0,\"uriPath\":\"\"},{\"createTime\":\"2025-11-10T15:52:22.668\",\"description\":\"\",\"docName\":\"\",\"editTime\":\"2025-11-10T15:52:22.668\",\"errorDescription\":\"\",\"fileName\":\"3z3zlgnnsiuha76yy56h6uu71bh3q1.txt\",\"folder\":\"C:\\\\Users\\\\XiaoXinPro 16 IAH\\\\Desktop\\\\LRIA_llm_eval\\\\eval\\\\Quantum_Bvt_20251110\\\\bvtfiles\",\"id\":1987790422193344512,\"isDeleted\":0,\"isTmpFile\":false,\"labelNameList\":[],\"lastModifyTime\":\"2025-09-17T09:45:00\",\"md5\":\"bb28043dd606535bdcaf1ee30346b0f9\",\"path\":\"C:\\\\Users\\\\XiaoXinPro 16 IAH\\\\Desktop\\\\LRIA_llm_eval\\\\eval\\\\Quantum_Bvt_20251110\\\\bvtfiles\\\\3z3zlgnnsiuha76yy56h6uu71bh3q1.txt\",\"priority\":4,\"score\":0.0,\"status\":\"ADDED\",\"tokenNum\":0,\"uriPath\":\"\"},{\"createTime\":\"2025-11-10T15:52:22.688\",\"description\":\"\",\"docName\":\"\",\"editTime\":\"2025-11-10T15:52:22.688\",\"errorDescription\":\"\",\"fileName\":\"AI_Face_Test_Set_Collection_Method_Design.pptx\",\"folder\":\"C:\\\\Users\\\\XiaoXinPro 16 IAH\\\\Desktop\\\\LRIA_llm_eval\\\\eval\\\\Quantum_Bvt_20251110\\\\bvtfiles\",\"id\":1987790422277230592,\"isDeleted\":0,\"isTmpFile\":false,\"labelNameList\":[],\"lastModifyTime\":\"2025-09-17T09:46:00\",\"md5\":\"b0f396e7936e0f6192cd880927e8e74b\",\"path\":\"C:\\\\Users\\\\XiaoXinPro 16 IAH\\\\Desktop\\\\LRIA_llm_eval\\\\eval\\\\Quantum_Bvt_20251110\\\\bvtfiles\\\\AI_Face_Test_Set_Collection_Method_Design.pptx\",\"priority\":5,\"score\":0.0,\"status\":\"ADDED\",\"tokenNum\":0,\"uriPath\":\"\"},{\"createTime\":\"2025-11-10T15:52:22.707\",\"description\":\"\",\"docName\":\"\",\"editTime\":\"2025-11-10T15:52:22.707\",\"errorDescription\":\"\",\"fileName\":\"A_brief_introduction_of_LP_liutao21_20220615.pptx\",\"folder\":\"C:\\\\Users\\\\XiaoXinPro 16 IAH\\\\Desktop\\\\LRIA_llm_eval\\\\eval\\\\Quantum_Bvt_20251110\\\\bvtfiles\",\"id\":1987790422356922368,\"isDeleted\":0,\"isTmpFile\":false,\"labelNameList\":[],\"lastModifyTime\":\"2025-09-17T09:46:00\",\"md5\":\"0dbb2532524843af54fb3388b7bf3381\",\"path\":\"C:\\\\Users\\\\XiaoXinPro 16 IAH\\\\Desktop\\\\LRIA_llm_eval\\\\eval\\\\Quantum_Bvt_20251110\\\\bvtfiles\\\\A_brief_introduction_of_LP_liutao21_20220615.pptx\",\"priority\":6,\"score\":0.0,\"status\":\"ADDED\",\"tokenNum\":0,\"uriPath\":\"\"},{\"createTime\":\"2025-11-10T15:52:22.764\",\"description\":\"\",\"docName\":\"\",\"editTime\":\"2025-11-10T15:52:22.764\",\"errorDescription\":\"\",\"fileName\":\"Belfast-English.docx\",\"folder\":\"C:\\\\Users\\\\XiaoXinPro 16 IAH\\\\Desktop\\\\LRIA_llm_eval\\\\eval\\\\Quantum_Bvt_20251110\\\\bvtfiles\",\"id\":1987790422595997696,\"isDeleted\":0,\"isTmpFile\":false,\"labelNameList\":[],\"lastModifyTime\":\"2025-09-17T09:45:00\",\"md5\":\"3193e699ffa92db332ae31a9fb1d3cb4\",\"path\":\"C:\\\\Users\\\\XiaoXinPro 16 IAH\\\\Desktop\\\\LRIA_llm_eval\\\\eval\\\\Quantum_Bvt_20251110\\\\bvtfiles\\\\Belfast-English.docx\",\"priority\":7,\"score\":0.0,\"status\":\"ADDED\",\"tokenNum\":0,\"uriPath\":\"\"},{\"createTime\":\"2025-11-10T15:52:22.784\",\"description\":\"\",\"docName\":\"\",\"editTime\":\"2025-11-10T15:52:22.784\",\"errorDescription\":\"\",\"fileName\":\"British-Food-Culture.doc\",\"folder\":\"C:\\\\Users\\\\XiaoXinPro 16 IAH\\\\Desktop\\\\LRIA_llm_eval\\\\eval\\\\Quantum_Bvt_20251110\\\\bvtfiles\",\"id\":1987790422679883776,\"isDeleted\":0,\"isTmpFile\":false,\"labelNameList\":[],\"lastModifyTime\":\"2025-09-17T09:45:00\",\"md5\":\"435798f1c3377c7f5b71e18d733ca579\",\"path\":\"C:\\\\Users\\\\XiaoXinPro 16 IAH\\\\Desktop\\\\LRIA_llm_eval\\\\eval\\\\Quantum_Bvt_20251110\\\\bvtfiles\\\\British-Food-Culture.doc\",\"priority\":8,\"score\":0.0,\"status\":\"ADDED\",\"tokenNum\":0,\"uriPath\":\"\"},{\"createTime\":\"2025-11-10T15:52:22.803\",\"description\":\"\",\"docName\":\"\",\"editTime\":\"2025-11-10T15:52:22.803\",\"errorDescription\":\"\",\"fileName\":\"Netflix Becomes a Broadway Producer With Peter Morgan’s Patriots.txt\",\"folder\":\"C:\\\\Users\\\\XiaoXinPro 16 IAH\\\\Desktop\\\\LRIA_llm_eval\\\\eval\\\\Quantum_Bvt_20251110\\\\bvtfiles\",\"id\":1987790422759575552,\"isDeleted\":0,\"isTmpFile\":false,\"labelNameList\":[],\"lastModifyTime\":\"2025-09-17T09:46:00\",\"md5\":\"ab84c46eaa62a18048fb0241446da4ca\",\"path\":\"C:\\\\Users\\\\XiaoXinPro 16 IAH\\\\Desktop\\\\LRIA_llm_eval\\\\eval\\\\Quantum_Bvt_20251110\\\\bvtfiles\\\\Netflix Becomes a Broadway Producer With Peter Morgan’s Patriots.txt\",\"priority\":9,\"score\":0.0,\"status\":\"ADDED\",\"tokenNum\":0,\"uriPath\":\"\"}]"}}
2025-11-10 15:52:39,994 - INFO - 文档数量: 9
2025-11-10 15:52:39,994 - INFO - 第1个文档状态: ADDED
2025-11-10 15:52:39,994 - INFO - 第2个文档状态: ADDED
2025-11-10 15:52:39,994 - INFO - 第3个文档状态: ADDED
2025-11-10 15:52:39,995 - INFO - 第4个文档状态: ADDED
2025-11-10 15:52:39,995 - INFO - 第5个文档状态: ADDED
2025-11-10 15:52:39,995 - INFO - 第6个文档状态: ADDED
2025-11-10 15:52:39,995 - INFO - 第7个文档状态: ADDED
2025-11-10 15:52:39,995 - INFO - 第8个文档状态: ADDED
2025-11-10 15:52:39,995 - INFO - 第9个文档状态: ADDED
2025-11-10 15:52:39,995 - INFO - 仍有文档在处理中，第9次尝试...
2025-11-10 15:52:41,996 - DEBUG - Starting new HTTP connection (1): 127.0.0.1:35253
2025-11-10 15:52:42,001 - DEBUG - http://127.0.0.1:35253 "POST /upload HTTP/11" 200 19
2025-11-10 15:52:42,002 - INFO - 成功获取文档列表，upload_id: 7797024731984008637
2025-11-10 15:52:42,002 - INFO - 开始时间: 2025-11-10 15:52:42.002
2025-11-10 15:52:42,003 - DEBUG - Starting new HTTP connection (1): 127.0.0.1:35253
2025-11-10 15:52:42,015 - DEBUG - http://127.0.0.1:35253 "GET /query?fileData=7797024731984008637 HTTP/11" 200 None
2025-11-10 15:52:42,113 - INFO - 响应时间: 0.11秒
2025-11-10 15:52:42,113 - INFO - 第10次尝试，获取到的result_text: {"jobId":12,"status":"complete","data":{"text":"[{\"createTime\":\"2025-11-10T15:52:22.597\",\"description\":\"\",\"docName\":\"\",\"editTime\":\"2025-11-10T15:52:22.597\",\"errorDescription\":\"\",\"fileName\":\"2403.19401.pdf\",\"folder\":\"C:\\\\Users\\\\XiaoXinPro 16 IAH\\\\Desktop\\\\LRIA_llm_eval\\\\eval\\\\Quantum_Bvt_20251110\\\\bvtfiles\",\"id\":1987790421895548928,\"isDeleted\":0,\"isTmpFile\":false,\"labelNameList\":[],\"lastModifyTime\":\"2025-09-17T09:45:00\",\"md5\":\"4ff6ba88616fcf7a71d1dca6c9adc14c\",\"path\":\"C:\\\\Users\\\\XiaoXinPro 16 IAH\\\\Desktop\\\\LRIA_llm_eval\\\\eval\\\\Quantum_Bvt_20251110\\\\bvtfiles\\\\2403.19401.pdf\",\"priority\":1,\"score\":0.0,\"status\":\"ADDED\",\"tokenNum\":0,\"uriPath\":\"\"},{\"createTime\":\"2025-11-10T15:52:22.630\",\"description\":\"\",\"docName\":\"\",\"editTime\":\"2025-11-10T15:52:22.630\",\"errorDescription\":\"\",\"fileName\":\"3nql1cs15r8aviz39pth2bpsr4zvy1.txt\",\"folder\":\"C:\\\\Users\\\\XiaoXinPro 16 IAH\\\\Desktop\\\\LRIA_llm_eval\\\\eval\\\\Quantum_Bvt_20251110\\\\bvtfiles\",\"id\":1987790422033960960,\"isDeleted\":0,\"isTmpFile\":false,\"labelNameList\":[],\"lastModifyTime\":\"2025-09-17T09:45:00\",\"md5\":\"da0c0f7162b267cca0de596df4c40c56\",\"path\":\"C:\\\\Users\\\\XiaoXinPro 16 IAH\\\\Desktop\\\\LRIA_llm_eval\\\\eval\\\\Quantum_Bvt_20251110\\\\bvtfiles\\\\3nql1cs15r8aviz39pth2bpsr4zvy1.txt\",\"priority\":2,\"score\":0.0,\"status\":\"ADDED\",\"tokenNum\":0,\"uriPath\":\"\"},{\"createTime\":\"2025-11-10T15:52:22.650\",\"description\":\"\",\"docName\":\"\",\"editTime\":\"2025-11-10T15:52:22.650\",\"errorDescription\":\"\",\"fileName\":\"3u84xhcdicdb6vqtlfud7syhj444z2.txt\",\"folder\":\"C:\\\\Users\\\\XiaoXinPro 16 IAH\\\\Desktop\\\\LRIA_llm_eval\\\\eval\\\\Quantum_Bvt_20251110\\\\bvtfiles\",\"id\":1987790422117847040,\"isDeleted\":0,\"isTmpFile\":false,\"labelNameList\":[],\"lastModifyTime\":\"2025-09-17T09:45:00\",\"md5\":\"a80f0ad4af9fd250a462680c85e6fbf0\",\"path\":\"C:\\\\Users\\\\XiaoXinPro 16 IAH\\\\Desktop\\\\LRIA_llm_eval\\\\eval\\\\Quantum_Bvt_20251110\\\\bvtfiles\\\\3u84xhcdicdb6vqtlfud7syhj444z2.txt\",\"priority\":3,\"score\":0.0,\"status\":\"ADDED\",\"tokenNum\":0,\"uriPath\":\"\"},{\"createTime\":\"2025-11-10T15:52:22.668\",\"description\":\"\",\"docName\":\"\",\"editTime\":\"2025-11-10T15:52:22.668\",\"errorDescription\":\"\",\"fileName\":\"3z3zlgnnsiuha76yy56h6uu71bh3q1.txt\",\"folder\":\"C:\\\\Users\\\\XiaoXinPro 16 IAH\\\\Desktop\\\\LRIA_llm_eval\\\\eval\\\\Quantum_Bvt_20251110\\\\bvtfiles\",\"id\":1987790422193344512,\"isDeleted\":0,\"isTmpFile\":false,\"labelNameList\":[],\"lastModifyTime\":\"2025-09-17T09:45:00\",\"md5\":\"bb28043dd606535bdcaf1ee30346b0f9\",\"path\":\"C:\\\\Users\\\\XiaoXinPro 16 IAH\\\\Desktop\\\\LRIA_llm_eval\\\\eval\\\\Quantum_Bvt_20251110\\\\bvtfiles\\\\3z3zlgnnsiuha76yy56h6uu71bh3q1.txt\",\"priority\":4,\"score\":0.0,\"status\":\"ADDED\",\"tokenNum\":0,\"uriPath\":\"\"},{\"createTime\":\"2025-11-10T15:52:22.688\",\"description\":\"\",\"docName\":\"\",\"editTime\":\"2025-11-10T15:52:22.688\",\"errorDescription\":\"\",\"fileName\":\"AI_Face_Test_Set_Collection_Method_Design.pptx\",\"folder\":\"C:\\\\Users\\\\XiaoXinPro 16 IAH\\\\Desktop\\\\LRIA_llm_eval\\\\eval\\\\Quantum_Bvt_20251110\\\\bvtfiles\",\"id\":1987790422277230592,\"isDeleted\":0,\"isTmpFile\":false,\"labelNameList\":[],\"lastModifyTime\":\"2025-09-17T09:46:00\",\"md5\":\"b0f396e7936e0f6192cd880927e8e74b\",\"path\":\"C:\\\\Users\\\\XiaoXinPro 16 IAH\\\\Desktop\\\\LRIA_llm_eval\\\\eval\\\\Quantum_Bvt_20251110\\\\bvtfiles\\\\AI_Face_Test_Set_Collection_Method_Design.pptx\",\"priority\":5,\"score\":0.0,\"status\":\"ADDED\",\"tokenNum\":0,\"uriPath\":\"\"},{\"createTime\":\"2025-11-10T15:52:22.707\",\"description\":\"\",\"docName\":\"\",\"editTime\":\"2025-11-10T15:52:22.707\",\"errorDescription\":\"\",\"fileName\":\"A_brief_introduction_of_LP_liutao21_20220615.pptx\",\"folder\":\"C:\\\\Users\\\\XiaoXinPro 16 IAH\\\\Desktop\\\\LRIA_llm_eval\\\\eval\\\\Quantum_Bvt_20251110\\\\bvtfiles\",\"id\":1987790422356922368,\"isDeleted\":0,\"isTmpFile\":false,\"labelNameList\":[],\"lastModifyTime\":\"2025-09-17T09:46:00\",\"md5\":\"0dbb2532524843af54fb3388b7bf3381\",\"path\":\"C:\\\\Users\\\\XiaoXinPro 16 IAH\\\\Desktop\\\\LRIA_llm_eval\\\\eval\\\\Quantum_Bvt_20251110\\\\bvtfiles\\\\A_brief_introduction_of_LP_liutao21_20220615.pptx\",\"priority\":6,\"score\":0.0,\"status\":\"ADDED\",\"tokenNum\":0,\"uriPath\":\"\"},{\"createTime\":\"2025-11-10T15:52:22.764\",\"description\":\"\",\"docName\":\"\",\"editTime\":\"2025-11-10T15:52:22.764\",\"errorDescription\":\"\",\"fileName\":\"Belfast-English.docx\",\"folder\":\"C:\\\\Users\\\\XiaoXinPro 16 IAH\\\\Desktop\\\\LRIA_llm_eval\\\\eval\\\\Quantum_Bvt_20251110\\\\bvtfiles\",\"id\":1987790422595997696,\"isDeleted\":0,\"isTmpFile\":false,\"labelNameList\":[],\"lastModifyTime\":\"2025-09-17T09:45:00\",\"md5\":\"3193e699ffa92db332ae31a9fb1d3cb4\",\"path\":\"C:\\\\Users\\\\XiaoXinPro 16 IAH\\\\Desktop\\\\LRIA_llm_eval\\\\eval\\\\Quantum_Bvt_20251110\\\\bvtfiles\\\\Belfast-English.docx\",\"priority\":7,\"score\":0.0,\"status\":\"ADDED\",\"tokenNum\":0,\"uriPath\":\"\"},{\"createTime\":\"2025-11-10T15:52:22.784\",\"description\":\"\",\"docName\":\"\",\"editTime\":\"2025-11-10T15:52:22.784\",\"errorDescription\":\"\",\"fileName\":\"British-Food-Culture.doc\",\"folder\":\"C:\\\\Users\\\\XiaoXinPro 16 IAH\\\\Desktop\\\\LRIA_llm_eval\\\\eval\\\\Quantum_Bvt_20251110\\\\bvtfiles\",\"id\":1987790422679883776,\"isDeleted\":0,\"isTmpFile\":false,\"labelNameList\":[],\"lastModifyTime\":\"2025-09-17T09:45:00\",\"md5\":\"435798f1c3377c7f5b71e18d733ca579\",\"path\":\"C:\\\\Users\\\\XiaoXinPro 16 IAH\\\\Desktop\\\\LRIA_llm_eval\\\\eval\\\\Quantum_Bvt_20251110\\\\bvtfiles\\\\British-Food-Culture.doc\",\"priority\":8,\"score\":0.0,\"status\":\"ADDED\",\"tokenNum\":0,\"uriPath\":\"\"},{\"createTime\":\"2025-11-10T15:52:22.803\",\"description\":\"\",\"docName\":\"\",\"editTime\":\"2025-11-10T15:52:22.803\",\"errorDescription\":\"\",\"fileName\":\"Netflix Becomes a Broadway Producer With Peter Morgan’s Patriots.txt\",\"folder\":\"C:\\\\Users\\\\XiaoXinPro 16 IAH\\\\Desktop\\\\LRIA_llm_eval\\\\eval\\\\Quantum_Bvt_20251110\\\\bvtfiles\",\"id\":1987790422759575552,\"isDeleted\":0,\"isTmpFile\":false,\"labelNameList\":[],\"lastModifyTime\":\"2025-09-17T09:46:00\",\"md5\":\"ab84c46eaa62a18048fb0241446da4ca\",\"path\":\"C:\\\\Users\\\\XiaoXinPro 16 IAH\\\\Desktop\\\\LRIA_llm_eval\\\\eval\\\\Quantum_Bvt_20251110\\\\bvtfiles\\\\Netflix Becomes a Broadway Producer With Peter Morgan’s Patriots.txt\",\"priority\":9,\"score\":0.0,\"status\":\"ADDED\",\"tokenNum\":0,\"uriPath\":\"\"}]"}}
2025-11-10 15:52:42,115 - INFO - 文档数量: 9
2025-11-10 15:52:42,115 - INFO - 第1个文档状态: ADDED
2025-11-10 15:52:42,115 - INFO - 第2个文档状态: ADDED
2025-11-10 15:52:42,115 - INFO - 第3个文档状态: ADDED
2025-11-10 15:52:42,115 - INFO - 第4个文档状态: ADDED
2025-11-10 15:52:42,115 - INFO - 第5个文档状态: ADDED
2025-11-10 15:52:42,116 - INFO - 第6个文档状态: ADDED
2025-11-10 15:52:42,116 - INFO - 第7个文档状态: ADDED
2025-11-10 15:52:42,116 - INFO - 第8个文档状态: ADDED
2025-11-10 15:52:42,116 - INFO - 第9个文档状态: ADDED
2025-11-10 15:52:42,116 - INFO - 仍有文档在处理中，第10次尝试...
2025-11-10 15:52:44,118 - DEBUG - Starting new HTTP connection (1): 127.0.0.1:35253
2025-11-10 15:52:44,122 - DEBUG - http://127.0.0.1:35253 "POST /upload HTTP/11" 200 20
2025-11-10 15:52:44,122 - INFO - 成功获取文档列表，upload_id: -1016610857702509599
2025-11-10 15:52:44,123 - INFO - 开始时间: 2025-11-10 15:52:44.122
2025-11-10 15:52:44,124 - DEBUG - Starting new HTTP connection (1): 127.0.0.1:35253
2025-11-10 15:52:44,129 - DEBUG - http://127.0.0.1:35253 "GET /query?fileData=-1016610857702509599 HTTP/11" 200 None
2025-11-10 15:52:44,240 - INFO - 响应时间: 0.12秒
2025-11-10 15:52:44,241 - INFO - 第11次尝试，获取到的result_text: {"jobId":13,"status":"complete","data":{"text":"[{\"createTime\":\"2025-11-10T15:52:22.597\",\"description\":\"\",\"docName\":\"\",\"editTime\":\"2025-11-10T15:52:22.597\",\"errorDescription\":\"\",\"fileName\":\"2403.19401.pdf\",\"folder\":\"C:\\\\Users\\\\XiaoXinPro 16 IAH\\\\Desktop\\\\LRIA_llm_eval\\\\eval\\\\Quantum_Bvt_20251110\\\\bvtfiles\",\"id\":1987790421895548928,\"isDeleted\":0,\"isTmpFile\":false,\"labelNameList\":[],\"lastModifyTime\":\"2025-09-17T09:45:00\",\"md5\":\"4ff6ba88616fcf7a71d1dca6c9adc14c\",\"path\":\"C:\\\\Users\\\\XiaoXinPro 16 IAH\\\\Desktop\\\\LRIA_llm_eval\\\\eval\\\\Quantum_Bvt_20251110\\\\bvtfiles\\\\2403.19401.pdf\",\"priority\":1,\"score\":0.0,\"status\":\"ADDED\",\"tokenNum\":0,\"uriPath\":\"\"},{\"createTime\":\"2025-11-10T15:52:22.630\",\"description\":\"\",\"docName\":\"\",\"editTime\":\"2025-11-10T15:52:22.630\",\"errorDescription\":\"\",\"fileName\":\"3nql1cs15r8aviz39pth2bpsr4zvy1.txt\",\"folder\":\"C:\\\\Users\\\\XiaoXinPro 16 IAH\\\\Desktop\\\\LRIA_llm_eval\\\\eval\\\\Quantum_Bvt_20251110\\\\bvtfiles\",\"id\":1987790422033960960,\"isDeleted\":0,\"isTmpFile\":false,\"labelNameList\":[],\"lastModifyTime\":\"2025-09-17T09:45:00\",\"md5\":\"da0c0f7162b267cca0de596df4c40c56\",\"path\":\"C:\\\\Users\\\\XiaoXinPro 16 IAH\\\\Desktop\\\\LRIA_llm_eval\\\\eval\\\\Quantum_Bvt_20251110\\\\bvtfiles\\\\3nql1cs15r8aviz39pth2bpsr4zvy1.txt\",\"priority\":2,\"score\":0.0,\"status\":\"ADDED\",\"tokenNum\":0,\"uriPath\":\"\"},{\"createTime\":\"2025-11-10T15:52:22.650\",\"description\":\"\",\"docName\":\"\",\"editTime\":\"2025-11-10T15:52:22.650\",\"errorDescription\":\"\",\"fileName\":\"3u84xhcdicdb6vqtlfud7syhj444z2.txt\",\"folder\":\"C:\\\\Users\\\\XiaoXinPro 16 IAH\\\\Desktop\\\\LRIA_llm_eval\\\\eval\\\\Quantum_Bvt_20251110\\\\bvtfiles\",\"id\":1987790422117847040,\"isDeleted\":0,\"isTmpFile\":false,\"labelNameList\":[],\"lastModifyTime\":\"2025-09-17T09:45:00\",\"md5\":\"a80f0ad4af9fd250a462680c85e6fbf0\",\"path\":\"C:\\\\Users\\\\XiaoXinPro 16 IAH\\\\Desktop\\\\LRIA_llm_eval\\\\eval\\\\Quantum_Bvt_20251110\\\\bvtfiles\\\\3u84xhcdicdb6vqtlfud7syhj444z2.txt\",\"priority\":3,\"score\":0.0,\"status\":\"ADDED\",\"tokenNum\":0,\"uriPath\":\"\"},{\"createTime\":\"2025-11-10T15:52:22.668\",\"description\":\"\",\"docName\":\"\",\"editTime\":\"2025-11-10T15:52:22.668\",\"errorDescription\":\"\",\"fileName\":\"3z3zlgnnsiuha76yy56h6uu71bh3q1.txt\",\"folder\":\"C:\\\\Users\\\\XiaoXinPro 16 IAH\\\\Desktop\\\\LRIA_llm_eval\\\\eval\\\\Quantum_Bvt_20251110\\\\bvtfiles\",\"id\":1987790422193344512,\"isDeleted\":0,\"isTmpFile\":false,\"labelNameList\":[],\"lastModifyTime\":\"2025-09-17T09:45:00\",\"md5\":\"bb28043dd606535bdcaf1ee30346b0f9\",\"path\":\"C:\\\\Users\\\\XiaoXinPro 16 IAH\\\\Desktop\\\\LRIA_llm_eval\\\\eval\\\\Quantum_Bvt_20251110\\\\bvtfiles\\\\3z3zlgnnsiuha76yy56h6uu71bh3q1.txt\",\"priority\":4,\"score\":0.0,\"status\":\"ADDED\",\"tokenNum\":0,\"uriPath\":\"\"},{\"createTime\":\"2025-11-10T15:52:22.688\",\"description\":\"\",\"docName\":\"\",\"editTime\":\"2025-11-10T15:52:22.688\",\"errorDescription\":\"\",\"fileName\":\"AI_Face_Test_Set_Collection_Method_Design.pptx\",\"folder\":\"C:\\\\Users\\\\XiaoXinPro 16 IAH\\\\Desktop\\\\LRIA_llm_eval\\\\eval\\\\Quantum_Bvt_20251110\\\\bvtfiles\",\"id\":1987790422277230592,\"isDeleted\":0,\"isTmpFile\":false,\"labelNameList\":[],\"lastModifyTime\":\"2025-09-17T09:46:00\",\"md5\":\"b0f396e7936e0f6192cd880927e8e74b\",\"path\":\"C:\\\\Users\\\\XiaoXinPro 16 IAH\\\\Desktop\\\\LRIA_llm_eval\\\\eval\\\\Quantum_Bvt_20251110\\\\bvtfiles\\\\AI_Face_Test_Set_Collection_Method_Design.pptx\",\"priority\":5,\"score\":0.0,\"status\":\"ADDED\",\"tokenNum\":0,\"uriPath\":\"\"},{\"createTime\":\"2025-11-10T15:52:22.707\",\"description\":\"\",\"docName\":\"\",\"editTime\":\"2025-11-10T15:52:22.707\",\"errorDescription\":\"\",\"fileName\":\"A_brief_introduction_of_LP_liutao21_20220615.pptx\",\"folder\":\"C:\\\\Users\\\\XiaoXinPro 16 IAH\\\\Desktop\\\\LRIA_llm_eval\\\\eval\\\\Quantum_Bvt_20251110\\\\bvtfiles\",\"id\":1987790422356922368,\"isDeleted\":0,\"isTmpFile\":false,\"labelNameList\":[],\"lastModifyTime\":\"2025-09-17T09:46:00\",\"md5\":\"0dbb2532524843af54fb3388b7bf3381\",\"path\":\"C:\\\\Users\\\\XiaoXinPro 16 IAH\\\\Desktop\\\\LRIA_llm_eval\\\\eval\\\\Quantum_Bvt_20251110\\\\bvtfiles\\\\A_brief_introduction_of_LP_liutao21_20220615.pptx\",\"priority\":6,\"score\":0.0,\"status\":\"ADDED\",\"tokenNum\":0,\"uriPath\":\"\"},{\"createTime\":\"2025-11-10T15:52:22.764\",\"description\":\"\",\"docName\":\"\",\"editTime\":\"2025-11-10T15:52:22.764\",\"errorDescription\":\"\",\"fileName\":\"Belfast-English.docx\",\"folder\":\"C:\\\\Users\\\\XiaoXinPro 16 IAH\\\\Desktop\\\\LRIA_llm_eval\\\\eval\\\\Quantum_Bvt_20251110\\\\bvtfiles\",\"id\":1987790422595997696,\"isDeleted\":0,\"isTmpFile\":false,\"labelNameList\":[],\"lastModifyTime\":\"2025-09-17T09:45:00\",\"md5\":\"3193e699ffa92db332ae31a9fb1d3cb4\",\"path\":\"C:\\\\Users\\\\XiaoXinPro 16 IAH\\\\Desktop\\\\LRIA_llm_eval\\\\eval\\\\Quantum_Bvt_20251110\\\\bvtfiles\\\\Belfast-English.docx\",\"priority\":7,\"score\":0.0,\"status\":\"ADDED\",\"tokenNum\":0,\"uriPath\":\"\"},{\"createTime\":\"2025-11-10T15:52:22.784\",\"description\":\"\",\"docName\":\"\",\"editTime\":\"2025-11-10T15:52:22.784\",\"errorDescription\":\"\",\"fileName\":\"British-Food-Culture.doc\",\"folder\":\"C:\\\\Users\\\\XiaoXinPro 16 IAH\\\\Desktop\\\\LRIA_llm_eval\\\\eval\\\\Quantum_Bvt_20251110\\\\bvtfiles\",\"id\":1987790422679883776,\"isDeleted\":0,\"isTmpFile\":false,\"labelNameList\":[],\"lastModifyTime\":\"2025-09-17T09:45:00\",\"md5\":\"435798f1c3377c7f5b71e18d733ca579\",\"path\":\"C:\\\\Users\\\\XiaoXinPro 16 IAH\\\\Desktop\\\\LRIA_llm_eval\\\\eval\\\\Quantum_Bvt_20251110\\\\bvtfiles\\\\British-Food-Culture.doc\",\"priority\":8,\"score\":0.0,\"status\":\"ADDED\",\"tokenNum\":0,\"uriPath\":\"\"},{\"createTime\":\"2025-11-10T15:52:22.803\",\"description\":\"\",\"docName\":\"\",\"editTime\":\"2025-11-10T15:52:22.803\",\"errorDescription\":\"\",\"fileName\":\"Netflix Becomes a Broadway Producer With Peter Morgan’s Patriots.txt\",\"folder\":\"C:\\\\Users\\\\XiaoXinPro 16 IAH\\\\Desktop\\\\LRIA_llm_eval\\\\eval\\\\Quantum_Bvt_20251110\\\\bvtfiles\",\"id\":1987790422759575552,\"isDeleted\":0,\"isTmpFile\":false,\"labelNameList\":[],\"lastModifyTime\":\"2025-09-17T09:46:00\",\"md5\":\"ab84c46eaa62a18048fb0241446da4ca\",\"path\":\"C:\\\\Users\\\\XiaoXinPro 16 IAH\\\\Desktop\\\\LRIA_llm_eval\\\\eval\\\\Quantum_Bvt_20251110\\\\bvtfiles\\\\Netflix Becomes a Broadway Producer With Peter Morgan’s Patriots.txt\",\"priority\":9,\"score\":0.0,\"status\":\"ADDED\",\"tokenNum\":0,\"uriPath\":\"\"}]"}}
2025-11-10 15:52:44,241 - INFO - 文档数量: 9
2025-11-10 15:52:44,241 - INFO - 第1个文档状态: ADDED
2025-11-10 15:52:44,241 - INFO - 第2个文档状态: ADDED
2025-11-10 15:52:44,242 - INFO - 第3个文档状态: ADDED
2025-11-10 15:52:44,242 - INFO - 第4个文档状态: ADDED
2025-11-10 15:52:44,242 - INFO - 第5个文档状态: ADDED
2025-11-10 15:52:44,242 - INFO - 第6个文档状态: ADDED
2025-11-10 15:52:44,242 - INFO - 第7个文档状态: ADDED
2025-11-10 15:52:44,242 - INFO - 第8个文档状态: ADDED
2025-11-10 15:52:44,242 - INFO - 第9个文档状态: ADDED
2025-11-10 15:52:44,242 - INFO - 仍有文档在处理中，第11次尝试...
2025-11-10 15:52:46,243 - DEBUG - Starting new HTTP connection (1): 127.0.0.1:35253
2025-11-10 15:52:46,246 - DEBUG - http://127.0.0.1:35253 "POST /upload HTTP/11" 200 19
2025-11-10 15:52:46,247 - INFO - 成功获取文档列表，upload_id: 9190631455049347363
2025-11-10 15:52:46,247 - INFO - 开始时间: 2025-11-10 15:52:46.247
2025-11-10 15:52:46,248 - DEBUG - Starting new HTTP connection (1): 127.0.0.1:35253
2025-11-10 15:52:46,253 - DEBUG - http://127.0.0.1:35253 "GET /query?fileData=9190631455049347363 HTTP/11" 200 None
2025-11-10 15:52:46,349 - INFO - 响应时间: 0.10秒
2025-11-10 15:52:46,350 - INFO - 第12次尝试，获取到的result_text: {"jobId":14,"status":"complete","data":{"text":"[{\"createTime\":\"2025-11-10T15:52:22.597\",\"description\":\"\",\"docName\":\"\",\"editTime\":\"2025-11-10T15:52:22.597\",\"errorDescription\":\"\",\"fileName\":\"2403.19401.pdf\",\"folder\":\"C:\\\\Users\\\\XiaoXinPro 16 IAH\\\\Desktop\\\\LRIA_llm_eval\\\\eval\\\\Quantum_Bvt_20251110\\\\bvtfiles\",\"id\":1987790421895548928,\"isDeleted\":0,\"isTmpFile\":false,\"labelNameList\":[],\"lastModifyTime\":\"2025-09-17T09:45:00\",\"md5\":\"4ff6ba88616fcf7a71d1dca6c9adc14c\",\"path\":\"C:\\\\Users\\\\XiaoXinPro 16 IAH\\\\Desktop\\\\LRIA_llm_eval\\\\eval\\\\Quantum_Bvt_20251110\\\\bvtfiles\\\\2403.19401.pdf\",\"priority\":1,\"score\":0.0,\"status\":\"ADDED\",\"tokenNum\":0,\"uriPath\":\"\"},{\"createTime\":\"2025-11-10T15:52:22.630\",\"description\":\"\",\"docName\":\"\",\"editTime\":\"2025-11-10T15:52:22.630\",\"errorDescription\":\"\",\"fileName\":\"3nql1cs15r8aviz39pth2bpsr4zvy1.txt\",\"folder\":\"C:\\\\Users\\\\XiaoXinPro 16 IAH\\\\Desktop\\\\LRIA_llm_eval\\\\eval\\\\Quantum_Bvt_20251110\\\\bvtfiles\",\"id\":1987790422033960960,\"isDeleted\":0,\"isTmpFile\":false,\"labelNameList\":[],\"lastModifyTime\":\"2025-09-17T09:45:00\",\"md5\":\"da0c0f7162b267cca0de596df4c40c56\",\"path\":\"C:\\\\Users\\\\XiaoXinPro 16 IAH\\\\Desktop\\\\LRIA_llm_eval\\\\eval\\\\Quantum_Bvt_20251110\\\\bvtfiles\\\\3nql1cs15r8aviz39pth2bpsr4zvy1.txt\",\"priority\":2,\"score\":0.0,\"status\":\"ADDED\",\"tokenNum\":0,\"uriPath\":\"\"},{\"createTime\":\"2025-11-10T15:52:22.650\",\"description\":\"\",\"docName\":\"\",\"editTime\":\"2025-11-10T15:52:22.650\",\"errorDescription\":\"\",\"fileName\":\"3u84xhcdicdb6vqtlfud7syhj444z2.txt\",\"folder\":\"C:\\\\Users\\\\XiaoXinPro 16 IAH\\\\Desktop\\\\LRIA_llm_eval\\\\eval\\\\Quantum_Bvt_20251110\\\\bvtfiles\",\"id\":1987790422117847040,\"isDeleted\":0,\"isTmpFile\":false,\"labelNameList\":[],\"lastModifyTime\":\"2025-09-17T09:45:00\",\"md5\":\"a80f0ad4af9fd250a462680c85e6fbf0\",\"path\":\"C:\\\\Users\\\\XiaoXinPro 16 IAH\\\\Desktop\\\\LRIA_llm_eval\\\\eval\\\\Quantum_Bvt_20251110\\\\bvtfiles\\\\3u84xhcdicdb6vqtlfud7syhj444z2.txt\",\"priority\":3,\"score\":0.0,\"status\":\"ADDED\",\"tokenNum\":0,\"uriPath\":\"\"},{\"createTime\":\"2025-11-10T15:52:22.668\",\"description\":\"\",\"docName\":\"\",\"editTime\":\"2025-11-10T15:52:22.668\",\"errorDescription\":\"\",\"fileName\":\"3z3zlgnnsiuha76yy56h6uu71bh3q1.txt\",\"folder\":\"C:\\\\Users\\\\XiaoXinPro 16 IAH\\\\Desktop\\\\LRIA_llm_eval\\\\eval\\\\Quantum_Bvt_20251110\\\\bvtfiles\",\"id\":1987790422193344512,\"isDeleted\":0,\"isTmpFile\":false,\"labelNameList\":[],\"lastModifyTime\":\"2025-09-17T09:45:00\",\"md5\":\"bb28043dd606535bdcaf1ee30346b0f9\",\"path\":\"C:\\\\Users\\\\XiaoXinPro 16 IAH\\\\Desktop\\\\LRIA_llm_eval\\\\eval\\\\Quantum_Bvt_20251110\\\\bvtfiles\\\\3z3zlgnnsiuha76yy56h6uu71bh3q1.txt\",\"priority\":4,\"score\":0.0,\"status\":\"ADDED\",\"tokenNum\":0,\"uriPath\":\"\"},{\"createTime\":\"2025-11-10T15:52:22.688\",\"description\":\"\",\"docName\":\"\",\"editTime\":\"2025-11-10T15:52:22.688\",\"errorDescription\":\"\",\"fileName\":\"AI_Face_Test_Set_Collection_Method_Design.pptx\",\"folder\":\"C:\\\\Users\\\\XiaoXinPro 16 IAH\\\\Desktop\\\\LRIA_llm_eval\\\\eval\\\\Quantum_Bvt_20251110\\\\bvtfiles\",\"id\":1987790422277230592,\"isDeleted\":0,\"isTmpFile\":false,\"labelNameList\":[],\"lastModifyTime\":\"2025-09-17T09:46:00\",\"md5\":\"b0f396e7936e0f6192cd880927e8e74b\",\"path\":\"C:\\\\Users\\\\XiaoXinPro 16 IAH\\\\Desktop\\\\LRIA_llm_eval\\\\eval\\\\Quantum_Bvt_20251110\\\\bvtfiles\\\\AI_Face_Test_Set_Collection_Method_Design.pptx\",\"priority\":5,\"score\":0.0,\"status\":\"ADDED\",\"tokenNum\":0,\"uriPath\":\"\"},{\"createTime\":\"2025-11-10T15:52:22.707\",\"description\":\"\",\"docName\":\"\",\"editTime\":\"2025-11-10T15:52:22.707\",\"errorDescription\":\"\",\"fileName\":\"A_brief_introduction_of_LP_liutao21_20220615.pptx\",\"folder\":\"C:\\\\Users\\\\XiaoXinPro 16 IAH\\\\Desktop\\\\LRIA_llm_eval\\\\eval\\\\Quantum_Bvt_20251110\\\\bvtfiles\",\"id\":1987790422356922368,\"isDeleted\":0,\"isTmpFile\":false,\"labelNameList\":[],\"lastModifyTime\":\"2025-09-17T09:46:00\",\"md5\":\"0dbb2532524843af54fb3388b7bf3381\",\"path\":\"C:\\\\Users\\\\XiaoXinPro 16 IAH\\\\Desktop\\\\LRIA_llm_eval\\\\eval\\\\Quantum_Bvt_20251110\\\\bvtfiles\\\\A_brief_introduction_of_LP_liutao21_20220615.pptx\",\"priority\":6,\"score\":0.0,\"status\":\"ADDED\",\"tokenNum\":0,\"uriPath\":\"\"},{\"createTime\":\"2025-11-10T15:52:22.764\",\"description\":\"\",\"docName\":\"\",\"editTime\":\"2025-11-10T15:52:22.764\",\"errorDescription\":\"\",\"fileName\":\"Belfast-English.docx\",\"folder\":\"C:\\\\Users\\\\XiaoXinPro 16 IAH\\\\Desktop\\\\LRIA_llm_eval\\\\eval\\\\Quantum_Bvt_20251110\\\\bvtfiles\",\"id\":1987790422595997696,\"isDeleted\":0,\"isTmpFile\":false,\"labelNameList\":[],\"lastModifyTime\":\"2025-09-17T09:45:00\",\"md5\":\"3193e699ffa92db332ae31a9fb1d3cb4\",\"path\":\"C:\\\\Users\\\\XiaoXinPro 16 IAH\\\\Desktop\\\\LRIA_llm_eval\\\\eval\\\\Quantum_Bvt_20251110\\\\bvtfiles\\\\Belfast-English.docx\",\"priority\":7,\"score\":0.0,\"status\":\"ADDED\",\"tokenNum\":0,\"uriPath\":\"\"},{\"createTime\":\"2025-11-10T15:52:22.784\",\"description\":\"\",\"docName\":\"\",\"editTime\":\"2025-11-10T15:52:22.784\",\"errorDescription\":\"\",\"fileName\":\"British-Food-Culture.doc\",\"folder\":\"C:\\\\Users\\\\XiaoXinPro 16 IAH\\\\Desktop\\\\LRIA_llm_eval\\\\eval\\\\Quantum_Bvt_20251110\\\\bvtfiles\",\"id\":1987790422679883776,\"isDeleted\":0,\"isTmpFile\":false,\"labelNameList\":[],\"lastModifyTime\":\"2025-09-17T09:45:00\",\"md5\":\"435798f1c3377c7f5b71e18d733ca579\",\"path\":\"C:\\\\Users\\\\XiaoXinPro 16 IAH\\\\Desktop\\\\LRIA_llm_eval\\\\eval\\\\Quantum_Bvt_20251110\\\\bvtfiles\\\\British-Food-Culture.doc\",\"priority\":8,\"score\":0.0,\"status\":\"ADDED\",\"tokenNum\":0,\"uriPath\":\"\"},{\"createTime\":\"2025-11-10T15:52:22.803\",\"description\":\"\",\"docName\":\"\",\"editTime\":\"2025-11-10T15:52:22.803\",\"errorDescription\":\"\",\"fileName\":\"Netflix Becomes a Broadway Producer With Peter Morgan’s Patriots.txt\",\"folder\":\"C:\\\\Users\\\\XiaoXinPro 16 IAH\\\\Desktop\\\\LRIA_llm_eval\\\\eval\\\\Quantum_Bvt_20251110\\\\bvtfiles\",\"id\":1987790422759575552,\"isDeleted\":0,\"isTmpFile\":false,\"labelNameList\":[],\"lastModifyTime\":\"2025-09-17T09:46:00\",\"md5\":\"ab84c46eaa62a18048fb0241446da4ca\",\"path\":\"C:\\\\Users\\\\XiaoXinPro 16 IAH\\\\Desktop\\\\LRIA_llm_eval\\\\eval\\\\Quantum_Bvt_20251110\\\\bvtfiles\\\\Netflix Becomes a Broadway Producer With Peter Morgan’s Patriots.txt\",\"priority\":9,\"score\":0.0,\"status\":\"ADDED\",\"tokenNum\":0,\"uriPath\":\"\"}]"}}
2025-11-10 15:52:46,350 - INFO - 文档数量: 9
2025-11-10 15:52:46,350 - INFO - 第1个文档状态: ADDED
2025-11-10 15:52:46,350 - INFO - 第2个文档状态: ADDED
2025-11-10 15:52:46,351 - INFO - 第3个文档状态: ADDED
2025-11-10 15:52:46,351 - INFO - 第4个文档状态: ADDED
2025-11-10 15:52:46,351 - INFO - 第5个文档状态: ADDED
2025-11-10 15:52:46,351 - INFO - 第6个文档状态: ADDED
2025-11-10 15:52:46,351 - INFO - 第7个文档状态: ADDED
2025-11-10 15:52:46,351 - INFO - 第8个文档状态: ADDED
2025-11-10 15:52:46,351 - INFO - 第9个文档状态: ADDED
2025-11-10 15:52:46,351 - INFO - 仍有文档在处理中，第12次尝试...
2025-11-10 15:52:48,353 - DEBUG - Starting new HTTP connection (1): 127.0.0.1:35253
2025-11-10 15:52:48,355 - DEBUG - http://127.0.0.1:35253 "POST /upload HTTP/11" 200 18
2025-11-10 15:52:48,357 - INFO - 成功获取文档列表，upload_id: -68155916966044918
2025-11-10 15:52:48,357 - INFO - 开始时间: 2025-11-10 15:52:48.357
2025-11-10 15:52:48,357 - DEBUG - Starting new HTTP connection (1): 127.0.0.1:35253
2025-11-10 15:52:48,360 - DEBUG - http://127.0.0.1:35253 "GET /query?fileData=-68155916966044918 HTTP/11" 200 None
2025-11-10 15:52:48,491 - INFO - 响应时间: 0.13秒
2025-11-10 15:52:48,491 - INFO - 第13次尝试，获取到的result_text: {"jobId":15,"status":"complete","data":{"text":"[{\"createTime\":\"2025-11-10T15:52:22.597\",\"description\":\"\",\"docName\":\"\",\"editTime\":\"2025-11-10T15:52:22.597\",\"errorDescription\":\"\",\"fileName\":\"2403.19401.pdf\",\"folder\":\"C:\\\\Users\\\\XiaoXinPro 16 IAH\\\\Desktop\\\\LRIA_llm_eval\\\\eval\\\\Quantum_Bvt_20251110\\\\bvtfiles\",\"id\":1987790421895548928,\"isDeleted\":0,\"isTmpFile\":false,\"labelNameList\":[],\"lastModifyTime\":\"2025-09-17T09:45:00\",\"md5\":\"4ff6ba88616fcf7a71d1dca6c9adc14c\",\"path\":\"C:\\\\Users\\\\XiaoXinPro 16 IAH\\\\Desktop\\\\LRIA_llm_eval\\\\eval\\\\Quantum_Bvt_20251110\\\\bvtfiles\\\\2403.19401.pdf\",\"priority\":1,\"score\":0.0,\"status\":\"ADDED\",\"tokenNum\":0,\"uriPath\":\"\"},{\"createTime\":\"2025-11-10T15:52:22.630\",\"description\":\"\",\"docName\":\"\",\"editTime\":\"2025-11-10T15:52:22.630\",\"errorDescription\":\"\",\"fileName\":\"3nql1cs15r8aviz39pth2bpsr4zvy1.txt\",\"folder\":\"C:\\\\Users\\\\XiaoXinPro 16 IAH\\\\Desktop\\\\LRIA_llm_eval\\\\eval\\\\Quantum_Bvt_20251110\\\\bvtfiles\",\"id\":1987790422033960960,\"isDeleted\":0,\"isTmpFile\":false,\"labelNameList\":[],\"lastModifyTime\":\"2025-09-17T09:45:00\",\"md5\":\"da0c0f7162b267cca0de596df4c40c56\",\"path\":\"C:\\\\Users\\\\XiaoXinPro 16 IAH\\\\Desktop\\\\LRIA_llm_eval\\\\eval\\\\Quantum_Bvt_20251110\\\\bvtfiles\\\\3nql1cs15r8aviz39pth2bpsr4zvy1.txt\",\"priority\":2,\"score\":0.0,\"status\":\"ADDED\",\"tokenNum\":0,\"uriPath\":\"\"},{\"createTime\":\"2025-11-10T15:52:22.650\",\"description\":\"\",\"docName\":\"\",\"editTime\":\"2025-11-10T15:52:22.650\",\"errorDescription\":\"\",\"fileName\":\"3u84xhcdicdb6vqtlfud7syhj444z2.txt\",\"folder\":\"C:\\\\Users\\\\XiaoXinPro 16 IAH\\\\Desktop\\\\LRIA_llm_eval\\\\eval\\\\Quantum_Bvt_20251110\\\\bvtfiles\",\"id\":1987790422117847040,\"isDeleted\":0,\"isTmpFile\":false,\"labelNameList\":[],\"lastModifyTime\":\"2025-09-17T09:45:00\",\"md5\":\"a80f0ad4af9fd250a462680c85e6fbf0\",\"path\":\"C:\\\\Users\\\\XiaoXinPro 16 IAH\\\\Desktop\\\\LRIA_llm_eval\\\\eval\\\\Quantum_Bvt_20251110\\\\bvtfiles\\\\3u84xhcdicdb6vqtlfud7syhj444z2.txt\",\"priority\":3,\"score\":0.0,\"status\":\"ADDED\",\"tokenNum\":0,\"uriPath\":\"\"},{\"createTime\":\"2025-11-10T15:52:22.668\",\"description\":\"\",\"docName\":\"\",\"editTime\":\"2025-11-10T15:52:22.668\",\"errorDescription\":\"\",\"fileName\":\"3z3zlgnnsiuha76yy56h6uu71bh3q1.txt\",\"folder\":\"C:\\\\Users\\\\XiaoXinPro 16 IAH\\\\Desktop\\\\LRIA_llm_eval\\\\eval\\\\Quantum_Bvt_20251110\\\\bvtfiles\",\"id\":1987790422193344512,\"isDeleted\":0,\"isTmpFile\":false,\"labelNameList\":[],\"lastModifyTime\":\"2025-09-17T09:45:00\",\"md5\":\"bb28043dd606535bdcaf1ee30346b0f9\",\"path\":\"C:\\\\Users\\\\XiaoXinPro 16 IAH\\\\Desktop\\\\LRIA_llm_eval\\\\eval\\\\Quantum_Bvt_20251110\\\\bvtfiles\\\\3z3zlgnnsiuha76yy56h6uu71bh3q1.txt\",\"priority\":4,\"score\":0.0,\"status\":\"ADDED\",\"tokenNum\":0,\"uriPath\":\"\"},{\"createTime\":\"2025-11-10T15:52:22.688\",\"description\":\"\",\"docName\":\"\",\"editTime\":\"2025-11-10T15:52:22.688\",\"errorDescription\":\"\",\"fileName\":\"AI_Face_Test_Set_Collection_Method_Design.pptx\",\"folder\":\"C:\\\\Users\\\\XiaoXinPro 16 IAH\\\\Desktop\\\\LRIA_llm_eval\\\\eval\\\\Quantum_Bvt_20251110\\\\bvtfiles\",\"id\":1987790422277230592,\"isDeleted\":0,\"isTmpFile\":false,\"labelNameList\":[],\"lastModifyTime\":\"2025-09-17T09:46:00\",\"md5\":\"b0f396e7936e0f6192cd880927e8e74b\",\"path\":\"C:\\\\Users\\\\XiaoXinPro 16 IAH\\\\Desktop\\\\LRIA_llm_eval\\\\eval\\\\Quantum_Bvt_20251110\\\\bvtfiles\\\\AI_Face_Test_Set_Collection_Method_Design.pptx\",\"priority\":5,\"score\":0.0,\"status\":\"ADDED\",\"tokenNum\":0,\"uriPath\":\"\"},{\"createTime\":\"2025-11-10T15:52:22.707\",\"description\":\"\",\"docName\":\"\",\"editTime\":\"2025-11-10T15:52:22.707\",\"errorDescription\":\"\",\"fileName\":\"A_brief_introduction_of_LP_liutao21_20220615.pptx\",\"folder\":\"C:\\\\Users\\\\XiaoXinPro 16 IAH\\\\Desktop\\\\LRIA_llm_eval\\\\eval\\\\Quantum_Bvt_20251110\\\\bvtfiles\",\"id\":1987790422356922368,\"isDeleted\":0,\"isTmpFile\":false,\"labelNameList\":[],\"lastModifyTime\":\"2025-09-17T09:46:00\",\"md5\":\"0dbb2532524843af54fb3388b7bf3381\",\"path\":\"C:\\\\Users\\\\XiaoXinPro 16 IAH\\\\Desktop\\\\LRIA_llm_eval\\\\eval\\\\Quantum_Bvt_20251110\\\\bvtfiles\\\\A_brief_introduction_of_LP_liutao21_20220615.pptx\",\"priority\":6,\"score\":0.0,\"status\":\"ADDED\",\"tokenNum\":0,\"uriPath\":\"\"},{\"createTime\":\"2025-11-10T15:52:22.764\",\"description\":\"\",\"docName\":\"\",\"editTime\":\"2025-11-10T15:52:22.764\",\"errorDescription\":\"\",\"fileName\":\"Belfast-English.docx\",\"folder\":\"C:\\\\Users\\\\XiaoXinPro 16 IAH\\\\Desktop\\\\LRIA_llm_eval\\\\eval\\\\Quantum_Bvt_20251110\\\\bvtfiles\",\"id\":1987790422595997696,\"isDeleted\":0,\"isTmpFile\":false,\"labelNameList\":[],\"lastModifyTime\":\"2025-09-17T09:45:00\",\"md5\":\"3193e699ffa92db332ae31a9fb1d3cb4\",\"path\":\"C:\\\\Users\\\\XiaoXinPro 16 IAH\\\\Desktop\\\\LRIA_llm_eval\\\\eval\\\\Quantum_Bvt_20251110\\\\bvtfiles\\\\Belfast-English.docx\",\"priority\":7,\"score\":0.0,\"status\":\"ADDED\",\"tokenNum\":0,\"uriPath\":\"\"},{\"createTime\":\"2025-11-10T15:52:22.784\",\"description\":\"\",\"docName\":\"\",\"editTime\":\"2025-11-10T15:52:22.784\",\"errorDescription\":\"\",\"fileName\":\"British-Food-Culture.doc\",\"folder\":\"C:\\\\Users\\\\XiaoXinPro 16 IAH\\\\Desktop\\\\LRIA_llm_eval\\\\eval\\\\Quantum_Bvt_20251110\\\\bvtfiles\",\"id\":1987790422679883776,\"isDeleted\":0,\"isTmpFile\":false,\"labelNameList\":[],\"lastModifyTime\":\"2025-09-17T09:45:00\",\"md5\":\"435798f1c3377c7f5b71e18d733ca579\",\"path\":\"C:\\\\Users\\\\XiaoXinPro 16 IAH\\\\Desktop\\\\LRIA_llm_eval\\\\eval\\\\Quantum_Bvt_20251110\\\\bvtfiles\\\\British-Food-Culture.doc\",\"priority\":8,\"score\":0.0,\"status\":\"ADDED\",\"tokenNum\":0,\"uriPath\":\"\"},{\"createTime\":\"2025-11-10T15:52:22.803\",\"description\":\"\",\"docName\":\"\",\"editTime\":\"2025-11-10T15:52:22.803\",\"errorDescription\":\"\",\"fileName\":\"Netflix Becomes a Broadway Producer With Peter Morgan’s Patriots.txt\",\"folder\":\"C:\\\\Users\\\\XiaoXinPro 16 IAH\\\\Desktop\\\\LRIA_llm_eval\\\\eval\\\\Quantum_Bvt_20251110\\\\bvtfiles\",\"id\":1987790422759575552,\"isDeleted\":0,\"isTmpFile\":false,\"labelNameList\":[],\"lastModifyTime\":\"2025-09-17T09:46:00\",\"md5\":\"ab84c46eaa62a18048fb0241446da4ca\",\"path\":\"C:\\\\Users\\\\XiaoXinPro 16 IAH\\\\Desktop\\\\LRIA_llm_eval\\\\eval\\\\Quantum_Bvt_20251110\\\\bvtfiles\\\\Netflix Becomes a Broadway Producer With Peter Morgan’s Patriots.txt\",\"priority\":9,\"score\":0.0,\"status\":\"ADDED\",\"tokenNum\":0,\"uriPath\":\"\"}]"}}
2025-11-10 15:52:48,491 - INFO - 文档数量: 9
2025-11-10 15:52:48,492 - INFO - 第1个文档状态: ADDED
2025-11-10 15:52:48,492 - INFO - 第2个文档状态: ADDED
2025-11-10 15:52:48,492 - INFO - 第3个文档状态: ADDED
2025-11-10 15:52:48,492 - INFO - 第4个文档状态: ADDED
2025-11-10 15:52:48,492 - INFO - 第5个文档状态: ADDED
2025-11-10 15:52:48,493 - INFO - 第6个文档状态: ADDED
2025-11-10 15:52:48,493 - INFO - 第7个文档状态: ADDED
2025-11-10 15:52:48,493 - INFO - 第8个文档状态: ADDED
2025-11-10 15:52:48,493 - INFO - 第9个文档状态: ADDED
2025-11-10 15:52:48,493 - INFO - 仍有文档在处理中，第13次尝试...
2025-11-10 15:52:50,495 - DEBUG - Starting new HTTP connection (1): 127.0.0.1:35253
2025-11-10 15:52:50,498 - DEBUG - http://127.0.0.1:35253 "POST /upload HTTP/11" 200 19
2025-11-10 15:52:50,499 - INFO - 成功获取文档列表，upload_id: 4198655406027377979
2025-11-10 15:52:50,499 - INFO - 开始时间: 2025-11-10 15:52:50.499
2025-11-10 15:52:50,500 - DEBUG - Starting new HTTP connection (1): 127.0.0.1:35253
2025-11-10 15:52:50,531 - DEBUG - http://127.0.0.1:35253 "GET /query?fileData=4198655406027377979 HTTP/11" 200 None
2025-11-10 15:52:50,616 - INFO - 响应时间: 0.12秒
2025-11-10 15:52:50,616 - INFO - 第14次尝试，获取到的result_text: {"jobId":16,"status":"complete","data":{"text":"[{\"createTime\":\"2025-11-10T15:52:22.597\",\"description\":\"\",\"docName\":\"\",\"editTime\":\"2025-11-10T15:52:22.597\",\"errorDescription\":\"\",\"fileName\":\"2403.19401.pdf\",\"folder\":\"C:\\\\Users\\\\XiaoXinPro 16 IAH\\\\Desktop\\\\LRIA_llm_eval\\\\eval\\\\Quantum_Bvt_20251110\\\\bvtfiles\",\"id\":1987790421895548928,\"isDeleted\":0,\"isTmpFile\":false,\"labelNameList\":[],\"lastModifyTime\":\"2025-09-17T09:45:00\",\"md5\":\"4ff6ba88616fcf7a71d1dca6c9adc14c\",\"path\":\"C:\\\\Users\\\\XiaoXinPro 16 IAH\\\\Desktop\\\\LRIA_llm_eval\\\\eval\\\\Quantum_Bvt_20251110\\\\bvtfiles\\\\2403.19401.pdf\",\"priority\":1,\"score\":0.0,\"status\":\"ADDED\",\"tokenNum\":0,\"uriPath\":\"\"},{\"createTime\":\"2025-11-10T15:52:22.630\",\"description\":\"\",\"docName\":\"\",\"editTime\":\"2025-11-10T15:52:22.630\",\"errorDescription\":\"\",\"fileName\":\"3nql1cs15r8aviz39pth2bpsr4zvy1.txt\",\"folder\":\"C:\\\\Users\\\\XiaoXinPro 16 IAH\\\\Desktop\\\\LRIA_llm_eval\\\\eval\\\\Quantum_Bvt_20251110\\\\bvtfiles\",\"id\":1987790422033960960,\"isDeleted\":0,\"isTmpFile\":false,\"labelNameList\":[],\"lastModifyTime\":\"2025-09-17T09:45:00\",\"md5\":\"da0c0f7162b267cca0de596df4c40c56\",\"path\":\"C:\\\\Users\\\\XiaoXinPro 16 IAH\\\\Desktop\\\\LRIA_llm_eval\\\\eval\\\\Quantum_Bvt_20251110\\\\bvtfiles\\\\3nql1cs15r8aviz39pth2bpsr4zvy1.txt\",\"priority\":2,\"score\":0.0,\"status\":\"ADDED\",\"tokenNum\":0,\"uriPath\":\"\"},{\"createTime\":\"2025-11-10T15:52:22.650\",\"description\":\"\",\"docName\":\"\",\"editTime\":\"2025-11-10T15:52:22.650\",\"errorDescription\":\"\",\"fileName\":\"3u84xhcdicdb6vqtlfud7syhj444z2.txt\",\"folder\":\"C:\\\\Users\\\\XiaoXinPro 16 IAH\\\\Desktop\\\\LRIA_llm_eval\\\\eval\\\\Quantum_Bvt_20251110\\\\bvtfiles\",\"id\":1987790422117847040,\"isDeleted\":0,\"isTmpFile\":false,\"labelNameList\":[],\"lastModifyTime\":\"2025-09-17T09:45:00\",\"md5\":\"a80f0ad4af9fd250a462680c85e6fbf0\",\"path\":\"C:\\\\Users\\\\XiaoXinPro 16 IAH\\\\Desktop\\\\LRIA_llm_eval\\\\eval\\\\Quantum_Bvt_20251110\\\\bvtfiles\\\\3u84xhcdicdb6vqtlfud7syhj444z2.txt\",\"priority\":3,\"score\":0.0,\"status\":\"ADDED\",\"tokenNum\":0,\"uriPath\":\"\"},{\"createTime\":\"2025-11-10T15:52:22.668\",\"description\":\"\",\"docName\":\"\",\"editTime\":\"2025-11-10T15:52:22.668\",\"errorDescription\":\"\",\"fileName\":\"3z3zlgnnsiuha76yy56h6uu71bh3q1.txt\",\"folder\":\"C:\\\\Users\\\\XiaoXinPro 16 IAH\\\\Desktop\\\\LRIA_llm_eval\\\\eval\\\\Quantum_Bvt_20251110\\\\bvtfiles\",\"id\":1987790422193344512,\"isDeleted\":0,\"isTmpFile\":false,\"labelNameList\":[],\"lastModifyTime\":\"2025-09-17T09:45:00\",\"md5\":\"bb28043dd606535bdcaf1ee30346b0f9\",\"path\":\"C:\\\\Users\\\\XiaoXinPro 16 IAH\\\\Desktop\\\\LRIA_llm_eval\\\\eval\\\\Quantum_Bvt_20251110\\\\bvtfiles\\\\3z3zlgnnsiuha76yy56h6uu71bh3q1.txt\",\"priority\":4,\"score\":0.0,\"status\":\"ADDED\",\"tokenNum\":0,\"uriPath\":\"\"},{\"createTime\":\"2025-11-10T15:52:22.688\",\"description\":\"\",\"docName\":\"\",\"editTime\":\"2025-11-10T15:52:22.688\",\"errorDescription\":\"\",\"fileName\":\"AI_Face_Test_Set_Collection_Method_Design.pptx\",\"folder\":\"C:\\\\Users\\\\XiaoXinPro 16 IAH\\\\Desktop\\\\LRIA_llm_eval\\\\eval\\\\Quantum_Bvt_20251110\\\\bvtfiles\",\"id\":1987790422277230592,\"isDeleted\":0,\"isTmpFile\":false,\"labelNameList\":[],\"lastModifyTime\":\"2025-09-17T09:46:00\",\"md5\":\"b0f396e7936e0f6192cd880927e8e74b\",\"path\":\"C:\\\\Users\\\\XiaoXinPro 16 IAH\\\\Desktop\\\\LRIA_llm_eval\\\\eval\\\\Quantum_Bvt_20251110\\\\bvtfiles\\\\AI_Face_Test_Set_Collection_Method_Design.pptx\",\"priority\":5,\"score\":0.0,\"status\":\"ADDED\",\"tokenNum\":0,\"uriPath\":\"\"},{\"createTime\":\"2025-11-10T15:52:22.707\",\"description\":\"\",\"docName\":\"\",\"editTime\":\"2025-11-10T15:52:22.707\",\"errorDescription\":\"\",\"fileName\":\"A_brief_introduction_of_LP_liutao21_20220615.pptx\",\"folder\":\"C:\\\\Users\\\\XiaoXinPro 16 IAH\\\\Desktop\\\\LRIA_llm_eval\\\\eval\\\\Quantum_Bvt_20251110\\\\bvtfiles\",\"id\":1987790422356922368,\"isDeleted\":0,\"isTmpFile\":false,\"labelNameList\":[],\"lastModifyTime\":\"2025-09-17T09:46:00\",\"md5\":\"0dbb2532524843af54fb3388b7bf3381\",\"path\":\"C:\\\\Users\\\\XiaoXinPro 16 IAH\\\\Desktop\\\\LRIA_llm_eval\\\\eval\\\\Quantum_Bvt_20251110\\\\bvtfiles\\\\A_brief_introduction_of_LP_liutao21_20220615.pptx\",\"priority\":6,\"score\":0.0,\"status\":\"ADDED\",\"tokenNum\":0,\"uriPath\":\"\"},{\"createTime\":\"2025-11-10T15:52:22.764\",\"description\":\"\",\"docName\":\"\",\"editTime\":\"2025-11-10T15:52:22.764\",\"errorDescription\":\"\",\"fileName\":\"Belfast-English.docx\",\"folder\":\"C:\\\\Users\\\\XiaoXinPro 16 IAH\\\\Desktop\\\\LRIA_llm_eval\\\\eval\\\\Quantum_Bvt_20251110\\\\bvtfiles\",\"id\":1987790422595997696,\"isDeleted\":0,\"isTmpFile\":false,\"labelNameList\":[],\"lastModifyTime\":\"2025-09-17T09:45:00\",\"md5\":\"3193e699ffa92db332ae31a9fb1d3cb4\",\"path\":\"C:\\\\Users\\\\XiaoXinPro 16 IAH\\\\Desktop\\\\LRIA_llm_eval\\\\eval\\\\Quantum_Bvt_20251110\\\\bvtfiles\\\\Belfast-English.docx\",\"priority\":7,\"score\":0.0,\"status\":\"ADDED\",\"tokenNum\":0,\"uriPath\":\"\"},{\"createTime\":\"2025-11-10T15:52:22.784\",\"description\":\"\",\"docName\":\"\",\"editTime\":\"2025-11-10T15:52:22.784\",\"errorDescription\":\"\",\"fileName\":\"British-Food-Culture.doc\",\"folder\":\"C:\\\\Users\\\\XiaoXinPro 16 IAH\\\\Desktop\\\\LRIA_llm_eval\\\\eval\\\\Quantum_Bvt_20251110\\\\bvtfiles\",\"id\":1987790422679883776,\"isDeleted\":0,\"isTmpFile\":false,\"labelNameList\":[],\"lastModifyTime\":\"2025-09-17T09:45:00\",\"md5\":\"435798f1c3377c7f5b71e18d733ca579\",\"path\":\"C:\\\\Users\\\\XiaoXinPro 16 IAH\\\\Desktop\\\\LRIA_llm_eval\\\\eval\\\\Quantum_Bvt_20251110\\\\bvtfiles\\\\British-Food-Culture.doc\",\"priority\":8,\"score\":0.0,\"status\":\"ADDED\",\"tokenNum\":0,\"uriPath\":\"\"},{\"createTime\":\"2025-11-10T15:52:22.803\",\"description\":\"\",\"docName\":\"\",\"editTime\":\"2025-11-10T15:52:22.803\",\"errorDescription\":\"\",\"fileName\":\"Netflix Becomes a Broadway Producer With Peter Morgan’s Patriots.txt\",\"folder\":\"C:\\\\Users\\\\XiaoXinPro 16 IAH\\\\Desktop\\\\LRIA_llm_eval\\\\eval\\\\Quantum_Bvt_20251110\\\\bvtfiles\",\"id\":1987790422759575552,\"isDeleted\":0,\"isTmpFile\":false,\"labelNameList\":[],\"lastModifyTime\":\"2025-09-17T09:46:00\",\"md5\":\"ab84c46eaa62a18048fb0241446da4ca\",\"path\":\"C:\\\\Users\\\\XiaoXinPro 16 IAH\\\\Desktop\\\\LRIA_llm_eval\\\\eval\\\\Quantum_Bvt_20251110\\\\bvtfiles\\\\Netflix Becomes a Broadway Producer With Peter Morgan’s Patriots.txt\",\"priority\":9,\"score\":0.0,\"status\":\"ADDED\",\"tokenNum\":0,\"uriPath\":\"\"}]"}}
2025-11-10 15:52:50,616 - INFO - 文档数量: 9
2025-11-10 15:52:50,618 - INFO - 第1个文档状态: ADDED
2025-11-10 15:52:50,618 - INFO - 第2个文档状态: ADDED
2025-11-10 15:52:50,618 - INFO - 第3个文档状态: ADDED
2025-11-10 15:52:50,618 - INFO - 第4个文档状态: ADDED
2025-11-10 15:52:50,618 - INFO - 第5个文档状态: ADDED
2025-11-10 15:52:50,618 - INFO - 第6个文档状态: ADDED
2025-11-10 15:52:50,619 - INFO - 第7个文档状态: ADDED
2025-11-10 15:52:50,619 - INFO - 第8个文档状态: ADDED
2025-11-10 15:52:50,619 - INFO - 第9个文档状态: ADDED
2025-11-10 15:52:50,619 - INFO - 仍有文档在处理中，第14次尝试...
2025-11-10 15:52:52,620 - DEBUG - Starting new HTTP connection (1): 127.0.0.1:35253
2025-11-10 15:52:52,623 - DEBUG - http://127.0.0.1:35253 "POST /upload HTTP/11" 200 20
2025-11-10 15:52:52,623 - INFO - 成功获取文档列表，upload_id: -1215967276431901695
2025-11-10 15:52:52,625 - INFO - 开始时间: 2025-11-10 15:52:52.625
2025-11-10 15:52:52,625 - DEBUG - Starting new HTTP connection (1): 127.0.0.1:35253
2025-11-10 15:52:52,637 - DEBUG - http://127.0.0.1:35253 "GET /query?fileData=-1215967276431901695 HTTP/11" 200 None
2025-11-10 15:52:52,745 - INFO - 响应时间: 0.12秒
2025-11-10 15:52:52,745 - INFO - 第15次尝试，获取到的result_text: {"jobId":17,"status":"complete","data":{"text":"[{\"createTime\":\"2025-11-10T15:52:22.597\",\"description\":\"\",\"docName\":\"\",\"editTime\":\"2025-11-10T15:52:22.597\",\"errorDescription\":\"\",\"fileName\":\"2403.19401.pdf\",\"folder\":\"C:\\\\Users\\\\XiaoXinPro 16 IAH\\\\Desktop\\\\LRIA_llm_eval\\\\eval\\\\Quantum_Bvt_20251110\\\\bvtfiles\",\"id\":1987790421895548928,\"isDeleted\":0,\"isTmpFile\":false,\"labelNameList\":[],\"lastModifyTime\":\"2025-09-17T09:45:00\",\"md5\":\"4ff6ba88616fcf7a71d1dca6c9adc14c\",\"path\":\"C:\\\\Users\\\\XiaoXinPro 16 IAH\\\\Desktop\\\\LRIA_llm_eval\\\\eval\\\\Quantum_Bvt_20251110\\\\bvtfiles\\\\2403.19401.pdf\",\"priority\":1,\"score\":0.0,\"status\":\"ADDED\",\"tokenNum\":0,\"uriPath\":\"\"},{\"createTime\":\"2025-11-10T15:52:22.630\",\"description\":\"\",\"docName\":\"\",\"editTime\":\"2025-11-10T15:52:22.630\",\"errorDescription\":\"\",\"fileName\":\"3nql1cs15r8aviz39pth2bpsr4zvy1.txt\",\"folder\":\"C:\\\\Users\\\\XiaoXinPro 16 IAH\\\\Desktop\\\\LRIA_llm_eval\\\\eval\\\\Quantum_Bvt_20251110\\\\bvtfiles\",\"id\":1987790422033960960,\"isDeleted\":0,\"isTmpFile\":false,\"labelNameList\":[],\"lastModifyTime\":\"2025-09-17T09:45:00\",\"md5\":\"da0c0f7162b267cca0de596df4c40c56\",\"path\":\"C:\\\\Users\\\\XiaoXinPro 16 IAH\\\\Desktop\\\\LRIA_llm_eval\\\\eval\\\\Quantum_Bvt_20251110\\\\bvtfiles\\\\3nql1cs15r8aviz39pth2bpsr4zvy1.txt\",\"priority\":2,\"score\":0.0,\"status\":\"ADDED\",\"tokenNum\":0,\"uriPath\":\"\"},{\"createTime\":\"2025-11-10T15:52:22.650\",\"description\":\"\",\"docName\":\"\",\"editTime\":\"2025-11-10T15:52:22.650\",\"errorDescription\":\"\",\"fileName\":\"3u84xhcdicdb6vqtlfud7syhj444z2.txt\",\"folder\":\"C:\\\\Users\\\\XiaoXinPro 16 IAH\\\\Desktop\\\\LRIA_llm_eval\\\\eval\\\\Quantum_Bvt_20251110\\\\bvtfiles\",\"id\":1987790422117847040,\"isDeleted\":0,\"isTmpFile\":false,\"labelNameList\":[],\"lastModifyTime\":\"2025-09-17T09:45:00\",\"md5\":\"a80f0ad4af9fd250a462680c85e6fbf0\",\"path\":\"C:\\\\Users\\\\XiaoXinPro 16 IAH\\\\Desktop\\\\LRIA_llm_eval\\\\eval\\\\Quantum_Bvt_20251110\\\\bvtfiles\\\\3u84xhcdicdb6vqtlfud7syhj444z2.txt\",\"priority\":3,\"score\":0.0,\"status\":\"ADDED\",\"tokenNum\":0,\"uriPath\":\"\"},{\"createTime\":\"2025-11-10T15:52:22.668\",\"description\":\"\",\"docName\":\"\",\"editTime\":\"2025-11-10T15:52:22.668\",\"errorDescription\":\"\",\"fileName\":\"3z3zlgnnsiuha76yy56h6uu71bh3q1.txt\",\"folder\":\"C:\\\\Users\\\\XiaoXinPro 16 IAH\\\\Desktop\\\\LRIA_llm_eval\\\\eval\\\\Quantum_Bvt_20251110\\\\bvtfiles\",\"id\":1987790422193344512,\"isDeleted\":0,\"isTmpFile\":false,\"labelNameList\":[],\"lastModifyTime\":\"2025-09-17T09:45:00\",\"md5\":\"bb28043dd606535bdcaf1ee30346b0f9\",\"path\":\"C:\\\\Users\\\\XiaoXinPro 16 IAH\\\\Desktop\\\\LRIA_llm_eval\\\\eval\\\\Quantum_Bvt_20251110\\\\bvtfiles\\\\3z3zlgnnsiuha76yy56h6uu71bh3q1.txt\",\"priority\":4,\"score\":0.0,\"status\":\"ADDED\",\"tokenNum\":0,\"uriPath\":\"\"},{\"createTime\":\"2025-11-10T15:52:22.688\",\"description\":\"\",\"docName\":\"\",\"editTime\":\"2025-11-10T15:52:22.688\",\"errorDescription\":\"\",\"fileName\":\"AI_Face_Test_Set_Collection_Method_Design.pptx\",\"folder\":\"C:\\\\Users\\\\XiaoXinPro 16 IAH\\\\Desktop\\\\LRIA_llm_eval\\\\eval\\\\Quantum_Bvt_20251110\\\\bvtfiles\",\"id\":1987790422277230592,\"isDeleted\":0,\"isTmpFile\":false,\"labelNameList\":[],\"lastModifyTime\":\"2025-09-17T09:46:00\",\"md5\":\"b0f396e7936e0f6192cd880927e8e74b\",\"path\":\"C:\\\\Users\\\\XiaoXinPro 16 IAH\\\\Desktop\\\\LRIA_llm_eval\\\\eval\\\\Quantum_Bvt_20251110\\\\bvtfiles\\\\AI_Face_Test_Set_Collection_Method_Design.pptx\",\"priority\":5,\"score\":0.0,\"status\":\"ADDED\",\"tokenNum\":0,\"uriPath\":\"\"},{\"createTime\":\"2025-11-10T15:52:22.707\",\"description\":\"\",\"docName\":\"\",\"editTime\":\"2025-11-10T15:52:22.707\",\"errorDescription\":\"\",\"fileName\":\"A_brief_introduction_of_LP_liutao21_20220615.pptx\",\"folder\":\"C:\\\\Users\\\\XiaoXinPro 16 IAH\\\\Desktop\\\\LRIA_llm_eval\\\\eval\\\\Quantum_Bvt_20251110\\\\bvtfiles\",\"id\":1987790422356922368,\"isDeleted\":0,\"isTmpFile\":false,\"labelNameList\":[],\"lastModifyTime\":\"2025-09-17T09:46:00\",\"md5\":\"0dbb2532524843af54fb3388b7bf3381\",\"path\":\"C:\\\\Users\\\\XiaoXinPro 16 IAH\\\\Desktop\\\\LRIA_llm_eval\\\\eval\\\\Quantum_Bvt_20251110\\\\bvtfiles\\\\A_brief_introduction_of_LP_liutao21_20220615.pptx\",\"priority\":6,\"score\":0.0,\"status\":\"ADDED\",\"tokenNum\":0,\"uriPath\":\"\"},{\"createTime\":\"2025-11-10T15:52:22.764\",\"description\":\"\",\"docName\":\"\",\"editTime\":\"2025-11-10T15:52:22.764\",\"errorDescription\":\"\",\"fileName\":\"Belfast-English.docx\",\"folder\":\"C:\\\\Users\\\\XiaoXinPro 16 IAH\\\\Desktop\\\\LRIA_llm_eval\\\\eval\\\\Quantum_Bvt_20251110\\\\bvtfiles\",\"id\":1987790422595997696,\"isDeleted\":0,\"isTmpFile\":false,\"labelNameList\":[],\"lastModifyTime\":\"2025-09-17T09:45:00\",\"md5\":\"3193e699ffa92db332ae31a9fb1d3cb4\",\"path\":\"C:\\\\Users\\\\XiaoXinPro 16 IAH\\\\Desktop\\\\LRIA_llm_eval\\\\eval\\\\Quantum_Bvt_20251110\\\\bvtfiles\\\\Belfast-English.docx\",\"priority\":7,\"score\":0.0,\"status\":\"ADDED\",\"tokenNum\":0,\"uriPath\":\"\"},{\"createTime\":\"2025-11-10T15:52:22.784\",\"description\":\"\",\"docName\":\"\",\"editTime\":\"2025-11-10T15:52:22.784\",\"errorDescription\":\"\",\"fileName\":\"British-Food-Culture.doc\",\"folder\":\"C:\\\\Users\\\\XiaoXinPro 16 IAH\\\\Desktop\\\\LRIA_llm_eval\\\\eval\\\\Quantum_Bvt_20251110\\\\bvtfiles\",\"id\":1987790422679883776,\"isDeleted\":0,\"isTmpFile\":false,\"labelNameList\":[],\"lastModifyTime\":\"2025-09-17T09:45:00\",\"md5\":\"435798f1c3377c7f5b71e18d733ca579\",\"path\":\"C:\\\\Users\\\\XiaoXinPro 16 IAH\\\\Desktop\\\\LRIA_llm_eval\\\\eval\\\\Quantum_Bvt_20251110\\\\bvtfiles\\\\British-Food-Culture.doc\",\"priority\":8,\"score\":0.0,\"status\":\"ADDED\",\"tokenNum\":0,\"uriPath\":\"\"},{\"createTime\":\"2025-11-10T15:52:22.803\",\"description\":\"\",\"docName\":\"\",\"editTime\":\"2025-11-10T15:52:22.803\",\"errorDescription\":\"\",\"fileName\":\"Netflix Becomes a Broadway Producer With Peter Morgan’s Patriots.txt\",\"folder\":\"C:\\\\Users\\\\XiaoXinPro 16 IAH\\\\Desktop\\\\LRIA_llm_eval\\\\eval\\\\Quantum_Bvt_20251110\\\\bvtfiles\",\"id\":1987790422759575552,\"isDeleted\":0,\"isTmpFile\":false,\"labelNameList\":[],\"lastModifyTime\":\"2025-09-17T09:46:00\",\"md5\":\"ab84c46eaa62a18048fb0241446da4ca\",\"path\":\"C:\\\\Users\\\\XiaoXinPro 16 IAH\\\\Desktop\\\\LRIA_llm_eval\\\\eval\\\\Quantum_Bvt_20251110\\\\bvtfiles\\\\Netflix Becomes a Broadway Producer With Peter Morgan’s Patriots.txt\",\"priority\":9,\"score\":0.0,\"status\":\"ADDED\",\"tokenNum\":0,\"uriPath\":\"\"}]"}}
2025-11-10 15:52:52,746 - INFO - 文档数量: 9
2025-11-10 15:52:52,746 - INFO - 第1个文档状态: ADDED
2025-11-10 15:52:52,747 - INFO - 第2个文档状态: ADDED
2025-11-10 15:52:52,747 - INFO - 第3个文档状态: ADDED
2025-11-10 15:52:52,747 - INFO - 第4个文档状态: ADDED
2025-11-10 15:52:52,747 - INFO - 第5个文档状态: ADDED
2025-11-10 15:52:52,747 - INFO - 第6个文档状态: ADDED
2025-11-10 15:52:52,747 - INFO - 第7个文档状态: ADDED
2025-11-10 15:52:52,747 - INFO - 第8个文档状态: ADDED
2025-11-10 15:52:52,747 - INFO - 第9个文档状态: ADDED
2025-11-10 15:52:52,748 - INFO - 仍有文档在处理中，第15次尝试...
2025-11-10 15:52:54,749 - DEBUG - Starting new HTTP connection (1): 127.0.0.1:35253
2025-11-10 15:52:54,752 - DEBUG - http://127.0.0.1:35253 "POST /upload HTTP/11" 200 19
2025-11-10 15:52:54,753 - INFO - 成功获取文档列表，upload_id: 9120210777957822367
2025-11-10 15:52:54,753 - INFO - 开始时间: 2025-11-10 15:52:54.753
2025-11-10 15:52:54,755 - DEBUG - Starting new HTTP connection (1): 127.0.0.1:35253
2025-11-10 15:52:54,758 - DEBUG - http://127.0.0.1:35253 "GET /query?fileData=9120210777957822367 HTTP/11" 200 None
2025-11-10 15:52:54,857 - INFO - 响应时间: 0.10秒
2025-11-10 15:52:54,857 - INFO - 第16次尝试，获取到的result_text: {"jobId":18,"status":"complete","data":{"text":"[{\"createTime\":\"2025-11-10T15:52:22.597\",\"description\":\"\",\"docName\":\"\",\"editTime\":\"2025-11-10T15:52:22.597\",\"errorDescription\":\"\",\"fileName\":\"2403.19401.pdf\",\"folder\":\"C:\\\\Users\\\\XiaoXinPro 16 IAH\\\\Desktop\\\\LRIA_llm_eval\\\\eval\\\\Quantum_Bvt_20251110\\\\bvtfiles\",\"id\":1987790421895548928,\"isDeleted\":0,\"isTmpFile\":false,\"labelNameList\":[],\"lastModifyTime\":\"2025-09-17T09:45:00\",\"md5\":\"4ff6ba88616fcf7a71d1dca6c9adc14c\",\"path\":\"C:\\\\Users\\\\XiaoXinPro 16 IAH\\\\Desktop\\\\LRIA_llm_eval\\\\eval\\\\Quantum_Bvt_20251110\\\\bvtfiles\\\\2403.19401.pdf\",\"priority\":1,\"score\":0.0,\"status\":\"ADDED\",\"tokenNum\":0,\"uriPath\":\"\"},{\"createTime\":\"2025-11-10T15:52:22.630\",\"description\":\"\",\"docName\":\"\",\"editTime\":\"2025-11-10T15:52:22.630\",\"errorDescription\":\"\",\"fileName\":\"3nql1cs15r8aviz39pth2bpsr4zvy1.txt\",\"folder\":\"C:\\\\Users\\\\XiaoXinPro 16 IAH\\\\Desktop\\\\LRIA_llm_eval\\\\eval\\\\Quantum_Bvt_20251110\\\\bvtfiles\",\"id\":1987790422033960960,\"isDeleted\":0,\"isTmpFile\":false,\"labelNameList\":[],\"lastModifyTime\":\"2025-09-17T09:45:00\",\"md5\":\"da0c0f7162b267cca0de596df4c40c56\",\"path\":\"C:\\\\Users\\\\XiaoXinPro 16 IAH\\\\Desktop\\\\LRIA_llm_eval\\\\eval\\\\Quantum_Bvt_20251110\\\\bvtfiles\\\\3nql1cs15r8aviz39pth2bpsr4zvy1.txt\",\"priority\":2,\"score\":0.0,\"status\":\"ADDED\",\"tokenNum\":0,\"uriPath\":\"\"},{\"createTime\":\"2025-11-10T15:52:22.650\",\"description\":\"\",\"docName\":\"\",\"editTime\":\"2025-11-10T15:52:22.650\",\"errorDescription\":\"\",\"fileName\":\"3u84xhcdicdb6vqtlfud7syhj444z2.txt\",\"folder\":\"C:\\\\Users\\\\XiaoXinPro 16 IAH\\\\Desktop\\\\LRIA_llm_eval\\\\eval\\\\Quantum_Bvt_20251110\\\\bvtfiles\",\"id\":1987790422117847040,\"isDeleted\":0,\"isTmpFile\":false,\"labelNameList\":[],\"lastModifyTime\":\"2025-09-17T09:45:00\",\"md5\":\"a80f0ad4af9fd250a462680c85e6fbf0\",\"path\":\"C:\\\\Users\\\\XiaoXinPro 16 IAH\\\\Desktop\\\\LRIA_llm_eval\\\\eval\\\\Quantum_Bvt_20251110\\\\bvtfiles\\\\3u84xhcdicdb6vqtlfud7syhj444z2.txt\",\"priority\":3,\"score\":0.0,\"status\":\"ADDED\",\"tokenNum\":0,\"uriPath\":\"\"},{\"createTime\":\"2025-11-10T15:52:22.668\",\"description\":\"\",\"docName\":\"\",\"editTime\":\"2025-11-10T15:52:22.668\",\"errorDescription\":\"\",\"fileName\":\"3z3zlgnnsiuha76yy56h6uu71bh3q1.txt\",\"folder\":\"C:\\\\Users\\\\XiaoXinPro 16 IAH\\\\Desktop\\\\LRIA_llm_eval\\\\eval\\\\Quantum_Bvt_20251110\\\\bvtfiles\",\"id\":1987790422193344512,\"isDeleted\":0,\"isTmpFile\":false,\"labelNameList\":[],\"lastModifyTime\":\"2025-09-17T09:45:00\",\"md5\":\"bb28043dd606535bdcaf1ee30346b0f9\",\"path\":\"C:\\\\Users\\\\XiaoXinPro 16 IAH\\\\Desktop\\\\LRIA_llm_eval\\\\eval\\\\Quantum_Bvt_20251110\\\\bvtfiles\\\\3z3zlgnnsiuha76yy56h6uu71bh3q1.txt\",\"priority\":4,\"score\":0.0,\"status\":\"ADDED\",\"tokenNum\":0,\"uriPath\":\"\"},{\"createTime\":\"2025-11-10T15:52:22.688\",\"description\":\"\",\"docName\":\"\",\"editTime\":\"2025-11-10T15:52:22.688\",\"errorDescription\":\"\",\"fileName\":\"AI_Face_Test_Set_Collection_Method_Design.pptx\",\"folder\":\"C:\\\\Users\\\\XiaoXinPro 16 IAH\\\\Desktop\\\\LRIA_llm_eval\\\\eval\\\\Quantum_Bvt_20251110\\\\bvtfiles\",\"id\":1987790422277230592,\"isDeleted\":0,\"isTmpFile\":false,\"labelNameList\":[],\"lastModifyTime\":\"2025-09-17T09:46:00\",\"md5\":\"b0f396e7936e0f6192cd880927e8e74b\",\"path\":\"C:\\\\Users\\\\XiaoXinPro 16 IAH\\\\Desktop\\\\LRIA_llm_eval\\\\eval\\\\Quantum_Bvt_20251110\\\\bvtfiles\\\\AI_Face_Test_Set_Collection_Method_Design.pptx\",\"priority\":5,\"score\":0.0,\"status\":\"ADDED\",\"tokenNum\":0,\"uriPath\":\"\"},{\"createTime\":\"2025-11-10T15:52:22.707\",\"description\":\"\",\"docName\":\"\",\"editTime\":\"2025-11-10T15:52:22.707\",\"errorDescription\":\"\",\"fileName\":\"A_brief_introduction_of_LP_liutao21_20220615.pptx\",\"folder\":\"C:\\\\Users\\\\XiaoXinPro 16 IAH\\\\Desktop\\\\LRIA_llm_eval\\\\eval\\\\Quantum_Bvt_20251110\\\\bvtfiles\",\"id\":1987790422356922368,\"isDeleted\":0,\"isTmpFile\":false,\"labelNameList\":[],\"lastModifyTime\":\"2025-09-17T09:46:00\",\"md5\":\"0dbb2532524843af54fb3388b7bf3381\",\"path\":\"C:\\\\Users\\\\XiaoXinPro 16 IAH\\\\Desktop\\\\LRIA_llm_eval\\\\eval\\\\Quantum_Bvt_20251110\\\\bvtfiles\\\\A_brief_introduction_of_LP_liutao21_20220615.pptx\",\"priority\":6,\"score\":0.0,\"status\":\"ADDED\",\"tokenNum\":0,\"uriPath\":\"\"},{\"createTime\":\"2025-11-10T15:52:22.764\",\"description\":\"\",\"docName\":\"\",\"editTime\":\"2025-11-10T15:52:22.764\",\"errorDescription\":\"\",\"fileName\":\"Belfast-English.docx\",\"folder\":\"C:\\\\Users\\\\XiaoXinPro 16 IAH\\\\Desktop\\\\LRIA_llm_eval\\\\eval\\\\Quantum_Bvt_20251110\\\\bvtfiles\",\"id\":1987790422595997696,\"isDeleted\":0,\"isTmpFile\":false,\"labelNameList\":[],\"lastModifyTime\":\"2025-09-17T09:45:00\",\"md5\":\"3193e699ffa92db332ae31a9fb1d3cb4\",\"path\":\"C:\\\\Users\\\\XiaoXinPro 16 IAH\\\\Desktop\\\\LRIA_llm_eval\\\\eval\\\\Quantum_Bvt_20251110\\\\bvtfiles\\\\Belfast-English.docx\",\"priority\":7,\"score\":0.0,\"status\":\"ADDED\",\"tokenNum\":0,\"uriPath\":\"\"},{\"createTime\":\"2025-11-10T15:52:22.784\",\"description\":\"\",\"docName\":\"\",\"editTime\":\"2025-11-10T15:52:22.784\",\"errorDescription\":\"\",\"fileName\":\"British-Food-Culture.doc\",\"folder\":\"C:\\\\Users\\\\XiaoXinPro 16 IAH\\\\Desktop\\\\LRIA_llm_eval\\\\eval\\\\Quantum_Bvt_20251110\\\\bvtfiles\",\"id\":1987790422679883776,\"isDeleted\":0,\"isTmpFile\":false,\"labelNameList\":[],\"lastModifyTime\":\"2025-09-17T09:45:00\",\"md5\":\"435798f1c3377c7f5b71e18d733ca579\",\"path\":\"C:\\\\Users\\\\XiaoXinPro 16 IAH\\\\Desktop\\\\LRIA_llm_eval\\\\eval\\\\Quantum_Bvt_20251110\\\\bvtfiles\\\\British-Food-Culture.doc\",\"priority\":8,\"score\":0.0,\"status\":\"ADDED\",\"tokenNum\":0,\"uriPath\":\"\"},{\"createTime\":\"2025-11-10T15:52:22.803\",\"description\":\"\",\"docName\":\"\",\"editTime\":\"2025-11-10T15:52:22.803\",\"errorDescription\":\"\",\"fileName\":\"Netflix Becomes a Broadway Producer With Peter Morgan’s Patriots.txt\",\"folder\":\"C:\\\\Users\\\\XiaoXinPro 16 IAH\\\\Desktop\\\\LRIA_llm_eval\\\\eval\\\\Quantum_Bvt_20251110\\\\bvtfiles\",\"id\":1987790422759575552,\"isDeleted\":0,\"isTmpFile\":false,\"labelNameList\":[],\"lastModifyTime\":\"2025-09-17T09:46:00\",\"md5\":\"ab84c46eaa62a18048fb0241446da4ca\",\"path\":\"C:\\\\Users\\\\XiaoXinPro 16 IAH\\\\Desktop\\\\LRIA_llm_eval\\\\eval\\\\Quantum_Bvt_20251110\\\\bvtfiles\\\\Netflix Becomes a Broadway Producer With Peter Morgan’s Patriots.txt\",\"priority\":9,\"score\":0.0,\"status\":\"ADDED\",\"tokenNum\":0,\"uriPath\":\"\"}]"}}
2025-11-10 15:52:54,858 - INFO - 文档数量: 9
2025-11-10 15:52:54,858 - INFO - 第1个文档状态: ADDED
2025-11-10 15:52:54,859 - INFO - 第2个文档状态: ADDED
2025-11-10 15:52:54,859 - INFO - 第3个文档状态: ADDED
2025-11-10 15:52:54,859 - INFO - 第4个文档状态: ADDED
2025-11-10 15:52:54,859 - INFO - 第5个文档状态: ADDED
2025-11-10 15:52:54,859 - INFO - 第6个文档状态: ADDED
2025-11-10 15:52:54,860 - INFO - 第7个文档状态: ADDED
2025-11-10 15:52:54,860 - INFO - 第8个文档状态: ADDED
2025-11-10 15:52:54,860 - INFO - 第9个文档状态: ADDED
2025-11-10 15:52:54,860 - INFO - 仍有文档在处理中，第16次尝试...
2025-11-10 15:52:56,863 - DEBUG - Starting new HTTP connection (1): 127.0.0.1:35253
2025-11-10 15:52:56,867 - DEBUG - http://127.0.0.1:35253 "POST /upload HTTP/11" 200 19
2025-11-10 15:52:56,868 - INFO - 成功获取文档列表，upload_id: 1331993498037320757
2025-11-10 15:52:56,868 - INFO - 开始时间: 2025-11-10 15:52:56.868
2025-11-10 15:52:56,869 - DEBUG - Starting new HTTP connection (1): 127.0.0.1:35253
2025-11-10 15:52:56,879 - DEBUG - http://127.0.0.1:35253 "GET /query?fileData=1331993498037320757 HTTP/11" 200 None
2025-11-10 15:52:56,986 - INFO - 响应时间: 0.12秒
2025-11-10 15:52:56,987 - INFO - 第17次尝试，获取到的result_text: {"jobId":19,"status":"complete","data":{"text":"[{\"createTime\":\"2025-11-10T15:52:22.597\",\"description\":\"\",\"docName\":\"\",\"editTime\":\"2025-11-10T15:52:22.597\",\"errorDescription\":\"\",\"fileName\":\"2403.19401.pdf\",\"folder\":\"C:\\\\Users\\\\XiaoXinPro 16 IAH\\\\Desktop\\\\LRIA_llm_eval\\\\eval\\\\Quantum_Bvt_20251110\\\\bvtfiles\",\"id\":1987790421895548928,\"isDeleted\":0,\"isTmpFile\":false,\"labelNameList\":[],\"lastModifyTime\":\"2025-09-17T09:45:00\",\"md5\":\"4ff6ba88616fcf7a71d1dca6c9adc14c\",\"path\":\"C:\\\\Users\\\\XiaoXinPro 16 IAH\\\\Desktop\\\\LRIA_llm_eval\\\\eval\\\\Quantum_Bvt_20251110\\\\bvtfiles\\\\2403.19401.pdf\",\"priority\":1,\"score\":0.0,\"status\":\"ADDED\",\"tokenNum\":0,\"uriPath\":\"\"},{\"createTime\":\"2025-11-10T15:52:22.630\",\"description\":\"\",\"docName\":\"\",\"editTime\":\"2025-11-10T15:52:22.630\",\"errorDescription\":\"\",\"fileName\":\"3nql1cs15r8aviz39pth2bpsr4zvy1.txt\",\"folder\":\"C:\\\\Users\\\\XiaoXinPro 16 IAH\\\\Desktop\\\\LRIA_llm_eval\\\\eval\\\\Quantum_Bvt_20251110\\\\bvtfiles\",\"id\":1987790422033960960,\"isDeleted\":0,\"isTmpFile\":false,\"labelNameList\":[],\"lastModifyTime\":\"2025-09-17T09:45:00\",\"md5\":\"da0c0f7162b267cca0de596df4c40c56\",\"path\":\"C:\\\\Users\\\\XiaoXinPro 16 IAH\\\\Desktop\\\\LRIA_llm_eval\\\\eval\\\\Quantum_Bvt_20251110\\\\bvtfiles\\\\3nql1cs15r8aviz39pth2bpsr4zvy1.txt\",\"priority\":2,\"score\":0.0,\"status\":\"ADDED\",\"tokenNum\":0,\"uriPath\":\"\"},{\"createTime\":\"2025-11-10T15:52:22.650\",\"description\":\"\",\"docName\":\"\",\"editTime\":\"2025-11-10T15:52:22.650\",\"errorDescription\":\"\",\"fileName\":\"3u84xhcdicdb6vqtlfud7syhj444z2.txt\",\"folder\":\"C:\\\\Users\\\\XiaoXinPro 16 IAH\\\\Desktop\\\\LRIA_llm_eval\\\\eval\\\\Quantum_Bvt_20251110\\\\bvtfiles\",\"id\":1987790422117847040,\"isDeleted\":0,\"isTmpFile\":false,\"labelNameList\":[],\"lastModifyTime\":\"2025-09-17T09:45:00\",\"md5\":\"a80f0ad4af9fd250a462680c85e6fbf0\",\"path\":\"C:\\\\Users\\\\XiaoXinPro 16 IAH\\\\Desktop\\\\LRIA_llm_eval\\\\eval\\\\Quantum_Bvt_20251110\\\\bvtfiles\\\\3u84xhcdicdb6vqtlfud7syhj444z2.txt\",\"priority\":3,\"score\":0.0,\"status\":\"ADDED\",\"tokenNum\":0,\"uriPath\":\"\"},{\"createTime\":\"2025-11-10T15:52:22.668\",\"description\":\"\",\"docName\":\"\",\"editTime\":\"2025-11-10T15:52:22.668\",\"errorDescription\":\"\",\"fileName\":\"3z3zlgnnsiuha76yy56h6uu71bh3q1.txt\",\"folder\":\"C:\\\\Users\\\\XiaoXinPro 16 IAH\\\\Desktop\\\\LRIA_llm_eval\\\\eval\\\\Quantum_Bvt_20251110\\\\bvtfiles\",\"id\":1987790422193344512,\"isDeleted\":0,\"isTmpFile\":false,\"labelNameList\":[],\"lastModifyTime\":\"2025-09-17T09:45:00\",\"md5\":\"bb28043dd606535bdcaf1ee30346b0f9\",\"path\":\"C:\\\\Users\\\\XiaoXinPro 16 IAH\\\\Desktop\\\\LRIA_llm_eval\\\\eval\\\\Quantum_Bvt_20251110\\\\bvtfiles\\\\3z3zlgnnsiuha76yy56h6uu71bh3q1.txt\",\"priority\":4,\"score\":0.0,\"status\":\"ADDED\",\"tokenNum\":0,\"uriPath\":\"\"},{\"createTime\":\"2025-11-10T15:52:22.688\",\"description\":\"\",\"docName\":\"\",\"editTime\":\"2025-11-10T15:52:22.688\",\"errorDescription\":\"\",\"fileName\":\"AI_Face_Test_Set_Collection_Method_Design.pptx\",\"folder\":\"C:\\\\Users\\\\XiaoXinPro 16 IAH\\\\Desktop\\\\LRIA_llm_eval\\\\eval\\\\Quantum_Bvt_20251110\\\\bvtfiles\",\"id\":1987790422277230592,\"isDeleted\":0,\"isTmpFile\":false,\"labelNameList\":[],\"lastModifyTime\":\"2025-09-17T09:46:00\",\"md5\":\"b0f396e7936e0f6192cd880927e8e74b\",\"path\":\"C:\\\\Users\\\\XiaoXinPro 16 IAH\\\\Desktop\\\\LRIA_llm_eval\\\\eval\\\\Quantum_Bvt_20251110\\\\bvtfiles\\\\AI_Face_Test_Set_Collection_Method_Design.pptx\",\"priority\":5,\"score\":0.0,\"status\":\"ADDED\",\"tokenNum\":0,\"uriPath\":\"\"},{\"createTime\":\"2025-11-10T15:52:22.707\",\"description\":\"\",\"docName\":\"\",\"editTime\":\"2025-11-10T15:52:22.707\",\"errorDescription\":\"\",\"fileName\":\"A_brief_introduction_of_LP_liutao21_20220615.pptx\",\"folder\":\"C:\\\\Users\\\\XiaoXinPro 16 IAH\\\\Desktop\\\\LRIA_llm_eval\\\\eval\\\\Quantum_Bvt_20251110\\\\bvtfiles\",\"id\":1987790422356922368,\"isDeleted\":0,\"isTmpFile\":false,\"labelNameList\":[],\"lastModifyTime\":\"2025-09-17T09:46:00\",\"md5\":\"0dbb2532524843af54fb3388b7bf3381\",\"path\":\"C:\\\\Users\\\\XiaoXinPro 16 IAH\\\\Desktop\\\\LRIA_llm_eval\\\\eval\\\\Quantum_Bvt_20251110\\\\bvtfiles\\\\A_brief_introduction_of_LP_liutao21_20220615.pptx\",\"priority\":6,\"score\":0.0,\"status\":\"ADDED\",\"tokenNum\":0,\"uriPath\":\"\"},{\"createTime\":\"2025-11-10T15:52:22.764\",\"description\":\"\",\"docName\":\"\",\"editTime\":\"2025-11-10T15:52:22.764\",\"errorDescription\":\"\",\"fileName\":\"Belfast-English.docx\",\"folder\":\"C:\\\\Users\\\\XiaoXinPro 16 IAH\\\\Desktop\\\\LRIA_llm_eval\\\\eval\\\\Quantum_Bvt_20251110\\\\bvtfiles\",\"id\":1987790422595997696,\"isDeleted\":0,\"isTmpFile\":false,\"labelNameList\":[],\"lastModifyTime\":\"2025-09-17T09:45:00\",\"md5\":\"3193e699ffa92db332ae31a9fb1d3cb4\",\"path\":\"C:\\\\Users\\\\XiaoXinPro 16 IAH\\\\Desktop\\\\LRIA_llm_eval\\\\eval\\\\Quantum_Bvt_20251110\\\\bvtfiles\\\\Belfast-English.docx\",\"priority\":7,\"score\":0.0,\"status\":\"ADDED\",\"tokenNum\":0,\"uriPath\":\"\"},{\"createTime\":\"2025-11-10T15:52:22.784\",\"description\":\"\",\"docName\":\"\",\"editTime\":\"2025-11-10T15:52:22.784\",\"errorDescription\":\"\",\"fileName\":\"British-Food-Culture.doc\",\"folder\":\"C:\\\\Users\\\\XiaoXinPro 16 IAH\\\\Desktop\\\\LRIA_llm_eval\\\\eval\\\\Quantum_Bvt_20251110\\\\bvtfiles\",\"id\":1987790422679883776,\"isDeleted\":0,\"isTmpFile\":false,\"labelNameList\":[],\"lastModifyTime\":\"2025-09-17T09:45:00\",\"md5\":\"435798f1c3377c7f5b71e18d733ca579\",\"path\":\"C:\\\\Users\\\\XiaoXinPro 16 IAH\\\\Desktop\\\\LRIA_llm_eval\\\\eval\\\\Quantum_Bvt_20251110\\\\bvtfiles\\\\British-Food-Culture.doc\",\"priority\":8,\"score\":0.0,\"status\":\"ADDED\",\"tokenNum\":0,\"uriPath\":\"\"},{\"createTime\":\"2025-11-10T15:52:22.803\",\"description\":\"\",\"docName\":\"\",\"editTime\":\"2025-11-10T15:52:22.803\",\"errorDescription\":\"\",\"fileName\":\"Netflix Becomes a Broadway Producer With Peter Morgan’s Patriots.txt\",\"folder\":\"C:\\\\Users\\\\XiaoXinPro 16 IAH\\\\Desktop\\\\LRIA_llm_eval\\\\eval\\\\Quantum_Bvt_20251110\\\\bvtfiles\",\"id\":1987790422759575552,\"isDeleted\":0,\"isTmpFile\":false,\"labelNameList\":[],\"lastModifyTime\":\"2025-09-17T09:46:00\",\"md5\":\"ab84c46eaa62a18048fb0241446da4ca\",\"path\":\"C:\\\\Users\\\\XiaoXinPro 16 IAH\\\\Desktop\\\\LRIA_llm_eval\\\\eval\\\\Quantum_Bvt_20251110\\\\bvtfiles\\\\Netflix Becomes a Broadway Producer With Peter Morgan’s Patriots.txt\",\"priority\":9,\"score\":0.0,\"status\":\"ADDED\",\"tokenNum\":0,\"uriPath\":\"\"}]"}}
2025-11-10 15:52:56,987 - INFO - 文档数量: 9
2025-11-10 15:52:56,988 - INFO - 第1个文档状态: ADDED
2025-11-10 15:52:56,988 - INFO - 第2个文档状态: ADDED
2025-11-10 15:52:56,988 - INFO - 第3个文档状态: ADDED
2025-11-10 15:52:56,988 - INFO - 第4个文档状态: ADDED
2025-11-10 15:52:56,988 - INFO - 第5个文档状态: ADDED
2025-11-10 15:52:56,989 - INFO - 第6个文档状态: ADDED
2025-11-10 15:52:56,989 - INFO - 第7个文档状态: ADDED
2025-11-10 15:52:56,989 - INFO - 第8个文档状态: ADDED
2025-11-10 15:52:56,989 - INFO - 第9个文档状态: ADDED
2025-11-10 15:52:56,989 - INFO - 仍有文档在处理中，第17次尝试...
2025-11-10 15:52:58,990 - DEBUG - Starting new HTTP connection (1): 127.0.0.1:35253
2025-11-10 15:52:58,994 - DEBUG - http://127.0.0.1:35253 "POST /upload HTTP/11" 200 20
2025-11-10 15:52:58,995 - INFO - 成功获取文档列表，upload_id: -1102618781524969627
2025-11-10 15:52:58,995 - INFO - 开始时间: 2025-11-10 15:52:58.995
2025-11-10 15:52:58,995 - DEBUG - Starting new HTTP connection (1): 127.0.0.1:35253
2025-11-10 15:52:59,033 - DEBUG - http://127.0.0.1:35253 "GET /query?fileData=-1102618781524969627 HTTP/11" 200 None
2025-11-10 15:52:59,130 - INFO - 响应时间: 0.14秒
2025-11-10 15:52:59,131 - INFO - 第18次尝试，获取到的result_text: {"jobId":20,"status":"complete","data":{"text":"[{\"createTime\":\"2025-11-10T15:52:22.597\",\"description\":\"\",\"docName\":\"\",\"editTime\":\"2025-11-10T15:52:22.597\",\"errorDescription\":\"\",\"fileName\":\"2403.19401.pdf\",\"folder\":\"C:\\\\Users\\\\XiaoXinPro 16 IAH\\\\Desktop\\\\LRIA_llm_eval\\\\eval\\\\Quantum_Bvt_20251110\\\\bvtfiles\",\"id\":1987790421895548928,\"isDeleted\":0,\"isTmpFile\":false,\"labelNameList\":[],\"lastModifyTime\":\"2025-09-17T09:45:00\",\"md5\":\"4ff6ba88616fcf7a71d1dca6c9adc14c\",\"path\":\"C:\\\\Users\\\\XiaoXinPro 16 IAH\\\\Desktop\\\\LRIA_llm_eval\\\\eval\\\\Quantum_Bvt_20251110\\\\bvtfiles\\\\2403.19401.pdf\",\"priority\":1,\"score\":0.0,\"status\":\"ADDED\",\"tokenNum\":0,\"uriPath\":\"\"},{\"createTime\":\"2025-11-10T15:52:22.630\",\"description\":\"\",\"docName\":\"\",\"editTime\":\"2025-11-10T15:52:22.630\",\"errorDescription\":\"\",\"fileName\":\"3nql1cs15r8aviz39pth2bpsr4zvy1.txt\",\"folder\":\"C:\\\\Users\\\\XiaoXinPro 16 IAH\\\\Desktop\\\\LRIA_llm_eval\\\\eval\\\\Quantum_Bvt_20251110\\\\bvtfiles\",\"id\":1987790422033960960,\"isDeleted\":0,\"isTmpFile\":false,\"labelNameList\":[],\"lastModifyTime\":\"2025-09-17T09:45:00\",\"md5\":\"da0c0f7162b267cca0de596df4c40c56\",\"path\":\"C:\\\\Users\\\\XiaoXinPro 16 IAH\\\\Desktop\\\\LRIA_llm_eval\\\\eval\\\\Quantum_Bvt_20251110\\\\bvtfiles\\\\3nql1cs15r8aviz39pth2bpsr4zvy1.txt\",\"priority\":2,\"score\":0.0,\"status\":\"ADDED\",\"tokenNum\":0,\"uriPath\":\"\"},{\"createTime\":\"2025-11-10T15:52:22.650\",\"description\":\"\",\"docName\":\"\",\"editTime\":\"2025-11-10T15:52:22.650\",\"errorDescription\":\"\",\"fileName\":\"3u84xhcdicdb6vqtlfud7syhj444z2.txt\",\"folder\":\"C:\\\\Users\\\\XiaoXinPro 16 IAH\\\\Desktop\\\\LRIA_llm_eval\\\\eval\\\\Quantum_Bvt_20251110\\\\bvtfiles\",\"id\":1987790422117847040,\"isDeleted\":0,\"isTmpFile\":false,\"labelNameList\":[],\"lastModifyTime\":\"2025-09-17T09:45:00\",\"md5\":\"a80f0ad4af9fd250a462680c85e6fbf0\",\"path\":\"C:\\\\Users\\\\XiaoXinPro 16 IAH\\\\Desktop\\\\LRIA_llm_eval\\\\eval\\\\Quantum_Bvt_20251110\\\\bvtfiles\\\\3u84xhcdicdb6vqtlfud7syhj444z2.txt\",\"priority\":3,\"score\":0.0,\"status\":\"ADDED\",\"tokenNum\":0,\"uriPath\":\"\"},{\"createTime\":\"2025-11-10T15:52:22.668\",\"description\":\"\",\"docName\":\"\",\"editTime\":\"2025-11-10T15:52:22.668\",\"errorDescription\":\"\",\"fileName\":\"3z3zlgnnsiuha76yy56h6uu71bh3q1.txt\",\"folder\":\"C:\\\\Users\\\\XiaoXinPro 16 IAH\\\\Desktop\\\\LRIA_llm_eval\\\\eval\\\\Quantum_Bvt_20251110\\\\bvtfiles\",\"id\":1987790422193344512,\"isDeleted\":0,\"isTmpFile\":false,\"labelNameList\":[],\"lastModifyTime\":\"2025-09-17T09:45:00\",\"md5\":\"bb28043dd606535bdcaf1ee30346b0f9\",\"path\":\"C:\\\\Users\\\\XiaoXinPro 16 IAH\\\\Desktop\\\\LRIA_llm_eval\\\\eval\\\\Quantum_Bvt_20251110\\\\bvtfiles\\\\3z3zlgnnsiuha76yy56h6uu71bh3q1.txt\",\"priority\":4,\"score\":0.0,\"status\":\"ADDED\",\"tokenNum\":0,\"uriPath\":\"\"},{\"createTime\":\"2025-11-10T15:52:22.688\",\"description\":\"\",\"docName\":\"\",\"editTime\":\"2025-11-10T15:52:22.688\",\"errorDescription\":\"\",\"fileName\":\"AI_Face_Test_Set_Collection_Method_Design.pptx\",\"folder\":\"C:\\\\Users\\\\XiaoXinPro 16 IAH\\\\Desktop\\\\LRIA_llm_eval\\\\eval\\\\Quantum_Bvt_20251110\\\\bvtfiles\",\"id\":1987790422277230592,\"isDeleted\":0,\"isTmpFile\":false,\"labelNameList\":[],\"lastModifyTime\":\"2025-09-17T09:46:00\",\"md5\":\"b0f396e7936e0f6192cd880927e8e74b\",\"path\":\"C:\\\\Users\\\\XiaoXinPro 16 IAH\\\\Desktop\\\\LRIA_llm_eval\\\\eval\\\\Quantum_Bvt_20251110\\\\bvtfiles\\\\AI_Face_Test_Set_Collection_Method_Design.pptx\",\"priority\":5,\"score\":0.0,\"status\":\"ADDED\",\"tokenNum\":0,\"uriPath\":\"\"},{\"createTime\":\"2025-11-10T15:52:22.707\",\"description\":\"\",\"docName\":\"\",\"editTime\":\"2025-11-10T15:52:22.707\",\"errorDescription\":\"\",\"fileName\":\"A_brief_introduction_of_LP_liutao21_20220615.pptx\",\"folder\":\"C:\\\\Users\\\\XiaoXinPro 16 IAH\\\\Desktop\\\\LRIA_llm_eval\\\\eval\\\\Quantum_Bvt_20251110\\\\bvtfiles\",\"id\":1987790422356922368,\"isDeleted\":0,\"isTmpFile\":false,\"labelNameList\":[],\"lastModifyTime\":\"2025-09-17T09:46:00\",\"md5\":\"0dbb2532524843af54fb3388b7bf3381\",\"path\":\"C:\\\\Users\\\\XiaoXinPro 16 IAH\\\\Desktop\\\\LRIA_llm_eval\\\\eval\\\\Quantum_Bvt_20251110\\\\bvtfiles\\\\A_brief_introduction_of_LP_liutao21_20220615.pptx\",\"priority\":6,\"score\":0.0,\"status\":\"ADDED\",\"tokenNum\":0,\"uriPath\":\"\"},{\"createTime\":\"2025-11-10T15:52:22.764\",\"description\":\"\",\"docName\":\"\",\"editTime\":\"2025-11-10T15:52:22.764\",\"errorDescription\":\"\",\"fileName\":\"Belfast-English.docx\",\"folder\":\"C:\\\\Users\\\\XiaoXinPro 16 IAH\\\\Desktop\\\\LRIA_llm_eval\\\\eval\\\\Quantum_Bvt_20251110\\\\bvtfiles\",\"id\":1987790422595997696,\"isDeleted\":0,\"isTmpFile\":false,\"labelNameList\":[],\"lastModifyTime\":\"2025-09-17T09:45:00\",\"md5\":\"3193e699ffa92db332ae31a9fb1d3cb4\",\"path\":\"C:\\\\Users\\\\XiaoXinPro 16 IAH\\\\Desktop\\\\LRIA_llm_eval\\\\eval\\\\Quantum_Bvt_20251110\\\\bvtfiles\\\\Belfast-English.docx\",\"priority\":7,\"score\":0.0,\"status\":\"ADDED\",\"tokenNum\":0,\"uriPath\":\"\"},{\"createTime\":\"2025-11-10T15:52:22.784\",\"description\":\"\",\"docName\":\"\",\"editTime\":\"2025-11-10T15:52:22.784\",\"errorDescription\":\"\",\"fileName\":\"British-Food-Culture.doc\",\"folder\":\"C:\\\\Users\\\\XiaoXinPro 16 IAH\\\\Desktop\\\\LRIA_llm_eval\\\\eval\\\\Quantum_Bvt_20251110\\\\bvtfiles\",\"id\":1987790422679883776,\"isDeleted\":0,\"isTmpFile\":false,\"labelNameList\":[],\"lastModifyTime\":\"2025-09-17T09:45:00\",\"md5\":\"435798f1c3377c7f5b71e18d733ca579\",\"path\":\"C:\\\\Users\\\\XiaoXinPro 16 IAH\\\\Desktop\\\\LRIA_llm_eval\\\\eval\\\\Quantum_Bvt_20251110\\\\bvtfiles\\\\British-Food-Culture.doc\",\"priority\":8,\"score\":0.0,\"status\":\"ADDED\",\"tokenNum\":0,\"uriPath\":\"\"},{\"createTime\":\"2025-11-10T15:52:22.803\",\"description\":\"\",\"docName\":\"\",\"editTime\":\"2025-11-10T15:52:22.803\",\"errorDescription\":\"\",\"fileName\":\"Netflix Becomes a Broadway Producer With Peter Morgan’s Patriots.txt\",\"folder\":\"C:\\\\Users\\\\XiaoXinPro 16 IAH\\\\Desktop\\\\LRIA_llm_eval\\\\eval\\\\Quantum_Bvt_20251110\\\\bvtfiles\",\"id\":1987790422759575552,\"isDeleted\":0,\"isTmpFile\":false,\"labelNameList\":[],\"lastModifyTime\":\"2025-09-17T09:46:00\",\"md5\":\"ab84c46eaa62a18048fb0241446da4ca\",\"path\":\"C:\\\\Users\\\\XiaoXinPro 16 IAH\\\\Desktop\\\\LRIA_llm_eval\\\\eval\\\\Quantum_Bvt_20251110\\\\bvtfiles\\\\Netflix Becomes a Broadway Producer With Peter Morgan’s Patriots.txt\",\"priority\":9,\"score\":0.0,\"status\":\"ADDED\",\"tokenNum\":0,\"uriPath\":\"\"}]"}}
2025-11-10 15:52:59,132 - INFO - 文档数量: 9
2025-11-10 15:52:59,132 - INFO - 第1个文档状态: ADDED
2025-11-10 15:52:59,132 - INFO - 第2个文档状态: ADDED
2025-11-10 15:52:59,132 - INFO - 第3个文档状态: ADDED
2025-11-10 15:52:59,132 - INFO - 第4个文档状态: ADDED
2025-11-10 15:52:59,132 - INFO - 第5个文档状态: ADDED
2025-11-10 15:52:59,132 - INFO - 第6个文档状态: ADDED
2025-11-10 15:52:59,132 - INFO - 第7个文档状态: ADDED
2025-11-10 15:52:59,132 - INFO - 第8个文档状态: ADDED
2025-11-10 15:52:59,134 - INFO - 第9个文档状态: ADDED
2025-11-10 15:52:59,134 - INFO - 仍有文档在处理中，第18次尝试...
2025-11-10 15:53:01,134 - DEBUG - Starting new HTTP connection (1): 127.0.0.1:35253
2025-11-10 15:53:01,137 - DEBUG - http://127.0.0.1:35253 "POST /upload HTTP/11" 200 20
2025-11-10 15:53:01,138 - INFO - 成功获取文档列表，upload_id: -6565169829684718470
2025-11-10 15:53:01,138 - INFO - 开始时间: 2025-11-10 15:53:01.138
2025-11-10 15:53:01,139 - DEBUG - Starting new HTTP connection (1): 127.0.0.1:35253
2025-11-10 15:53:01,157 - DEBUG - http://127.0.0.1:35253 "GET /query?fileData=-6565169829684718470 HTTP/11" 200 None
2025-11-10 15:53:01,246 - INFO - 响应时间: 0.11秒
2025-11-10 15:53:01,246 - INFO - 第19次尝试，获取到的result_text: {"jobId":21,"status":"complete","data":{"text":"[{\"createTime\":\"2025-11-10T15:52:22.597\",\"description\":\"\",\"docName\":\"\",\"editTime\":\"2025-11-10T15:53:00.505\",\"fileName\":\"2403.19401.pdf\",\"folder\":\"C:\\\\Users\\\\XiaoXinPro 16 IAH\\\\Desktop\\\\LRIA_llm_eval\\\\eval\\\\Quantum_Bvt_20251110\\\\bvtfiles\",\"id\":1987790421895548928,\"isDeleted\":0,\"isTmpFile\":false,\"labelNameList\":[],\"lastModifyTime\":\"2025-09-17T09:45:00\",\"md5\":\"4ff6ba88616fcf7a71d1dca6c9adc14c\",\"path\":\"C:\\\\Users\\\\XiaoXinPro 16 IAH\\\\Desktop\\\\LRIA_llm_eval\\\\eval\\\\Quantum_Bvt_20251110\\\\bvtfiles\\\\2403.19401.pdf\",\"priority\":1,\"score\":0.0,\"status\":\"RUNNING\",\"tokenNum\":0,\"uriPath\":\"\"},{\"createTime\":\"2025-11-10T15:52:22.630\",\"description\":\"\",\"docName\":\"\",\"editTime\":\"2025-11-10T15:52:22.630\",\"errorDescription\":\"\",\"fileName\":\"3nql1cs15r8aviz39pth2bpsr4zvy1.txt\",\"folder\":\"C:\\\\Users\\\\XiaoXinPro 16 IAH\\\\Desktop\\\\LRIA_llm_eval\\\\eval\\\\Quantum_Bvt_20251110\\\\bvtfiles\",\"id\":1987790422033960960,\"isDeleted\":0,\"isTmpFile\":false,\"labelNameList\":[],\"lastModifyTime\":\"2025-09-17T09:45:00\",\"md5\":\"da0c0f7162b267cca0de596df4c40c56\",\"path\":\"C:\\\\Users\\\\XiaoXinPro 16 IAH\\\\Desktop\\\\LRIA_llm_eval\\\\eval\\\\Quantum_Bvt_20251110\\\\bvtfiles\\\\3nql1cs15r8aviz39pth2bpsr4zvy1.txt\",\"priority\":2,\"score\":0.0,\"status\":\"ADDED\",\"tokenNum\":0,\"uriPath\":\"\"},{\"createTime\":\"2025-11-10T15:52:22.650\",\"description\":\"\",\"docName\":\"\",\"editTime\":\"2025-11-10T15:52:22.650\",\"errorDescription\":\"\",\"fileName\":\"3u84xhcdicdb6vqtlfud7syhj444z2.txt\",\"folder\":\"C:\\\\Users\\\\XiaoXinPro 16 IAH\\\\Desktop\\\\LRIA_llm_eval\\\\eval\\\\Quantum_Bvt_20251110\\\\bvtfiles\",\"id\":1987790422117847040,\"isDeleted\":0,\"isTmpFile\":false,\"labelNameList\":[],\"lastModifyTime\":\"2025-09-17T09:45:00\",\"md5\":\"a80f0ad4af9fd250a462680c85e6fbf0\",\"path\":\"C:\\\\Users\\\\XiaoXinPro 16 IAH\\\\Desktop\\\\LRIA_llm_eval\\\\eval\\\\Quantum_Bvt_20251110\\\\bvtfiles\\\\3u84xhcdicdb6vqtlfud7syhj444z2.txt\",\"priority\":3,\"score\":0.0,\"status\":\"ADDED\",\"tokenNum\":0,\"uriPath\":\"\"},{\"createTime\":\"2025-11-10T15:52:22.668\",\"description\":\"\",\"docName\":\"\",\"editTime\":\"2025-11-10T15:52:22.668\",\"errorDescription\":\"\",\"fileName\":\"3z3zlgnnsiuha76yy56h6uu71bh3q1.txt\",\"folder\":\"C:\\\\Users\\\\XiaoXinPro 16 IAH\\\\Desktop\\\\LRIA_llm_eval\\\\eval\\\\Quantum_Bvt_20251110\\\\bvtfiles\",\"id\":1987790422193344512,\"isDeleted\":0,\"isTmpFile\":false,\"labelNameList\":[],\"lastModifyTime\":\"2025-09-17T09:45:00\",\"md5\":\"bb28043dd606535bdcaf1ee30346b0f9\",\"path\":\"C:\\\\Users\\\\XiaoXinPro 16 IAH\\\\Desktop\\\\LRIA_llm_eval\\\\eval\\\\Quantum_Bvt_20251110\\\\bvtfiles\\\\3z3zlgnnsiuha76yy56h6uu71bh3q1.txt\",\"priority\":4,\"score\":0.0,\"status\":\"ADDED\",\"tokenNum\":0,\"uriPath\":\"\"},{\"createTime\":\"2025-11-10T15:52:22.688\",\"description\":\"\",\"docName\":\"\",\"editTime\":\"2025-11-10T15:52:22.688\",\"errorDescription\":\"\",\"fileName\":\"AI_Face_Test_Set_Collection_Method_Design.pptx\",\"folder\":\"C:\\\\Users\\\\XiaoXinPro 16 IAH\\\\Desktop\\\\LRIA_llm_eval\\\\eval\\\\Quantum_Bvt_20251110\\\\bvtfiles\",\"id\":1987790422277230592,\"isDeleted\":0,\"isTmpFile\":false,\"labelNameList\":[],\"lastModifyTime\":\"2025-09-17T09:46:00\",\"md5\":\"b0f396e7936e0f6192cd880927e8e74b\",\"path\":\"C:\\\\Users\\\\XiaoXinPro 16 IAH\\\\Desktop\\\\LRIA_llm_eval\\\\eval\\\\Quantum_Bvt_20251110\\\\bvtfiles\\\\AI_Face_Test_Set_Collection_Method_Design.pptx\",\"priority\":5,\"score\":0.0,\"status\":\"ADDED\",\"tokenNum\":0,\"uriPath\":\"\"},{\"createTime\":\"2025-11-10T15:52:22.707\",\"description\":\"\",\"docName\":\"\",\"editTime\":\"2025-11-10T15:52:22.707\",\"errorDescription\":\"\",\"fileName\":\"A_brief_introduction_of_LP_liutao21_20220615.pptx\",\"folder\":\"C:\\\\Users\\\\XiaoXinPro 16 IAH\\\\Desktop\\\\LRIA_llm_eval\\\\eval\\\\Quantum_Bvt_20251110\\\\bvtfiles\",\"id\":1987790422356922368,\"isDeleted\":0,\"isTmpFile\":false,\"labelNameList\":[],\"lastModifyTime\":\"2025-09-17T09:46:00\",\"md5\":\"0dbb2532524843af54fb3388b7bf3381\",\"path\":\"C:\\\\Users\\\\XiaoXinPro 16 IAH\\\\Desktop\\\\LRIA_llm_eval\\\\eval\\\\Quantum_Bvt_20251110\\\\bvtfiles\\\\A_brief_introduction_of_LP_liutao21_20220615.pptx\",\"priority\":6,\"score\":0.0,\"status\":\"ADDED\",\"tokenNum\":0,\"uriPath\":\"\"},{\"createTime\":\"2025-11-10T15:52:22.764\",\"description\":\"\",\"docName\":\"\",\"editTime\":\"2025-11-10T15:52:22.764\",\"errorDescription\":\"\",\"fileName\":\"Belfast-English.docx\",\"folder\":\"C:\\\\Users\\\\XiaoXinPro 16 IAH\\\\Desktop\\\\LRIA_llm_eval\\\\eval\\\\Quantum_Bvt_20251110\\\\bvtfiles\",\"id\":1987790422595997696,\"isDeleted\":0,\"isTmpFile\":false,\"labelNameList\":[],\"lastModifyTime\":\"2025-09-17T09:45:00\",\"md5\":\"3193e699ffa92db332ae31a9fb1d3cb4\",\"path\":\"C:\\\\Users\\\\XiaoXinPro 16 IAH\\\\Desktop\\\\LRIA_llm_eval\\\\eval\\\\Quantum_Bvt_20251110\\\\bvtfiles\\\\Belfast-English.docx\",\"priority\":7,\"score\":0.0,\"status\":\"ADDED\",\"tokenNum\":0,\"uriPath\":\"\"},{\"createTime\":\"2025-11-10T15:52:22.784\",\"description\":\"\",\"docName\":\"\",\"editTime\":\"2025-11-10T15:52:22.784\",\"errorDescription\":\"\",\"fileName\":\"British-Food-Culture.doc\",\"folder\":\"C:\\\\Users\\\\XiaoXinPro 16 IAH\\\\Desktop\\\\LRIA_llm_eval\\\\eval\\\\Quantum_Bvt_20251110\\\\bvtfiles\",\"id\":1987790422679883776,\"isDeleted\":0,\"isTmpFile\":false,\"labelNameList\":[],\"lastModifyTime\":\"2025-09-17T09:45:00\",\"md5\":\"435798f1c3377c7f5b71e18d733ca579\",\"path\":\"C:\\\\Users\\\\XiaoXinPro 16 IAH\\\\Desktop\\\\LRIA_llm_eval\\\\eval\\\\Quantum_Bvt_20251110\\\\bvtfiles\\\\British-Food-Culture.doc\",\"priority\":8,\"score\":0.0,\"status\":\"ADDED\",\"tokenNum\":0,\"uriPath\":\"\"},{\"createTime\":\"2025-11-10T15:52:22.803\",\"description\":\"\",\"docName\":\"\",\"editTime\":\"2025-11-10T15:52:22.803\",\"errorDescription\":\"\",\"fileName\":\"Netflix Becomes a Broadway Producer With Peter Morgan’s Patriots.txt\",\"folder\":\"C:\\\\Users\\\\XiaoXinPro 16 IAH\\\\Desktop\\\\LRIA_llm_eval\\\\eval\\\\Quantum_Bvt_20251110\\\\bvtfiles\",\"id\":1987790422759575552,\"isDeleted\":0,\"isTmpFile\":false,\"labelNameList\":[],\"lastModifyTime\":\"2025-09-17T09:46:00\",\"md5\":\"ab84c46eaa62a18048fb0241446da4ca\",\"path\":\"C:\\\\Users\\\\XiaoXinPro 16 IAH\\\\Desktop\\\\LRIA_llm_eval\\\\eval\\\\Quantum_Bvt_20251110\\\\bvtfiles\\\\Netflix Becomes a Broadway Producer With Peter Morgan’s Patriots.txt\",\"priority\":9,\"score\":0.0,\"status\":\"ADDED\",\"tokenNum\":0,\"uriPath\":\"\"}]"}}
2025-11-10 15:53:01,247 - INFO - 文档数量: 9
2025-11-10 15:53:01,247 - INFO - 第1个文档状态: RUNNING
2025-11-10 15:53:01,247 - INFO - 第2个文档状态: ADDED
2025-11-10 15:53:01,247 - INFO - 第3个文档状态: ADDED
2025-11-10 15:53:01,247 - INFO - 第4个文档状态: ADDED
2025-11-10 15:53:01,248 - INFO - 第5个文档状态: ADDED
2025-11-10 15:53:01,248 - INFO - 第6个文档状态: ADDED
2025-11-10 15:53:01,248 - INFO - 第7个文档状态: ADDED
2025-11-10 15:53:01,248 - INFO - 第8个文档状态: ADDED
2025-11-10 15:53:01,248 - INFO - 第9个文档状态: ADDED
2025-11-10 15:53:01,248 - INFO - 仍有文档在处理中，第19次尝试...
2025-11-10 15:53:03,249 - DEBUG - Starting new HTTP connection (1): 127.0.0.1:35253
2025-11-10 15:53:03,252 - DEBUG - http://127.0.0.1:35253 "POST /upload HTTP/11" 200 19
2025-11-10 15:53:03,253 - INFO - 成功获取文档列表，upload_id: 8287779725503717420
2025-11-10 15:53:03,253 - INFO - 开始时间: 2025-11-10 15:53:03.253
2025-11-10 15:53:03,254 - DEBUG - Starting new HTTP connection (1): 127.0.0.1:35253
2025-11-10 15:53:03,290 - DEBUG - http://127.0.0.1:35253 "GET /query?fileData=8287779725503717420 HTTP/11" 200 None
2025-11-10 15:53:03,389 - INFO - 响应时间: 0.14秒
2025-11-10 15:53:03,390 - INFO - 第20次尝试，获取到的result_text: {"jobId":22,"status":"complete","data":{"text":"[{\"createTime\":\"2025-11-10T15:52:22.597\",\"description\":\"\",\"docName\":\"\",\"editTime\":\"2025-11-10T15:53:00.505\",\"fileName\":\"2403.19401.pdf\",\"folder\":\"C:\\\\Users\\\\XiaoXinPro 16 IAH\\\\Desktop\\\\LRIA_llm_eval\\\\eval\\\\Quantum_Bvt_20251110\\\\bvtfiles\",\"id\":1987790421895548928,\"isDeleted\":0,\"isTmpFile\":false,\"labelNameList\":[],\"lastModifyTime\":\"2025-09-17T09:45:00\",\"md5\":\"4ff6ba88616fcf7a71d1dca6c9adc14c\",\"path\":\"C:\\\\Users\\\\XiaoXinPro 16 IAH\\\\Desktop\\\\LRIA_llm_eval\\\\eval\\\\Quantum_Bvt_20251110\\\\bvtfiles\\\\2403.19401.pdf\",\"priority\":1,\"score\":0.0,\"status\":\"RUNNING\",\"tokenNum\":0,\"uriPath\":\"\"},{\"createTime\":\"2025-11-10T15:52:22.630\",\"description\":\"\",\"docName\":\"\",\"editTime\":\"2025-11-10T15:52:22.630\",\"errorDescription\":\"\",\"fileName\":\"3nql1cs15r8aviz39pth2bpsr4zvy1.txt\",\"folder\":\"C:\\\\Users\\\\XiaoXinPro 16 IAH\\\\Desktop\\\\LRIA_llm_eval\\\\eval\\\\Quantum_Bvt_20251110\\\\bvtfiles\",\"id\":1987790422033960960,\"isDeleted\":0,\"isTmpFile\":false,\"labelNameList\":[],\"lastModifyTime\":\"2025-09-17T09:45:00\",\"md5\":\"da0c0f7162b267cca0de596df4c40c56\",\"path\":\"C:\\\\Users\\\\XiaoXinPro 16 IAH\\\\Desktop\\\\LRIA_llm_eval\\\\eval\\\\Quantum_Bvt_20251110\\\\bvtfiles\\\\3nql1cs15r8aviz39pth2bpsr4zvy1.txt\",\"priority\":2,\"score\":0.0,\"status\":\"ADDED\",\"tokenNum\":0,\"uriPath\":\"\"},{\"createTime\":\"2025-11-10T15:52:22.650\",\"description\":\"\",\"docName\":\"\",\"editTime\":\"2025-11-10T15:52:22.650\",\"errorDescription\":\"\",\"fileName\":\"3u84xhcdicdb6vqtlfud7syhj444z2.txt\",\"folder\":\"C:\\\\Users\\\\XiaoXinPro 16 IAH\\\\Desktop\\\\LRIA_llm_eval\\\\eval\\\\Quantum_Bvt_20251110\\\\bvtfiles\",\"id\":1987790422117847040,\"isDeleted\":0,\"isTmpFile\":false,\"labelNameList\":[],\"lastModifyTime\":\"2025-09-17T09:45:00\",\"md5\":\"a80f0ad4af9fd250a462680c85e6fbf0\",\"path\":\"C:\\\\Users\\\\XiaoXinPro 16 IAH\\\\Desktop\\\\LRIA_llm_eval\\\\eval\\\\Quantum_Bvt_20251110\\\\bvtfiles\\\\3u84xhcdicdb6vqtlfud7syhj444z2.txt\",\"priority\":3,\"score\":0.0,\"status\":\"ADDED\",\"tokenNum\":0,\"uriPath\":\"\"},{\"createTime\":\"2025-11-10T15:52:22.668\",\"description\":\"\",\"docName\":\"\",\"editTime\":\"2025-11-10T15:52:22.668\",\"errorDescription\":\"\",\"fileName\":\"3z3zlgnnsiuha76yy56h6uu71bh3q1.txt\",\"folder\":\"C:\\\\Users\\\\XiaoXinPro 16 IAH\\\\Desktop\\\\LRIA_llm_eval\\\\eval\\\\Quantum_Bvt_20251110\\\\bvtfiles\",\"id\":1987790422193344512,\"isDeleted\":0,\"isTmpFile\":false,\"labelNameList\":[],\"lastModifyTime\":\"2025-09-17T09:45:00\",\"md5\":\"bb28043dd606535bdcaf1ee30346b0f9\",\"path\":\"C:\\\\Users\\\\XiaoXinPro 16 IAH\\\\Desktop\\\\LRIA_llm_eval\\\\eval\\\\Quantum_Bvt_20251110\\\\bvtfiles\\\\3z3zlgnnsiuha76yy56h6uu71bh3q1.txt\",\"priority\":4,\"score\":0.0,\"status\":\"ADDED\",\"tokenNum\":0,\"uriPath\":\"\"},{\"createTime\":\"2025-11-10T15:52:22.688\",\"description\":\"\",\"docName\":\"\",\"editTime\":\"2025-11-10T15:52:22.688\",\"errorDescription\":\"\",\"fileName\":\"AI_Face_Test_Set_Collection_Method_Design.pptx\",\"folder\":\"C:\\\\Users\\\\XiaoXinPro 16 IAH\\\\Desktop\\\\LRIA_llm_eval\\\\eval\\\\Quantum_Bvt_20251110\\\\bvtfiles\",\"id\":1987790422277230592,\"isDeleted\":0,\"isTmpFile\":false,\"labelNameList\":[],\"lastModifyTime\":\"2025-09-17T09:46:00\",\"md5\":\"b0f396e7936e0f6192cd880927e8e74b\",\"path\":\"C:\\\\Users\\\\XiaoXinPro 16 IAH\\\\Desktop\\\\LRIA_llm_eval\\\\eval\\\\Quantum_Bvt_20251110\\\\bvtfiles\\\\AI_Face_Test_Set_Collection_Method_Design.pptx\",\"priority\":5,\"score\":0.0,\"status\":\"ADDED\",\"tokenNum\":0,\"uriPath\":\"\"},{\"createTime\":\"2025-11-10T15:52:22.707\",\"description\":\"\",\"docName\":\"\",\"editTime\":\"2025-11-10T15:52:22.707\",\"errorDescription\":\"\",\"fileName\":\"A_brief_introduction_of_LP_liutao21_20220615.pptx\",\"folder\":\"C:\\\\Users\\\\XiaoXinPro 16 IAH\\\\Desktop\\\\LRIA_llm_eval\\\\eval\\\\Quantum_Bvt_20251110\\\\bvtfiles\",\"id\":1987790422356922368,\"isDeleted\":0,\"isTmpFile\":false,\"labelNameList\":[],\"lastModifyTime\":\"2025-09-17T09:46:00\",\"md5\":\"0dbb2532524843af54fb3388b7bf3381\",\"path\":\"C:\\\\Users\\\\XiaoXinPro 16 IAH\\\\Desktop\\\\LRIA_llm_eval\\\\eval\\\\Quantum_Bvt_20251110\\\\bvtfiles\\\\A_brief_introduction_of_LP_liutao21_20220615.pptx\",\"priority\":6,\"score\":0.0,\"status\":\"ADDED\",\"tokenNum\":0,\"uriPath\":\"\"},{\"createTime\":\"2025-11-10T15:52:22.764\",\"description\":\"\",\"docName\":\"\",\"editTime\":\"2025-11-10T15:52:22.764\",\"errorDescription\":\"\",\"fileName\":\"Belfast-English.docx\",\"folder\":\"C:\\\\Users\\\\XiaoXinPro 16 IAH\\\\Desktop\\\\LRIA_llm_eval\\\\eval\\\\Quantum_Bvt_20251110\\\\bvtfiles\",\"id\":1987790422595997696,\"isDeleted\":0,\"isTmpFile\":false,\"labelNameList\":[],\"lastModifyTime\":\"2025-09-17T09:45:00\",\"md5\":\"3193e699ffa92db332ae31a9fb1d3cb4\",\"path\":\"C:\\\\Users\\\\XiaoXinPro 16 IAH\\\\Desktop\\\\LRIA_llm_eval\\\\eval\\\\Quantum_Bvt_20251110\\\\bvtfiles\\\\Belfast-English.docx\",\"priority\":7,\"score\":0.0,\"status\":\"ADDED\",\"tokenNum\":0,\"uriPath\":\"\"},{\"createTime\":\"2025-11-10T15:52:22.784\",\"description\":\"\",\"docName\":\"\",\"editTime\":\"2025-11-10T15:52:22.784\",\"errorDescription\":\"\",\"fileName\":\"British-Food-Culture.doc\",\"folder\":\"C:\\\\Users\\\\XiaoXinPro 16 IAH\\\\Desktop\\\\LRIA_llm_eval\\\\eval\\\\Quantum_Bvt_20251110\\\\bvtfiles\",\"id\":1987790422679883776,\"isDeleted\":0,\"isTmpFile\":false,\"labelNameList\":[],\"lastModifyTime\":\"2025-09-17T09:45:00\",\"md5\":\"435798f1c3377c7f5b71e18d733ca579\",\"path\":\"C:\\\\Users\\\\XiaoXinPro 16 IAH\\\\Desktop\\\\LRIA_llm_eval\\\\eval\\\\Quantum_Bvt_20251110\\\\bvtfiles\\\\British-Food-Culture.doc\",\"priority\":8,\"score\":0.0,\"status\":\"ADDED\",\"tokenNum\":0,\"uriPath\":\"\"},{\"createTime\":\"2025-11-10T15:52:22.803\",\"description\":\"\",\"docName\":\"\",\"editTime\":\"2025-11-10T15:52:22.803\",\"errorDescription\":\"\",\"fileName\":\"Netflix Becomes a Broadway Producer With Peter Morgan’s Patriots.txt\",\"folder\":\"C:\\\\Users\\\\XiaoXinPro 16 IAH\\\\Desktop\\\\LRIA_llm_eval\\\\eval\\\\Quantum_Bvt_20251110\\\\bvtfiles\",\"id\":1987790422759575552,\"isDeleted\":0,\"isTmpFile\":false,\"labelNameList\":[],\"lastModifyTime\":\"2025-09-17T09:46:00\",\"md5\":\"ab84c46eaa62a18048fb0241446da4ca\",\"path\":\"C:\\\\Users\\\\XiaoXinPro 16 IAH\\\\Desktop\\\\LRIA_llm_eval\\\\eval\\\\Quantum_Bvt_20251110\\\\bvtfiles\\\\Netflix Becomes a Broadway Producer With Peter Morgan’s Patriots.txt\",\"priority\":9,\"score\":0.0,\"status\":\"ADDED\",\"tokenNum\":0,\"uriPath\":\"\"}]"}}
2025-11-10 15:53:03,391 - INFO - 文档数量: 9
2025-11-10 15:53:03,391 - INFO - 第1个文档状态: RUNNING
2025-11-10 15:53:03,391 - INFO - 第2个文档状态: ADDED
2025-11-10 15:53:03,391 - INFO - 第3个文档状态: ADDED
2025-11-10 15:53:03,391 - INFO - 第4个文档状态: ADDED
2025-11-10 15:53:03,392 - INFO - 第5个文档状态: ADDED
2025-11-10 15:53:03,392 - INFO - 第6个文档状态: ADDED
2025-11-10 15:53:03,392 - INFO - 第7个文档状态: ADDED
2025-11-10 15:53:03,392 - INFO - 第8个文档状态: ADDED
2025-11-10 15:53:03,392 - INFO - 第9个文档状态: ADDED
2025-11-10 15:53:03,392 - INFO - 仍有文档在处理中，第20次尝试...
2025-11-10 15:53:05,394 - DEBUG - Starting new HTTP connection (1): 127.0.0.1:35253
2025-11-10 15:53:05,399 - DEBUG - http://127.0.0.1:35253 "POST /upload HTTP/11" 200 19
2025-11-10 15:53:05,399 - INFO - 成功获取文档列表，upload_id: 6497377386966495509
2025-11-10 15:53:05,400 - INFO - 开始时间: 2025-11-10 15:53:05.399
2025-11-10 15:53:05,400 - DEBUG - Starting new HTTP connection (1): 127.0.0.1:35253
2025-11-10 15:53:05,441 - DEBUG - http://127.0.0.1:35253 "GET /query?fileData=6497377386966495509 HTTP/11" 200 None
2025-11-10 15:53:05,561 - INFO - 响应时间: 0.16秒
2025-11-10 15:53:05,561 - INFO - 第21次尝试，获取到的result_text: {"jobId":23,"status":"complete","data":{"text":"[{\"createTime\":\"2025-11-10T15:52:22.597\",\"description\":\"\",\"docName\":\"\",\"editTime\":\"2025-11-10T15:53:00.505\",\"fileName\":\"2403.19401.pdf\",\"folder\":\"C:\\\\Users\\\\XiaoXinPro 16 IAH\\\\Desktop\\\\LRIA_llm_eval\\\\eval\\\\Quantum_Bvt_20251110\\\\bvtfiles\",\"id\":1987790421895548928,\"isDeleted\":0,\"isTmpFile\":false,\"labelNameList\":[],\"lastModifyTime\":\"2025-09-17T09:45:00\",\"md5\":\"4ff6ba88616fcf7a71d1dca6c9adc14c\",\"path\":\"C:\\\\Users\\\\XiaoXinPro 16 IAH\\\\Desktop\\\\LRIA_llm_eval\\\\eval\\\\Quantum_Bvt_20251110\\\\bvtfiles\\\\2403.19401.pdf\",\"priority\":1,\"score\":0.0,\"status\":\"RUNNING\",\"tokenNum\":0,\"uriPath\":\"\"},{\"createTime\":\"2025-11-10T15:52:22.630\",\"description\":\"\",\"docName\":\"\",\"editTime\":\"2025-11-10T15:52:22.630\",\"errorDescription\":\"\",\"fileName\":\"3nql1cs15r8aviz39pth2bpsr4zvy1.txt\",\"folder\":\"C:\\\\Users\\\\XiaoXinPro 16 IAH\\\\Desktop\\\\LRIA_llm_eval\\\\eval\\\\Quantum_Bvt_20251110\\\\bvtfiles\",\"id\":1987790422033960960,\"isDeleted\":0,\"isTmpFile\":false,\"labelNameList\":[],\"lastModifyTime\":\"2025-09-17T09:45:00\",\"md5\":\"da0c0f7162b267cca0de596df4c40c56\",\"path\":\"C:\\\\Users\\\\XiaoXinPro 16 IAH\\\\Desktop\\\\LRIA_llm_eval\\\\eval\\\\Quantum_Bvt_20251110\\\\bvtfiles\\\\3nql1cs15r8aviz39pth2bpsr4zvy1.txt\",\"priority\":2,\"score\":0.0,\"status\":\"ADDED\",\"tokenNum\":0,\"uriPath\":\"\"},{\"createTime\":\"2025-11-10T15:52:22.650\",\"description\":\"\",\"docName\":\"\",\"editTime\":\"2025-11-10T15:52:22.650\",\"errorDescription\":\"\",\"fileName\":\"3u84xhcdicdb6vqtlfud7syhj444z2.txt\",\"folder\":\"C:\\\\Users\\\\XiaoXinPro 16 IAH\\\\Desktop\\\\LRIA_llm_eval\\\\eval\\\\Quantum_Bvt_20251110\\\\bvtfiles\",\"id\":1987790422117847040,\"isDeleted\":0,\"isTmpFile\":false,\"labelNameList\":[],\"lastModifyTime\":\"2025-09-17T09:45:00\",\"md5\":\"a80f0ad4af9fd250a462680c85e6fbf0\",\"path\":\"C:\\\\Users\\\\XiaoXinPro 16 IAH\\\\Desktop\\\\LRIA_llm_eval\\\\eval\\\\Quantum_Bvt_20251110\\\\bvtfiles\\\\3u84xhcdicdb6vqtlfud7syhj444z2.txt\",\"priority\":3,\"score\":0.0,\"status\":\"ADDED\",\"tokenNum\":0,\"uriPath\":\"\"},{\"createTime\":\"2025-11-10T15:52:22.668\",\"description\":\"\",\"docName\":\"\",\"editTime\":\"2025-11-10T15:52:22.668\",\"errorDescription\":\"\",\"fileName\":\"3z3zlgnnsiuha76yy56h6uu71bh3q1.txt\",\"folder\":\"C:\\\\Users\\\\XiaoXinPro 16 IAH\\\\Desktop\\\\LRIA_llm_eval\\\\eval\\\\Quantum_Bvt_20251110\\\\bvtfiles\",\"id\":1987790422193344512,\"isDeleted\":0,\"isTmpFile\":false,\"labelNameList\":[],\"lastModifyTime\":\"2025-09-17T09:45:00\",\"md5\":\"bb28043dd606535bdcaf1ee30346b0f9\",\"path\":\"C:\\\\Users\\\\XiaoXinPro 16 IAH\\\\Desktop\\\\LRIA_llm_eval\\\\eval\\\\Quantum_Bvt_20251110\\\\bvtfiles\\\\3z3zlgnnsiuha76yy56h6uu71bh3q1.txt\",\"priority\":4,\"score\":0.0,\"status\":\"ADDED\",\"tokenNum\":0,\"uriPath\":\"\"},{\"createTime\":\"2025-11-10T15:52:22.688\",\"description\":\"\",\"docName\":\"\",\"editTime\":\"2025-11-10T15:52:22.688\",\"errorDescription\":\"\",\"fileName\":\"AI_Face_Test_Set_Collection_Method_Design.pptx\",\"folder\":\"C:\\\\Users\\\\XiaoXinPro 16 IAH\\\\Desktop\\\\LRIA_llm_eval\\\\eval\\\\Quantum_Bvt_20251110\\\\bvtfiles\",\"id\":1987790422277230592,\"isDeleted\":0,\"isTmpFile\":false,\"labelNameList\":[],\"lastModifyTime\":\"2025-09-17T09:46:00\",\"md5\":\"b0f396e7936e0f6192cd880927e8e74b\",\"path\":\"C:\\\\Users\\\\XiaoXinPro 16 IAH\\\\Desktop\\\\LRIA_llm_eval\\\\eval\\\\Quantum_Bvt_20251110\\\\bvtfiles\\\\AI_Face_Test_Set_Collection_Method_Design.pptx\",\"priority\":5,\"score\":0.0,\"status\":\"ADDED\",\"tokenNum\":0,\"uriPath\":\"\"},{\"createTime\":\"2025-11-10T15:52:22.707\",\"description\":\"\",\"docName\":\"\",\"editTime\":\"2025-11-10T15:52:22.707\",\"errorDescription\":\"\",\"fileName\":\"A_brief_introduction_of_LP_liutao21_20220615.pptx\",\"folder\":\"C:\\\\Users\\\\XiaoXinPro 16 IAH\\\\Desktop\\\\LRIA_llm_eval\\\\eval\\\\Quantum_Bvt_20251110\\\\bvtfiles\",\"id\":1987790422356922368,\"isDeleted\":0,\"isTmpFile\":false,\"labelNameList\":[],\"lastModifyTime\":\"2025-09-17T09:46:00\",\"md5\":\"0dbb2532524843af54fb3388b7bf3381\",\"path\":\"C:\\\\Users\\\\XiaoXinPro 16 IAH\\\\Desktop\\\\LRIA_llm_eval\\\\eval\\\\Quantum_Bvt_20251110\\\\bvtfiles\\\\A_brief_introduction_of_LP_liutao21_20220615.pptx\",\"priority\":6,\"score\":0.0,\"status\":\"ADDED\",\"tokenNum\":0,\"uriPath\":\"\"},{\"createTime\":\"2025-11-10T15:52:22.764\",\"description\":\"\",\"docName\":\"\",\"editTime\":\"2025-11-10T15:52:22.764\",\"errorDescription\":\"\",\"fileName\":\"Belfast-English.docx\",\"folder\":\"C:\\\\Users\\\\XiaoXinPro 16 IAH\\\\Desktop\\\\LRIA_llm_eval\\\\eval\\\\Quantum_Bvt_20251110\\\\bvtfiles\",\"id\":1987790422595997696,\"isDeleted\":0,\"isTmpFile\":false,\"labelNameList\":[],\"lastModifyTime\":\"2025-09-17T09:45:00\",\"md5\":\"3193e699ffa92db332ae31a9fb1d3cb4\",\"path\":\"C:\\\\Users\\\\XiaoXinPro 16 IAH\\\\Desktop\\\\LRIA_llm_eval\\\\eval\\\\Quantum_Bvt_20251110\\\\bvtfiles\\\\Belfast-English.docx\",\"priority\":7,\"score\":0.0,\"status\":\"ADDED\",\"tokenNum\":0,\"uriPath\":\"\"},{\"createTime\":\"2025-11-10T15:52:22.784\",\"description\":\"\",\"docName\":\"\",\"editTime\":\"2025-11-10T15:52:22.784\",\"errorDescription\":\"\",\"fileName\":\"British-Food-Culture.doc\",\"folder\":\"C:\\\\Users\\\\XiaoXinPro 16 IAH\\\\Desktop\\\\LRIA_llm_eval\\\\eval\\\\Quantum_Bvt_20251110\\\\bvtfiles\",\"id\":1987790422679883776,\"isDeleted\":0,\"isTmpFile\":false,\"labelNameList\":[],\"lastModifyTime\":\"2025-09-17T09:45:00\",\"md5\":\"435798f1c3377c7f5b71e18d733ca579\",\"path\":\"C:\\\\Users\\\\XiaoXinPro 16 IAH\\\\Desktop\\\\LRIA_llm_eval\\\\eval\\\\Quantum_Bvt_20251110\\\\bvtfiles\\\\British-Food-Culture.doc\",\"priority\":8,\"score\":0.0,\"status\":\"ADDED\",\"tokenNum\":0,\"uriPath\":\"\"},{\"createTime\":\"2025-11-10T15:52:22.803\",\"description\":\"\",\"docName\":\"\",\"editTime\":\"2025-11-10T15:52:22.803\",\"errorDescription\":\"\",\"fileName\":\"Netflix Becomes a Broadway Producer With Peter Morgan’s Patriots.txt\",\"folder\":\"C:\\\\Users\\\\XiaoXinPro 16 IAH\\\\Desktop\\\\LRIA_llm_eval\\\\eval\\\\Quantum_Bvt_20251110\\\\bvtfiles\",\"id\":1987790422759575552,\"isDeleted\":0,\"isTmpFile\":false,\"labelNameList\":[],\"lastModifyTime\":\"2025-09-17T09:46:00\",\"md5\":\"ab84c46eaa62a18048fb0241446da4ca\",\"path\":\"C:\\\\Users\\\\XiaoXinPro 16 IAH\\\\Desktop\\\\LRIA_llm_eval\\\\eval\\\\Quantum_Bvt_20251110\\\\bvtfiles\\\\Netflix Becomes a Broadway Producer With Peter Morgan’s Patriots.txt\",\"priority\":9,\"score\":0.0,\"status\":\"ADDED\",\"tokenNum\":0,\"uriPath\":\"\"}]"}}
2025-11-10 15:53:05,562 - INFO - 文档数量: 9
2025-11-10 15:53:05,562 - INFO - 第1个文档状态: RUNNING
2025-11-10 15:53:05,562 - INFO - 第2个文档状态: ADDED
2025-11-10 15:53:05,562 - INFO - 第3个文档状态: ADDED
2025-11-10 15:53:05,562 - INFO - 第4个文档状态: ADDED
2025-11-10 15:53:05,562 - INFO - 第5个文档状态: ADDED
2025-11-10 15:53:05,562 - INFO - 第6个文档状态: ADDED
2025-11-10 15:53:05,562 - INFO - 第7个文档状态: ADDED
2025-11-10 15:53:05,563 - INFO - 第8个文档状态: ADDED
2025-11-10 15:53:05,563 - INFO - 第9个文档状态: ADDED
2025-11-10 15:53:05,563 - INFO - 仍有文档在处理中，第21次尝试...
2025-11-10 15:53:07,565 - DEBUG - Starting new HTTP connection (1): 127.0.0.1:35253
2025-11-10 15:53:07,571 - DEBUG - http://127.0.0.1:35253 "POST /upload HTTP/11" 200 19
2025-11-10 15:53:07,572 - INFO - 成功获取文档列表，upload_id: 6698673623169578561
2025-11-10 15:53:07,572 - INFO - 开始时间: 2025-11-10 15:53:07.572
2025-11-10 15:53:07,573 - DEBUG - Starting new HTTP connection (1): 127.0.0.1:35253
2025-11-10 15:53:07,582 - DEBUG - http://127.0.0.1:35253 "GET /query?fileData=6698673623169578561 HTTP/11" 200 None
2025-11-10 15:53:07,744 - INFO - 响应时间: 0.17秒
2025-11-10 15:53:07,745 - INFO - 第22次尝试，获取到的result_text: {"jobId":24,"status":"complete","data":{"text":"[{\"createTime\":\"2025-11-10T15:52:22.597\",\"description\":\"\",\"docName\":\"\",\"editTime\":\"2025-11-10T15:53:00.505\",\"fileName\":\"2403.19401.pdf\",\"folder\":\"C:\\\\Users\\\\XiaoXinPro 16 IAH\\\\Desktop\\\\LRIA_llm_eval\\\\eval\\\\Quantum_Bvt_20251110\\\\bvtfiles\",\"id\":1987790421895548928,\"isDeleted\":0,\"isTmpFile\":false,\"labelNameList\":[],\"lastModifyTime\":\"2025-09-17T09:45:00\",\"md5\":\"4ff6ba88616fcf7a71d1dca6c9adc14c\",\"path\":\"C:\\\\Users\\\\XiaoXinPro 16 IAH\\\\Desktop\\\\LRIA_llm_eval\\\\eval\\\\Quantum_Bvt_20251110\\\\bvtfiles\\\\2403.19401.pdf\",\"priority\":1,\"score\":0.0,\"status\":\"RUNNING\",\"tokenNum\":0,\"uriPath\":\"\"},{\"createTime\":\"2025-11-10T15:52:22.630\",\"description\":\"\",\"docName\":\"\",\"editTime\":\"2025-11-10T15:52:22.630\",\"errorDescription\":\"\",\"fileName\":\"3nql1cs15r8aviz39pth2bpsr4zvy1.txt\",\"folder\":\"C:\\\\Users\\\\XiaoXinPro 16 IAH\\\\Desktop\\\\LRIA_llm_eval\\\\eval\\\\Quantum_Bvt_20251110\\\\bvtfiles\",\"id\":1987790422033960960,\"isDeleted\":0,\"isTmpFile\":false,\"labelNameList\":[],\"lastModifyTime\":\"2025-09-17T09:45:00\",\"md5\":\"da0c0f7162b267cca0de596df4c40c56\",\"path\":\"C:\\\\Users\\\\XiaoXinPro 16 IAH\\\\Desktop\\\\LRIA_llm_eval\\\\eval\\\\Quantum_Bvt_20251110\\\\bvtfiles\\\\3nql1cs15r8aviz39pth2bpsr4zvy1.txt\",\"priority\":2,\"score\":0.0,\"status\":\"ADDED\",\"tokenNum\":0,\"uriPath\":\"\"},{\"createTime\":\"2025-11-10T15:52:22.650\",\"description\":\"\",\"docName\":\"\",\"editTime\":\"2025-11-10T15:52:22.650\",\"errorDescription\":\"\",\"fileName\":\"3u84xhcdicdb6vqtlfud7syhj444z2.txt\",\"folder\":\"C:\\\\Users\\\\XiaoXinPro 16 IAH\\\\Desktop\\\\LRIA_llm_eval\\\\eval\\\\Quantum_Bvt_20251110\\\\bvtfiles\",\"id\":1987790422117847040,\"isDeleted\":0,\"isTmpFile\":false,\"labelNameList\":[],\"lastModifyTime\":\"2025-09-17T09:45:00\",\"md5\":\"a80f0ad4af9fd250a462680c85e6fbf0\",\"path\":\"C:\\\\Users\\\\XiaoXinPro 16 IAH\\\\Desktop\\\\LRIA_llm_eval\\\\eval\\\\Quantum_Bvt_20251110\\\\bvtfiles\\\\3u84xhcdicdb6vqtlfud7syhj444z2.txt\",\"priority\":3,\"score\":0.0,\"status\":\"ADDED\",\"tokenNum\":0,\"uriPath\":\"\"},{\"createTime\":\"2025-11-10T15:52:22.668\",\"description\":\"\",\"docName\":\"\",\"editTime\":\"2025-11-10T15:52:22.668\",\"errorDescription\":\"\",\"fileName\":\"3z3zlgnnsiuha76yy56h6uu71bh3q1.txt\",\"folder\":\"C:\\\\Users\\\\XiaoXinPro 16 IAH\\\\Desktop\\\\LRIA_llm_eval\\\\eval\\\\Quantum_Bvt_20251110\\\\bvtfiles\",\"id\":1987790422193344512,\"isDeleted\":0,\"isTmpFile\":false,\"labelNameList\":[],\"lastModifyTime\":\"2025-09-17T09:45:00\",\"md5\":\"bb28043dd606535bdcaf1ee30346b0f9\",\"path\":\"C:\\\\Users\\\\XiaoXinPro 16 IAH\\\\Desktop\\\\LRIA_llm_eval\\\\eval\\\\Quantum_Bvt_20251110\\\\bvtfiles\\\\3z3zlgnnsiuha76yy56h6uu71bh3q1.txt\",\"priority\":4,\"score\":0.0,\"status\":\"ADDED\",\"tokenNum\":0,\"uriPath\":\"\"},{\"createTime\":\"2025-11-10T15:52:22.688\",\"description\":\"\",\"docName\":\"\",\"editTime\":\"2025-11-10T15:52:22.688\",\"errorDescription\":\"\",\"fileName\":\"AI_Face_Test_Set_Collection_Method_Design.pptx\",\"folder\":\"C:\\\\Users\\\\XiaoXinPro 16 IAH\\\\Desktop\\\\LRIA_llm_eval\\\\eval\\\\Quantum_Bvt_20251110\\\\bvtfiles\",\"id\":1987790422277230592,\"isDeleted\":0,\"isTmpFile\":false,\"labelNameList\":[],\"lastModifyTime\":\"2025-09-17T09:46:00\",\"md5\":\"b0f396e7936e0f6192cd880927e8e74b\",\"path\":\"C:\\\\Users\\\\XiaoXinPro 16 IAH\\\\Desktop\\\\LRIA_llm_eval\\\\eval\\\\Quantum_Bvt_20251110\\\\bvtfiles\\\\AI_Face_Test_Set_Collection_Method_Design.pptx\",\"priority\":5,\"score\":0.0,\"status\":\"ADDED\",\"tokenNum\":0,\"uriPath\":\"\"},{\"createTime\":\"2025-11-10T15:52:22.707\",\"description\":\"\",\"docName\":\"\",\"editTime\":\"2025-11-10T15:52:22.707\",\"errorDescription\":\"\",\"fileName\":\"A_brief_introduction_of_LP_liutao21_20220615.pptx\",\"folder\":\"C:\\\\Users\\\\XiaoXinPro 16 IAH\\\\Desktop\\\\LRIA_llm_eval\\\\eval\\\\Quantum_Bvt_20251110\\\\bvtfiles\",\"id\":1987790422356922368,\"isDeleted\":0,\"isTmpFile\":false,\"labelNameList\":[],\"lastModifyTime\":\"2025-09-17T09:46:00\",\"md5\":\"0dbb2532524843af54fb3388b7bf3381\",\"path\":\"C:\\\\Users\\\\XiaoXinPro 16 IAH\\\\Desktop\\\\LRIA_llm_eval\\\\eval\\\\Quantum_Bvt_20251110\\\\bvtfiles\\\\A_brief_introduction_of_LP_liutao21_20220615.pptx\",\"priority\":6,\"score\":0.0,\"status\":\"ADDED\",\"tokenNum\":0,\"uriPath\":\"\"},{\"createTime\":\"2025-11-10T15:52:22.764\",\"description\":\"\",\"docName\":\"\",\"editTime\":\"2025-11-10T15:52:22.764\",\"errorDescription\":\"\",\"fileName\":\"Belfast-English.docx\",\"folder\":\"C:\\\\Users\\\\XiaoXinPro 16 IAH\\\\Desktop\\\\LRIA_llm_eval\\\\eval\\\\Quantum_Bvt_20251110\\\\bvtfiles\",\"id\":1987790422595997696,\"isDeleted\":0,\"isTmpFile\":false,\"labelNameList\":[],\"lastModifyTime\":\"2025-09-17T09:45:00\",\"md5\":\"3193e699ffa92db332ae31a9fb1d3cb4\",\"path\":\"C:\\\\Users\\\\XiaoXinPro 16 IAH\\\\Desktop\\\\LRIA_llm_eval\\\\eval\\\\Quantum_Bvt_20251110\\\\bvtfiles\\\\Belfast-English.docx\",\"priority\":7,\"score\":0.0,\"status\":\"ADDED\",\"tokenNum\":0,\"uriPath\":\"\"},{\"createTime\":\"2025-11-10T15:52:22.784\",\"description\":\"\",\"docName\":\"\",\"editTime\":\"2025-11-10T15:52:22.784\",\"errorDescription\":\"\",\"fileName\":\"British-Food-Culture.doc\",\"folder\":\"C:\\\\Users\\\\XiaoXinPro 16 IAH\\\\Desktop\\\\LRIA_llm_eval\\\\eval\\\\Quantum_Bvt_20251110\\\\bvtfiles\",\"id\":1987790422679883776,\"isDeleted\":0,\"isTmpFile\":false,\"labelNameList\":[],\"lastModifyTime\":\"2025-09-17T09:45:00\",\"md5\":\"435798f1c3377c7f5b71e18d733ca579\",\"path\":\"C:\\\\Users\\\\XiaoXinPro 16 IAH\\\\Desktop\\\\LRIA_llm_eval\\\\eval\\\\Quantum_Bvt_20251110\\\\bvtfiles\\\\British-Food-Culture.doc\",\"priority\":8,\"score\":0.0,\"status\":\"ADDED\",\"tokenNum\":0,\"uriPath\":\"\"},{\"createTime\":\"2025-11-10T15:52:22.803\",\"description\":\"\",\"docName\":\"\",\"editTime\":\"2025-11-10T15:52:22.803\",\"errorDescription\":\"\",\"fileName\":\"Netflix Becomes a Broadway Producer With Peter Morgan’s Patriots.txt\",\"folder\":\"C:\\\\Users\\\\XiaoXinPro 16 IAH\\\\Desktop\\\\LRIA_llm_eval\\\\eval\\\\Quantum_Bvt_20251110\\\\bvtfiles\",\"id\":1987790422759575552,\"isDeleted\":0,\"isTmpFile\":false,\"labelNameList\":[],\"lastModifyTime\":\"2025-09-17T09:46:00\",\"md5\":\"ab84c46eaa62a18048fb0241446da4ca\",\"path\":\"C:\\\\Users\\\\XiaoXinPro 16 IAH\\\\Desktop\\\\LRIA_llm_eval\\\\eval\\\\Quantum_Bvt_20251110\\\\bvtfiles\\\\Netflix Becomes a Broadway Producer With Peter Morgan’s Patriots.txt\",\"priority\":9,\"score\":0.0,\"status\":\"ADDED\",\"tokenNum\":0,\"uriPath\":\"\"}]"}}
2025-11-10 15:53:07,747 - INFO - 文档数量: 9
2025-11-10 15:53:07,747 - INFO - 第1个文档状态: RUNNING
2025-11-10 15:53:07,747 - INFO - 第2个文档状态: ADDED
2025-11-10 15:53:07,747 - INFO - 第3个文档状态: ADDED
2025-11-10 15:53:07,748 - INFO - 第4个文档状态: ADDED
2025-11-10 15:53:07,748 - INFO - 第5个文档状态: ADDED
2025-11-10 15:53:07,748 - INFO - 第6个文档状态: ADDED
2025-11-10 15:53:07,748 - INFO - 第7个文档状态: ADDED
2025-11-10 15:53:07,748 - INFO - 第8个文档状态: ADDED
2025-11-10 15:53:07,748 - INFO - 第9个文档状态: ADDED
2025-11-10 15:53:07,749 - INFO - 仍有文档在处理中，第22次尝试...
2025-11-10 15:53:09,765 - DEBUG - Starting new HTTP connection (1): 127.0.0.1:35253
2025-11-10 15:53:09,783 - DEBUG - http://127.0.0.1:35253 "POST /upload HTTP/11" 200 19
2025-11-10 15:53:09,785 - INFO - 成功获取文档列表，upload_id: 7037655170837476978
2025-11-10 15:53:09,786 - INFO - 开始时间: 2025-11-10 15:53:09.786
2025-11-10 15:53:09,789 - DEBUG - Starting new HTTP connection (1): 127.0.0.1:35253
2025-11-10 15:53:09,793 - DEBUG - http://127.0.0.1:35253 "GET /query?fileData=7037655170837476978 HTTP/11" 200 None
2025-11-10 15:53:09,973 - INFO - 响应时间: 0.19秒
2025-11-10 15:53:09,975 - INFO - 第23次尝试，获取到的result_text: {"jobId":25,"status":"complete","data":{"text":"[{\"createTime\":\"2025-11-10T15:52:22.597\",\"description\":\"\",\"docName\":\"\",\"editTime\":\"2025-11-10T15:53:00.505\",\"fileName\":\"2403.19401.pdf\",\"folder\":\"C:\\\\Users\\\\XiaoXinPro 16 IAH\\\\Desktop\\\\LRIA_llm_eval\\\\eval\\\\Quantum_Bvt_20251110\\\\bvtfiles\",\"id\":1987790421895548928,\"isDeleted\":0,\"isTmpFile\":false,\"labelNameList\":[],\"lastModifyTime\":\"2025-09-17T09:45:00\",\"md5\":\"4ff6ba88616fcf7a71d1dca6c9adc14c\",\"path\":\"C:\\\\Users\\\\XiaoXinPro 16 IAH\\\\Desktop\\\\LRIA_llm_eval\\\\eval\\\\Quantum_Bvt_20251110\\\\bvtfiles\\\\2403.19401.pdf\",\"priority\":1,\"score\":0.0,\"status\":\"RUNNING\",\"tokenNum\":0,\"uriPath\":\"\"},{\"createTime\":\"2025-11-10T15:52:22.630\",\"description\":\"\",\"docName\":\"\",\"editTime\":\"2025-11-10T15:52:22.630\",\"errorDescription\":\"\",\"fileName\":\"3nql1cs15r8aviz39pth2bpsr4zvy1.txt\",\"folder\":\"C:\\\\Users\\\\XiaoXinPro 16 IAH\\\\Desktop\\\\LRIA_llm_eval\\\\eval\\\\Quantum_Bvt_20251110\\\\bvtfiles\",\"id\":1987790422033960960,\"isDeleted\":0,\"isTmpFile\":false,\"labelNameList\":[],\"lastModifyTime\":\"2025-09-17T09:45:00\",\"md5\":\"da0c0f7162b267cca0de596df4c40c56\",\"path\":\"C:\\\\Users\\\\XiaoXinPro 16 IAH\\\\Desktop\\\\LRIA_llm_eval\\\\eval\\\\Quantum_Bvt_20251110\\\\bvtfiles\\\\3nql1cs15r8aviz39pth2bpsr4zvy1.txt\",\"priority\":2,\"score\":0.0,\"status\":\"ADDED\",\"tokenNum\":0,\"uriPath\":\"\"},{\"createTime\":\"2025-11-10T15:52:22.650\",\"description\":\"\",\"docName\":\"\",\"editTime\":\"2025-11-10T15:52:22.650\",\"errorDescription\":\"\",\"fileName\":\"3u84xhcdicdb6vqtlfud7syhj444z2.txt\",\"folder\":\"C:\\\\Users\\\\XiaoXinPro 16 IAH\\\\Desktop\\\\LRIA_llm_eval\\\\eval\\\\Quantum_Bvt_20251110\\\\bvtfiles\",\"id\":1987790422117847040,\"isDeleted\":0,\"isTmpFile\":false,\"labelNameList\":[],\"lastModifyTime\":\"2025-09-17T09:45:00\",\"md5\":\"a80f0ad4af9fd250a462680c85e6fbf0\",\"path\":\"C:\\\\Users\\\\XiaoXinPro 16 IAH\\\\Desktop\\\\LRIA_llm_eval\\\\eval\\\\Quantum_Bvt_20251110\\\\bvtfiles\\\\3u84xhcdicdb6vqtlfud7syhj444z2.txt\",\"priority\":3,\"score\":0.0,\"status\":\"ADDED\",\"tokenNum\":0,\"uriPath\":\"\"},{\"createTime\":\"2025-11-10T15:52:22.668\",\"description\":\"\",\"docName\":\"\",\"editTime\":\"2025-11-10T15:52:22.668\",\"errorDescription\":\"\",\"fileName\":\"3z3zlgnnsiuha76yy56h6uu71bh3q1.txt\",\"folder\":\"C:\\\\Users\\\\XiaoXinPro 16 IAH\\\\Desktop\\\\LRIA_llm_eval\\\\eval\\\\Quantum_Bvt_20251110\\\\bvtfiles\",\"id\":1987790422193344512,\"isDeleted\":0,\"isTmpFile\":false,\"labelNameList\":[],\"lastModifyTime\":\"2025-09-17T09:45:00\",\"md5\":\"bb28043dd606535bdcaf1ee30346b0f9\",\"path\":\"C:\\\\Users\\\\XiaoXinPro 16 IAH\\\\Desktop\\\\LRIA_llm_eval\\\\eval\\\\Quantum_Bvt_20251110\\\\bvtfiles\\\\3z3zlgnnsiuha76yy56h6uu71bh3q1.txt\",\"priority\":4,\"score\":0.0,\"status\":\"ADDED\",\"tokenNum\":0,\"uriPath\":\"\"},{\"createTime\":\"2025-11-10T15:52:22.688\",\"description\":\"\",\"docName\":\"\",\"editTime\":\"2025-11-10T15:52:22.688\",\"errorDescription\":\"\",\"fileName\":\"AI_Face_Test_Set_Collection_Method_Design.pptx\",\"folder\":\"C:\\\\Users\\\\XiaoXinPro 16 IAH\\\\Desktop\\\\LRIA_llm_eval\\\\eval\\\\Quantum_Bvt_20251110\\\\bvtfiles\",\"id\":1987790422277230592,\"isDeleted\":0,\"isTmpFile\":false,\"labelNameList\":[],\"lastModifyTime\":\"2025-09-17T09:46:00\",\"md5\":\"b0f396e7936e0f6192cd880927e8e74b\",\"path\":\"C:\\\\Users\\\\XiaoXinPro 16 IAH\\\\Desktop\\\\LRIA_llm_eval\\\\eval\\\\Quantum_Bvt_20251110\\\\bvtfiles\\\\AI_Face_Test_Set_Collection_Method_Design.pptx\",\"priority\":5,\"score\":0.0,\"status\":\"ADDED\",\"tokenNum\":0,\"uriPath\":\"\"},{\"createTime\":\"2025-11-10T15:52:22.707\",\"description\":\"\",\"docName\":\"\",\"editTime\":\"2025-11-10T15:52:22.707\",\"errorDescription\":\"\",\"fileName\":\"A_brief_introduction_of_LP_liutao21_20220615.pptx\",\"folder\":\"C:\\\\Users\\\\XiaoXinPro 16 IAH\\\\Desktop\\\\LRIA_llm_eval\\\\eval\\\\Quantum_Bvt_20251110\\\\bvtfiles\",\"id\":1987790422356922368,\"isDeleted\":0,\"isTmpFile\":false,\"labelNameList\":[],\"lastModifyTime\":\"2025-09-17T09:46:00\",\"md5\":\"0dbb2532524843af54fb3388b7bf3381\",\"path\":\"C:\\\\Users\\\\XiaoXinPro 16 IAH\\\\Desktop\\\\LRIA_llm_eval\\\\eval\\\\Quantum_Bvt_20251110\\\\bvtfiles\\\\A_brief_introduction_of_LP_liutao21_20220615.pptx\",\"priority\":6,\"score\":0.0,\"status\":\"ADDED\",\"tokenNum\":0,\"uriPath\":\"\"},{\"createTime\":\"2025-11-10T15:52:22.764\",\"description\":\"\",\"docName\":\"\",\"editTime\":\"2025-11-10T15:52:22.764\",\"errorDescription\":\"\",\"fileName\":\"Belfast-English.docx\",\"folder\":\"C:\\\\Users\\\\XiaoXinPro 16 IAH\\\\Desktop\\\\LRIA_llm_eval\\\\eval\\\\Quantum_Bvt_20251110\\\\bvtfiles\",\"id\":1987790422595997696,\"isDeleted\":0,\"isTmpFile\":false,\"labelNameList\":[],\"lastModifyTime\":\"2025-09-17T09:45:00\",\"md5\":\"3193e699ffa92db332ae31a9fb1d3cb4\",\"path\":\"C:\\\\Users\\\\XiaoXinPro 16 IAH\\\\Desktop\\\\LRIA_llm_eval\\\\eval\\\\Quantum_Bvt_20251110\\\\bvtfiles\\\\Belfast-English.docx\",\"priority\":7,\"score\":0.0,\"status\":\"ADDED\",\"tokenNum\":0,\"uriPath\":\"\"},{\"createTime\":\"2025-11-10T15:52:22.784\",\"description\":\"\",\"docName\":\"\",\"editTime\":\"2025-11-10T15:52:22.784\",\"errorDescription\":\"\",\"fileName\":\"British-Food-Culture.doc\",\"folder\":\"C:\\\\Users\\\\XiaoXinPro 16 IAH\\\\Desktop\\\\LRIA_llm_eval\\\\eval\\\\Quantum_Bvt_20251110\\\\bvtfiles\",\"id\":1987790422679883776,\"isDeleted\":0,\"isTmpFile\":false,\"labelNameList\":[],\"lastModifyTime\":\"2025-09-17T09:45:00\",\"md5\":\"435798f1c3377c7f5b71e18d733ca579\",\"path\":\"C:\\\\Users\\\\XiaoXinPro 16 IAH\\\\Desktop\\\\LRIA_llm_eval\\\\eval\\\\Quantum_Bvt_20251110\\\\bvtfiles\\\\British-Food-Culture.doc\",\"priority\":8,\"score\":0.0,\"status\":\"ADDED\",\"tokenNum\":0,\"uriPath\":\"\"},{\"createTime\":\"2025-11-10T15:52:22.803\",\"description\":\"\",\"docName\":\"\",\"editTime\":\"2025-11-10T15:52:22.803\",\"errorDescription\":\"\",\"fileName\":\"Netflix Becomes a Broadway Producer With Peter Morgan’s Patriots.txt\",\"folder\":\"C:\\\\Users\\\\XiaoXinPro 16 IAH\\\\Desktop\\\\LRIA_llm_eval\\\\eval\\\\Quantum_Bvt_20251110\\\\bvtfiles\",\"id\":1987790422759575552,\"isDeleted\":0,\"isTmpFile\":false,\"labelNameList\":[],\"lastModifyTime\":\"2025-09-17T09:46:00\",\"md5\":\"ab84c46eaa62a18048fb0241446da4ca\",\"path\":\"C:\\\\Users\\\\XiaoXinPro 16 IAH\\\\Desktop\\\\LRIA_llm_eval\\\\eval\\\\Quantum_Bvt_20251110\\\\bvtfiles\\\\Netflix Becomes a Broadway Producer With Peter Morgan’s Patriots.txt\",\"priority\":9,\"score\":0.0,\"status\":\"ADDED\",\"tokenNum\":0,\"uriPath\":\"\"}]"}}
2025-11-10 15:53:09,976 - INFO - 文档数量: 9
2025-11-10 15:53:09,976 - INFO - 第1个文档状态: RUNNING
2025-11-10 15:53:09,976 - INFO - 第2个文档状态: ADDED
2025-11-10 15:53:09,977 - INFO - 第3个文档状态: ADDED
2025-11-10 15:53:09,977 - INFO - 第4个文档状态: ADDED
2025-11-10 15:53:09,977 - INFO - 第5个文档状态: ADDED
2025-11-10 15:53:09,977 - INFO - 第6个文档状态: ADDED
2025-11-10 15:53:09,977 - INFO - 第7个文档状态: ADDED
2025-11-10 15:53:09,977 - INFO - 第8个文档状态: ADDED
2025-11-10 15:53:09,978 - INFO - 第9个文档状态: ADDED
2025-11-10 15:53:09,978 - INFO - 仍有文档在处理中，第23次尝试...
2025-11-10 15:53:11,980 - DEBUG - Starting new HTTP connection (1): 127.0.0.1:35253
2025-11-10 15:53:11,983 - DEBUG - http://127.0.0.1:35253 "POST /upload HTTP/11" 200 20
2025-11-10 15:53:11,983 - INFO - 成功获取文档列表，upload_id: -6872258786373016364
2025-11-10 15:53:11,984 - INFO - 开始时间: 2025-11-10 15:53:11.983
2025-11-10 15:53:11,984 - DEBUG - Starting new HTTP connection (1): 127.0.0.1:35253
2025-11-10 15:53:12,000 - DEBUG - http://127.0.0.1:35253 "GET /query?fileData=-6872258786373016364 HTTP/11" 200 None
2025-11-10 15:53:12,155 - INFO - 响应时间: 0.17秒
2025-11-10 15:53:12,156 - INFO - 第24次尝试，获取到的result_text: {"jobId":26,"status":"complete","data":{"text":"[{\"createTime\":\"2025-11-10T15:52:22.597\",\"description\":\"\",\"docName\":\"\",\"editTime\":\"2025-11-10T15:53:00.505\",\"fileName\":\"2403.19401.pdf\",\"folder\":\"C:\\\\Users\\\\XiaoXinPro 16 IAH\\\\Desktop\\\\LRIA_llm_eval\\\\eval\\\\Quantum_Bvt_20251110\\\\bvtfiles\",\"id\":1987790421895548928,\"isDeleted\":0,\"isTmpFile\":false,\"labelNameList\":[],\"lastModifyTime\":\"2025-09-17T09:45:00\",\"md5\":\"4ff6ba88616fcf7a71d1dca6c9adc14c\",\"path\":\"C:\\\\Users\\\\XiaoXinPro 16 IAH\\\\Desktop\\\\LRIA_llm_eval\\\\eval\\\\Quantum_Bvt_20251110\\\\bvtfiles\\\\2403.19401.pdf\",\"priority\":1,\"score\":0.0,\"status\":\"RUNNING\",\"tokenNum\":0,\"uriPath\":\"\"},{\"createTime\":\"2025-11-10T15:52:22.630\",\"description\":\"\",\"docName\":\"\",\"editTime\":\"2025-11-10T15:52:22.630\",\"errorDescription\":\"\",\"fileName\":\"3nql1cs15r8aviz39pth2bpsr4zvy1.txt\",\"folder\":\"C:\\\\Users\\\\XiaoXinPro 16 IAH\\\\Desktop\\\\LRIA_llm_eval\\\\eval\\\\Quantum_Bvt_20251110\\\\bvtfiles\",\"id\":1987790422033960960,\"isDeleted\":0,\"isTmpFile\":false,\"labelNameList\":[],\"lastModifyTime\":\"2025-09-17T09:45:00\",\"md5\":\"da0c0f7162b267cca0de596df4c40c56\",\"path\":\"C:\\\\Users\\\\XiaoXinPro 16 IAH\\\\Desktop\\\\LRIA_llm_eval\\\\eval\\\\Quantum_Bvt_20251110\\\\bvtfiles\\\\3nql1cs15r8aviz39pth2bpsr4zvy1.txt\",\"priority\":2,\"score\":0.0,\"status\":\"ADDED\",\"tokenNum\":0,\"uriPath\":\"\"},{\"createTime\":\"2025-11-10T15:52:22.650\",\"description\":\"\",\"docName\":\"\",\"editTime\":\"2025-11-10T15:52:22.650\",\"errorDescription\":\"\",\"fileName\":\"3u84xhcdicdb6vqtlfud7syhj444z2.txt\",\"folder\":\"C:\\\\Users\\\\XiaoXinPro 16 IAH\\\\Desktop\\\\LRIA_llm_eval\\\\eval\\\\Quantum_Bvt_20251110\\\\bvtfiles\",\"id\":1987790422117847040,\"isDeleted\":0,\"isTmpFile\":false,\"labelNameList\":[],\"lastModifyTime\":\"2025-09-17T09:45:00\",\"md5\":\"a80f0ad4af9fd250a462680c85e6fbf0\",\"path\":\"C:\\\\Users\\\\XiaoXinPro 16 IAH\\\\Desktop\\\\LRIA_llm_eval\\\\eval\\\\Quantum_Bvt_20251110\\\\bvtfiles\\\\3u84xhcdicdb6vqtlfud7syhj444z2.txt\",\"priority\":3,\"score\":0.0,\"status\":\"ADDED\",\"tokenNum\":0,\"uriPath\":\"\"},{\"createTime\":\"2025-11-10T15:52:22.668\",\"description\":\"\",\"docName\":\"\",\"editTime\":\"2025-11-10T15:52:22.668\",\"errorDescription\":\"\",\"fileName\":\"3z3zlgnnsiuha76yy56h6uu71bh3q1.txt\",\"folder\":\"C:\\\\Users\\\\XiaoXinPro 16 IAH\\\\Desktop\\\\LRIA_llm_eval\\\\eval\\\\Quantum_Bvt_20251110\\\\bvtfiles\",\"id\":1987790422193344512,\"isDeleted\":0,\"isTmpFile\":false,\"labelNameList\":[],\"lastModifyTime\":\"2025-09-17T09:45:00\",\"md5\":\"bb28043dd606535bdcaf1ee30346b0f9\",\"path\":\"C:\\\\Users\\\\XiaoXinPro 16 IAH\\\\Desktop\\\\LRIA_llm_eval\\\\eval\\\\Quantum_Bvt_20251110\\\\bvtfiles\\\\3z3zlgnnsiuha76yy56h6uu71bh3q1.txt\",\"priority\":4,\"score\":0.0,\"status\":\"ADDED\",\"tokenNum\":0,\"uriPath\":\"\"},{\"createTime\":\"2025-11-10T15:52:22.688\",\"description\":\"\",\"docName\":\"\",\"editTime\":\"2025-11-10T15:52:22.688\",\"errorDescription\":\"\",\"fileName\":\"AI_Face_Test_Set_Collection_Method_Design.pptx\",\"folder\":\"C:\\\\Users\\\\XiaoXinPro 16 IAH\\\\Desktop\\\\LRIA_llm_eval\\\\eval\\\\Quantum_Bvt_20251110\\\\bvtfiles\",\"id\":1987790422277230592,\"isDeleted\":0,\"isTmpFile\":false,\"labelNameList\":[],\"lastModifyTime\":\"2025-09-17T09:46:00\",\"md5\":\"b0f396e7936e0f6192cd880927e8e74b\",\"path\":\"C:\\\\Users\\\\XiaoXinPro 16 IAH\\\\Desktop\\\\LRIA_llm_eval\\\\eval\\\\Quantum_Bvt_20251110\\\\bvtfiles\\\\AI_Face_Test_Set_Collection_Method_Design.pptx\",\"priority\":5,\"score\":0.0,\"status\":\"ADDED\",\"tokenNum\":0,\"uriPath\":\"\"},{\"createTime\":\"2025-11-10T15:52:22.707\",\"description\":\"\",\"docName\":\"\",\"editTime\":\"2025-11-10T15:52:22.707\",\"errorDescription\":\"\",\"fileName\":\"A_brief_introduction_of_LP_liutao21_20220615.pptx\",\"folder\":\"C:\\\\Users\\\\XiaoXinPro 16 IAH\\\\Desktop\\\\LRIA_llm_eval\\\\eval\\\\Quantum_Bvt_20251110\\\\bvtfiles\",\"id\":1987790422356922368,\"isDeleted\":0,\"isTmpFile\":false,\"labelNameList\":[],\"lastModifyTime\":\"2025-09-17T09:46:00\",\"md5\":\"0dbb2532524843af54fb3388b7bf3381\",\"path\":\"C:\\\\Users\\\\XiaoXinPro 16 IAH\\\\Desktop\\\\LRIA_llm_eval\\\\eval\\\\Quantum_Bvt_20251110\\\\bvtfiles\\\\A_brief_introduction_of_LP_liutao21_20220615.pptx\",\"priority\":6,\"score\":0.0,\"status\":\"ADDED\",\"tokenNum\":0,\"uriPath\":\"\"},{\"createTime\":\"2025-11-10T15:52:22.764\",\"description\":\"\",\"docName\":\"\",\"editTime\":\"2025-11-10T15:52:22.764\",\"errorDescription\":\"\",\"fileName\":\"Belfast-English.docx\",\"folder\":\"C:\\\\Users\\\\XiaoXinPro 16 IAH\\\\Desktop\\\\LRIA_llm_eval\\\\eval\\\\Quantum_Bvt_20251110\\\\bvtfiles\",\"id\":1987790422595997696,\"isDeleted\":0,\"isTmpFile\":false,\"labelNameList\":[],\"lastModifyTime\":\"2025-09-17T09:45:00\",\"md5\":\"3193e699ffa92db332ae31a9fb1d3cb4\",\"path\":\"C:\\\\Users\\\\XiaoXinPro 16 IAH\\\\Desktop\\\\LRIA_llm_eval\\\\eval\\\\Quantum_Bvt_20251110\\\\bvtfiles\\\\Belfast-English.docx\",\"priority\":7,\"score\":0.0,\"status\":\"ADDED\",\"tokenNum\":0,\"uriPath\":\"\"},{\"createTime\":\"2025-11-10T15:52:22.784\",\"description\":\"\",\"docName\":\"\",\"editTime\":\"2025-11-10T15:52:22.784\",\"errorDescription\":\"\",\"fileName\":\"British-Food-Culture.doc\",\"folder\":\"C:\\\\Users\\\\XiaoXinPro 16 IAH\\\\Desktop\\\\LRIA_llm_eval\\\\eval\\\\Quantum_Bvt_20251110\\\\bvtfiles\",\"id\":1987790422679883776,\"isDeleted\":0,\"isTmpFile\":false,\"labelNameList\":[],\"lastModifyTime\":\"2025-09-17T09:45:00\",\"md5\":\"435798f1c3377c7f5b71e18d733ca579\",\"path\":\"C:\\\\Users\\\\XiaoXinPro 16 IAH\\\\Desktop\\\\LRIA_llm_eval\\\\eval\\\\Quantum_Bvt_20251110\\\\bvtfiles\\\\British-Food-Culture.doc\",\"priority\":8,\"score\":0.0,\"status\":\"ADDED\",\"tokenNum\":0,\"uriPath\":\"\"},{\"createTime\":\"2025-11-10T15:52:22.803\",\"description\":\"\",\"docName\":\"\",\"editTime\":\"2025-11-10T15:52:22.803\",\"errorDescription\":\"\",\"fileName\":\"Netflix Becomes a Broadway Producer With Peter Morgan’s Patriots.txt\",\"folder\":\"C:\\\\Users\\\\XiaoXinPro 16 IAH\\\\Desktop\\\\LRIA_llm_eval\\\\eval\\\\Quantum_Bvt_20251110\\\\bvtfiles\",\"id\":1987790422759575552,\"isDeleted\":0,\"isTmpFile\":false,\"labelNameList\":[],\"lastModifyTime\":\"2025-09-17T09:46:00\",\"md5\":\"ab84c46eaa62a18048fb0241446da4ca\",\"path\":\"C:\\\\Users\\\\XiaoXinPro 16 IAH\\\\Desktop\\\\LRIA_llm_eval\\\\eval\\\\Quantum_Bvt_20251110\\\\bvtfiles\\\\Netflix Becomes a Broadway Producer With Peter Morgan’s Patriots.txt\",\"priority\":9,\"score\":0.0,\"status\":\"ADDED\",\"tokenNum\":0,\"uriPath\":\"\"}]"}}
2025-11-10 15:53:12,156 - INFO - 文档数量: 9
2025-11-10 15:53:12,156 - INFO - 第1个文档状态: RUNNING
2025-11-10 15:53:12,156 - INFO - 第2个文档状态: ADDED
2025-11-10 15:53:12,157 - INFO - 第3个文档状态: ADDED
2025-11-10 15:53:12,157 - INFO - 第4个文档状态: ADDED
2025-11-10 15:53:12,157 - INFO - 第5个文档状态: ADDED
2025-11-10 15:53:12,157 - INFO - 第6个文档状态: ADDED
2025-11-10 15:53:12,157 - INFO - 第7个文档状态: ADDED
2025-11-10 15:53:12,157 - INFO - 第8个文档状态: ADDED
2025-11-10 15:53:12,158 - INFO - 第9个文档状态: ADDED
2025-11-10 15:53:12,158 - INFO - 仍有文档在处理中，第24次尝试...
2025-11-10 15:53:14,159 - DEBUG - Starting new HTTP connection (1): 127.0.0.1:35253
2025-11-10 15:53:14,164 - DEBUG - http://127.0.0.1:35253 "POST /upload HTTP/11" 200 19
2025-11-10 15:53:14,166 - INFO - 成功获取文档列表，upload_id: 5991088156864371513
2025-11-10 15:53:14,166 - INFO - 开始时间: 2025-11-10 15:53:14.166
2025-11-10 15:53:14,167 - DEBUG - Starting new HTTP connection (1): 127.0.0.1:35253
2025-11-10 15:53:14,198 - DEBUG - http://127.0.0.1:35253 "GET /query?fileData=5991088156864371513 HTTP/11" 200 None
2025-11-10 15:53:14,323 - INFO - 响应时间: 0.16秒
2025-11-10 15:53:14,323 - INFO - 第25次尝试，获取到的result_text: {"jobId":27,"status":"complete","data":{"text":"[{\"createTime\":\"2025-11-10T15:52:22.597\",\"description\":\"\",\"docName\":\"\",\"editTime\":\"2025-11-10T15:53:00.505\",\"fileName\":\"2403.19401.pdf\",\"folder\":\"C:\\\\Users\\\\XiaoXinPro 16 IAH\\\\Desktop\\\\LRIA_llm_eval\\\\eval\\\\Quantum_Bvt_20251110\\\\bvtfiles\",\"id\":1987790421895548928,\"isDeleted\":0,\"isTmpFile\":false,\"labelNameList\":[],\"lastModifyTime\":\"2025-09-17T09:45:00\",\"md5\":\"4ff6ba88616fcf7a71d1dca6c9adc14c\",\"path\":\"C:\\\\Users\\\\XiaoXinPro 16 IAH\\\\Desktop\\\\LRIA_llm_eval\\\\eval\\\\Quantum_Bvt_20251110\\\\bvtfiles\\\\2403.19401.pdf\",\"priority\":1,\"score\":0.0,\"status\":\"RUNNING\",\"tokenNum\":0,\"uriPath\":\"\"},{\"createTime\":\"2025-11-10T15:52:22.630\",\"description\":\"\",\"docName\":\"\",\"editTime\":\"2025-11-10T15:52:22.630\",\"errorDescription\":\"\",\"fileName\":\"3nql1cs15r8aviz39pth2bpsr4zvy1.txt\",\"folder\":\"C:\\\\Users\\\\XiaoXinPro 16 IAH\\\\Desktop\\\\LRIA_llm_eval\\\\eval\\\\Quantum_Bvt_20251110\\\\bvtfiles\",\"id\":1987790422033960960,\"isDeleted\":0,\"isTmpFile\":false,\"labelNameList\":[],\"lastModifyTime\":\"2025-09-17T09:45:00\",\"md5\":\"da0c0f7162b267cca0de596df4c40c56\",\"path\":\"C:\\\\Users\\\\XiaoXinPro 16 IAH\\\\Desktop\\\\LRIA_llm_eval\\\\eval\\\\Quantum_Bvt_20251110\\\\bvtfiles\\\\3nql1cs15r8aviz39pth2bpsr4zvy1.txt\",\"priority\":2,\"score\":0.0,\"status\":\"ADDED\",\"tokenNum\":0,\"uriPath\":\"\"},{\"createTime\":\"2025-11-10T15:52:22.650\",\"description\":\"\",\"docName\":\"\",\"editTime\":\"2025-11-10T15:52:22.650\",\"errorDescription\":\"\",\"fileName\":\"3u84xhcdicdb6vqtlfud7syhj444z2.txt\",\"folder\":\"C:\\\\Users\\\\XiaoXinPro 16 IAH\\\\Desktop\\\\LRIA_llm_eval\\\\eval\\\\Quantum_Bvt_20251110\\\\bvtfiles\",\"id\":1987790422117847040,\"isDeleted\":0,\"isTmpFile\":false,\"labelNameList\":[],\"lastModifyTime\":\"2025-09-17T09:45:00\",\"md5\":\"a80f0ad4af9fd250a462680c85e6fbf0\",\"path\":\"C:\\\\Users\\\\XiaoXinPro 16 IAH\\\\Desktop\\\\LRIA_llm_eval\\\\eval\\\\Quantum_Bvt_20251110\\\\bvtfiles\\\\3u84xhcdicdb6vqtlfud7syhj444z2.txt\",\"priority\":3,\"score\":0.0,\"status\":\"ADDED\",\"tokenNum\":0,\"uriPath\":\"\"},{\"createTime\":\"2025-11-10T15:52:22.668\",\"description\":\"\",\"docName\":\"\",\"editTime\":\"2025-11-10T15:52:22.668\",\"errorDescription\":\"\",\"fileName\":\"3z3zlgnnsiuha76yy56h6uu71bh3q1.txt\",\"folder\":\"C:\\\\Users\\\\XiaoXinPro 16 IAH\\\\Desktop\\\\LRIA_llm_eval\\\\eval\\\\Quantum_Bvt_20251110\\\\bvtfiles\",\"id\":1987790422193344512,\"isDeleted\":0,\"isTmpFile\":false,\"labelNameList\":[],\"lastModifyTime\":\"2025-09-17T09:45:00\",\"md5\":\"bb28043dd606535bdcaf1ee30346b0f9\",\"path\":\"C:\\\\Users\\\\XiaoXinPro 16 IAH\\\\Desktop\\\\LRIA_llm_eval\\\\eval\\\\Quantum_Bvt_20251110\\\\bvtfiles\\\\3z3zlgnnsiuha76yy56h6uu71bh3q1.txt\",\"priority\":4,\"score\":0.0,\"status\":\"ADDED\",\"tokenNum\":0,\"uriPath\":\"\"},{\"createTime\":\"2025-11-10T15:52:22.688\",\"description\":\"\",\"docName\":\"\",\"editTime\":\"2025-11-10T15:52:22.688\",\"errorDescription\":\"\",\"fileName\":\"AI_Face_Test_Set_Collection_Method_Design.pptx\",\"folder\":\"C:\\\\Users\\\\XiaoXinPro 16 IAH\\\\Desktop\\\\LRIA_llm_eval\\\\eval\\\\Quantum_Bvt_20251110\\\\bvtfiles\",\"id\":1987790422277230592,\"isDeleted\":0,\"isTmpFile\":false,\"labelNameList\":[],\"lastModifyTime\":\"2025-09-17T09:46:00\",\"md5\":\"b0f396e7936e0f6192cd880927e8e74b\",\"path\":\"C:\\\\Users\\\\XiaoXinPro 16 IAH\\\\Desktop\\\\LRIA_llm_eval\\\\eval\\\\Quantum_Bvt_20251110\\\\bvtfiles\\\\AI_Face_Test_Set_Collection_Method_Design.pptx\",\"priority\":5,\"score\":0.0,\"status\":\"ADDED\",\"tokenNum\":0,\"uriPath\":\"\"},{\"createTime\":\"2025-11-10T15:52:22.707\",\"description\":\"\",\"docName\":\"\",\"editTime\":\"2025-11-10T15:52:22.707\",\"errorDescription\":\"\",\"fileName\":\"A_brief_introduction_of_LP_liutao21_20220615.pptx\",\"folder\":\"C:\\\\Users\\\\XiaoXinPro 16 IAH\\\\Desktop\\\\LRIA_llm_eval\\\\eval\\\\Quantum_Bvt_20251110\\\\bvtfiles\",\"id\":1987790422356922368,\"isDeleted\":0,\"isTmpFile\":false,\"labelNameList\":[],\"lastModifyTime\":\"2025-09-17T09:46:00\",\"md5\":\"0dbb2532524843af54fb3388b7bf3381\",\"path\":\"C:\\\\Users\\\\XiaoXinPro 16 IAH\\\\Desktop\\\\LRIA_llm_eval\\\\eval\\\\Quantum_Bvt_20251110\\\\bvtfiles\\\\A_brief_introduction_of_LP_liutao21_20220615.pptx\",\"priority\":6,\"score\":0.0,\"status\":\"ADDED\",\"tokenNum\":0,\"uriPath\":\"\"},{\"createTime\":\"2025-11-10T15:52:22.764\",\"description\":\"\",\"docName\":\"\",\"editTime\":\"2025-11-10T15:52:22.764\",\"errorDescription\":\"\",\"fileName\":\"Belfast-English.docx\",\"folder\":\"C:\\\\Users\\\\XiaoXinPro 16 IAH\\\\Desktop\\\\LRIA_llm_eval\\\\eval\\\\Quantum_Bvt_20251110\\\\bvtfiles\",\"id\":1987790422595997696,\"isDeleted\":0,\"isTmpFile\":false,\"labelNameList\":[],\"lastModifyTime\":\"2025-09-17T09:45:00\",\"md5\":\"3193e699ffa92db332ae31a9fb1d3cb4\",\"path\":\"C:\\\\Users\\\\XiaoXinPro 16 IAH\\\\Desktop\\\\LRIA_llm_eval\\\\eval\\\\Quantum_Bvt_20251110\\\\bvtfiles\\\\Belfast-English.docx\",\"priority\":7,\"score\":0.0,\"status\":\"ADDED\",\"tokenNum\":0,\"uriPath\":\"\"},{\"createTime\":\"2025-11-10T15:52:22.784\",\"description\":\"\",\"docName\":\"\",\"editTime\":\"2025-11-10T15:52:22.784\",\"errorDescription\":\"\",\"fileName\":\"British-Food-Culture.doc\",\"folder\":\"C:\\\\Users\\\\XiaoXinPro 16 IAH\\\\Desktop\\\\LRIA_llm_eval\\\\eval\\\\Quantum_Bvt_20251110\\\\bvtfiles\",\"id\":1987790422679883776,\"isDeleted\":0,\"isTmpFile\":false,\"labelNameList\":[],\"lastModifyTime\":\"2025-09-17T09:45:00\",\"md5\":\"435798f1c3377c7f5b71e18d733ca579\",\"path\":\"C:\\\\Users\\\\XiaoXinPro 16 IAH\\\\Desktop\\\\LRIA_llm_eval\\\\eval\\\\Quantum_Bvt_20251110\\\\bvtfiles\\\\British-Food-Culture.doc\",\"priority\":8,\"score\":0.0,\"status\":\"ADDED\",\"tokenNum\":0,\"uriPath\":\"\"},{\"createTime\":\"2025-11-10T15:52:22.803\",\"description\":\"\",\"docName\":\"\",\"editTime\":\"2025-11-10T15:52:22.803\",\"errorDescription\":\"\",\"fileName\":\"Netflix Becomes a Broadway Producer With Peter Morgan’s Patriots.txt\",\"folder\":\"C:\\\\Users\\\\XiaoXinPro 16 IAH\\\\Desktop\\\\LRIA_llm_eval\\\\eval\\\\Quantum_Bvt_20251110\\\\bvtfiles\",\"id\":1987790422759575552,\"isDeleted\":0,\"isTmpFile\":false,\"labelNameList\":[],\"lastModifyTime\":\"2025-09-17T09:46:00\",\"md5\":\"ab84c46eaa62a18048fb0241446da4ca\",\"path\":\"C:\\\\Users\\\\XiaoXinPro 16 IAH\\\\Desktop\\\\LRIA_llm_eval\\\\eval\\\\Quantum_Bvt_20251110\\\\bvtfiles\\\\Netflix Becomes a Broadway Producer With Peter Morgan’s Patriots.txt\",\"priority\":9,\"score\":0.0,\"status\":\"ADDED\",\"tokenNum\":0,\"uriPath\":\"\"}]"}}
2025-11-10 15:53:14,324 - INFO - 文档数量: 9
2025-11-10 15:53:14,324 - INFO - 第1个文档状态: RUNNING
2025-11-10 15:53:14,325 - INFO - 第2个文档状态: ADDED
2025-11-10 15:53:14,325 - INFO - 第3个文档状态: ADDED
2025-11-10 15:53:14,325 - INFO - 第4个文档状态: ADDED
2025-11-10 15:53:14,325 - INFO - 第5个文档状态: ADDED
2025-11-10 15:53:14,325 - INFO - 第6个文档状态: ADDED
2025-11-10 15:53:14,325 - INFO - 第7个文档状态: ADDED
2025-11-10 15:53:14,325 - INFO - 第8个文档状态: ADDED
2025-11-10 15:53:14,326 - INFO - 第9个文档状态: ADDED
2025-11-10 15:53:14,326 - INFO - 仍有文档在处理中，第25次尝试...
2025-11-10 15:53:16,327 - DEBUG - Starting new HTTP connection (1): 127.0.0.1:35253
2025-11-10 15:53:16,331 - DEBUG - http://127.0.0.1:35253 "POST /upload HTTP/11" 200 20
2025-11-10 15:53:16,332 - INFO - 成功获取文档列表，upload_id: -1591496669880866212
2025-11-10 15:53:16,332 - INFO - 开始时间: 2025-11-10 15:53:16.332
2025-11-10 15:53:16,333 - DEBUG - Starting new HTTP connection (1): 127.0.0.1:35253
2025-11-10 15:53:16,350 - DEBUG - http://127.0.0.1:35253 "GET /query?fileData=-1591496669880866212 HTTP/11" 200 None
2025-11-10 15:53:16,461 - INFO - 响应时间: 0.13秒
2025-11-10 15:53:16,462 - INFO - 第26次尝试，获取到的result_text: {"jobId":28,"status":"complete","data":{"text":"[{\"createTime\":\"2025-11-10T15:52:22.597\",\"description\":\"\",\"docName\":\"\",\"editTime\":\"2025-11-10T15:53:00.505\",\"fileName\":\"2403.19401.pdf\",\"folder\":\"C:\\\\Users\\\\XiaoXinPro 16 IAH\\\\Desktop\\\\LRIA_llm_eval\\\\eval\\\\Quantum_Bvt_20251110\\\\bvtfiles\",\"id\":1987790421895548928,\"isDeleted\":0,\"isTmpFile\":false,\"labelNameList\":[],\"lastModifyTime\":\"2025-09-17T09:45:00\",\"md5\":\"4ff6ba88616fcf7a71d1dca6c9adc14c\",\"path\":\"C:\\\\Users\\\\XiaoXinPro 16 IAH\\\\Desktop\\\\LRIA_llm_eval\\\\eval\\\\Quantum_Bvt_20251110\\\\bvtfiles\\\\2403.19401.pdf\",\"priority\":1,\"score\":0.0,\"status\":\"RUNNING\",\"tokenNum\":0,\"uriPath\":\"\"},{\"createTime\":\"2025-11-10T15:52:22.630\",\"description\":\"\",\"docName\":\"\",\"editTime\":\"2025-11-10T15:52:22.630\",\"errorDescription\":\"\",\"fileName\":\"3nql1cs15r8aviz39pth2bpsr4zvy1.txt\",\"folder\":\"C:\\\\Users\\\\XiaoXinPro 16 IAH\\\\Desktop\\\\LRIA_llm_eval\\\\eval\\\\Quantum_Bvt_20251110\\\\bvtfiles\",\"id\":1987790422033960960,\"isDeleted\":0,\"isTmpFile\":false,\"labelNameList\":[],\"lastModifyTime\":\"2025-09-17T09:45:00\",\"md5\":\"da0c0f7162b267cca0de596df4c40c56\",\"path\":\"C:\\\\Users\\\\XiaoXinPro 16 IAH\\\\Desktop\\\\LRIA_llm_eval\\\\eval\\\\Quantum_Bvt_20251110\\\\bvtfiles\\\\3nql1cs15r8aviz39pth2bpsr4zvy1.txt\",\"priority\":2,\"score\":0.0,\"status\":\"ADDED\",\"tokenNum\":0,\"uriPath\":\"\"},{\"createTime\":\"2025-11-10T15:52:22.650\",\"description\":\"\",\"docName\":\"\",\"editTime\":\"2025-11-10T15:52:22.650\",\"errorDescription\":\"\",\"fileName\":\"3u84xhcdicdb6vqtlfud7syhj444z2.txt\",\"folder\":\"C:\\\\Users\\\\XiaoXinPro 16 IAH\\\\Desktop\\\\LRIA_llm_eval\\\\eval\\\\Quantum_Bvt_20251110\\\\bvtfiles\",\"id\":1987790422117847040,\"isDeleted\":0,\"isTmpFile\":false,\"labelNameList\":[],\"lastModifyTime\":\"2025-09-17T09:45:00\",\"md5\":\"a80f0ad4af9fd250a462680c85e6fbf0\",\"path\":\"C:\\\\Users\\\\XiaoXinPro 16 IAH\\\\Desktop\\\\LRIA_llm_eval\\\\eval\\\\Quantum_Bvt_20251110\\\\bvtfiles\\\\3u84xhcdicdb6vqtlfud7syhj444z2.txt\",\"priority\":3,\"score\":0.0,\"status\":\"ADDED\",\"tokenNum\":0,\"uriPath\":\"\"},{\"createTime\":\"2025-11-10T15:52:22.668\",\"description\":\"\",\"docName\":\"\",\"editTime\":\"2025-11-10T15:52:22.668\",\"errorDescription\":\"\",\"fileName\":\"3z3zlgnnsiuha76yy56h6uu71bh3q1.txt\",\"folder\":\"C:\\\\Users\\\\XiaoXinPro 16 IAH\\\\Desktop\\\\LRIA_llm_eval\\\\eval\\\\Quantum_Bvt_20251110\\\\bvtfiles\",\"id\":1987790422193344512,\"isDeleted\":0,\"isTmpFile\":false,\"labelNameList\":[],\"lastModifyTime\":\"2025-09-17T09:45:00\",\"md5\":\"bb28043dd606535bdcaf1ee30346b0f9\",\"path\":\"C:\\\\Users\\\\XiaoXinPro 16 IAH\\\\Desktop\\\\LRIA_llm_eval\\\\eval\\\\Quantum_Bvt_20251110\\\\bvtfiles\\\\3z3zlgnnsiuha76yy56h6uu71bh3q1.txt\",\"priority\":4,\"score\":0.0,\"status\":\"ADDED\",\"tokenNum\":0,\"uriPath\":\"\"},{\"createTime\":\"2025-11-10T15:52:22.688\",\"description\":\"\",\"docName\":\"\",\"editTime\":\"2025-11-10T15:52:22.688\",\"errorDescription\":\"\",\"fileName\":\"AI_Face_Test_Set_Collection_Method_Design.pptx\",\"folder\":\"C:\\\\Users\\\\XiaoXinPro 16 IAH\\\\Desktop\\\\LRIA_llm_eval\\\\eval\\\\Quantum_Bvt_20251110\\\\bvtfiles\",\"id\":1987790422277230592,\"isDeleted\":0,\"isTmpFile\":false,\"labelNameList\":[],\"lastModifyTime\":\"2025-09-17T09:46:00\",\"md5\":\"b0f396e7936e0f6192cd880927e8e74b\",\"path\":\"C:\\\\Users\\\\XiaoXinPro 16 IAH\\\\Desktop\\\\LRIA_llm_eval\\\\eval\\\\Quantum_Bvt_20251110\\\\bvtfiles\\\\AI_Face_Test_Set_Collection_Method_Design.pptx\",\"priority\":5,\"score\":0.0,\"status\":\"ADDED\",\"tokenNum\":0,\"uriPath\":\"\"},{\"createTime\":\"2025-11-10T15:52:22.707\",\"description\":\"\",\"docName\":\"\",\"editTime\":\"2025-11-10T15:52:22.707\",\"errorDescription\":\"\",\"fileName\":\"A_brief_introduction_of_LP_liutao21_20220615.pptx\",\"folder\":\"C:\\\\Users\\\\XiaoXinPro 16 IAH\\\\Desktop\\\\LRIA_llm_eval\\\\eval\\\\Quantum_Bvt_20251110\\\\bvtfiles\",\"id\":1987790422356922368,\"isDeleted\":0,\"isTmpFile\":false,\"labelNameList\":[],\"lastModifyTime\":\"2025-09-17T09:46:00\",\"md5\":\"0dbb2532524843af54fb3388b7bf3381\",\"path\":\"C:\\\\Users\\\\XiaoXinPro 16 IAH\\\\Desktop\\\\LRIA_llm_eval\\\\eval\\\\Quantum_Bvt_20251110\\\\bvtfiles\\\\A_brief_introduction_of_LP_liutao21_20220615.pptx\",\"priority\":6,\"score\":0.0,\"status\":\"ADDED\",\"tokenNum\":0,\"uriPath\":\"\"},{\"createTime\":\"2025-11-10T15:52:22.764\",\"description\":\"\",\"docName\":\"\",\"editTime\":\"2025-11-10T15:52:22.764\",\"errorDescription\":\"\",\"fileName\":\"Belfast-English.docx\",\"folder\":\"C:\\\\Users\\\\XiaoXinPro 16 IAH\\\\Desktop\\\\LRIA_llm_eval\\\\eval\\\\Quantum_Bvt_20251110\\\\bvtfiles\",\"id\":1987790422595997696,\"isDeleted\":0,\"isTmpFile\":false,\"labelNameList\":[],\"lastModifyTime\":\"2025-09-17T09:45:00\",\"md5\":\"3193e699ffa92db332ae31a9fb1d3cb4\",\"path\":\"C:\\\\Users\\\\XiaoXinPro 16 IAH\\\\Desktop\\\\LRIA_llm_eval\\\\eval\\\\Quantum_Bvt_20251110\\\\bvtfiles\\\\Belfast-English.docx\",\"priority\":7,\"score\":0.0,\"status\":\"ADDED\",\"tokenNum\":0,\"uriPath\":\"\"},{\"createTime\":\"2025-11-10T15:52:22.784\",\"description\":\"\",\"docName\":\"\",\"editTime\":\"2025-11-10T15:52:22.784\",\"errorDescription\":\"\",\"fileName\":\"British-Food-Culture.doc\",\"folder\":\"C:\\\\Users\\\\XiaoXinPro 16 IAH\\\\Desktop\\\\LRIA_llm_eval\\\\eval\\\\Quantum_Bvt_20251110\\\\bvtfiles\",\"id\":1987790422679883776,\"isDeleted\":0,\"isTmpFile\":false,\"labelNameList\":[],\"lastModifyTime\":\"2025-09-17T09:45:00\",\"md5\":\"435798f1c3377c7f5b71e18d733ca579\",\"path\":\"C:\\\\Users\\\\XiaoXinPro 16 IAH\\\\Desktop\\\\LRIA_llm_eval\\\\eval\\\\Quantum_Bvt_20251110\\\\bvtfiles\\\\British-Food-Culture.doc\",\"priority\":8,\"score\":0.0,\"status\":\"ADDED\",\"tokenNum\":0,\"uriPath\":\"\"},{\"createTime\":\"2025-11-10T15:52:22.803\",\"description\":\"\",\"docName\":\"\",\"editTime\":\"2025-11-10T15:52:22.803\",\"errorDescription\":\"\",\"fileName\":\"Netflix Becomes a Broadway Producer With Peter Morgan’s Patriots.txt\",\"folder\":\"C:\\\\Users\\\\XiaoXinPro 16 IAH\\\\Desktop\\\\LRIA_llm_eval\\\\eval\\\\Quantum_Bvt_20251110\\\\bvtfiles\",\"id\":1987790422759575552,\"isDeleted\":0,\"isTmpFile\":false,\"labelNameList\":[],\"lastModifyTime\":\"2025-09-17T09:46:00\",\"md5\":\"ab84c46eaa62a18048fb0241446da4ca\",\"path\":\"C:\\\\Users\\\\XiaoXinPro 16 IAH\\\\Desktop\\\\LRIA_llm_eval\\\\eval\\\\Quantum_Bvt_20251110\\\\bvtfiles\\\\Netflix Becomes a Broadway Producer With Peter Morgan’s Patriots.txt\",\"priority\":9,\"score\":0.0,\"status\":\"ADDED\",\"tokenNum\":0,\"uriPath\":\"\"}]"}}
2025-11-10 15:53:16,463 - INFO - 文档数量: 9
2025-11-10 15:53:16,463 - INFO - 第1个文档状态: RUNNING
2025-11-10 15:53:16,464 - INFO - 第2个文档状态: ADDED
2025-11-10 15:53:16,464 - INFO - 第3个文档状态: ADDED
2025-11-10 15:53:16,464 - INFO - 第4个文档状态: ADDED
2025-11-10 15:53:16,465 - INFO - 第5个文档状态: ADDED
2025-11-10 15:53:16,465 - INFO - 第6个文档状态: ADDED
2025-11-10 15:53:16,465 - INFO - 第7个文档状态: ADDED
2025-11-10 15:53:16,466 - INFO - 第8个文档状态: ADDED
2025-11-10 15:53:16,466 - INFO - 第9个文档状态: ADDED
2025-11-10 15:53:16,466 - INFO - 仍有文档在处理中，第26次尝试...
2025-11-10 15:53:18,468 - DEBUG - Starting new HTTP connection (1): 127.0.0.1:35253
2025-11-10 15:53:18,472 - DEBUG - http://127.0.0.1:35253 "POST /upload HTTP/11" 200 17
2025-11-10 15:53:18,473 - INFO - 成功获取文档列表，upload_id: 15823995300481469
2025-11-10 15:53:18,473 - INFO - 开始时间: 2025-11-10 15:53:18.473
2025-11-10 15:53:18,474 - DEBUG - Starting new HTTP connection (1): 127.0.0.1:35253
2025-11-10 15:53:18,489 - DEBUG - http://127.0.0.1:35253 "GET /query?fileData=15823995300481469 HTTP/11" 200 None
2025-11-10 15:53:18,590 - INFO - 响应时间: 0.12秒
2025-11-10 15:53:18,590 - INFO - 第27次尝试，获取到的result_text: {"jobId":29,"status":"complete","data":{"text":"[{\"createTime\":\"2025-11-10T15:52:22.597\",\"description\":\"\",\"docName\":\"2403.19401\",\"editTime\":\"2025-11-10T15:53:16.516\",\"fileName\":\"2403.19401.pdf\",\"folder\":\"C:\\\\Users\\\\XiaoXinPro 16 IAH\\\\Desktop\\\\LRIA_llm_eval\\\\eval\\\\Quantum_Bvt_20251110\\\\bvtfiles\",\"id\":1987790421895548928,\"isDeleted\":0,\"isTmpFile\":false,\"labelNameList\":[],\"lastModifyTime\":\"2025-09-17T09:45:00\",\"md5\":\"4ff6ba88616fcf7a71d1dca6c9adc14c\",\"path\":\"C:\\\\Users\\\\XiaoXinPro 16 IAH\\\\Desktop\\\\LRIA_llm_eval\\\\eval\\\\Quantum_Bvt_20251110\\\\bvtfiles\\\\2403.19401.pdf\",\"previewPath\":\"c:\\\\users\\\\xiaoxinpro 16 iah\\\\documents\\\\qtcore\\\\pdffile\\\\5a8b97086ee1c90294e728121903432b.pdf\",\"priority\":1,\"score\":0.0,\"status\":\"COMPLETED\",\"tokenNum\":14092,\"uriPath\":\"\"},{\"createTime\":\"2025-11-10T15:52:22.630\",\"description\":\"\",\"docName\":\"\",\"editTime\":\"2025-11-10T15:53:16.535\",\"fileName\":\"3nql1cs15r8aviz39pth2bpsr4zvy1.txt\",\"folder\":\"C:\\\\Users\\\\XiaoXinPro 16 IAH\\\\Desktop\\\\LRIA_llm_eval\\\\eval\\\\Quantum_Bvt_20251110\\\\bvtfiles\",\"id\":1987790422033960960,\"isDeleted\":0,\"isTmpFile\":false,\"labelNameList\":[],\"lastModifyTime\":\"2025-09-17T09:45:00\",\"md5\":\"da0c0f7162b267cca0de596df4c40c56\",\"path\":\"C:\\\\Users\\\\XiaoXinPro 16 IAH\\\\Desktop\\\\LRIA_llm_eval\\\\eval\\\\Quantum_Bvt_20251110\\\\bvtfiles\\\\3nql1cs15r8aviz39pth2bpsr4zvy1.txt\",\"priority\":2,\"score\":0.0,\"status\":\"RUNNING\",\"tokenNum\":0,\"uriPath\":\"\"},{\"createTime\":\"2025-11-10T15:52:22.650\",\"description\":\"\",\"docName\":\"\",\"editTime\":\"2025-11-10T15:52:22.650\",\"errorDescription\":\"\",\"fileName\":\"3u84xhcdicdb6vqtlfud7syhj444z2.txt\",\"folder\":\"C:\\\\Users\\\\XiaoXinPro 16 IAH\\\\Desktop\\\\LRIA_llm_eval\\\\eval\\\\Quantum_Bvt_20251110\\\\bvtfiles\",\"id\":1987790422117847040,\"isDeleted\":0,\"isTmpFile\":false,\"labelNameList\":[],\"lastModifyTime\":\"2025-09-17T09:45:00\",\"md5\":\"a80f0ad4af9fd250a462680c85e6fbf0\",\"path\":\"C:\\\\Users\\\\XiaoXinPro 16 IAH\\\\Desktop\\\\LRIA_llm_eval\\\\eval\\\\Quantum_Bvt_20251110\\\\bvtfiles\\\\3u84xhcdicdb6vqtlfud7syhj444z2.txt\",\"priority\":3,\"score\":0.0,\"status\":\"ADDED\",\"tokenNum\":0,\"uriPath\":\"\"},{\"createTime\":\"2025-11-10T15:52:22.668\",\"description\":\"\",\"docName\":\"\",\"editTime\":\"2025-11-10T15:52:22.668\",\"errorDescription\":\"\",\"fileName\":\"3z3zlgnnsiuha76yy56h6uu71bh3q1.txt\",\"folder\":\"C:\\\\Users\\\\XiaoXinPro 16 IAH\\\\Desktop\\\\LRIA_llm_eval\\\\eval\\\\Quantum_Bvt_20251110\\\\bvtfiles\",\"id\":1987790422193344512,\"isDeleted\":0,\"isTmpFile\":false,\"labelNameList\":[],\"lastModifyTime\":\"2025-09-17T09:45:00\",\"md5\":\"bb28043dd606535bdcaf1ee30346b0f9\",\"path\":\"C:\\\\Users\\\\XiaoXinPro 16 IAH\\\\Desktop\\\\LRIA_llm_eval\\\\eval\\\\Quantum_Bvt_20251110\\\\bvtfiles\\\\3z3zlgnnsiuha76yy56h6uu71bh3q1.txt\",\"priority\":4,\"score\":0.0,\"status\":\"ADDED\",\"tokenNum\":0,\"uriPath\":\"\"},{\"createTime\":\"2025-11-10T15:52:22.688\",\"description\":\"\",\"docName\":\"\",\"editTime\":\"2025-11-10T15:52:22.688\",\"errorDescription\":\"\",\"fileName\":\"AI_Face_Test_Set_Collection_Method_Design.pptx\",\"folder\":\"C:\\\\Users\\\\XiaoXinPro 16 IAH\\\\Desktop\\\\LRIA_llm_eval\\\\eval\\\\Quantum_Bvt_20251110\\\\bvtfiles\",\"id\":1987790422277230592,\"isDeleted\":0,\"isTmpFile\":false,\"labelNameList\":[],\"lastModifyTime\":\"2025-09-17T09:46:00\",\"md5\":\"b0f396e7936e0f6192cd880927e8e74b\",\"path\":\"C:\\\\Users\\\\XiaoXinPro 16 IAH\\\\Desktop\\\\LRIA_llm_eval\\\\eval\\\\Quantum_Bvt_20251110\\\\bvtfiles\\\\AI_Face_Test_Set_Collection_Method_Design.pptx\",\"priority\":5,\"score\":0.0,\"status\":\"ADDED\",\"tokenNum\":0,\"uriPath\":\"\"},{\"createTime\":\"2025-11-10T15:52:22.707\",\"description\":\"\",\"docName\":\"\",\"editTime\":\"2025-11-10T15:52:22.707\",\"errorDescription\":\"\",\"fileName\":\"A_brief_introduction_of_LP_liutao21_20220615.pptx\",\"folder\":\"C:\\\\Users\\\\XiaoXinPro 16 IAH\\\\Desktop\\\\LRIA_llm_eval\\\\eval\\\\Quantum_Bvt_20251110\\\\bvtfiles\",\"id\":1987790422356922368,\"isDeleted\":0,\"isTmpFile\":false,\"labelNameList\":[],\"lastModifyTime\":\"2025-09-17T09:46:00\",\"md5\":\"0dbb2532524843af54fb3388b7bf3381\",\"path\":\"C:\\\\Users\\\\XiaoXinPro 16 IAH\\\\Desktop\\\\LRIA_llm_eval\\\\eval\\\\Quantum_Bvt_20251110\\\\bvtfiles\\\\A_brief_introduction_of_LP_liutao21_20220615.pptx\",\"priority\":6,\"score\":0.0,\"status\":\"ADDED\",\"tokenNum\":0,\"uriPath\":\"\"},{\"createTime\":\"2025-11-10T15:52:22.764\",\"description\":\"\",\"docName\":\"\",\"editTime\":\"2025-11-10T15:52:22.764\",\"errorDescription\":\"\",\"fileName\":\"Belfast-English.docx\",\"folder\":\"C:\\\\Users\\\\XiaoXinPro 16 IAH\\\\Desktop\\\\LRIA_llm_eval\\\\eval\\\\Quantum_Bvt_20251110\\\\bvtfiles\",\"id\":1987790422595997696,\"isDeleted\":0,\"isTmpFile\":false,\"labelNameList\":[],\"lastModifyTime\":\"2025-09-17T09:45:00\",\"md5\":\"3193e699ffa92db332ae31a9fb1d3cb4\",\"path\":\"C:\\\\Users\\\\XiaoXinPro 16 IAH\\\\Desktop\\\\LRIA_llm_eval\\\\eval\\\\Quantum_Bvt_20251110\\\\bvtfiles\\\\Belfast-English.docx\",\"priority\":7,\"score\":0.0,\"status\":\"ADDED\",\"tokenNum\":0,\"uriPath\":\"\"},{\"createTime\":\"2025-11-10T15:52:22.784\",\"description\":\"\",\"docName\":\"\",\"editTime\":\"2025-11-10T15:52:22.784\",\"errorDescription\":\"\",\"fileName\":\"British-Food-Culture.doc\",\"folder\":\"C:\\\\Users\\\\XiaoXinPro 16 IAH\\\\Desktop\\\\LRIA_llm_eval\\\\eval\\\\Quantum_Bvt_20251110\\\\bvtfiles\",\"id\":1987790422679883776,\"isDeleted\":0,\"isTmpFile\":false,\"labelNameList\":[],\"lastModifyTime\":\"2025-09-17T09:45:00\",\"md5\":\"435798f1c3377c7f5b71e18d733ca579\",\"path\":\"C:\\\\Users\\\\XiaoXinPro 16 IAH\\\\Desktop\\\\LRIA_llm_eval\\\\eval\\\\Quantum_Bvt_20251110\\\\bvtfiles\\\\British-Food-Culture.doc\",\"priority\":8,\"score\":0.0,\"status\":\"ADDED\",\"tokenNum\":0,\"uriPath\":\"\"},{\"createTime\":\"2025-11-10T15:52:22.803\",\"description\":\"\",\"docName\":\"\",\"editTime\":\"2025-11-10T15:52:22.803\",\"errorDescription\":\"\",\"fileName\":\"Netflix Becomes a Broadway Producer With Peter Morgan’s Patriots.txt\",\"folder\":\"C:\\\\Users\\\\XiaoXinPro 16 IAH\\\\Desktop\\\\LRIA_llm_eval\\\\eval\\\\Quantum_Bvt_20251110\\\\bvtfiles\",\"id\":1987790422759575552,\"isDeleted\":0,\"isTmpFile\":false,\"labelNameList\":[],\"lastModifyTime\":\"2025-09-17T09:46:00\",\"md5\":\"ab84c46eaa62a18048fb0241446da4ca\",\"path\":\"C:\\\\Users\\\\XiaoXinPro 16 IAH\\\\Desktop\\\\LRIA_llm_eval\\\\eval\\\\Quantum_Bvt_20251110\\\\bvtfiles\\\\Netflix Becomes a Broadway Producer With Peter Morgan’s Patriots.txt\",\"priority\":9,\"score\":0.0,\"status\":\"ADDED\",\"tokenNum\":0,\"uriPath\":\"\"}]"}}
2025-11-10 15:53:18,591 - INFO - 文档数量: 9
2025-11-10 15:53:18,591 - INFO - 第1个文档状态: COMPLETED
2025-11-10 15:53:18,591 - INFO - 第2个文档状态: RUNNING
2025-11-10 15:53:18,592 - INFO - 第3个文档状态: ADDED
2025-11-10 15:53:18,592 - INFO - 第4个文档状态: ADDED
2025-11-10 15:53:18,592 - INFO - 第5个文档状态: ADDED
2025-11-10 15:53:18,592 - INFO - 第6个文档状态: ADDED
2025-11-10 15:53:18,592 - INFO - 第7个文档状态: ADDED
2025-11-10 15:53:18,593 - INFO - 第8个文档状态: ADDED
2025-11-10 15:53:18,593 - INFO - 第9个文档状态: ADDED
2025-11-10 15:53:18,593 - INFO - 仍有文档在处理中，第27次尝试...
2025-11-10 15:53:20,594 - DEBUG - Starting new HTTP connection (1): 127.0.0.1:35253
2025-11-10 15:53:20,597 - DEBUG - http://127.0.0.1:35253 "POST /upload HTTP/11" 200 19
2025-11-10 15:53:20,598 - INFO - 成功获取文档列表，upload_id: 6128936559752842775
2025-11-10 15:53:20,598 - INFO - 开始时间: 2025-11-10 15:53:20.598
2025-11-10 15:53:20,599 - DEBUG - Starting new HTTP connection (1): 127.0.0.1:35253
2025-11-10 15:53:20,620 - DEBUG - http://127.0.0.1:35253 "GET /query?fileData=6128936559752842775 HTTP/11" 200 None
2025-11-10 15:53:20,732 - INFO - 响应时间: 0.13秒
2025-11-10 15:53:20,732 - INFO - 第28次尝试，获取到的result_text: {"jobId":30,"status":"complete","data":{"text":"[{\"createTime\":\"2025-11-10T15:52:22.597\",\"description\":\"\",\"docName\":\"2403.19401\",\"editTime\":\"2025-11-10T15:53:16.516\",\"fileName\":\"2403.19401.pdf\",\"folder\":\"C:\\\\Users\\\\XiaoXinPro 16 IAH\\\\Desktop\\\\LRIA_llm_eval\\\\eval\\\\Quantum_Bvt_20251110\\\\bvtfiles\",\"id\":1987790421895548928,\"isDeleted\":0,\"isTmpFile\":false,\"labelNameList\":[],\"lastModifyTime\":\"2025-09-17T09:45:00\",\"md5\":\"4ff6ba88616fcf7a71d1dca6c9adc14c\",\"path\":\"C:\\\\Users\\\\XiaoXinPro 16 IAH\\\\Desktop\\\\LRIA_llm_eval\\\\eval\\\\Quantum_Bvt_20251110\\\\bvtfiles\\\\2403.19401.pdf\",\"previewPath\":\"c:\\\\users\\\\xiaoxinpro 16 iah\\\\documents\\\\qtcore\\\\pdffile\\\\5a8b97086ee1c90294e728121903432b.pdf\",\"priority\":1,\"score\":0.0,\"status\":\"COMPLETED\",\"tokenNum\":14092,\"uriPath\":\"\"},{\"createTime\":\"2025-11-10T15:52:22.630\",\"description\":\"\",\"docName\":\"3nql1cs15r8aviz39pth2bpsr4zvy1\",\"editTime\":\"2025-11-10T15:53:19.650\",\"fileName\":\"3nql1cs15r8aviz39pth2bpsr4zvy1.txt\",\"folder\":\"C:\\\\Users\\\\XiaoXinPro 16 IAH\\\\Desktop\\\\LRIA_llm_eval\\\\eval\\\\Quantum_Bvt_20251110\\\\bvtfiles\",\"id\":1987790422033960960,\"isDeleted\":0,\"isTmpFile\":false,\"labelNameList\":[],\"lastModifyTime\":\"2025-09-17T09:45:00\",\"md5\":\"da0c0f7162b267cca0de596df4c40c56\",\"path\":\"C:\\\\Users\\\\XiaoXinPro 16 IAH\\\\Desktop\\\\LRIA_llm_eval\\\\eval\\\\Quantum_Bvt_20251110\\\\bvtfiles\\\\3nql1cs15r8aviz39pth2bpsr4zvy1.txt\",\"previewPath\":\"c:\\\\users\\\\xiaoxinpro 16 iah\\\\documents\\\\qtcore\\\\pdffile\\\\ba50ed51f6b7714754652a80ab62df56.pdf\",\"priority\":2,\"score\":0.0,\"status\":\"COMPLETED\",\"tokenNum\":402,\"uriPath\":\"\"},{\"createTime\":\"2025-11-10T15:52:22.650\",\"description\":\"\",\"docName\":\"\",\"editTime\":\"2025-11-10T15:53:19.667\",\"fileName\":\"3u84xhcdicdb6vqtlfud7syhj444z2.txt\",\"folder\":\"C:\\\\Users\\\\XiaoXinPro 16 IAH\\\\Desktop\\\\LRIA_llm_eval\\\\eval\\\\Quantum_Bvt_20251110\\\\bvtfiles\",\"id\":1987790422117847040,\"isDeleted\":0,\"isTmpFile\":false,\"labelNameList\":[],\"lastModifyTime\":\"2025-09-17T09:45:00\",\"md5\":\"a80f0ad4af9fd250a462680c85e6fbf0\",\"path\":\"C:\\\\Users\\\\XiaoXinPro 16 IAH\\\\Desktop\\\\LRIA_llm_eval\\\\eval\\\\Quantum_Bvt_20251110\\\\bvtfiles\\\\3u84xhcdicdb6vqtlfud7syhj444z2.txt\",\"priority\":3,\"score\":0.0,\"status\":\"RUNNING\",\"tokenNum\":0,\"uriPath\":\"\"},{\"createTime\":\"2025-11-10T15:52:22.668\",\"description\":\"\",\"docName\":\"\",\"editTime\":\"2025-11-10T15:52:22.668\",\"errorDescription\":\"\",\"fileName\":\"3z3zlgnnsiuha76yy56h6uu71bh3q1.txt\",\"folder\":\"C:\\\\Users\\\\XiaoXinPro 16 IAH\\\\Desktop\\\\LRIA_llm_eval\\\\eval\\\\Quantum_Bvt_20251110\\\\bvtfiles\",\"id\":1987790422193344512,\"isDeleted\":0,\"isTmpFile\":false,\"labelNameList\":[],\"lastModifyTime\":\"2025-09-17T09:45:00\",\"md5\":\"bb28043dd606535bdcaf1ee30346b0f9\",\"path\":\"C:\\\\Users\\\\XiaoXinPro 16 IAH\\\\Desktop\\\\LRIA_llm_eval\\\\eval\\\\Quantum_Bvt_20251110\\\\bvtfiles\\\\3z3zlgnnsiuha76yy56h6uu71bh3q1.txt\",\"priority\":4,\"score\":0.0,\"status\":\"ADDED\",\"tokenNum\":0,\"uriPath\":\"\"},{\"createTime\":\"2025-11-10T15:52:22.688\",\"description\":\"\",\"docName\":\"\",\"editTime\":\"2025-11-10T15:52:22.688\",\"errorDescription\":\"\",\"fileName\":\"AI_Face_Test_Set_Collection_Method_Design.pptx\",\"folder\":\"C:\\\\Users\\\\XiaoXinPro 16 IAH\\\\Desktop\\\\LRIA_llm_eval\\\\eval\\\\Quantum_Bvt_20251110\\\\bvtfiles\",\"id\":1987790422277230592,\"isDeleted\":0,\"isTmpFile\":false,\"labelNameList\":[],\"lastModifyTime\":\"2025-09-17T09:46:00\",\"md5\":\"b0f396e7936e0f6192cd880927e8e74b\",\"path\":\"C:\\\\Users\\\\XiaoXinPro 16 IAH\\\\Desktop\\\\LRIA_llm_eval\\\\eval\\\\Quantum_Bvt_20251110\\\\bvtfiles\\\\AI_Face_Test_Set_Collection_Method_Design.pptx\",\"priority\":5,\"score\":0.0,\"status\":\"ADDED\",\"tokenNum\":0,\"uriPath\":\"\"},{\"createTime\":\"2025-11-10T15:52:22.707\",\"description\":\"\",\"docName\":\"\",\"editTime\":\"2025-11-10T15:52:22.707\",\"errorDescription\":\"\",\"fileName\":\"A_brief_introduction_of_LP_liutao21_20220615.pptx\",\"folder\":\"C:\\\\Users\\\\XiaoXinPro 16 IAH\\\\Desktop\\\\LRIA_llm_eval\\\\eval\\\\Quantum_Bvt_20251110\\\\bvtfiles\",\"id\":1987790422356922368,\"isDeleted\":0,\"isTmpFile\":false,\"labelNameList\":[],\"lastModifyTime\":\"2025-09-17T09:46:00\",\"md5\":\"0dbb2532524843af54fb3388b7bf3381\",\"path\":\"C:\\\\Users\\\\XiaoXinPro 16 IAH\\\\Desktop\\\\LRIA_llm_eval\\\\eval\\\\Quantum_Bvt_20251110\\\\bvtfiles\\\\A_brief_introduction_of_LP_liutao21_20220615.pptx\",\"priority\":6,\"score\":0.0,\"status\":\"ADDED\",\"tokenNum\":0,\"uriPath\":\"\"},{\"createTime\":\"2025-11-10T15:52:22.764\",\"description\":\"\",\"docName\":\"\",\"editTime\":\"2025-11-10T15:52:22.764\",\"errorDescription\":\"\",\"fileName\":\"Belfast-English.docx\",\"folder\":\"C:\\\\Users\\\\XiaoXinPro 16 IAH\\\\Desktop\\\\LRIA_llm_eval\\\\eval\\\\Quantum_Bvt_20251110\\\\bvtfiles\",\"id\":1987790422595997696,\"isDeleted\":0,\"isTmpFile\":false,\"labelNameList\":[],\"lastModifyTime\":\"2025-09-17T09:45:00\",\"md5\":\"3193e699ffa92db332ae31a9fb1d3cb4\",\"path\":\"C:\\\\Users\\\\XiaoXinPro 16 IAH\\\\Desktop\\\\LRIA_llm_eval\\\\eval\\\\Quantum_Bvt_20251110\\\\bvtfiles\\\\Belfast-English.docx\",\"priority\":7,\"score\":0.0,\"status\":\"ADDED\",\"tokenNum\":0,\"uriPath\":\"\"},{\"createTime\":\"2025-11-10T15:52:22.784\",\"description\":\"\",\"docName\":\"\",\"editTime\":\"2025-11-10T15:52:22.784\",\"errorDescription\":\"\",\"fileName\":\"British-Food-Culture.doc\",\"folder\":\"C:\\\\Users\\\\XiaoXinPro 16 IAH\\\\Desktop\\\\LRIA_llm_eval\\\\eval\\\\Quantum_Bvt_20251110\\\\bvtfiles\",\"id\":1987790422679883776,\"isDeleted\":0,\"isTmpFile\":false,\"labelNameList\":[],\"lastModifyTime\":\"2025-09-17T09:45:00\",\"md5\":\"435798f1c3377c7f5b71e18d733ca579\",\"path\":\"C:\\\\Users\\\\XiaoXinPro 16 IAH\\\\Desktop\\\\LRIA_llm_eval\\\\eval\\\\Quantum_Bvt_20251110\\\\bvtfiles\\\\British-Food-Culture.doc\",\"priority\":8,\"score\":0.0,\"status\":\"ADDED\",\"tokenNum\":0,\"uriPath\":\"\"},{\"createTime\":\"2025-11-10T15:52:22.803\",\"description\":\"\",\"docName\":\"\",\"editTime\":\"2025-11-10T15:52:22.803\",\"errorDescription\":\"\",\"fileName\":\"Netflix Becomes a Broadway Producer With Peter Morgan’s Patriots.txt\",\"folder\":\"C:\\\\Users\\\\XiaoXinPro 16 IAH\\\\Desktop\\\\LRIA_llm_eval\\\\eval\\\\Quantum_Bvt_20251110\\\\bvtfiles\",\"id\":1987790422759575552,\"isDeleted\":0,\"isTmpFile\":false,\"labelNameList\":[],\"lastModifyTime\":\"2025-09-17T09:46:00\",\"md5\":\"ab84c46eaa62a18048fb0241446da4ca\",\"path\":\"C:\\\\Users\\\\XiaoXinPro 16 IAH\\\\Desktop\\\\LRIA_llm_eval\\\\eval\\\\Quantum_Bvt_20251110\\\\bvtfiles\\\\Netflix Becomes a Broadway Producer With Peter Morgan’s Patriots.txt\",\"priority\":9,\"score\":0.0,\"status\":\"ADDED\",\"tokenNum\":0,\"uriPath\":\"\"}]"}}
2025-11-10 15:53:20,733 - INFO - 文档数量: 9
2025-11-10 15:53:20,733 - INFO - 第1个文档状态: COMPLETED
2025-11-10 15:53:20,733 - INFO - 第2个文档状态: COMPLETED
2025-11-10 15:53:20,734 - INFO - 第3个文档状态: RUNNING
2025-11-10 15:53:20,734 - INFO - 第4个文档状态: ADDED
2025-11-10 15:53:20,734 - INFO - 第5个文档状态: ADDED
2025-11-10 15:53:20,734 - INFO - 第6个文档状态: ADDED
2025-11-10 15:53:20,734 - INFO - 第7个文档状态: ADDED
2025-11-10 15:53:20,734 - INFO - 第8个文档状态: ADDED
2025-11-10 15:53:20,735 - INFO - 第9个文档状态: ADDED
2025-11-10 15:53:20,735 - INFO - 仍有文档在处理中，第28次尝试...
2025-11-10 15:53:22,736 - DEBUG - Starting new HTTP connection (1): 127.0.0.1:35253
2025-11-10 15:53:22,739 - DEBUG - http://127.0.0.1:35253 "POST /upload HTTP/11" 200 20
2025-11-10 15:53:22,739 - INFO - 成功获取文档列表，upload_id: -2151010252283185792
2025-11-10 15:53:22,739 - INFO - 开始时间: 2025-11-10 15:53:22.739
2025-11-10 15:53:22,741 - DEBUG - Starting new HTTP connection (1): 127.0.0.1:35253
2025-11-10 15:53:22,773 - DEBUG - http://127.0.0.1:35253 "GET /query?fileData=-2151010252283185792 HTTP/11" 200 None
2025-11-10 15:53:23,067 - INFO - 响应时间: 0.33秒
2025-11-10 15:53:23,069 - INFO - 第29次尝试，获取到的result_text: {"jobId":31,"status":"complete","data":{"text":"[{\"createTime\":\"2025-11-10T15:52:22.597\",\"description\":\"\",\"docName\":\"2403.19401\",\"editTime\":\"2025-11-10T15:53:16.516\",\"fileName\":\"2403.19401.pdf\",\"folder\":\"C:\\\\Users\\\\XiaoXinPro 16 IAH\\\\Desktop\\\\LRIA_llm_eval\\\\eval\\\\Quantum_Bvt_20251110\\\\bvtfiles\",\"id\":1987790421895548928,\"isDeleted\":0,\"isTmpFile\":false,\"labelNameList\":[],\"lastModifyTime\":\"2025-09-17T09:45:00\",\"md5\":\"4ff6ba88616fcf7a71d1dca6c9adc14c\",\"path\":\"C:\\\\Users\\\\XiaoXinPro 16 IAH\\\\Desktop\\\\LRIA_llm_eval\\\\eval\\\\Quantum_Bvt_20251110\\\\bvtfiles\\\\2403.19401.pdf\",\"previewPath\":\"c:\\\\users\\\\xiaoxinpro 16 iah\\\\documents\\\\qtcore\\\\pdffile\\\\5a8b97086ee1c90294e728121903432b.pdf\",\"priority\":1,\"score\":0.0,\"status\":\"COMPLETED\",\"tokenNum\":14092,\"uriPath\":\"\"},{\"createTime\":\"2025-11-10T15:52:22.630\",\"description\":\"\",\"docName\":\"3nql1cs15r8aviz39pth2bpsr4zvy1\",\"editTime\":\"2025-11-10T15:53:19.650\",\"fileName\":\"3nql1cs15r8aviz39pth2bpsr4zvy1.txt\",\"folder\":\"C:\\\\Users\\\\XiaoXinPro 16 IAH\\\\Desktop\\\\LRIA_llm_eval\\\\eval\\\\Quantum_Bvt_20251110\\\\bvtfiles\",\"id\":1987790422033960960,\"isDeleted\":0,\"isTmpFile\":false,\"labelNameList\":[],\"lastModifyTime\":\"2025-09-17T09:45:00\",\"md5\":\"da0c0f7162b267cca0de596df4c40c56\",\"path\":\"C:\\\\Users\\\\XiaoXinPro 16 IAH\\\\Desktop\\\\LRIA_llm_eval\\\\eval\\\\Quantum_Bvt_20251110\\\\bvtfiles\\\\3nql1cs15r8aviz39pth2bpsr4zvy1.txt\",\"previewPath\":\"c:\\\\users\\\\xiaoxinpro 16 iah\\\\documents\\\\qtcore\\\\pdffile\\\\ba50ed51f6b7714754652a80ab62df56.pdf\",\"priority\":2,\"score\":0.0,\"status\":\"COMPLETED\",\"tokenNum\":402,\"uriPath\":\"\"},{\"createTime\":\"2025-11-10T15:52:22.650\",\"description\":\"\",\"docName\":\"3u84xhcdicdb6vqtlfud7syhj444z2\",\"editTime\":\"2025-11-10T15:53:22.749\",\"fileName\":\"3u84xhcdicdb6vqtlfud7syhj444z2.txt\",\"folder\":\"C:\\\\Users\\\\XiaoXinPro 16 IAH\\\\Desktop\\\\LRIA_llm_eval\\\\eval\\\\Quantum_Bvt_20251110\\\\bvtfiles\",\"id\":1987790422117847040,\"isDeleted\":0,\"isTmpFile\":false,\"labelNameList\":[],\"lastModifyTime\":\"2025-09-17T09:45:00\",\"md5\":\"a80f0ad4af9fd250a462680c85e6fbf0\",\"path\":\"C:\\\\Users\\\\XiaoXinPro 16 IAH\\\\Desktop\\\\LRIA_llm_eval\\\\eval\\\\Quantum_Bvt_20251110\\\\bvtfiles\\\\3u84xhcdicdb6vqtlfud7syhj444z2.txt\",\"previewPath\":\"c:\\\\users\\\\xiaoxinpro 16 iah\\\\documents\\\\qtcore\\\\pdffile\\\\044561594142e2ef357c9fbbdfaf4af5.pdf\",\"priority\":3,\"score\":0.0,\"status\":\"COMPLETED\",\"tokenNum\":414,\"uriPath\":\"\"},{\"createTime\":\"2025-11-10T15:52:22.668\",\"description\":\"\",\"docName\":\"\",\"editTime\":\"2025-11-10T15:53:22.770\",\"fileName\":\"3z3zlgnnsiuha76yy56h6uu71bh3q1.txt\",\"folder\":\"C:\\\\Users\\\\XiaoXinPro 16 IAH\\\\Desktop\\\\LRIA_llm_eval\\\\eval\\\\Quantum_Bvt_20251110\\\\bvtfiles\",\"id\":1987790422193344512,\"isDeleted\":0,\"isTmpFile\":false,\"labelNameList\":[],\"lastModifyTime\":\"2025-09-17T09:45:00\",\"md5\":\"bb28043dd606535bdcaf1ee30346b0f9\",\"path\":\"C:\\\\Users\\\\XiaoXinPro 16 IAH\\\\Desktop\\\\LRIA_llm_eval\\\\eval\\\\Quantum_Bvt_20251110\\\\bvtfiles\\\\3z3zlgnnsiuha76yy56h6uu71bh3q1.txt\",\"priority\":4,\"score\":0.0,\"status\":\"RUNNING\",\"tokenNum\":0,\"uriPath\":\"\"},{\"createTime\":\"2025-11-10T15:52:22.688\",\"description\":\"\",\"docName\":\"\",\"editTime\":\"2025-11-10T15:52:22.688\",\"errorDescription\":\"\",\"fileName\":\"AI_Face_Test_Set_Collection_Method_Design.pptx\",\"folder\":\"C:\\\\Users\\\\XiaoXinPro 16 IAH\\\\Desktop\\\\LRIA_llm_eval\\\\eval\\\\Quantum_Bvt_20251110\\\\bvtfiles\",\"id\":1987790422277230592,\"isDeleted\":0,\"isTmpFile\":false,\"labelNameList\":[],\"lastModifyTime\":\"2025-09-17T09:46:00\",\"md5\":\"b0f396e7936e0f6192cd880927e8e74b\",\"path\":\"C:\\\\Users\\\\XiaoXinPro 16 IAH\\\\Desktop\\\\LRIA_llm_eval\\\\eval\\\\Quantum_Bvt_20251110\\\\bvtfiles\\\\AI_Face_Test_Set_Collection_Method_Design.pptx\",\"priority\":5,\"score\":0.0,\"status\":\"ADDED\",\"tokenNum\":0,\"uriPath\":\"\"},{\"createTime\":\"2025-11-10T15:52:22.707\",\"description\":\"\",\"docName\":\"\",\"editTime\":\"2025-11-10T15:52:22.707\",\"errorDescription\":\"\",\"fileName\":\"A_brief_introduction_of_LP_liutao21_20220615.pptx\",\"folder\":\"C:\\\\Users\\\\XiaoXinPro 16 IAH\\\\Desktop\\\\LRIA_llm_eval\\\\eval\\\\Quantum_Bvt_20251110\\\\bvtfiles\",\"id\":1987790422356922368,\"isDeleted\":0,\"isTmpFile\":false,\"labelNameList\":[],\"lastModifyTime\":\"2025-09-17T09:46:00\",\"md5\":\"0dbb2532524843af54fb3388b7bf3381\",\"path\":\"C:\\\\Users\\\\XiaoXinPro 16 IAH\\\\Desktop\\\\LRIA_llm_eval\\\\eval\\\\Quantum_Bvt_20251110\\\\bvtfiles\\\\A_brief_introduction_of_LP_liutao21_20220615.pptx\",\"priority\":6,\"score\":0.0,\"status\":\"ADDED\",\"tokenNum\":0,\"uriPath\":\"\"},{\"createTime\":\"2025-11-10T15:52:22.764\",\"description\":\"\",\"docName\":\"\",\"editTime\":\"2025-11-10T15:52:22.764\",\"errorDescription\":\"\",\"fileName\":\"Belfast-English.docx\",\"folder\":\"C:\\\\Users\\\\XiaoXinPro 16 IAH\\\\Desktop\\\\LRIA_llm_eval\\\\eval\\\\Quantum_Bvt_20251110\\\\bvtfiles\",\"id\":1987790422595997696,\"isDeleted\":0,\"isTmpFile\":false,\"labelNameList\":[],\"lastModifyTime\":\"2025-09-17T09:45:00\",\"md5\":\"3193e699ffa92db332ae31a9fb1d3cb4\",\"path\":\"C:\\\\Users\\\\XiaoXinPro 16 IAH\\\\Desktop\\\\LRIA_llm_eval\\\\eval\\\\Quantum_Bvt_20251110\\\\bvtfiles\\\\Belfast-English.docx\",\"priority\":7,\"score\":0.0,\"status\":\"ADDED\",\"tokenNum\":0,\"uriPath\":\"\"},{\"createTime\":\"2025-11-10T15:52:22.784\",\"description\":\"\",\"docName\":\"\",\"editTime\":\"2025-11-10T15:52:22.784\",\"errorDescription\":\"\",\"fileName\":\"British-Food-Culture.doc\",\"folder\":\"C:\\\\Users\\\\XiaoXinPro 16 IAH\\\\Desktop\\\\LRIA_llm_eval\\\\eval\\\\Quantum_Bvt_20251110\\\\bvtfiles\",\"id\":1987790422679883776,\"isDeleted\":0,\"isTmpFile\":false,\"labelNameList\":[],\"lastModifyTime\":\"2025-09-17T09:45:00\",\"md5\":\"435798f1c3377c7f5b71e18d733ca579\",\"path\":\"C:\\\\Users\\\\XiaoXinPro 16 IAH\\\\Desktop\\\\LRIA_llm_eval\\\\eval\\\\Quantum_Bvt_20251110\\\\bvtfiles\\\\British-Food-Culture.doc\",\"priority\":8,\"score\":0.0,\"status\":\"ADDED\",\"tokenNum\":0,\"uriPath\":\"\"},{\"createTime\":\"2025-11-10T15:52:22.803\",\"description\":\"\",\"docName\":\"\",\"editTime\":\"2025-11-10T15:52:22.803\",\"errorDescription\":\"\",\"fileName\":\"Netflix Becomes a Broadway Producer With Peter Morgan’s Patriots.txt\",\"folder\":\"C:\\\\Users\\\\XiaoXinPro 16 IAH\\\\Desktop\\\\LRIA_llm_eval\\\\eval\\\\Quantum_Bvt_20251110\\\\bvtfiles\",\"id\":1987790422759575552,\"isDeleted\":0,\"isTmpFile\":false,\"labelNameList\":[],\"lastModifyTime\":\"2025-09-17T09:46:00\",\"md5\":\"ab84c46eaa62a18048fb0241446da4ca\",\"path\":\"C:\\\\Users\\\\XiaoXinPro 16 IAH\\\\Desktop\\\\LRIA_llm_eval\\\\eval\\\\Quantum_Bvt_20251110\\\\bvtfiles\\\\Netflix Becomes a Broadway Producer With Peter Morgan’s Patriots.txt\",\"priority\":9,\"score\":0.0,\"status\":\"ADDED\",\"tokenNum\":0,\"uriPath\":\"\"}]"}}
2025-11-10 15:53:23,070 - INFO - 文档数量: 9
2025-11-10 15:53:23,070 - INFO - 第1个文档状态: COMPLETED
2025-11-10 15:53:23,070 - INFO - 第2个文档状态: COMPLETED
2025-11-10 15:53:23,070 - INFO - 第3个文档状态: COMPLETED
2025-11-10 15:53:23,070 - INFO - 第4个文档状态: RUNNING
2025-11-10 15:53:23,070 - INFO - 第5个文档状态: ADDED
2025-11-10 15:53:23,071 - INFO - 第6个文档状态: ADDED
2025-11-10 15:53:23,071 - INFO - 第7个文档状态: ADDED
2025-11-10 15:53:23,071 - INFO - 第8个文档状态: ADDED
2025-11-10 15:53:23,071 - INFO - 第9个文档状态: ADDED
2025-11-10 15:53:23,071 - INFO - 仍有文档在处理中，第29次尝试...
2025-11-10 15:53:25,071 - DEBUG - Starting new HTTP connection (1): 127.0.0.1:35253
2025-11-10 15:53:25,074 - DEBUG - http://127.0.0.1:35253 "POST /upload HTTP/11" 200 20
2025-11-10 15:53:25,075 - INFO - 成功获取文档列表，upload_id: -1125589153572092823
2025-11-10 15:53:25,075 - INFO - 开始时间: 2025-11-10 15:53:25.075
2025-11-10 15:53:25,076 - DEBUG - Starting new HTTP connection (1): 127.0.0.1:35253
2025-11-10 15:53:25,106 - DEBUG - http://127.0.0.1:35253 "GET /query?fileData=-1125589153572092823 HTTP/11" 200 None
2025-11-10 15:53:25,243 - INFO - 响应时间: 0.17秒
2025-11-10 15:53:25,244 - INFO - 第30次尝试，获取到的result_text: {"jobId":32,"status":"complete","data":{"text":"[{\"createTime\":\"2025-11-10T15:52:22.597\",\"description\":\"This paper investigates the computational hardness of learning Boolean functions from label proportions (LLP), an increasingly relevant machine learning paradigm where only aggregate label information over subsets (bags) of instances is available, generalizing traditional PAC learning. The authors prove several hardness results for LLP: (1) It is NP-hard to find a constant-clause CNF (including ORs) that satisfies any constant-fraction of bags of size at most 2, even when all bags are consistent with an OR function; this contrasts with prior approximation algorithms for halfspaces. (2) It is NP-hard to satisfy more than a (1/2 + δ)-fraction of such bags using constant-size DNF formulas. (3) For parity functions, it is NP-hard to satisfy more than (q / 2^{q-1} + δ)-fraction of the bags of size up to q using a parity function, with the best achievable approximation factor via a randomized algorithm being 1/2^{q-2}. These results show qualitative differences between LLP and PAC learning—the problems are tractable in PAC but intractable in LLP for these classes. The paper uses reductions from known Label Cover problems and applies probabilistic and algebraic techniques to establish tight inapproximability bounds. LLP is motivated by privacy, reduced labeling costs, and applications like medical image analysis. The work highlights fundamental barriers in learning Boolean functions when only label proportions are given, and provides benchmarks for algorithmic progress in LLP.\",\"docName\":\"2403.19401\",\"editTime\":\"2025-11-10T15:53:22.834\",\"fileName\":\"2403.19401.pdf\",\"folder\":\"C:\\\\Users\\\\XiaoXinPro 16 IAH\\\\Desktop\\\\LRIA_llm_eval\\\\eval\\\\Quantum_Bvt_20251110\\\\bvtfiles\",\"id\":1987790421895548928,\"isDeleted\":0,\"isTmpFile\":false,\"labelNameList\":[\"Technology\",\"Data Analysis\",\"Research Paper\"],\"lastModifyTime\":\"2025-09-17T09:45:00\",\"md5\":\"4ff6ba88616fcf7a71d1dca6c9adc14c\",\"path\":\"C:\\\\Users\\\\XiaoXinPro 16 IAH\\\\Desktop\\\\LRIA_llm_eval\\\\eval\\\\Quantum_Bvt_20251110\\\\bvtfiles\\\\2403.19401.pdf\",\"previewPath\":\"c:\\\\users\\\\xiaoxinpro 16 iah\\\\documents\\\\qtcore\\\\pdffile\\\\5a8b97086ee1c90294e728121903432b.pdf\",\"priority\":1,\"score\":0.0,\"status\":\"COMPLETED\",\"tokenNum\":14092,\"uriPath\":\"\"},{\"createTime\":\"2025-11-10T15:52:22.630\",\"description\":\"A One Day International (ODI) is a limited overs cricket match played between two international teams, typically with each side facing 50 overs. The format is used for high-profile tournaments like the Cricket World Cup and represents the highest standard of List A cricket. ODIs originated in 1971 when a Test match between Australia and England was abandoned due to rain, leading to a one-off game of 40 eight-ball overs, with Australia winning by 5 wickets. Initially, ODIs were played in white kits with a red ball. Significant changes occurred in the late 1970s, driven by Kerry Packer's World Series Cricket, which introduced coloured uniforms, nighttime matches under floodlights, white balls, and enhanced television coverage with multiple cameras and on-screen graphics. The first match with coloured uniforms was held in 1979. These innovations transformed the game, with players becoming full-time professionals, and coloured kits with white balls eventually becoming the ODI standard after 2001.\",\"docName\":\"3nql1cs15r8aviz39pth2bpsr4zvy1\",\"editTime\":\"2025-11-10T15:53:22.834\",\"fileName\":\"3nql1cs15r8aviz39pth2bpsr4zvy1.txt\",\"folder\":\"C:\\\\Users\\\\XiaoXinPro 16 IAH\\\\Desktop\\\\LRIA_llm_eval\\\\eval\\\\Quantum_Bvt_20251110\\\\bvtfiles\",\"id\":1987790422033960960,\"isDeleted\":0,\"isTmpFile\":false,\"labelNameList\":[\"Sport\",\"Informational\",\"History\"],\"lastModifyTime\":\"2025-09-17T09:45:00\",\"md5\":\"da0c0f7162b267cca0de596df4c40c56\",\"path\":\"C:\\\\Users\\\\XiaoXinPro 16 IAH\\\\Desktop\\\\LRIA_llm_eval\\\\eval\\\\Quantum_Bvt_20251110\\\\bvtfiles\\\\3nql1cs15r8aviz39pth2bpsr4zvy1.txt\",\"previewPath\":\"c:\\\\users\\\\xiaoxinpro 16 iah\\\\documents\\\\qtcore\\\\pdffile\\\\ba50ed51f6b7714754652a80ab62df56.pdf\",\"priority\":2,\"score\":0.0,\"status\":\"COMPLETED\",\"tokenNum\":402,\"uriPath\":\"\"},{\"createTime\":\"2025-11-10T15:52:22.650\",\"description\":\"\",\"docName\":\"3u84xhcdicdb6vqtlfud7syhj444z2\",\"editTime\":\"2025-11-10T15:53:22.749\",\"fileName\":\"3u84xhcdicdb6vqtlfud7syhj444z2.txt\",\"folder\":\"C:\\\\Users\\\\XiaoXinPro 16 IAH\\\\Desktop\\\\LRIA_llm_eval\\\\eval\\\\Quantum_Bvt_20251110\\\\bvtfiles\",\"id\":1987790422117847040,\"isDeleted\":0,\"isTmpFile\":false,\"labelNameList\":[],\"lastModifyTime\":\"2025-09-17T09:45:00\",\"md5\":\"a80f0ad4af9fd250a462680c85e6fbf0\",\"path\":\"C:\\\\Users\\\\XiaoXinPro 16 IAH\\\\Desktop\\\\LRIA_llm_eval\\\\eval\\\\Quantum_Bvt_20251110\\\\bvtfiles\\\\3u84xhcdicdb6vqtlfud7syhj444z2.txt\",\"previewPath\":\"c:\\\\users\\\\xiaoxinpro 16 iah\\\\documents\\\\qtcore\\\\pdffile\\\\044561594142e2ef357c9fbbdfaf4af5.pdf\",\"priority\":3,\"score\":0.0,\"status\":\"COMPLETED\",\"tokenNum\":414,\"uriPath\":\"\"},{\"createTime\":\"2025-11-10T15:52:22.668\",\"description\":\"\",\"docName\":\"\",\"editTime\":\"2025-11-10T15:53:22.770\",\"fileName\":\"3z3zlgnnsiuha76yy56h6uu71bh3q1.txt\",\"folder\":\"C:\\\\Users\\\\XiaoXinPro 16 IAH\\\\Desktop\\\\LRIA_llm_eval\\\\eval\\\\Quantum_Bvt_20251110\\\\bvtfiles\",\"id\":1987790422193344512,\"isDeleted\":0,\"isTmpFile\":false,\"labelNameList\":[],\"lastModifyTime\":\"2025-09-17T09:45:00\",\"md5\":\"bb28043dd606535bdcaf1ee30346b0f9\",\"path\":\"C:\\\\Users\\\\XiaoXinPro 16 IAH\\\\Desktop\\\\LRIA_llm_eval\\\\eval\\\\Quantum_Bvt_20251110\\\\bvtfiles\\\\3z3zlgnnsiuha76yy56h6uu71bh3q1.txt\",\"priority\":4,\"score\":0.0,\"status\":\"RUNNING\",\"tokenNum\":0,\"uriPath\":\"\"},{\"createTime\":\"2025-11-10T15:52:22.688\",\"description\":\"\",\"docName\":\"\",\"editTime\":\"2025-11-10T15:52:22.688\",\"errorDescription\":\"\",\"fileName\":\"AI_Face_Test_Set_Collection_Method_Design.pptx\",\"folder\":\"C:\\\\Users\\\\XiaoXinPro 16 IAH\\\\Desktop\\\\LRIA_llm_eval\\\\eval\\\\Quantum_Bvt_20251110\\\\bvtfiles\",\"id\":1987790422277230592,\"isDeleted\":0,\"isTmpFile\":false,\"labelNameList\":[],\"lastModifyTime\":\"2025-09-17T09:46:00\",\"md5\":\"b0f396e7936e0f6192cd880927e8e74b\",\"path\":\"C:\\\\Users\\\\XiaoXinPro 16 IAH\\\\Desktop\\\\LRIA_llm_eval\\\\eval\\\\Quantum_Bvt_20251110\\\\bvtfiles\\\\AI_Face_Test_Set_Collection_Method_Design.pptx\",\"priority\":5,\"score\":0.0,\"status\":\"ADDED\",\"tokenNum\":0,\"uriPath\":\"\"},{\"createTime\":\"2025-11-10T15:52:22.707\",\"description\":\"\",\"docName\":\"\",\"editTime\":\"2025-11-10T15:52:22.707\",\"errorDescription\":\"\",\"fileName\":\"A_brief_introduction_of_LP_liutao21_20220615.pptx\",\"folder\":\"C:\\\\Users\\\\XiaoXinPro 16 IAH\\\\Desktop\\\\LRIA_llm_eval\\\\eval\\\\Quantum_Bvt_20251110\\\\bvtfiles\",\"id\":1987790422356922368,\"isDeleted\":0,\"isTmpFile\":false,\"labelNameList\":[],\"lastModifyTime\":\"2025-09-17T09:46:00\",\"md5\":\"0dbb2532524843af54fb3388b7bf3381\",\"path\":\"C:\\\\Users\\\\XiaoXinPro 16 IAH\\\\Desktop\\\\LRIA_llm_eval\\\\eval\\\\Quantum_Bvt_20251110\\\\bvtfiles\\\\A_brief_introduction_of_LP_liutao21_20220615.pptx\",\"priority\":6,\"score\":0.0,\"status\":\"ADDED\",\"tokenNum\":0,\"uriPath\":\"\"},{\"createTime\":\"2025-11-10T15:52:22.764\",\"description\":\"\",\"docName\":\"\",\"editTime\":\"2025-11-10T15:52:22.764\",\"errorDescription\":\"\",\"fileName\":\"Belfast-English.docx\",\"folder\":\"C:\\\\Users\\\\XiaoXinPro 16 IAH\\\\Desktop\\\\LRIA_llm_eval\\\\eval\\\\Quantum_Bvt_20251110\\\\bvtfiles\",\"id\":1987790422595997696,\"isDeleted\":0,\"isTmpFile\":false,\"labelNameList\":[],\"lastModifyTime\":\"2025-09-17T09:45:00\",\"md5\":\"3193e699ffa92db332ae31a9fb1d3cb4\",\"path\":\"C:\\\\Users\\\\XiaoXinPro 16 IAH\\\\Desktop\\\\LRIA_llm_eval\\\\eval\\\\Quantum_Bvt_20251110\\\\bvtfiles\\\\Belfast-English.docx\",\"priority\":7,\"score\":0.0,\"status\":\"ADDED\",\"tokenNum\":0,\"uriPath\":\"\"},{\"createTime\":\"2025-11-10T15:52:22.784\",\"description\":\"\",\"docName\":\"\",\"editTime\":\"2025-11-10T15:52:22.784\",\"errorDescription\":\"\",\"fileName\":\"British-Food-Culture.doc\",\"folder\":\"C:\\\\Users\\\\XiaoXinPro 16 IAH\\\\Desktop\\\\LRIA_llm_eval\\\\eval\\\\Quantum_Bvt_20251110\\\\bvtfiles\",\"id\":1987790422679883776,\"isDeleted\":0,\"isTmpFile\":false,\"labelNameList\":[],\"lastModifyTime\":\"2025-09-17T09:45:00\",\"md5\":\"435798f1c3377c7f5b71e18d733ca579\",\"path\":\"C:\\\\Users\\\\XiaoXinPro 16 IAH\\\\Desktop\\\\LRIA_llm_eval\\\\eval\\\\Quantum_Bvt_20251110\\\\bvtfiles\\\\British-Food-Culture.doc\",\"priority\":8,\"score\":0.0,\"status\":\"ADDED\",\"tokenNum\":0,\"uriPath\":\"\"},{\"createTime\":\"2025-11-10T15:52:22.803\",\"description\":\"\",\"docName\":\"\",\"editTime\":\"2025-11-10T15:52:22.803\",\"errorDescription\":\"\",\"fileName\":\"Netflix Becomes a Broadway Producer With Peter Morgan’s Patriots.txt\",\"folder\":\"C:\\\\Users\\\\XiaoXinPro 16 IAH\\\\Desktop\\\\LRIA_llm_eval\\\\eval\\\\Quantum_Bvt_20251110\\\\bvtfiles\",\"id\":1987790422759575552,\"isDeleted\":0,\"isTmpFile\":false,\"labelNameList\":[],\"lastModifyTime\":\"2025-09-17T09:46:00\",\"md5\":\"ab84c46eaa62a18048fb0241446da4ca\",\"path\":\"C:\\\\Users\\\\XiaoXinPro 16 IAH\\\\Desktop\\\\LRIA_llm_eval\\\\eval\\\\Quantum_Bvt_20251110\\\\bvtfiles\\\\Netflix Becomes a Broadway Producer With Peter Morgan’s Patriots.txt\",\"priority\":9,\"score\":0.0,\"status\":\"ADDED\",\"tokenNum\":0,\"uriPath\":\"\"}]"}}
2025-11-10 15:53:25,244 - INFO - 文档数量: 9
2025-11-10 15:53:25,244 - INFO - 第1个文档状态: COMPLETED
2025-11-10 15:53:25,245 - INFO - 第2个文档状态: COMPLETED
2025-11-10 15:53:25,245 - INFO - 第3个文档状态: COMPLETED
2025-11-10 15:53:25,245 - INFO - 第4个文档状态: RUNNING
2025-11-10 15:53:25,245 - INFO - 第5个文档状态: ADDED
2025-11-10 15:53:25,245 - INFO - 第6个文档状态: ADDED
2025-11-10 15:53:25,245 - INFO - 第7个文档状态: ADDED
2025-11-10 15:53:25,245 - INFO - 第8个文档状态: ADDED
2025-11-10 15:53:25,245 - INFO - 第9个文档状态: ADDED
2025-11-10 15:53:25,246 - INFO - 仍有文档在处理中，第30次尝试...
2025-11-10 15:53:27,246 - DEBUG - Starting new HTTP connection (1): 127.0.0.1:35253
2025-11-10 15:53:27,249 - DEBUG - http://127.0.0.1:35253 "POST /upload HTTP/11" 200 19
2025-11-10 15:53:27,250 - INFO - 成功获取文档列表，upload_id: 8622196489104812513
2025-11-10 15:53:27,250 - INFO - 开始时间: 2025-11-10 15:53:27.250
2025-11-10 15:53:27,251 - DEBUG - Starting new HTTP connection (1): 127.0.0.1:35253
2025-11-10 15:53:27,279 - DEBUG - http://127.0.0.1:35253 "GET /query?fileData=8622196489104812513 HTTP/11" 200 None
2025-11-10 15:53:27,381 - INFO - 响应时间: 0.13秒
2025-11-10 15:53:27,381 - INFO - 第31次尝试，获取到的result_text: {"jobId":33,"status":"complete","data":{"text":"[{\"createTime\":\"2025-11-10T15:52:22.597\",\"description\":\"This paper investigates the computational hardness of learning Boolean functions from label proportions (LLP), an increasingly relevant machine learning paradigm where only aggregate label information over subsets (bags) of instances is available, generalizing traditional PAC learning. The authors prove several hardness results for LLP: (1) It is NP-hard to find a constant-clause CNF (including ORs) that satisfies any constant-fraction of bags of size at most 2, even when all bags are consistent with an OR function; this contrasts with prior approximation algorithms for halfspaces. (2) It is NP-hard to satisfy more than a (1/2 + δ)-fraction of such bags using constant-size DNF formulas. (3) For parity functions, it is NP-hard to satisfy more than (q / 2^{q-1} + δ)-fraction of the bags of size up to q using a parity function, with the best achievable approximation factor via a randomized algorithm being 1/2^{q-2}. These results show qualitative differences between LLP and PAC learning—the problems are tractable in PAC but intractable in LLP for these classes. The paper uses reductions from known Label Cover problems and applies probabilistic and algebraic techniques to establish tight inapproximability bounds. LLP is motivated by privacy, reduced labeling costs, and applications like medical image analysis. The work highlights fundamental barriers in learning Boolean functions when only label proportions are given, and provides benchmarks for algorithmic progress in LLP.\",\"docName\":\"2403.19401\",\"editTime\":\"2025-11-10T15:53:22.834\",\"fileName\":\"2403.19401.pdf\",\"folder\":\"C:\\\\Users\\\\XiaoXinPro 16 IAH\\\\Desktop\\\\LRIA_llm_eval\\\\eval\\\\Quantum_Bvt_20251110\\\\bvtfiles\",\"id\":1987790421895548928,\"isDeleted\":0,\"isTmpFile\":false,\"labelNameList\":[\"Technology\",\"Data Analysis\",\"Research Paper\"],\"lastModifyTime\":\"2025-09-17T09:45:00\",\"md5\":\"4ff6ba88616fcf7a71d1dca6c9adc14c\",\"path\":\"C:\\\\Users\\\\XiaoXinPro 16 IAH\\\\Desktop\\\\LRIA_llm_eval\\\\eval\\\\Quantum_Bvt_20251110\\\\bvtfiles\\\\2403.19401.pdf\",\"previewPath\":\"c:\\\\users\\\\xiaoxinpro 16 iah\\\\documents\\\\qtcore\\\\pdffile\\\\5a8b97086ee1c90294e728121903432b.pdf\",\"priority\":1,\"score\":0.0,\"status\":\"COMPLETED\",\"tokenNum\":14092,\"uriPath\":\"\"},{\"createTime\":\"2025-11-10T15:52:22.630\",\"description\":\"A One Day International (ODI) is a limited overs cricket match played between two international teams, typically with each side facing 50 overs. The format is used for high-profile tournaments like the Cricket World Cup and represents the highest standard of List A cricket. ODIs originated in 1971 when a Test match between Australia and England was abandoned due to rain, leading to a one-off game of 40 eight-ball overs, with Australia winning by 5 wickets. Initially, ODIs were played in white kits with a red ball. Significant changes occurred in the late 1970s, driven by Kerry Packer's World Series Cricket, which introduced coloured uniforms, nighttime matches under floodlights, white balls, and enhanced television coverage with multiple cameras and on-screen graphics. The first match with coloured uniforms was held in 1979. These innovations transformed the game, with players becoming full-time professionals, and coloured kits with white balls eventually becoming the ODI standard after 2001.\",\"docName\":\"3nql1cs15r8aviz39pth2bpsr4zvy1\",\"editTime\":\"2025-11-10T15:53:22.834\",\"fileName\":\"3nql1cs15r8aviz39pth2bpsr4zvy1.txt\",\"folder\":\"C:\\\\Users\\\\XiaoXinPro 16 IAH\\\\Desktop\\\\LRIA_llm_eval\\\\eval\\\\Quantum_Bvt_20251110\\\\bvtfiles\",\"id\":1987790422033960960,\"isDeleted\":0,\"isTmpFile\":false,\"labelNameList\":[\"Sport\",\"Informational\",\"History\"],\"lastModifyTime\":\"2025-09-17T09:45:00\",\"md5\":\"da0c0f7162b267cca0de596df4c40c56\",\"path\":\"C:\\\\Users\\\\XiaoXinPro 16 IAH\\\\Desktop\\\\LRIA_llm_eval\\\\eval\\\\Quantum_Bvt_20251110\\\\bvtfiles\\\\3nql1cs15r8aviz39pth2bpsr4zvy1.txt\",\"previewPath\":\"c:\\\\users\\\\xiaoxinpro 16 iah\\\\documents\\\\qtcore\\\\pdffile\\\\ba50ed51f6b7714754652a80ab62df56.pdf\",\"priority\":2,\"score\":0.0,\"status\":\"COMPLETED\",\"tokenNum\":402,\"uriPath\":\"\"},{\"createTime\":\"2025-11-10T15:52:22.650\",\"description\":\"The document discusses psychological identity, emphasizing self-image, self-esteem, and individuality. Weinreich defines identity as the totality of one’s self-construal, connecting past, present, and future self-perceptions, and extending this to aspects like ethnic identity. The complexity of describing identity for individuals and groups is highlighted, taking into account both unique characteristics and group memberships, which can vary with circumstance. Drawing on theorists like Kelly, Erikson, and Tajfel, Weinreich’s Identity Structure Analysis (ISA) is introduced as a structural approach to represent individual existential experience. ISA focuses on how relationships between self and others are organized within socio-cultural contexts and over time. It uses constructs from individual, group, and cultural discourses to map the individual's appraisal of self, others, and institutions. The methodology operationalizes these concepts so that identity can be assessed through the situated self’s interactions across different contexts.\",\"docName\":\"3u84xhcdicdb6vqtlfud7syhj444z2\",\"editTime\":\"2025-11-10T15:53:26.485\",\"fileName\":\"3u84xhcdicdb6vqtlfud7syhj444z2.txt\",\"folder\":\"C:\\\\Users\\\\XiaoXinPro 16 IAH\\\\Desktop\\\\LRIA_llm_eval\\\\eval\\\\Quantum_Bvt_20251110\\\\bvtfiles\",\"id\":1987790422117847040,\"isDeleted\":0,\"isTmpFile\":false,\"labelNameList\":[\"Research Paper\",\"Informational\",\"Science\"],\"lastModifyTime\":\"2025-09-17T09:45:00\",\"md5\":\"a80f0ad4af9fd250a462680c85e6fbf0\",\"path\":\"C:\\\\Users\\\\XiaoXinPro 16 IAH\\\\Desktop\\\\LRIA_llm_eval\\\\eval\\\\Quantum_Bvt_20251110\\\\bvtfiles\\\\3u84xhcdicdb6vqtlfud7syhj444z2.txt\",\"previewPath\":\"c:\\\\users\\\\xiaoxinpro 16 iah\\\\documents\\\\qtcore\\\\pdffile\\\\044561594142e2ef357c9fbbdfaf4af5.pdf\",\"priority\":3,\"score\":0.0,\"status\":\"COMPLETED\",\"tokenNum\":414,\"uriPath\":\"\"},{\"createTime\":\"2025-11-10T15:52:22.668\",\"description\":\"\",\"docName\":\"3z3zlgnnsiuha76yy56h6uu71bh3q1\",\"editTime\":\"2025-11-10T15:53:25.885\",\"fileName\":\"3z3zlgnnsiuha76yy56h6uu71bh3q1.txt\",\"folder\":\"C:\\\\Users\\\\XiaoXinPro 16 IAH\\\\Desktop\\\\LRIA_llm_eval\\\\eval\\\\Quantum_Bvt_20251110\\\\bvtfiles\",\"id\":1987790422193344512,\"isDeleted\":0,\"isTmpFile\":false,\"labelNameList\":[],\"lastModifyTime\":\"2025-09-17T09:45:00\",\"md5\":\"bb28043dd606535bdcaf1ee30346b0f9\",\"path\":\"C:\\\\Users\\\\XiaoXinPro 16 IAH\\\\Desktop\\\\LRIA_llm_eval\\\\eval\\\\Quantum_Bvt_20251110\\\\bvtfiles\\\\3z3zlgnnsiuha76yy56h6uu71bh3q1.txt\",\"previewPath\":\"c:\\\\users\\\\xiaoxinpro 16 iah\\\\documents\\\\qtcore\\\\pdffile\\\\c5016b94612aaf89641b2e6895248f70.pdf\",\"priority\":4,\"score\":0.0,\"status\":\"COMPLETED\",\"tokenNum\":326,\"uriPath\":\"\"},{\"createTime\":\"2025-11-10T15:52:22.688\",\"description\":\"\",\"docName\":\"\",\"editTime\":\"2025-11-10T15:53:25.902\",\"fileName\":\"AI_Face_Test_Set_Collection_Method_Design.pptx\",\"folder\":\"C:\\\\Users\\\\XiaoXinPro 16 IAH\\\\Desktop\\\\LRIA_llm_eval\\\\eval\\\\Quantum_Bvt_20251110\\\\bvtfiles\",\"id\":1987790422277230592,\"isDeleted\":0,\"isTmpFile\":false,\"labelNameList\":[],\"lastModifyTime\":\"2025-09-17T09:46:00\",\"md5\":\"b0f396e7936e0f6192cd880927e8e74b\",\"path\":\"C:\\\\Users\\\\XiaoXinPro 16 IAH\\\\Desktop\\\\LRIA_llm_eval\\\\eval\\\\Quantum_Bvt_20251110\\\\bvtfiles\\\\AI_Face_Test_Set_Collection_Method_Design.pptx\",\"priority\":5,\"score\":0.0,\"status\":\"RUNNING\",\"tokenNum\":0,\"uriPath\":\"\"},{\"createTime\":\"2025-11-10T15:52:22.707\",\"description\":\"\",\"docName\":\"\",\"editTime\":\"2025-11-10T15:52:22.707\",\"errorDescription\":\"\",\"fileName\":\"A_brief_introduction_of_LP_liutao21_20220615.pptx\",\"folder\":\"C:\\\\Users\\\\XiaoXinPro 16 IAH\\\\Desktop\\\\LRIA_llm_eval\\\\eval\\\\Quantum_Bvt_20251110\\\\bvtfiles\",\"id\":1987790422356922368,\"isDeleted\":0,\"isTmpFile\":false,\"labelNameList\":[],\"lastModifyTime\":\"2025-09-17T09:46:00\",\"md5\":\"0dbb2532524843af54fb3388b7bf3381\",\"path\":\"C:\\\\Users\\\\XiaoXinPro 16 IAH\\\\Desktop\\\\LRIA_llm_eval\\\\eval\\\\Quantum_Bvt_20251110\\\\bvtfiles\\\\A_brief_introduction_of_LP_liutao21_20220615.pptx\",\"priority\":6,\"score\":0.0,\"status\":\"ADDED\",\"tokenNum\":0,\"uriPath\":\"\"},{\"createTime\":\"2025-11-10T15:52:22.764\",\"description\":\"\",\"docName\":\"\",\"editTime\":\"2025-11-10T15:52:22.764\",\"errorDescription\":\"\",\"fileName\":\"Belfast-English.docx\",\"folder\":\"C:\\\\Users\\\\XiaoXinPro 16 IAH\\\\Desktop\\\\LRIA_llm_eval\\\\eval\\\\Quantum_Bvt_20251110\\\\bvtfiles\",\"id\":1987790422595997696,\"isDeleted\":0,\"isTmpFile\":false,\"labelNameList\":[],\"lastModifyTime\":\"2025-09-17T09:45:00\",\"md5\":\"3193e699ffa92db332ae31a9fb1d3cb4\",\"path\":\"C:\\\\Users\\\\XiaoXinPro 16 IAH\\\\Desktop\\\\LRIA_llm_eval\\\\eval\\\\Quantum_Bvt_20251110\\\\bvtfiles\\\\Belfast-English.docx\",\"priority\":7,\"score\":0.0,\"status\":\"ADDED\",\"tokenNum\":0,\"uriPath\":\"\"},{\"createTime\":\"2025-11-10T15:52:22.784\",\"description\":\"\",\"docName\":\"\",\"editTime\":\"2025-11-10T15:52:22.784\",\"errorDescription\":\"\",\"fileName\":\"British-Food-Culture.doc\",\"folder\":\"C:\\\\Users\\\\XiaoXinPro 16 IAH\\\\Desktop\\\\LRIA_llm_eval\\\\eval\\\\Quantum_Bvt_20251110\\\\bvtfiles\",\"id\":1987790422679883776,\"isDeleted\":0,\"isTmpFile\":false,\"labelNameList\":[],\"lastModifyTime\":\"2025-09-17T09:45:00\",\"md5\":\"435798f1c3377c7f5b71e18d733ca579\",\"path\":\"C:\\\\Users\\\\XiaoXinPro 16 IAH\\\\Desktop\\\\LRIA_llm_eval\\\\eval\\\\Quantum_Bvt_20251110\\\\bvtfiles\\\\British-Food-Culture.doc\",\"priority\":8,\"score\":0.0,\"status\":\"ADDED\",\"tokenNum\":0,\"uriPath\":\"\"},{\"createTime\":\"2025-11-10T15:52:22.803\",\"description\":\"\",\"docName\":\"\",\"editTime\":\"2025-11-10T15:52:22.803\",\"errorDescription\":\"\",\"fileName\":\"Netflix Becomes a Broadway Producer With Peter Morgan’s Patriots.txt\",\"folder\":\"C:\\\\Users\\\\XiaoXinPro 16 IAH\\\\Desktop\\\\LRIA_llm_eval\\\\eval\\\\Quantum_Bvt_20251110\\\\bvtfiles\",\"id\":1987790422759575552,\"isDeleted\":0,\"isTmpFile\":false,\"labelNameList\":[],\"lastModifyTime\":\"2025-09-17T09:46:00\",\"md5\":\"ab84c46eaa62a18048fb0241446da4ca\",\"path\":\"C:\\\\Users\\\\XiaoXinPro 16 IAH\\\\Desktop\\\\LRIA_llm_eval\\\\eval\\\\Quantum_Bvt_20251110\\\\bvtfiles\\\\Netflix Becomes a Broadway Producer With Peter Morgan’s Patriots.txt\",\"priority\":9,\"score\":0.0,\"status\":\"ADDED\",\"tokenNum\":0,\"uriPath\":\"\"}]"}}
2025-11-10 15:53:27,382 - INFO - 文档数量: 9
2025-11-10 15:53:27,382 - INFO - 第1个文档状态: COMPLETED
2025-11-10 15:53:27,382 - INFO - 第2个文档状态: COMPLETED
2025-11-10 15:53:27,382 - INFO - 第3个文档状态: COMPLETED
2025-11-10 15:53:27,383 - INFO - 第4个文档状态: COMPLETED
2025-11-10 15:53:27,383 - INFO - 第5个文档状态: RUNNING
2025-11-10 15:53:27,383 - INFO - 第6个文档状态: ADDED
2025-11-10 15:53:27,383 - INFO - 第7个文档状态: ADDED
2025-11-10 15:53:27,383 - INFO - 第8个文档状态: ADDED
2025-11-10 15:53:27,384 - INFO - 第9个文档状态: ADDED
2025-11-10 15:53:27,384 - INFO - 仍有文档在处理中，第31次尝试...
2025-11-10 15:53:29,386 - DEBUG - Starting new HTTP connection (1): 127.0.0.1:35253
2025-11-10 15:53:29,389 - DEBUG - http://127.0.0.1:35253 "POST /upload HTTP/11" 200 20
2025-11-10 15:53:29,390 - INFO - 成功获取文档列表，upload_id: -7854269182863709806
2025-11-10 15:53:29,391 - INFO - 开始时间: 2025-11-10 15:53:29.391
2025-11-10 15:53:29,391 - DEBUG - Starting new HTTP connection (1): 127.0.0.1:35253
2025-11-10 15:53:29,399 - DEBUG - http://127.0.0.1:35253 "GET /query?fileData=-7854269182863709806 HTTP/11" 200 None
2025-11-10 15:53:29,511 - INFO - 响应时间: 0.12秒
2025-11-10 15:53:29,511 - INFO - 第32次尝试，获取到的result_text: {"jobId":34,"status":"complete","data":{"text":"[{\"createTime\":\"2025-11-10T15:52:22.597\",\"description\":\"This paper investigates the computational hardness of learning Boolean functions from label proportions (LLP), an increasingly relevant machine learning paradigm where only aggregate label information over subsets (bags) of instances is available, generalizing traditional PAC learning. The authors prove several hardness results for LLP: (1) It is NP-hard to find a constant-clause CNF (including ORs) that satisfies any constant-fraction of bags of size at most 2, even when all bags are consistent with an OR function; this contrasts with prior approximation algorithms for halfspaces. (2) It is NP-hard to satisfy more than a (1/2 + δ)-fraction of such bags using constant-size DNF formulas. (3) For parity functions, it is NP-hard to satisfy more than (q / 2^{q-1} + δ)-fraction of the bags of size up to q using a parity function, with the best achievable approximation factor via a randomized algorithm being 1/2^{q-2}. These results show qualitative differences between LLP and PAC learning—the problems are tractable in PAC but intractable in LLP for these classes. The paper uses reductions from known Label Cover problems and applies probabilistic and algebraic techniques to establish tight inapproximability bounds. LLP is motivated by privacy, reduced labeling costs, and applications like medical image analysis. The work highlights fundamental barriers in learning Boolean functions when only label proportions are given, and provides benchmarks for algorithmic progress in LLP.\",\"docName\":\"2403.19401\",\"editTime\":\"2025-11-10T15:53:22.834\",\"fileName\":\"2403.19401.pdf\",\"folder\":\"C:\\\\Users\\\\XiaoXinPro 16 IAH\\\\Desktop\\\\LRIA_llm_eval\\\\eval\\\\Quantum_Bvt_20251110\\\\bvtfiles\",\"id\":1987790421895548928,\"isDeleted\":0,\"isTmpFile\":false,\"labelNameList\":[\"Technology\",\"Data Analysis\",\"Research Paper\"],\"lastModifyTime\":\"2025-09-17T09:45:00\",\"md5\":\"4ff6ba88616fcf7a71d1dca6c9adc14c\",\"path\":\"C:\\\\Users\\\\XiaoXinPro 16 IAH\\\\Desktop\\\\LRIA_llm_eval\\\\eval\\\\Quantum_Bvt_20251110\\\\bvtfiles\\\\2403.19401.pdf\",\"previewPath\":\"c:\\\\users\\\\xiaoxinpro 16 iah\\\\documents\\\\qtcore\\\\pdffile\\\\5a8b97086ee1c90294e728121903432b.pdf\",\"priority\":1,\"score\":0.0,\"status\":\"COMPLETED\",\"tokenNum\":14092,\"uriPath\":\"\"},{\"createTime\":\"2025-11-10T15:52:22.630\",\"description\":\"A One Day International (ODI) is a limited overs cricket match played between two international teams, typically with each side facing 50 overs. The format is used for high-profile tournaments like the Cricket World Cup and represents the highest standard of List A cricket. ODIs originated in 1971 when a Test match between Australia and England was abandoned due to rain, leading to a one-off game of 40 eight-ball overs, with Australia winning by 5 wickets. Initially, ODIs were played in white kits with a red ball. Significant changes occurred in the late 1970s, driven by Kerry Packer's World Series Cricket, which introduced coloured uniforms, nighttime matches under floodlights, white balls, and enhanced television coverage with multiple cameras and on-screen graphics. The first match with coloured uniforms was held in 1979. These innovations transformed the game, with players becoming full-time professionals, and coloured kits with white balls eventually becoming the ODI standard after 2001.\",\"docName\":\"3nql1cs15r8aviz39pth2bpsr4zvy1\",\"editTime\":\"2025-11-10T15:53:22.834\",\"fileName\":\"3nql1cs15r8aviz39pth2bpsr4zvy1.txt\",\"folder\":\"C:\\\\Users\\\\XiaoXinPro 16 IAH\\\\Desktop\\\\LRIA_llm_eval\\\\eval\\\\Quantum_Bvt_20251110\\\\bvtfiles\",\"id\":1987790422033960960,\"isDeleted\":0,\"isTmpFile\":false,\"labelNameList\":[\"Sport\",\"Informational\",\"History\"],\"lastModifyTime\":\"2025-09-17T09:45:00\",\"md5\":\"da0c0f7162b267cca0de596df4c40c56\",\"path\":\"C:\\\\Users\\\\XiaoXinPro 16 IAH\\\\Desktop\\\\LRIA_llm_eval\\\\eval\\\\Quantum_Bvt_20251110\\\\bvtfiles\\\\3nql1cs15r8aviz39pth2bpsr4zvy1.txt\",\"previewPath\":\"c:\\\\users\\\\xiaoxinpro 16 iah\\\\documents\\\\qtcore\\\\pdffile\\\\ba50ed51f6b7714754652a80ab62df56.pdf\",\"priority\":2,\"score\":0.0,\"status\":\"COMPLETED\",\"tokenNum\":402,\"uriPath\":\"\"},{\"createTime\":\"2025-11-10T15:52:22.650\",\"description\":\"The document discusses psychological identity, emphasizing self-image, self-esteem, and individuality. Weinreich defines identity as the totality of one’s self-construal, connecting past, present, and future self-perceptions, and extending this to aspects like ethnic identity. The complexity of describing identity for individuals and groups is highlighted, taking into account both unique characteristics and group memberships, which can vary with circumstance. Drawing on theorists like Kelly, Erikson, and Tajfel, Weinreich’s Identity Structure Analysis (ISA) is introduced as a structural approach to represent individual existential experience. ISA focuses on how relationships between self and others are organized within socio-cultural contexts and over time. It uses constructs from individual, group, and cultural discourses to map the individual's appraisal of self, others, and institutions. The methodology operationalizes these concepts so that identity can be assessed through the situated self’s interactions across different contexts.\",\"docName\":\"3u84xhcdicdb6vqtlfud7syhj444z2\",\"editTime\":\"2025-11-10T15:53:26.485\",\"fileName\":\"3u84xhcdicdb6vqtlfud7syhj444z2.txt\",\"folder\":\"C:\\\\Users\\\\XiaoXinPro 16 IAH\\\\Desktop\\\\LRIA_llm_eval\\\\eval\\\\Quantum_Bvt_20251110\\\\bvtfiles\",\"id\":1987790422117847040,\"isDeleted\":0,\"isTmpFile\":false,\"labelNameList\":[\"Research Paper\",\"Informational\",\"Science\"],\"lastModifyTime\":\"2025-09-17T09:45:00\",\"md5\":\"a80f0ad4af9fd250a462680c85e6fbf0\",\"path\":\"C:\\\\Users\\\\XiaoXinPro 16 IAH\\\\Desktop\\\\LRIA_llm_eval\\\\eval\\\\Quantum_Bvt_20251110\\\\bvtfiles\\\\3u84xhcdicdb6vqtlfud7syhj444z2.txt\",\"previewPath\":\"c:\\\\users\\\\xiaoxinpro 16 iah\\\\documents\\\\qtcore\\\\pdffile\\\\044561594142e2ef357c9fbbdfaf4af5.pdf\",\"priority\":3,\"score\":0.0,\"status\":\"COMPLETED\",\"tokenNum\":414,\"uriPath\":\"\"},{\"createTime\":\"2025-11-10T15:52:22.668\",\"description\":\"\",\"docName\":\"3z3zlgnnsiuha76yy56h6uu71bh3q1\",\"editTime\":\"2025-11-10T15:53:25.885\",\"fileName\":\"3z3zlgnnsiuha76yy56h6uu71bh3q1.txt\",\"folder\":\"C:\\\\Users\\\\XiaoXinPro 16 IAH\\\\Desktop\\\\LRIA_llm_eval\\\\eval\\\\Quantum_Bvt_20251110\\\\bvtfiles\",\"id\":1987790422193344512,\"isDeleted\":0,\"isTmpFile\":false,\"labelNameList\":[],\"lastModifyTime\":\"2025-09-17T09:45:00\",\"md5\":\"bb28043dd606535bdcaf1ee30346b0f9\",\"path\":\"C:\\\\Users\\\\XiaoXinPro 16 IAH\\\\Desktop\\\\LRIA_llm_eval\\\\eval\\\\Quantum_Bvt_20251110\\\\bvtfiles\\\\3z3zlgnnsiuha76yy56h6uu71bh3q1.txt\",\"previewPath\":\"c:\\\\users\\\\xiaoxinpro 16 iah\\\\documents\\\\qtcore\\\\pdffile\\\\c5016b94612aaf89641b2e6895248f70.pdf\",\"priority\":4,\"score\":0.0,\"status\":\"COMPLETED\",\"tokenNum\":326,\"uriPath\":\"\"},{\"createTime\":\"2025-11-10T15:52:22.688\",\"description\":\"\",\"docName\":\"\",\"editTime\":\"2025-11-10T15:53:25.902\",\"fileName\":\"AI_Face_Test_Set_Collection_Method_Design.pptx\",\"folder\":\"C:\\\\Users\\\\XiaoXinPro 16 IAH\\\\Desktop\\\\LRIA_llm_eval\\\\eval\\\\Quantum_Bvt_20251110\\\\bvtfiles\",\"id\":1987790422277230592,\"isDeleted\":0,\"isTmpFile\":false,\"labelNameList\":[],\"lastModifyTime\":\"2025-09-17T09:46:00\",\"md5\":\"b0f396e7936e0f6192cd880927e8e74b\",\"path\":\"C:\\\\Users\\\\XiaoXinPro 16 IAH\\\\Desktop\\\\LRIA_llm_eval\\\\eval\\\\Quantum_Bvt_20251110\\\\bvtfiles\\\\AI_Face_Test_Set_Collection_Method_Design.pptx\",\"priority\":5,\"score\":0.0,\"status\":\"RUNNING\",\"tokenNum\":0,\"uriPath\":\"\"},{\"createTime\":\"2025-11-10T15:52:22.707\",\"description\":\"\",\"docName\":\"\",\"editTime\":\"2025-11-10T15:52:22.707\",\"errorDescription\":\"\",\"fileName\":\"A_brief_introduction_of_LP_liutao21_20220615.pptx\",\"folder\":\"C:\\\\Users\\\\XiaoXinPro 16 IAH\\\\Desktop\\\\LRIA_llm_eval\\\\eval\\\\Quantum_Bvt_20251110\\\\bvtfiles\",\"id\":1987790422356922368,\"isDeleted\":0,\"isTmpFile\":false,\"labelNameList\":[],\"lastModifyTime\":\"2025-09-17T09:46:00\",\"md5\":\"0dbb2532524843af54fb3388b7bf3381\",\"path\":\"C:\\\\Users\\\\XiaoXinPro 16 IAH\\\\Desktop\\\\LRIA_llm_eval\\\\eval\\\\Quantum_Bvt_20251110\\\\bvtfiles\\\\A_brief_introduction_of_LP_liutao21_20220615.pptx\",\"priority\":6,\"score\":0.0,\"status\":\"ADDED\",\"tokenNum\":0,\"uriPath\":\"\"},{\"createTime\":\"2025-11-10T15:52:22.764\",\"description\":\"\",\"docName\":\"\",\"editTime\":\"2025-11-10T15:52:22.764\",\"errorDescription\":\"\",\"fileName\":\"Belfast-English.docx\",\"folder\":\"C:\\\\Users\\\\XiaoXinPro 16 IAH\\\\Desktop\\\\LRIA_llm_eval\\\\eval\\\\Quantum_Bvt_20251110\\\\bvtfiles\",\"id\":1987790422595997696,\"isDeleted\":0,\"isTmpFile\":false,\"labelNameList\":[],\"lastModifyTime\":\"2025-09-17T09:45:00\",\"md5\":\"3193e699ffa92db332ae31a9fb1d3cb4\",\"path\":\"C:\\\\Users\\\\XiaoXinPro 16 IAH\\\\Desktop\\\\LRIA_llm_eval\\\\eval\\\\Quantum_Bvt_20251110\\\\bvtfiles\\\\Belfast-English.docx\",\"priority\":7,\"score\":0.0,\"status\":\"ADDED\",\"tokenNum\":0,\"uriPath\":\"\"},{\"createTime\":\"2025-11-10T15:52:22.784\",\"description\":\"\",\"docName\":\"\",\"editTime\":\"2025-11-10T15:52:22.784\",\"errorDescription\":\"\",\"fileName\":\"British-Food-Culture.doc\",\"folder\":\"C:\\\\Users\\\\XiaoXinPro 16 IAH\\\\Desktop\\\\LRIA_llm_eval\\\\eval\\\\Quantum_Bvt_20251110\\\\bvtfiles\",\"id\":1987790422679883776,\"isDeleted\":0,\"isTmpFile\":false,\"labelNameList\":[],\"lastModifyTime\":\"2025-09-17T09:45:00\",\"md5\":\"435798f1c3377c7f5b71e18d733ca579\",\"path\":\"C:\\\\Users\\\\XiaoXinPro 16 IAH\\\\Desktop\\\\LRIA_llm_eval\\\\eval\\\\Quantum_Bvt_20251110\\\\bvtfiles\\\\British-Food-Culture.doc\",\"priority\":8,\"score\":0.0,\"status\":\"ADDED\",\"tokenNum\":0,\"uriPath\":\"\"},{\"createTime\":\"2025-11-10T15:52:22.803\",\"description\":\"\",\"docName\":\"\",\"editTime\":\"2025-11-10T15:52:22.803\",\"errorDescription\":\"\",\"fileName\":\"Netflix Becomes a Broadway Producer With Peter Morgan’s Patriots.txt\",\"folder\":\"C:\\\\Users\\\\XiaoXinPro 16 IAH\\\\Desktop\\\\LRIA_llm_eval\\\\eval\\\\Quantum_Bvt_20251110\\\\bvtfiles\",\"id\":1987790422759575552,\"isDeleted\":0,\"isTmpFile\":false,\"labelNameList\":[],\"lastModifyTime\":\"2025-09-17T09:46:00\",\"md5\":\"ab84c46eaa62a18048fb0241446da4ca\",\"path\":\"C:\\\\Users\\\\XiaoXinPro 16 IAH\\\\Desktop\\\\LRIA_llm_eval\\\\eval\\\\Quantum_Bvt_20251110\\\\bvtfiles\\\\Netflix Becomes a Broadway Producer With Peter Morgan’s Patriots.txt\",\"priority\":9,\"score\":0.0,\"status\":\"ADDED\",\"tokenNum\":0,\"uriPath\":\"\"}]"}}
2025-11-10 15:53:29,512 - INFO - 文档数量: 9
2025-11-10 15:53:29,512 - INFO - 第1个文档状态: COMPLETED
2025-11-10 15:53:29,512 - INFO - 第2个文档状态: COMPLETED
2025-11-10 15:53:29,512 - INFO - 第3个文档状态: COMPLETED
2025-11-10 15:53:29,512 - INFO - 第4个文档状态: COMPLETED
2025-11-10 15:53:29,513 - INFO - 第5个文档状态: RUNNING
2025-11-10 15:53:29,513 - INFO - 第6个文档状态: ADDED
2025-11-10 15:53:29,513 - INFO - 第7个文档状态: ADDED
2025-11-10 15:53:29,513 - INFO - 第8个文档状态: ADDED
2025-11-10 15:53:29,513 - INFO - 第9个文档状态: ADDED
2025-11-10 15:53:29,513 - INFO - 仍有文档在处理中，第32次尝试...
2025-11-10 15:53:31,516 - DEBUG - Starting new HTTP connection (1): 127.0.0.1:35253
2025-11-10 15:53:31,519 - DEBUG - http://127.0.0.1:35253 "POST /upload HTTP/11" 200 20
2025-11-10 15:53:31,520 - INFO - 成功获取文档列表，upload_id: -4936579144274432934
2025-11-10 15:53:31,520 - INFO - 开始时间: 2025-11-10 15:53:31.520
2025-11-10 15:53:31,521 - DEBUG - Starting new HTTP connection (1): 127.0.0.1:35253
2025-11-10 15:53:31,535 - DEBUG - http://127.0.0.1:35253 "GET /query?fileData=-4936579144274432934 HTTP/11" 200 None
2025-11-10 15:53:31,630 - INFO - 响应时间: 0.11秒
2025-11-10 15:53:31,630 - INFO - 第33次尝试，获取到的result_text: {"jobId":35,"status":"complete","data":{"text":"[{\"createTime\":\"2025-11-10T15:52:22.597\",\"description\":\"This paper investigates the computational hardness of learning Boolean functions from label proportions (LLP), an increasingly relevant machine learning paradigm where only aggregate label information over subsets (bags) of instances is available, generalizing traditional PAC learning. The authors prove several hardness results for LLP: (1) It is NP-hard to find a constant-clause CNF (including ORs) that satisfies any constant-fraction of bags of size at most 2, even when all bags are consistent with an OR function; this contrasts with prior approximation algorithms for halfspaces. (2) It is NP-hard to satisfy more than a (1/2 + δ)-fraction of such bags using constant-size DNF formulas. (3) For parity functions, it is NP-hard to satisfy more than (q / 2^{q-1} + δ)-fraction of the bags of size up to q using a parity function, with the best achievable approximation factor via a randomized algorithm being 1/2^{q-2}. These results show qualitative differences between LLP and PAC learning—the problems are tractable in PAC but intractable in LLP for these classes. The paper uses reductions from known Label Cover problems and applies probabilistic and algebraic techniques to establish tight inapproximability bounds. LLP is motivated by privacy, reduced labeling costs, and applications like medical image analysis. The work highlights fundamental barriers in learning Boolean functions when only label proportions are given, and provides benchmarks for algorithmic progress in LLP.\",\"docName\":\"2403.19401\",\"editTime\":\"2025-11-10T15:53:22.834\",\"fileName\":\"2403.19401.pdf\",\"folder\":\"C:\\\\Users\\\\XiaoXinPro 16 IAH\\\\Desktop\\\\LRIA_llm_eval\\\\eval\\\\Quantum_Bvt_20251110\\\\bvtfiles\",\"id\":1987790421895548928,\"isDeleted\":0,\"isTmpFile\":false,\"labelNameList\":[\"Technology\",\"Data Analysis\",\"Research Paper\"],\"lastModifyTime\":\"2025-09-17T09:45:00\",\"md5\":\"4ff6ba88616fcf7a71d1dca6c9adc14c\",\"path\":\"C:\\\\Users\\\\XiaoXinPro 16 IAH\\\\Desktop\\\\LRIA_llm_eval\\\\eval\\\\Quantum_Bvt_20251110\\\\bvtfiles\\\\2403.19401.pdf\",\"previewPath\":\"c:\\\\users\\\\xiaoxinpro 16 iah\\\\documents\\\\qtcore\\\\pdffile\\\\5a8b97086ee1c90294e728121903432b.pdf\",\"priority\":1,\"score\":0.0,\"status\":\"COMPLETED\",\"tokenNum\":14092,\"uriPath\":\"\"},{\"createTime\":\"2025-11-10T15:52:22.630\",\"description\":\"A One Day International (ODI) is a limited overs cricket match played between two international teams, typically with each side facing 50 overs. The format is used for high-profile tournaments like the Cricket World Cup and represents the highest standard of List A cricket. ODIs originated in 1971 when a Test match between Australia and England was abandoned due to rain, leading to a one-off game of 40 eight-ball overs, with Australia winning by 5 wickets. Initially, ODIs were played in white kits with a red ball. Significant changes occurred in the late 1970s, driven by Kerry Packer's World Series Cricket, which introduced coloured uniforms, nighttime matches under floodlights, white balls, and enhanced television coverage with multiple cameras and on-screen graphics. The first match with coloured uniforms was held in 1979. These innovations transformed the game, with players becoming full-time professionals, and coloured kits with white balls eventually becoming the ODI standard after 2001.\",\"docName\":\"3nql1cs15r8aviz39pth2bpsr4zvy1\",\"editTime\":\"2025-11-10T15:53:22.834\",\"fileName\":\"3nql1cs15r8aviz39pth2bpsr4zvy1.txt\",\"folder\":\"C:\\\\Users\\\\XiaoXinPro 16 IAH\\\\Desktop\\\\LRIA_llm_eval\\\\eval\\\\Quantum_Bvt_20251110\\\\bvtfiles\",\"id\":1987790422033960960,\"isDeleted\":0,\"isTmpFile\":false,\"labelNameList\":[\"Sport\",\"Informational\",\"History\"],\"lastModifyTime\":\"2025-09-17T09:45:00\",\"md5\":\"da0c0f7162b267cca0de596df4c40c56\",\"path\":\"C:\\\\Users\\\\XiaoXinPro 16 IAH\\\\Desktop\\\\LRIA_llm_eval\\\\eval\\\\Quantum_Bvt_20251110\\\\bvtfiles\\\\3nql1cs15r8aviz39pth2bpsr4zvy1.txt\",\"previewPath\":\"c:\\\\users\\\\xiaoxinpro 16 iah\\\\documents\\\\qtcore\\\\pdffile\\\\ba50ed51f6b7714754652a80ab62df56.pdf\",\"priority\":2,\"score\":0.0,\"status\":\"COMPLETED\",\"tokenNum\":402,\"uriPath\":\"\"},{\"createTime\":\"2025-11-10T15:52:22.650\",\"description\":\"The document discusses psychological identity, emphasizing self-image, self-esteem, and individuality. Weinreich defines identity as the totality of one’s self-construal, connecting past, present, and future self-perceptions, and extending this to aspects like ethnic identity. The complexity of describing identity for individuals and groups is highlighted, taking into account both unique characteristics and group memberships, which can vary with circumstance. Drawing on theorists like Kelly, Erikson, and Tajfel, Weinreich’s Identity Structure Analysis (ISA) is introduced as a structural approach to represent individual existential experience. ISA focuses on how relationships between self and others are organized within socio-cultural contexts and over time. It uses constructs from individual, group, and cultural discourses to map the individual's appraisal of self, others, and institutions. The methodology operationalizes these concepts so that identity can be assessed through the situated self’s interactions across different contexts.\",\"docName\":\"3u84xhcdicdb6vqtlfud7syhj444z2\",\"editTime\":\"2025-11-10T15:53:26.485\",\"fileName\":\"3u84xhcdicdb6vqtlfud7syhj444z2.txt\",\"folder\":\"C:\\\\Users\\\\XiaoXinPro 16 IAH\\\\Desktop\\\\LRIA_llm_eval\\\\eval\\\\Quantum_Bvt_20251110\\\\bvtfiles\",\"id\":1987790422117847040,\"isDeleted\":0,\"isTmpFile\":false,\"labelNameList\":[\"Research Paper\",\"Informational\",\"Science\"],\"lastModifyTime\":\"2025-09-17T09:45:00\",\"md5\":\"a80f0ad4af9fd250a462680c85e6fbf0\",\"path\":\"C:\\\\Users\\\\XiaoXinPro 16 IAH\\\\Desktop\\\\LRIA_llm_eval\\\\eval\\\\Quantum_Bvt_20251110\\\\bvtfiles\\\\3u84xhcdicdb6vqtlfud7syhj444z2.txt\",\"previewPath\":\"c:\\\\users\\\\xiaoxinpro 16 iah\\\\documents\\\\qtcore\\\\pdffile\\\\044561594142e2ef357c9fbbdfaf4af5.pdf\",\"priority\":3,\"score\":0.0,\"status\":\"COMPLETED\",\"tokenNum\":414,\"uriPath\":\"\"},{\"createTime\":\"2025-11-10T15:52:22.668\",\"description\":\"In Chapter XVIII, Archie is ordered to assist the Earl and a sizeable group of men-at-arms in searching for Bruce, whose location was revealed by a traitor. Archie, though reluctant, prepares the hound, Hector, for the hunt and considers drastic measures to protect Bruce if they get too close. The party, led by the traitorous peasant, travels five miles into the hills to a hut where Bruce had recently stayed. Upon arrival, Hector becomes energetic and excited, eagerly sniffing around before picking up Bruce's trail. The hound’s pursuit is intense, forcing Archie to struggle to keep pace while the Earl and his knights follow at a slight distance with their men-at-arms. Archie warns the Earl that the noise from the horses and the knights’ equipment agitates the hound further, making him harder to control. The tense search unfolds with Archie contemplating escape should the situation demand it, given the formidable presence of mounted pursuers.\",\"docName\":\"3z3zlgnnsiuha76yy56h6uu71bh3q1\",\"editTime\":\"2025-11-10T15:53:29.649\",\"fileName\":\"3z3zlgnnsiuha76yy56h6uu71bh3q1.txt\",\"folder\":\"C:\\\\Users\\\\XiaoXinPro 16 IAH\\\\Desktop\\\\LRIA_llm_eval\\\\eval\\\\Quantum_Bvt_20251110\\\\bvtfiles\",\"id\":1987790422193344512,\"isDeleted\":0,\"isTmpFile\":false,\"labelNameList\":[\"Informational\",\"History\",\"Report\"],\"lastModifyTime\":\"2025-09-17T09:45:00\",\"md5\":\"bb28043dd606535bdcaf1ee30346b0f9\",\"path\":\"C:\\\\Users\\\\XiaoXinPro 16 IAH\\\\Desktop\\\\LRIA_llm_eval\\\\eval\\\\Quantum_Bvt_20251110\\\\bvtfiles\\\\3z3zlgnnsiuha76yy56h6uu71bh3q1.txt\",\"previewPath\":\"c:\\\\users\\\\xiaoxinpro 16 iah\\\\documents\\\\qtcore\\\\pdffile\\\\c5016b94612aaf89641b2e6895248f70.pdf\",\"priority\":4,\"score\":0.0,\"status\":\"COMPLETED\",\"tokenNum\":326,\"uriPath\":\"\"},{\"createTime\":\"2025-11-10T15:52:22.688\",\"description\":\"\",\"docName\":\"\",\"editTime\":\"2025-11-10T15:53:25.902\",\"fileName\":\"AI_Face_Test_Set_Collection_Method_Design.pptx\",\"folder\":\"C:\\\\Users\\\\XiaoXinPro 16 IAH\\\\Desktop\\\\LRIA_llm_eval\\\\eval\\\\Quantum_Bvt_20251110\\\\bvtfiles\",\"id\":1987790422277230592,\"isDeleted\":0,\"isTmpFile\":false,\"labelNameList\":[],\"lastModifyTime\":\"2025-09-17T09:46:00\",\"md5\":\"b0f396e7936e0f6192cd880927e8e74b\",\"path\":\"C:\\\\Users\\\\XiaoXinPro 16 IAH\\\\Desktop\\\\LRIA_llm_eval\\\\eval\\\\Quantum_Bvt_20251110\\\\bvtfiles\\\\AI_Face_Test_Set_Collection_Method_Design.pptx\",\"priority\":5,\"score\":0.0,\"status\":\"RUNNING\",\"tokenNum\":0,\"uriPath\":\"\"},{\"createTime\":\"2025-11-10T15:52:22.707\",\"description\":\"\",\"docName\":\"\",\"editTime\":\"2025-11-10T15:52:22.707\",\"errorDescription\":\"\",\"fileName\":\"A_brief_introduction_of_LP_liutao21_20220615.pptx\",\"folder\":\"C:\\\\Users\\\\XiaoXinPro 16 IAH\\\\Desktop\\\\LRIA_llm_eval\\\\eval\\\\Quantum_Bvt_20251110\\\\bvtfiles\",\"id\":1987790422356922368,\"isDeleted\":0,\"isTmpFile\":false,\"labelNameList\":[],\"lastModifyTime\":\"2025-09-17T09:46:00\",\"md5\":\"0dbb2532524843af54fb3388b7bf3381\",\"path\":\"C:\\\\Users\\\\XiaoXinPro 16 IAH\\\\Desktop\\\\LRIA_llm_eval\\\\eval\\\\Quantum_Bvt_20251110\\\\bvtfiles\\\\A_brief_introduction_of_LP_liutao21_20220615.pptx\",\"priority\":6,\"score\":0.0,\"status\":\"ADDED\",\"tokenNum\":0,\"uriPath\":\"\"},{\"createTime\":\"2025-11-10T15:52:22.764\",\"description\":\"\",\"docName\":\"\",\"editTime\":\"2025-11-10T15:52:22.764\",\"errorDescription\":\"\",\"fileName\":\"Belfast-English.docx\",\"folder\":\"C:\\\\Users\\\\XiaoXinPro 16 IAH\\\\Desktop\\\\LRIA_llm_eval\\\\eval\\\\Quantum_Bvt_20251110\\\\bvtfiles\",\"id\":1987790422595997696,\"isDeleted\":0,\"isTmpFile\":false,\"labelNameList\":[],\"lastModifyTime\":\"2025-09-17T09:45:00\",\"md5\":\"3193e699ffa92db332ae31a9fb1d3cb4\",\"path\":\"C:\\\\Users\\\\XiaoXinPro 16 IAH\\\\Desktop\\\\LRIA_llm_eval\\\\eval\\\\Quantum_Bvt_20251110\\\\bvtfiles\\\\Belfast-English.docx\",\"priority\":7,\"score\":0.0,\"status\":\"ADDED\",\"tokenNum\":0,\"uriPath\":\"\"},{\"createTime\":\"2025-11-10T15:52:22.784\",\"description\":\"\",\"docName\":\"\",\"editTime\":\"2025-11-10T15:52:22.784\",\"errorDescription\":\"\",\"fileName\":\"British-Food-Culture.doc\",\"folder\":\"C:\\\\Users\\\\XiaoXinPro 16 IAH\\\\Desktop\\\\LRIA_llm_eval\\\\eval\\\\Quantum_Bvt_20251110\\\\bvtfiles\",\"id\":1987790422679883776,\"isDeleted\":0,\"isTmpFile\":false,\"labelNameList\":[],\"lastModifyTime\":\"2025-09-17T09:45:00\",\"md5\":\"435798f1c3377c7f5b71e18d733ca579\",\"path\":\"C:\\\\Users\\\\XiaoXinPro 16 IAH\\\\Desktop\\\\LRIA_llm_eval\\\\eval\\\\Quantum_Bvt_20251110\\\\bvtfiles\\\\British-Food-Culture.doc\",\"priority\":8,\"score\":0.0,\"status\":\"ADDED\",\"tokenNum\":0,\"uriPath\":\"\"},{\"createTime\":\"2025-11-10T15:52:22.803\",\"description\":\"\",\"docName\":\"\",\"editTime\":\"2025-11-10T15:52:22.803\",\"errorDescription\":\"\",\"fileName\":\"Netflix Becomes a Broadway Producer With Peter Morgan’s Patriots.txt\",\"folder\":\"C:\\\\Users\\\\XiaoXinPro 16 IAH\\\\Desktop\\\\LRIA_llm_eval\\\\eval\\\\Quantum_Bvt_20251110\\\\bvtfiles\",\"id\":1987790422759575552,\"isDeleted\":0,\"isTmpFile\":false,\"labelNameList\":[],\"lastModifyTime\":\"2025-09-17T09:46:00\",\"md5\":\"ab84c46eaa62a18048fb0241446da4ca\",\"path\":\"C:\\\\Users\\\\XiaoXinPro 16 IAH\\\\Desktop\\\\LRIA_llm_eval\\\\eval\\\\Quantum_Bvt_20251110\\\\bvtfiles\\\\Netflix Becomes a Broadway Producer With Peter Morgan’s Patriots.txt\",\"priority\":9,\"score\":0.0,\"status\":\"ADDED\",\"tokenNum\":0,\"uriPath\":\"\"}]"}}
2025-11-10 15:53:31,631 - INFO - 文档数量: 9
2025-11-10 15:53:31,631 - INFO - 第1个文档状态: COMPLETED
2025-11-10 15:53:31,631 - INFO - 第2个文档状态: COMPLETED
2025-11-10 15:53:31,631 - INFO - 第3个文档状态: COMPLETED
2025-11-10 15:53:31,631 - INFO - 第4个文档状态: COMPLETED
2025-11-10 15:53:31,631 - INFO - 第5个文档状态: RUNNING
2025-11-10 15:53:31,631 - INFO - 第6个文档状态: ADDED
2025-11-10 15:53:31,632 - INFO - 第7个文档状态: ADDED
2025-11-10 15:53:31,632 - INFO - 第8个文档状态: ADDED
2025-11-10 15:53:31,632 - INFO - 第9个文档状态: ADDED
2025-11-10 15:53:31,632 - INFO - 仍有文档在处理中，第33次尝试...
2025-11-10 15:53:33,633 - DEBUG - Starting new HTTP connection (1): 127.0.0.1:35253
2025-11-10 15:53:33,636 - DEBUG - http://127.0.0.1:35253 "POST /upload HTTP/11" 200 19
2025-11-10 15:53:33,636 - INFO - 成功获取文档列表，upload_id: 8722566417254212703
2025-11-10 15:53:33,636 - INFO - 开始时间: 2025-11-10 15:53:33.636
2025-11-10 15:53:33,637 - DEBUG - Starting new HTTP connection (1): 127.0.0.1:35253
2025-11-10 15:53:33,641 - DEBUG - http://127.0.0.1:35253 "GET /query?fileData=8722566417254212703 HTTP/11" 200 None
2025-11-10 15:53:33,787 - INFO - 响应时间: 0.15秒
2025-11-10 15:53:33,787 - INFO - 第34次尝试，获取到的result_text: {"jobId":36,"status":"complete","data":{"text":"[{\"createTime\":\"2025-11-10T15:52:22.597\",\"description\":\"This paper investigates the computational hardness of learning Boolean functions from label proportions (LLP), an increasingly relevant machine learning paradigm where only aggregate label information over subsets (bags) of instances is available, generalizing traditional PAC learning. The authors prove several hardness results for LLP: (1) It is NP-hard to find a constant-clause CNF (including ORs) that satisfies any constant-fraction of bags of size at most 2, even when all bags are consistent with an OR function; this contrasts with prior approximation algorithms for halfspaces. (2) It is NP-hard to satisfy more than a (1/2 + δ)-fraction of such bags using constant-size DNF formulas. (3) For parity functions, it is NP-hard to satisfy more than (q / 2^{q-1} + δ)-fraction of the bags of size up to q using a parity function, with the best achievable approximation factor via a randomized algorithm being 1/2^{q-2}. These results show qualitative differences between LLP and PAC learning—the problems are tractable in PAC but intractable in LLP for these classes. The paper uses reductions from known Label Cover problems and applies probabilistic and algebraic techniques to establish tight inapproximability bounds. LLP is motivated by privacy, reduced labeling costs, and applications like medical image analysis. The work highlights fundamental barriers in learning Boolean functions when only label proportions are given, and provides benchmarks for algorithmic progress in LLP.\",\"docName\":\"2403.19401\",\"editTime\":\"2025-11-10T15:53:22.834\",\"fileName\":\"2403.19401.pdf\",\"folder\":\"C:\\\\Users\\\\XiaoXinPro 16 IAH\\\\Desktop\\\\LRIA_llm_eval\\\\eval\\\\Quantum_Bvt_20251110\\\\bvtfiles\",\"id\":1987790421895548928,\"isDeleted\":0,\"isTmpFile\":false,\"labelNameList\":[\"Technology\",\"Data Analysis\",\"Research Paper\"],\"lastModifyTime\":\"2025-09-17T09:45:00\",\"md5\":\"4ff6ba88616fcf7a71d1dca6c9adc14c\",\"path\":\"C:\\\\Users\\\\XiaoXinPro 16 IAH\\\\Desktop\\\\LRIA_llm_eval\\\\eval\\\\Quantum_Bvt_20251110\\\\bvtfiles\\\\2403.19401.pdf\",\"previewPath\":\"c:\\\\users\\\\xiaoxinpro 16 iah\\\\documents\\\\qtcore\\\\pdffile\\\\5a8b97086ee1c90294e728121903432b.pdf\",\"priority\":1,\"score\":0.0,\"status\":\"COMPLETED\",\"tokenNum\":14092,\"uriPath\":\"\"},{\"createTime\":\"2025-11-10T15:52:22.630\",\"description\":\"A One Day International (ODI) is a limited overs cricket match played between two international teams, typically with each side facing 50 overs. The format is used for high-profile tournaments like the Cricket World Cup and represents the highest standard of List A cricket. ODIs originated in 1971 when a Test match between Australia and England was abandoned due to rain, leading to a one-off game of 40 eight-ball overs, with Australia winning by 5 wickets. Initially, ODIs were played in white kits with a red ball. Significant changes occurred in the late 1970s, driven by Kerry Packer's World Series Cricket, which introduced coloured uniforms, nighttime matches under floodlights, white balls, and enhanced television coverage with multiple cameras and on-screen graphics. The first match with coloured uniforms was held in 1979. These innovations transformed the game, with players becoming full-time professionals, and coloured kits with white balls eventually becoming the ODI standard after 2001.\",\"docName\":\"3nql1cs15r8aviz39pth2bpsr4zvy1\",\"editTime\":\"2025-11-10T15:53:22.834\",\"fileName\":\"3nql1cs15r8aviz39pth2bpsr4zvy1.txt\",\"folder\":\"C:\\\\Users\\\\XiaoXinPro 16 IAH\\\\Desktop\\\\LRIA_llm_eval\\\\eval\\\\Quantum_Bvt_20251110\\\\bvtfiles\",\"id\":1987790422033960960,\"isDeleted\":0,\"isTmpFile\":false,\"labelNameList\":[\"Sport\",\"Informational\",\"History\"],\"lastModifyTime\":\"2025-09-17T09:45:00\",\"md5\":\"da0c0f7162b267cca0de596df4c40c56\",\"path\":\"C:\\\\Users\\\\XiaoXinPro 16 IAH\\\\Desktop\\\\LRIA_llm_eval\\\\eval\\\\Quantum_Bvt_20251110\\\\bvtfiles\\\\3nql1cs15r8aviz39pth2bpsr4zvy1.txt\",\"previewPath\":\"c:\\\\users\\\\xiaoxinpro 16 iah\\\\documents\\\\qtcore\\\\pdffile\\\\ba50ed51f6b7714754652a80ab62df56.pdf\",\"priority\":2,\"score\":0.0,\"status\":\"COMPLETED\",\"tokenNum\":402,\"uriPath\":\"\"},{\"createTime\":\"2025-11-10T15:52:22.650\",\"description\":\"The document discusses psychological identity, emphasizing self-image, self-esteem, and individuality. Weinreich defines identity as the totality of one’s self-construal, connecting past, present, and future self-perceptions, and extending this to aspects like ethnic identity. The complexity of describing identity for individuals and groups is highlighted, taking into account both unique characteristics and group memberships, which can vary with circumstance. Drawing on theorists like Kelly, Erikson, and Tajfel, Weinreich’s Identity Structure Analysis (ISA) is introduced as a structural approach to represent individual existential experience. ISA focuses on how relationships between self and others are organized within socio-cultural contexts and over time. It uses constructs from individual, group, and cultural discourses to map the individual's appraisal of self, others, and institutions. The methodology operationalizes these concepts so that identity can be assessed through the situated self’s interactions across different contexts.\",\"docName\":\"3u84xhcdicdb6vqtlfud7syhj444z2\",\"editTime\":\"2025-11-10T15:53:26.485\",\"fileName\":\"3u84xhcdicdb6vqtlfud7syhj444z2.txt\",\"folder\":\"C:\\\\Users\\\\XiaoXinPro 16 IAH\\\\Desktop\\\\LRIA_llm_eval\\\\eval\\\\Quantum_Bvt_20251110\\\\bvtfiles\",\"id\":1987790422117847040,\"isDeleted\":0,\"isTmpFile\":false,\"labelNameList\":[\"Research Paper\",\"Informational\",\"Science\"],\"lastModifyTime\":\"2025-09-17T09:45:00\",\"md5\":\"a80f0ad4af9fd250a462680c85e6fbf0\",\"path\":\"C:\\\\Users\\\\XiaoXinPro 16 IAH\\\\Desktop\\\\LRIA_llm_eval\\\\eval\\\\Quantum_Bvt_20251110\\\\bvtfiles\\\\3u84xhcdicdb6vqtlfud7syhj444z2.txt\",\"previewPath\":\"c:\\\\users\\\\xiaoxinpro 16 iah\\\\documents\\\\qtcore\\\\pdffile\\\\044561594142e2ef357c9fbbdfaf4af5.pdf\",\"priority\":3,\"score\":0.0,\"status\":\"COMPLETED\",\"tokenNum\":414,\"uriPath\":\"\"},{\"createTime\":\"2025-11-10T15:52:22.668\",\"description\":\"In Chapter XVIII, Archie is ordered to assist the Earl and a sizeable group of men-at-arms in searching for Bruce, whose location was revealed by a traitor. Archie, though reluctant, prepares the hound, Hector, for the hunt and considers drastic measures to protect Bruce if they get too close. The party, led by the traitorous peasant, travels five miles into the hills to a hut where Bruce had recently stayed. Upon arrival, Hector becomes energetic and excited, eagerly sniffing around before picking up Bruce's trail. The hound’s pursuit is intense, forcing Archie to struggle to keep pace while the Earl and his knights follow at a slight distance with their men-at-arms. Archie warns the Earl that the noise from the horses and the knights’ equipment agitates the hound further, making him harder to control. The tense search unfolds with Archie contemplating escape should the situation demand it, given the formidable presence of mounted pursuers.\",\"docName\":\"3z3zlgnnsiuha76yy56h6uu71bh3q1\",\"editTime\":\"2025-11-10T15:53:29.649\",\"fileName\":\"3z3zlgnnsiuha76yy56h6uu71bh3q1.txt\",\"folder\":\"C:\\\\Users\\\\XiaoXinPro 16 IAH\\\\Desktop\\\\LRIA_llm_eval\\\\eval\\\\Quantum_Bvt_20251110\\\\bvtfiles\",\"id\":1987790422193344512,\"isDeleted\":0,\"isTmpFile\":false,\"labelNameList\":[\"Informational\",\"History\",\"Report\"],\"lastModifyTime\":\"2025-09-17T09:45:00\",\"md5\":\"bb28043dd606535bdcaf1ee30346b0f9\",\"path\":\"C:\\\\Users\\\\XiaoXinPro 16 IAH\\\\Desktop\\\\LRIA_llm_eval\\\\eval\\\\Quantum_Bvt_20251110\\\\bvtfiles\\\\3z3zlgnnsiuha76yy56h6uu71bh3q1.txt\",\"previewPath\":\"c:\\\\users\\\\xiaoxinpro 16 iah\\\\documents\\\\qtcore\\\\pdffile\\\\c5016b94612aaf89641b2e6895248f70.pdf\",\"priority\":4,\"score\":0.0,\"status\":\"COMPLETED\",\"tokenNum\":326,\"uriPath\":\"\"},{\"createTime\":\"2025-11-10T15:52:22.688\",\"description\":\"\",\"docName\":\"\",\"editTime\":\"2025-11-10T15:53:25.902\",\"fileName\":\"AI_Face_Test_Set_Collection_Method_Design.pptx\",\"folder\":\"C:\\\\Users\\\\XiaoXinPro 16 IAH\\\\Desktop\\\\LRIA_llm_eval\\\\eval\\\\Quantum_Bvt_20251110\\\\bvtfiles\",\"id\":1987790422277230592,\"isDeleted\":0,\"isTmpFile\":false,\"labelNameList\":[],\"lastModifyTime\":\"2025-09-17T09:46:00\",\"md5\":\"b0f396e7936e0f6192cd880927e8e74b\",\"path\":\"C:\\\\Users\\\\XiaoXinPro 16 IAH\\\\Desktop\\\\LRIA_llm_eval\\\\eval\\\\Quantum_Bvt_20251110\\\\bvtfiles\\\\AI_Face_Test_Set_Collection_Method_Design.pptx\",\"priority\":5,\"score\":0.0,\"status\":\"RUNNING\",\"tokenNum\":0,\"uriPath\":\"\"},{\"createTime\":\"2025-11-10T15:52:22.707\",\"description\":\"\",\"docName\":\"\",\"editTime\":\"2025-11-10T15:52:22.707\",\"errorDescription\":\"\",\"fileName\":\"A_brief_introduction_of_LP_liutao21_20220615.pptx\",\"folder\":\"C:\\\\Users\\\\XiaoXinPro 16 IAH\\\\Desktop\\\\LRIA_llm_eval\\\\eval\\\\Quantum_Bvt_20251110\\\\bvtfiles\",\"id\":1987790422356922368,\"isDeleted\":0,\"isTmpFile\":false,\"labelNameList\":[],\"lastModifyTime\":\"2025-09-17T09:46:00\",\"md5\":\"0dbb2532524843af54fb3388b7bf3381\",\"path\":\"C:\\\\Users\\\\XiaoXinPro 16 IAH\\\\Desktop\\\\LRIA_llm_eval\\\\eval\\\\Quantum_Bvt_20251110\\\\bvtfiles\\\\A_brief_introduction_of_LP_liutao21_20220615.pptx\",\"priority\":6,\"score\":0.0,\"status\":\"ADDED\",\"tokenNum\":0,\"uriPath\":\"\"},{\"createTime\":\"2025-11-10T15:52:22.764\",\"description\":\"\",\"docName\":\"\",\"editTime\":\"2025-11-10T15:52:22.764\",\"errorDescription\":\"\",\"fileName\":\"Belfast-English.docx\",\"folder\":\"C:\\\\Users\\\\XiaoXinPro 16 IAH\\\\Desktop\\\\LRIA_llm_eval\\\\eval\\\\Quantum_Bvt_20251110\\\\bvtfiles\",\"id\":1987790422595997696,\"isDeleted\":0,\"isTmpFile\":false,\"labelNameList\":[],\"lastModifyTime\":\"2025-09-17T09:45:00\",\"md5\":\"3193e699ffa92db332ae31a9fb1d3cb4\",\"path\":\"C:\\\\Users\\\\XiaoXinPro 16 IAH\\\\Desktop\\\\LRIA_llm_eval\\\\eval\\\\Quantum_Bvt_20251110\\\\bvtfiles\\\\Belfast-English.docx\",\"priority\":7,\"score\":0.0,\"status\":\"ADDED\",\"tokenNum\":0,\"uriPath\":\"\"},{\"createTime\":\"2025-11-10T15:52:22.784\",\"description\":\"\",\"docName\":\"\",\"editTime\":\"2025-11-10T15:52:22.784\",\"errorDescription\":\"\",\"fileName\":\"British-Food-Culture.doc\",\"folder\":\"C:\\\\Users\\\\XiaoXinPro 16 IAH\\\\Desktop\\\\LRIA_llm_eval\\\\eval\\\\Quantum_Bvt_20251110\\\\bvtfiles\",\"id\":1987790422679883776,\"isDeleted\":0,\"isTmpFile\":false,\"labelNameList\":[],\"lastModifyTime\":\"2025-09-17T09:45:00\",\"md5\":\"435798f1c3377c7f5b71e18d733ca579\",\"path\":\"C:\\\\Users\\\\XiaoXinPro 16 IAH\\\\Desktop\\\\LRIA_llm_eval\\\\eval\\\\Quantum_Bvt_20251110\\\\bvtfiles\\\\British-Food-Culture.doc\",\"priority\":8,\"score\":0.0,\"status\":\"ADDED\",\"tokenNum\":0,\"uriPath\":\"\"},{\"createTime\":\"2025-11-10T15:52:22.803\",\"description\":\"\",\"docName\":\"\",\"editTime\":\"2025-11-10T15:52:22.803\",\"errorDescription\":\"\",\"fileName\":\"Netflix Becomes a Broadway Producer With Peter Morgan’s Patriots.txt\",\"folder\":\"C:\\\\Users\\\\XiaoXinPro 16 IAH\\\\Desktop\\\\LRIA_llm_eval\\\\eval\\\\Quantum_Bvt_20251110\\\\bvtfiles\",\"id\":1987790422759575552,\"isDeleted\":0,\"isTmpFile\":false,\"labelNameList\":[],\"lastModifyTime\":\"2025-09-17T09:46:00\",\"md5\":\"ab84c46eaa62a18048fb0241446da4ca\",\"path\":\"C:\\\\Users\\\\XiaoXinPro 16 IAH\\\\Desktop\\\\LRIA_llm_eval\\\\eval\\\\Quantum_Bvt_20251110\\\\bvtfiles\\\\Netflix Becomes a Broadway Producer With Peter Morgan’s Patriots.txt\",\"priority\":9,\"score\":0.0,\"status\":\"ADDED\",\"tokenNum\":0,\"uriPath\":\"\"}]"}}
2025-11-10 15:53:33,788 - INFO - 文档数量: 9
2025-11-10 15:53:33,788 - INFO - 第1个文档状态: COMPLETED
2025-11-10 15:53:33,788 - INFO - 第2个文档状态: COMPLETED
2025-11-10 15:53:33,788 - INFO - 第3个文档状态: COMPLETED
2025-11-10 15:53:33,788 - INFO - 第4个文档状态: COMPLETED
2025-11-10 15:53:33,789 - INFO - 第5个文档状态: RUNNING
2025-11-10 15:53:33,789 - INFO - 第6个文档状态: ADDED
2025-11-10 15:53:33,789 - INFO - 第7个文档状态: ADDED
2025-11-10 15:53:33,789 - INFO - 第8个文档状态: ADDED
2025-11-10 15:53:33,789 - INFO - 第9个文档状态: ADDED
2025-11-10 15:53:33,790 - INFO - 仍有文档在处理中，第34次尝试...
2025-11-10 15:53:35,792 - DEBUG - Starting new HTTP connection (1): 127.0.0.1:35253
2025-11-10 15:53:35,796 - DEBUG - http://127.0.0.1:35253 "POST /upload HTTP/11" 200 19
2025-11-10 15:53:35,797 - INFO - 成功获取文档列表，upload_id: 3940746958652952523
2025-11-10 15:53:35,797 - INFO - 开始时间: 2025-11-10 15:53:35.797
2025-11-10 15:53:35,798 - DEBUG - Starting new HTTP connection (1): 127.0.0.1:35253
2025-11-10 15:53:35,805 - DEBUG - http://127.0.0.1:35253 "GET /query?fileData=3940746958652952523 HTTP/11" 200 None
2025-11-10 15:53:35,933 - INFO - 响应时间: 0.14秒
2025-11-10 15:53:35,934 - INFO - 第35次尝试，获取到的result_text: {"jobId":37,"status":"complete","data":{"text":"[{\"createTime\":\"2025-11-10T15:52:22.597\",\"description\":\"This paper investigates the computational hardness of learning Boolean functions from label proportions (LLP), an increasingly relevant machine learning paradigm where only aggregate label information over subsets (bags) of instances is available, generalizing traditional PAC learning. The authors prove several hardness results for LLP: (1) It is NP-hard to find a constant-clause CNF (including ORs) that satisfies any constant-fraction of bags of size at most 2, even when all bags are consistent with an OR function; this contrasts with prior approximation algorithms for halfspaces. (2) It is NP-hard to satisfy more than a (1/2 + δ)-fraction of such bags using constant-size DNF formulas. (3) For parity functions, it is NP-hard to satisfy more than (q / 2^{q-1} + δ)-fraction of the bags of size up to q using a parity function, with the best achievable approximation factor via a randomized algorithm being 1/2^{q-2}. These results show qualitative differences between LLP and PAC learning—the problems are tractable in PAC but intractable in LLP for these classes. The paper uses reductions from known Label Cover problems and applies probabilistic and algebraic techniques to establish tight inapproximability bounds. LLP is motivated by privacy, reduced labeling costs, and applications like medical image analysis. The work highlights fundamental barriers in learning Boolean functions when only label proportions are given, and provides benchmarks for algorithmic progress in LLP.\",\"docName\":\"2403.19401\",\"editTime\":\"2025-11-10T15:53:22.834\",\"fileName\":\"2403.19401.pdf\",\"folder\":\"C:\\\\Users\\\\XiaoXinPro 16 IAH\\\\Desktop\\\\LRIA_llm_eval\\\\eval\\\\Quantum_Bvt_20251110\\\\bvtfiles\",\"id\":1987790421895548928,\"isDeleted\":0,\"isTmpFile\":false,\"labelNameList\":[\"Technology\",\"Data Analysis\",\"Research Paper\"],\"lastModifyTime\":\"2025-09-17T09:45:00\",\"md5\":\"4ff6ba88616fcf7a71d1dca6c9adc14c\",\"path\":\"C:\\\\Users\\\\XiaoXinPro 16 IAH\\\\Desktop\\\\LRIA_llm_eval\\\\eval\\\\Quantum_Bvt_20251110\\\\bvtfiles\\\\2403.19401.pdf\",\"previewPath\":\"c:\\\\users\\\\xiaoxinpro 16 iah\\\\documents\\\\qtcore\\\\pdffile\\\\5a8b97086ee1c90294e728121903432b.pdf\",\"priority\":1,\"score\":0.0,\"status\":\"COMPLETED\",\"tokenNum\":14092,\"uriPath\":\"\"},{\"createTime\":\"2025-11-10T15:52:22.630\",\"description\":\"A One Day International (ODI) is a limited overs cricket match played between two international teams, typically with each side facing 50 overs. The format is used for high-profile tournaments like the Cricket World Cup and represents the highest standard of List A cricket. ODIs originated in 1971 when a Test match between Australia and England was abandoned due to rain, leading to a one-off game of 40 eight-ball overs, with Australia winning by 5 wickets. Initially, ODIs were played in white kits with a red ball. Significant changes occurred in the late 1970s, driven by Kerry Packer's World Series Cricket, which introduced coloured uniforms, nighttime matches under floodlights, white balls, and enhanced television coverage with multiple cameras and on-screen graphics. The first match with coloured uniforms was held in 1979. These innovations transformed the game, with players becoming full-time professionals, and coloured kits with white balls eventually becoming the ODI standard after 2001.\",\"docName\":\"3nql1cs15r8aviz39pth2bpsr4zvy1\",\"editTime\":\"2025-11-10T15:53:22.834\",\"fileName\":\"3nql1cs15r8aviz39pth2bpsr4zvy1.txt\",\"folder\":\"C:\\\\Users\\\\XiaoXinPro 16 IAH\\\\Desktop\\\\LRIA_llm_eval\\\\eval\\\\Quantum_Bvt_20251110\\\\bvtfiles\",\"id\":1987790422033960960,\"isDeleted\":0,\"isTmpFile\":false,\"labelNameList\":[\"Sport\",\"Informational\",\"History\"],\"lastModifyTime\":\"2025-09-17T09:45:00\",\"md5\":\"da0c0f7162b267cca0de596df4c40c56\",\"path\":\"C:\\\\Users\\\\XiaoXinPro 16 IAH\\\\Desktop\\\\LRIA_llm_eval\\\\eval\\\\Quantum_Bvt_20251110\\\\bvtfiles\\\\3nql1cs15r8aviz39pth2bpsr4zvy1.txt\",\"previewPath\":\"c:\\\\users\\\\xiaoxinpro 16 iah\\\\documents\\\\qtcore\\\\pdffile\\\\ba50ed51f6b7714754652a80ab62df56.pdf\",\"priority\":2,\"score\":0.0,\"status\":\"COMPLETED\",\"tokenNum\":402,\"uriPath\":\"\"},{\"createTime\":\"2025-11-10T15:52:22.650\",\"description\":\"The document discusses psychological identity, emphasizing self-image, self-esteem, and individuality. Weinreich defines identity as the totality of one’s self-construal, connecting past, present, and future self-perceptions, and extending this to aspects like ethnic identity. The complexity of describing identity for individuals and groups is highlighted, taking into account both unique characteristics and group memberships, which can vary with circumstance. Drawing on theorists like Kelly, Erikson, and Tajfel, Weinreich’s Identity Structure Analysis (ISA) is introduced as a structural approach to represent individual existential experience. ISA focuses on how relationships between self and others are organized within socio-cultural contexts and over time. It uses constructs from individual, group, and cultural discourses to map the individual's appraisal of self, others, and institutions. The methodology operationalizes these concepts so that identity can be assessed through the situated self’s interactions across different contexts.\",\"docName\":\"3u84xhcdicdb6vqtlfud7syhj444z2\",\"editTime\":\"2025-11-10T15:53:26.485\",\"fileName\":\"3u84xhcdicdb6vqtlfud7syhj444z2.txt\",\"folder\":\"C:\\\\Users\\\\XiaoXinPro 16 IAH\\\\Desktop\\\\LRIA_llm_eval\\\\eval\\\\Quantum_Bvt_20251110\\\\bvtfiles\",\"id\":1987790422117847040,\"isDeleted\":0,\"isTmpFile\":false,\"labelNameList\":[\"Research Paper\",\"Informational\",\"Science\"],\"lastModifyTime\":\"2025-09-17T09:45:00\",\"md5\":\"a80f0ad4af9fd250a462680c85e6fbf0\",\"path\":\"C:\\\\Users\\\\XiaoXinPro 16 IAH\\\\Desktop\\\\LRIA_llm_eval\\\\eval\\\\Quantum_Bvt_20251110\\\\bvtfiles\\\\3u84xhcdicdb6vqtlfud7syhj444z2.txt\",\"previewPath\":\"c:\\\\users\\\\xiaoxinpro 16 iah\\\\documents\\\\qtcore\\\\pdffile\\\\044561594142e2ef357c9fbbdfaf4af5.pdf\",\"priority\":3,\"score\":0.0,\"status\":\"COMPLETED\",\"tokenNum\":414,\"uriPath\":\"\"},{\"createTime\":\"2025-11-10T15:52:22.668\",\"description\":\"In Chapter XVIII, Archie is ordered to assist the Earl and a sizeable group of men-at-arms in searching for Bruce, whose location was revealed by a traitor. Archie, though reluctant, prepares the hound, Hector, for the hunt and considers drastic measures to protect Bruce if they get too close. The party, led by the traitorous peasant, travels five miles into the hills to a hut where Bruce had recently stayed. Upon arrival, Hector becomes energetic and excited, eagerly sniffing around before picking up Bruce's trail. The hound’s pursuit is intense, forcing Archie to struggle to keep pace while the Earl and his knights follow at a slight distance with their men-at-arms. Archie warns the Earl that the noise from the horses and the knights’ equipment agitates the hound further, making him harder to control. The tense search unfolds with Archie contemplating escape should the situation demand it, given the formidable presence of mounted pursuers.\",\"docName\":\"3z3zlgnnsiuha76yy56h6uu71bh3q1\",\"editTime\":\"2025-11-10T15:53:29.649\",\"fileName\":\"3z3zlgnnsiuha76yy56h6uu71bh3q1.txt\",\"folder\":\"C:\\\\Users\\\\XiaoXinPro 16 IAH\\\\Desktop\\\\LRIA_llm_eval\\\\eval\\\\Quantum_Bvt_20251110\\\\bvtfiles\",\"id\":1987790422193344512,\"isDeleted\":0,\"isTmpFile\":false,\"labelNameList\":[\"Informational\",\"History\",\"Report\"],\"lastModifyTime\":\"2025-09-17T09:45:00\",\"md5\":\"bb28043dd606535bdcaf1ee30346b0f9\",\"path\":\"C:\\\\Users\\\\XiaoXinPro 16 IAH\\\\Desktop\\\\LRIA_llm_eval\\\\eval\\\\Quantum_Bvt_20251110\\\\bvtfiles\\\\3z3zlgnnsiuha76yy56h6uu71bh3q1.txt\",\"previewPath\":\"c:\\\\users\\\\xiaoxinpro 16 iah\\\\documents\\\\qtcore\\\\pdffile\\\\c5016b94612aaf89641b2e6895248f70.pdf\",\"priority\":4,\"score\":0.0,\"status\":\"COMPLETED\",\"tokenNum\":326,\"uriPath\":\"\"},{\"createTime\":\"2025-11-10T15:52:22.688\",\"description\":\"\",\"docName\":\"\",\"editTime\":\"2025-11-10T15:53:25.902\",\"fileName\":\"AI_Face_Test_Set_Collection_Method_Design.pptx\",\"folder\":\"C:\\\\Users\\\\XiaoXinPro 16 IAH\\\\Desktop\\\\LRIA_llm_eval\\\\eval\\\\Quantum_Bvt_20251110\\\\bvtfiles\",\"id\":1987790422277230592,\"isDeleted\":0,\"isTmpFile\":false,\"labelNameList\":[],\"lastModifyTime\":\"2025-09-17T09:46:00\",\"md5\":\"b0f396e7936e0f6192cd880927e8e74b\",\"path\":\"C:\\\\Users\\\\XiaoXinPro 16 IAH\\\\Desktop\\\\LRIA_llm_eval\\\\eval\\\\Quantum_Bvt_20251110\\\\bvtfiles\\\\AI_Face_Test_Set_Collection_Method_Design.pptx\",\"priority\":5,\"score\":0.0,\"status\":\"RUNNING\",\"tokenNum\":0,\"uriPath\":\"\"},{\"createTime\":\"2025-11-10T15:52:22.707\",\"description\":\"\",\"docName\":\"\",\"editTime\":\"2025-11-10T15:52:22.707\",\"errorDescription\":\"\",\"fileName\":\"A_brief_introduction_of_LP_liutao21_20220615.pptx\",\"folder\":\"C:\\\\Users\\\\XiaoXinPro 16 IAH\\\\Desktop\\\\LRIA_llm_eval\\\\eval\\\\Quantum_Bvt_20251110\\\\bvtfiles\",\"id\":1987790422356922368,\"isDeleted\":0,\"isTmpFile\":false,\"labelNameList\":[],\"lastModifyTime\":\"2025-09-17T09:46:00\",\"md5\":\"0dbb2532524843af54fb3388b7bf3381\",\"path\":\"C:\\\\Users\\\\XiaoXinPro 16 IAH\\\\Desktop\\\\LRIA_llm_eval\\\\eval\\\\Quantum_Bvt_20251110\\\\bvtfiles\\\\A_brief_introduction_of_LP_liutao21_20220615.pptx\",\"priority\":6,\"score\":0.0,\"status\":\"ADDED\",\"tokenNum\":0,\"uriPath\":\"\"},{\"createTime\":\"2025-11-10T15:52:22.764\",\"description\":\"\",\"docName\":\"\",\"editTime\":\"2025-11-10T15:52:22.764\",\"errorDescription\":\"\",\"fileName\":\"Belfast-English.docx\",\"folder\":\"C:\\\\Users\\\\XiaoXinPro 16 IAH\\\\Desktop\\\\LRIA_llm_eval\\\\eval\\\\Quantum_Bvt_20251110\\\\bvtfiles\",\"id\":1987790422595997696,\"isDeleted\":0,\"isTmpFile\":false,\"labelNameList\":[],\"lastModifyTime\":\"2025-09-17T09:45:00\",\"md5\":\"3193e699ffa92db332ae31a9fb1d3cb4\",\"path\":\"C:\\\\Users\\\\XiaoXinPro 16 IAH\\\\Desktop\\\\LRIA_llm_eval\\\\eval\\\\Quantum_Bvt_20251110\\\\bvtfiles\\\\Belfast-English.docx\",\"priority\":7,\"score\":0.0,\"status\":\"ADDED\",\"tokenNum\":0,\"uriPath\":\"\"},{\"createTime\":\"2025-11-10T15:52:22.784\",\"description\":\"\",\"docName\":\"\",\"editTime\":\"2025-11-10T15:52:22.784\",\"errorDescription\":\"\",\"fileName\":\"British-Food-Culture.doc\",\"folder\":\"C:\\\\Users\\\\XiaoXinPro 16 IAH\\\\Desktop\\\\LRIA_llm_eval\\\\eval\\\\Quantum_Bvt_20251110\\\\bvtfiles\",\"id\":1987790422679883776,\"isDeleted\":0,\"isTmpFile\":false,\"labelNameList\":[],\"lastModifyTime\":\"2025-09-17T09:45:00\",\"md5\":\"435798f1c3377c7f5b71e18d733ca579\",\"path\":\"C:\\\\Users\\\\XiaoXinPro 16 IAH\\\\Desktop\\\\LRIA_llm_eval\\\\eval\\\\Quantum_Bvt_20251110\\\\bvtfiles\\\\British-Food-Culture.doc\",\"priority\":8,\"score\":0.0,\"status\":\"ADDED\",\"tokenNum\":0,\"uriPath\":\"\"},{\"createTime\":\"2025-11-10T15:52:22.803\",\"description\":\"\",\"docName\":\"\",\"editTime\":\"2025-11-10T15:52:22.803\",\"errorDescription\":\"\",\"fileName\":\"Netflix Becomes a Broadway Producer With Peter Morgan’s Patriots.txt\",\"folder\":\"C:\\\\Users\\\\XiaoXinPro 16 IAH\\\\Desktop\\\\LRIA_llm_eval\\\\eval\\\\Quantum_Bvt_20251110\\\\bvtfiles\",\"id\":1987790422759575552,\"isDeleted\":0,\"isTmpFile\":false,\"labelNameList\":[],\"lastModifyTime\":\"2025-09-17T09:46:00\",\"md5\":\"ab84c46eaa62a18048fb0241446da4ca\",\"path\":\"C:\\\\Users\\\\XiaoXinPro 16 IAH\\\\Desktop\\\\LRIA_llm_eval\\\\eval\\\\Quantum_Bvt_20251110\\\\bvtfiles\\\\Netflix Becomes a Broadway Producer With Peter Morgan’s Patriots.txt\",\"priority\":9,\"score\":0.0,\"status\":\"ADDED\",\"tokenNum\":0,\"uriPath\":\"\"}]"}}
2025-11-10 15:53:35,934 - INFO - 文档数量: 9
2025-11-10 15:53:35,935 - INFO - 第1个文档状态: COMPLETED
2025-11-10 15:53:35,935 - INFO - 第2个文档状态: COMPLETED
2025-11-10 15:53:35,935 - INFO - 第3个文档状态: COMPLETED
2025-11-10 15:53:35,935 - INFO - 第4个文档状态: COMPLETED
2025-11-10 15:53:35,935 - INFO - 第5个文档状态: RUNNING
2025-11-10 15:53:35,935 - INFO - 第6个文档状态: ADDED
2025-11-10 15:53:35,935 - INFO - 第7个文档状态: ADDED
2025-11-10 15:53:35,935 - INFO - 第8个文档状态: ADDED
2025-11-10 15:53:35,936 - INFO - 第9个文档状态: ADDED
2025-11-10 15:53:35,936 - INFO - 仍有文档在处理中，第35次尝试...
2025-11-10 15:53:37,938 - DEBUG - Starting new HTTP connection (1): 127.0.0.1:35253
2025-11-10 15:53:37,941 - DEBUG - http://127.0.0.1:35253 "POST /upload HTTP/11" 200 20
2025-11-10 15:53:37,942 - INFO - 成功获取文档列表，upload_id: -5060719172763447872
2025-11-10 15:53:37,942 - INFO - 开始时间: 2025-11-10 15:53:37.942
2025-11-10 15:53:37,944 - DEBUG - Starting new HTTP connection (1): 127.0.0.1:35253
2025-11-10 15:53:37,974 - DEBUG - http://127.0.0.1:35253 "GET /query?fileData=-5060719172763447872 HTTP/11" 200 None
2025-11-10 15:53:38,073 - INFO - 响应时间: 0.13秒
2025-11-10 15:53:38,073 - INFO - 第36次尝试，获取到的result_text: {"jobId":38,"status":"complete","data":{"text":"[{\"createTime\":\"2025-11-10T15:52:22.597\",\"description\":\"This paper investigates the computational hardness of learning Boolean functions from label proportions (LLP), an increasingly relevant machine learning paradigm where only aggregate label information over subsets (bags) of instances is available, generalizing traditional PAC learning. The authors prove several hardness results for LLP: (1) It is NP-hard to find a constant-clause CNF (including ORs) that satisfies any constant-fraction of bags of size at most 2, even when all bags are consistent with an OR function; this contrasts with prior approximation algorithms for halfspaces. (2) It is NP-hard to satisfy more than a (1/2 + δ)-fraction of such bags using constant-size DNF formulas. (3) For parity functions, it is NP-hard to satisfy more than (q / 2^{q-1} + δ)-fraction of the bags of size up to q using a parity function, with the best achievable approximation factor via a randomized algorithm being 1/2^{q-2}. These results show qualitative differences between LLP and PAC learning—the problems are tractable in PAC but intractable in LLP for these classes. The paper uses reductions from known Label Cover problems and applies probabilistic and algebraic techniques to establish tight inapproximability bounds. LLP is motivated by privacy, reduced labeling costs, and applications like medical image analysis. The work highlights fundamental barriers in learning Boolean functions when only label proportions are given, and provides benchmarks for algorithmic progress in LLP.\",\"docName\":\"2403.19401\",\"editTime\":\"2025-11-10T15:53:22.834\",\"fileName\":\"2403.19401.pdf\",\"folder\":\"C:\\\\Users\\\\XiaoXinPro 16 IAH\\\\Desktop\\\\LRIA_llm_eval\\\\eval\\\\Quantum_Bvt_20251110\\\\bvtfiles\",\"id\":1987790421895548928,\"isDeleted\":0,\"isTmpFile\":false,\"labelNameList\":[\"Technology\",\"Data Analysis\",\"Research Paper\"],\"lastModifyTime\":\"2025-09-17T09:45:00\",\"md5\":\"4ff6ba88616fcf7a71d1dca6c9adc14c\",\"path\":\"C:\\\\Users\\\\XiaoXinPro 16 IAH\\\\Desktop\\\\LRIA_llm_eval\\\\eval\\\\Quantum_Bvt_20251110\\\\bvtfiles\\\\2403.19401.pdf\",\"previewPath\":\"c:\\\\users\\\\xiaoxinpro 16 iah\\\\documents\\\\qtcore\\\\pdffile\\\\5a8b97086ee1c90294e728121903432b.pdf\",\"priority\":1,\"score\":0.0,\"status\":\"COMPLETED\",\"tokenNum\":14092,\"uriPath\":\"\"},{\"createTime\":\"2025-11-10T15:52:22.630\",\"description\":\"A One Day International (ODI) is a limited overs cricket match played between two international teams, typically with each side facing 50 overs. The format is used for high-profile tournaments like the Cricket World Cup and represents the highest standard of List A cricket. ODIs originated in 1971 when a Test match between Australia and England was abandoned due to rain, leading to a one-off game of 40 eight-ball overs, with Australia winning by 5 wickets. Initially, ODIs were played in white kits with a red ball. Significant changes occurred in the late 1970s, driven by Kerry Packer's World Series Cricket, which introduced coloured uniforms, nighttime matches under floodlights, white balls, and enhanced television coverage with multiple cameras and on-screen graphics. The first match with coloured uniforms was held in 1979. These innovations transformed the game, with players becoming full-time professionals, and coloured kits with white balls eventually becoming the ODI standard after 2001.\",\"docName\":\"3nql1cs15r8aviz39pth2bpsr4zvy1\",\"editTime\":\"2025-11-10T15:53:22.834\",\"fileName\":\"3nql1cs15r8aviz39pth2bpsr4zvy1.txt\",\"folder\":\"C:\\\\Users\\\\XiaoXinPro 16 IAH\\\\Desktop\\\\LRIA_llm_eval\\\\eval\\\\Quantum_Bvt_20251110\\\\bvtfiles\",\"id\":1987790422033960960,\"isDeleted\":0,\"isTmpFile\":false,\"labelNameList\":[\"Sport\",\"Informational\",\"History\"],\"lastModifyTime\":\"2025-09-17T09:45:00\",\"md5\":\"da0c0f7162b267cca0de596df4c40c56\",\"path\":\"C:\\\\Users\\\\XiaoXinPro 16 IAH\\\\Desktop\\\\LRIA_llm_eval\\\\eval\\\\Quantum_Bvt_20251110\\\\bvtfiles\\\\3nql1cs15r8aviz39pth2bpsr4zvy1.txt\",\"previewPath\":\"c:\\\\users\\\\xiaoxinpro 16 iah\\\\documents\\\\qtcore\\\\pdffile\\\\ba50ed51f6b7714754652a80ab62df56.pdf\",\"priority\":2,\"score\":0.0,\"status\":\"COMPLETED\",\"tokenNum\":402,\"uriPath\":\"\"},{\"createTime\":\"2025-11-10T15:52:22.650\",\"description\":\"The document discusses psychological identity, emphasizing self-image, self-esteem, and individuality. Weinreich defines identity as the totality of one’s self-construal, connecting past, present, and future self-perceptions, and extending this to aspects like ethnic identity. The complexity of describing identity for individuals and groups is highlighted, taking into account both unique characteristics and group memberships, which can vary with circumstance. Drawing on theorists like Kelly, Erikson, and Tajfel, Weinreich’s Identity Structure Analysis (ISA) is introduced as a structural approach to represent individual existential experience. ISA focuses on how relationships between self and others are organized within socio-cultural contexts and over time. It uses constructs from individual, group, and cultural discourses to map the individual's appraisal of self, others, and institutions. The methodology operationalizes these concepts so that identity can be assessed through the situated self’s interactions across different contexts.\",\"docName\":\"3u84xhcdicdb6vqtlfud7syhj444z2\",\"editTime\":\"2025-11-10T15:53:26.485\",\"fileName\":\"3u84xhcdicdb6vqtlfud7syhj444z2.txt\",\"folder\":\"C:\\\\Users\\\\XiaoXinPro 16 IAH\\\\Desktop\\\\LRIA_llm_eval\\\\eval\\\\Quantum_Bvt_20251110\\\\bvtfiles\",\"id\":1987790422117847040,\"isDeleted\":0,\"isTmpFile\":false,\"labelNameList\":[\"Research Paper\",\"Informational\",\"Science\"],\"lastModifyTime\":\"2025-09-17T09:45:00\",\"md5\":\"a80f0ad4af9fd250a462680c85e6fbf0\",\"path\":\"C:\\\\Users\\\\XiaoXinPro 16 IAH\\\\Desktop\\\\LRIA_llm_eval\\\\eval\\\\Quantum_Bvt_20251110\\\\bvtfiles\\\\3u84xhcdicdb6vqtlfud7syhj444z2.txt\",\"previewPath\":\"c:\\\\users\\\\xiaoxinpro 16 iah\\\\documents\\\\qtcore\\\\pdffile\\\\044561594142e2ef357c9fbbdfaf4af5.pdf\",\"priority\":3,\"score\":0.0,\"status\":\"COMPLETED\",\"tokenNum\":414,\"uriPath\":\"\"},{\"createTime\":\"2025-11-10T15:52:22.668\",\"description\":\"In Chapter XVIII, Archie is ordered to assist the Earl and a sizeable group of men-at-arms in searching for Bruce, whose location was revealed by a traitor. Archie, though reluctant, prepares the hound, Hector, for the hunt and considers drastic measures to protect Bruce if they get too close. The party, led by the traitorous peasant, travels five miles into the hills to a hut where Bruce had recently stayed. Upon arrival, Hector becomes energetic and excited, eagerly sniffing around before picking up Bruce's trail. The hound’s pursuit is intense, forcing Archie to struggle to keep pace while the Earl and his knights follow at a slight distance with their men-at-arms. Archie warns the Earl that the noise from the horses and the knights’ equipment agitates the hound further, making him harder to control. The tense search unfolds with Archie contemplating escape should the situation demand it, given the formidable presence of mounted pursuers.\",\"docName\":\"3z3zlgnnsiuha76yy56h6uu71bh3q1\",\"editTime\":\"2025-11-10T15:53:29.649\",\"fileName\":\"3z3zlgnnsiuha76yy56h6uu71bh3q1.txt\",\"folder\":\"C:\\\\Users\\\\XiaoXinPro 16 IAH\\\\Desktop\\\\LRIA_llm_eval\\\\eval\\\\Quantum_Bvt_20251110\\\\bvtfiles\",\"id\":1987790422193344512,\"isDeleted\":0,\"isTmpFile\":false,\"labelNameList\":[\"Informational\",\"History\",\"Report\"],\"lastModifyTime\":\"2025-09-17T09:45:00\",\"md5\":\"bb28043dd606535bdcaf1ee30346b0f9\",\"path\":\"C:\\\\Users\\\\XiaoXinPro 16 IAH\\\\Desktop\\\\LRIA_llm_eval\\\\eval\\\\Quantum_Bvt_20251110\\\\bvtfiles\\\\3z3zlgnnsiuha76yy56h6uu71bh3q1.txt\",\"previewPath\":\"c:\\\\users\\\\xiaoxinpro 16 iah\\\\documents\\\\qtcore\\\\pdffile\\\\c5016b94612aaf89641b2e6895248f70.pdf\",\"priority\":4,\"score\":0.0,\"status\":\"COMPLETED\",\"tokenNum\":326,\"uriPath\":\"\"},{\"createTime\":\"2025-11-10T15:52:22.688\",\"description\":\"\",\"docName\":\"\",\"editTime\":\"2025-11-10T15:53:25.902\",\"fileName\":\"AI_Face_Test_Set_Collection_Method_Design.pptx\",\"folder\":\"C:\\\\Users\\\\XiaoXinPro 16 IAH\\\\Desktop\\\\LRIA_llm_eval\\\\eval\\\\Quantum_Bvt_20251110\\\\bvtfiles\",\"id\":1987790422277230592,\"isDeleted\":0,\"isTmpFile\":false,\"labelNameList\":[],\"lastModifyTime\":\"2025-09-17T09:46:00\",\"md5\":\"b0f396e7936e0f6192cd880927e8e74b\",\"path\":\"C:\\\\Users\\\\XiaoXinPro 16 IAH\\\\Desktop\\\\LRIA_llm_eval\\\\eval\\\\Quantum_Bvt_20251110\\\\bvtfiles\\\\AI_Face_Test_Set_Collection_Method_Design.pptx\",\"priority\":5,\"score\":0.0,\"status\":\"RUNNING\",\"tokenNum\":0,\"uriPath\":\"\"},{\"createTime\":\"2025-11-10T15:52:22.707\",\"description\":\"\",\"docName\":\"\",\"editTime\":\"2025-11-10T15:52:22.707\",\"errorDescription\":\"\",\"fileName\":\"A_brief_introduction_of_LP_liutao21_20220615.pptx\",\"folder\":\"C:\\\\Users\\\\XiaoXinPro 16 IAH\\\\Desktop\\\\LRIA_llm_eval\\\\eval\\\\Quantum_Bvt_20251110\\\\bvtfiles\",\"id\":1987790422356922368,\"isDeleted\":0,\"isTmpFile\":false,\"labelNameList\":[],\"lastModifyTime\":\"2025-09-17T09:46:00\",\"md5\":\"0dbb2532524843af54fb3388b7bf3381\",\"path\":\"C:\\\\Users\\\\XiaoXinPro 16 IAH\\\\Desktop\\\\LRIA_llm_eval\\\\eval\\\\Quantum_Bvt_20251110\\\\bvtfiles\\\\A_brief_introduction_of_LP_liutao21_20220615.pptx\",\"priority\":6,\"score\":0.0,\"status\":\"ADDED\",\"tokenNum\":0,\"uriPath\":\"\"},{\"createTime\":\"2025-11-10T15:52:22.764\",\"description\":\"\",\"docName\":\"\",\"editTime\":\"2025-11-10T15:52:22.764\",\"errorDescription\":\"\",\"fileName\":\"Belfast-English.docx\",\"folder\":\"C:\\\\Users\\\\XiaoXinPro 16 IAH\\\\Desktop\\\\LRIA_llm_eval\\\\eval\\\\Quantum_Bvt_20251110\\\\bvtfiles\",\"id\":1987790422595997696,\"isDeleted\":0,\"isTmpFile\":false,\"labelNameList\":[],\"lastModifyTime\":\"2025-09-17T09:45:00\",\"md5\":\"3193e699ffa92db332ae31a9fb1d3cb4\",\"path\":\"C:\\\\Users\\\\XiaoXinPro 16 IAH\\\\Desktop\\\\LRIA_llm_eval\\\\eval\\\\Quantum_Bvt_20251110\\\\bvtfiles\\\\Belfast-English.docx\",\"priority\":7,\"score\":0.0,\"status\":\"ADDED\",\"tokenNum\":0,\"uriPath\":\"\"},{\"createTime\":\"2025-11-10T15:52:22.784\",\"description\":\"\",\"docName\":\"\",\"editTime\":\"2025-11-10T15:52:22.784\",\"errorDescription\":\"\",\"fileName\":\"British-Food-Culture.doc\",\"folder\":\"C:\\\\Users\\\\XiaoXinPro 16 IAH\\\\Desktop\\\\LRIA_llm_eval\\\\eval\\\\Quantum_Bvt_20251110\\\\bvtfiles\",\"id\":1987790422679883776,\"isDeleted\":0,\"isTmpFile\":false,\"labelNameList\":[],\"lastModifyTime\":\"2025-09-17T09:45:00\",\"md5\":\"435798f1c3377c7f5b71e18d733ca579\",\"path\":\"C:\\\\Users\\\\XiaoXinPro 16 IAH\\\\Desktop\\\\LRIA_llm_eval\\\\eval\\\\Quantum_Bvt_20251110\\\\bvtfiles\\\\British-Food-Culture.doc\",\"priority\":8,\"score\":0.0,\"status\":\"ADDED\",\"tokenNum\":0,\"uriPath\":\"\"},{\"createTime\":\"2025-11-10T15:52:22.803\",\"description\":\"\",\"docName\":\"\",\"editTime\":\"2025-11-10T15:52:22.803\",\"errorDescription\":\"\",\"fileName\":\"Netflix Becomes a Broadway Producer With Peter Morgan’s Patriots.txt\",\"folder\":\"C:\\\\Users\\\\XiaoXinPro 16 IAH\\\\Desktop\\\\LRIA_llm_eval\\\\eval\\\\Quantum_Bvt_20251110\\\\bvtfiles\",\"id\":1987790422759575552,\"isDeleted\":0,\"isTmpFile\":false,\"labelNameList\":[],\"lastModifyTime\":\"2025-09-17T09:46:00\",\"md5\":\"ab84c46eaa62a18048fb0241446da4ca\",\"path\":\"C:\\\\Users\\\\XiaoXinPro 16 IAH\\\\Desktop\\\\LRIA_llm_eval\\\\eval\\\\Quantum_Bvt_20251110\\\\bvtfiles\\\\Netflix Becomes a Broadway Producer With Peter Morgan’s Patriots.txt\",\"priority\":9,\"score\":0.0,\"status\":\"ADDED\",\"tokenNum\":0,\"uriPath\":\"\"}]"}}
2025-11-10 15:53:38,074 - INFO - 文档数量: 9
2025-11-10 15:53:38,074 - INFO - 第1个文档状态: COMPLETED
2025-11-10 15:53:38,074 - INFO - 第2个文档状态: COMPLETED
2025-11-10 15:53:38,075 - INFO - 第3个文档状态: COMPLETED
2025-11-10 15:53:38,075 - INFO - 第4个文档状态: COMPLETED
2025-11-10 15:53:38,075 - INFO - 第5个文档状态: RUNNING
2025-11-10 15:53:38,075 - INFO - 第6个文档状态: ADDED
2025-11-10 15:53:38,075 - INFO - 第7个文档状态: ADDED
2025-11-10 15:53:38,076 - INFO - 第8个文档状态: ADDED
2025-11-10 15:53:38,076 - INFO - 第9个文档状态: ADDED
2025-11-10 15:53:38,076 - INFO - 仍有文档在处理中，第36次尝试...
2025-11-10 15:53:40,077 - DEBUG - Starting new HTTP connection (1): 127.0.0.1:35253
2025-11-10 15:53:40,081 - DEBUG - http://127.0.0.1:35253 "POST /upload HTTP/11" 200 20
2025-11-10 15:53:40,082 - INFO - 成功获取文档列表，upload_id: -8005787208861373177
2025-11-10 15:53:40,082 - INFO - 开始时间: 2025-11-10 15:53:40.082
2025-11-10 15:53:40,083 - DEBUG - Starting new HTTP connection (1): 127.0.0.1:35253
2025-11-10 15:53:40,099 - DEBUG - http://127.0.0.1:35253 "GET /query?fileData=-8005787208861373177 HTTP/11" 200 None
2025-11-10 15:53:40,217 - INFO - 响应时间: 0.14秒
2025-11-10 15:53:40,217 - INFO - 第37次尝试，获取到的result_text: {"jobId":39,"status":"complete","data":{"text":"[{\"createTime\":\"2025-11-10T15:52:22.597\",\"description\":\"This paper investigates the computational hardness of learning Boolean functions from label proportions (LLP), an increasingly relevant machine learning paradigm where only aggregate label information over subsets (bags) of instances is available, generalizing traditional PAC learning. The authors prove several hardness results for LLP: (1) It is NP-hard to find a constant-clause CNF (including ORs) that satisfies any constant-fraction of bags of size at most 2, even when all bags are consistent with an OR function; this contrasts with prior approximation algorithms for halfspaces. (2) It is NP-hard to satisfy more than a (1/2 + δ)-fraction of such bags using constant-size DNF formulas. (3) For parity functions, it is NP-hard to satisfy more than (q / 2^{q-1} + δ)-fraction of the bags of size up to q using a parity function, with the best achievable approximation factor via a randomized algorithm being 1/2^{q-2}. These results show qualitative differences between LLP and PAC learning—the problems are tractable in PAC but intractable in LLP for these classes. The paper uses reductions from known Label Cover problems and applies probabilistic and algebraic techniques to establish tight inapproximability bounds. LLP is motivated by privacy, reduced labeling costs, and applications like medical image analysis. The work highlights fundamental barriers in learning Boolean functions when only label proportions are given, and provides benchmarks for algorithmic progress in LLP.\",\"docName\":\"2403.19401\",\"editTime\":\"2025-11-10T15:53:22.834\",\"fileName\":\"2403.19401.pdf\",\"folder\":\"C:\\\\Users\\\\XiaoXinPro 16 IAH\\\\Desktop\\\\LRIA_llm_eval\\\\eval\\\\Quantum_Bvt_20251110\\\\bvtfiles\",\"id\":1987790421895548928,\"isDeleted\":0,\"isTmpFile\":false,\"labelNameList\":[\"Technology\",\"Data Analysis\",\"Research Paper\"],\"lastModifyTime\":\"2025-09-17T09:45:00\",\"md5\":\"4ff6ba88616fcf7a71d1dca6c9adc14c\",\"path\":\"C:\\\\Users\\\\XiaoXinPro 16 IAH\\\\Desktop\\\\LRIA_llm_eval\\\\eval\\\\Quantum_Bvt_20251110\\\\bvtfiles\\\\2403.19401.pdf\",\"previewPath\":\"c:\\\\users\\\\xiaoxinpro 16 iah\\\\documents\\\\qtcore\\\\pdffile\\\\5a8b97086ee1c90294e728121903432b.pdf\",\"priority\":1,\"score\":0.0,\"status\":\"COMPLETED\",\"tokenNum\":14092,\"uriPath\":\"\"},{\"createTime\":\"2025-11-10T15:52:22.630\",\"description\":\"A One Day International (ODI) is a limited overs cricket match played between two international teams, typically with each side facing 50 overs. The format is used for high-profile tournaments like the Cricket World Cup and represents the highest standard of List A cricket. ODIs originated in 1971 when a Test match between Australia and England was abandoned due to rain, leading to a one-off game of 40 eight-ball overs, with Australia winning by 5 wickets. Initially, ODIs were played in white kits with a red ball. Significant changes occurred in the late 1970s, driven by Kerry Packer's World Series Cricket, which introduced coloured uniforms, nighttime matches under floodlights, white balls, and enhanced television coverage with multiple cameras and on-screen graphics. The first match with coloured uniforms was held in 1979. These innovations transformed the game, with players becoming full-time professionals, and coloured kits with white balls eventually becoming the ODI standard after 2001.\",\"docName\":\"3nql1cs15r8aviz39pth2bpsr4zvy1\",\"editTime\":\"2025-11-10T15:53:22.834\",\"fileName\":\"3nql1cs15r8aviz39pth2bpsr4zvy1.txt\",\"folder\":\"C:\\\\Users\\\\XiaoXinPro 16 IAH\\\\Desktop\\\\LRIA_llm_eval\\\\eval\\\\Quantum_Bvt_20251110\\\\bvtfiles\",\"id\":1987790422033960960,\"isDeleted\":0,\"isTmpFile\":false,\"labelNameList\":[\"Sport\",\"Informational\",\"History\"],\"lastModifyTime\":\"2025-09-17T09:45:00\",\"md5\":\"da0c0f7162b267cca0de596df4c40c56\",\"path\":\"C:\\\\Users\\\\XiaoXinPro 16 IAH\\\\Desktop\\\\LRIA_llm_eval\\\\eval\\\\Quantum_Bvt_20251110\\\\bvtfiles\\\\3nql1cs15r8aviz39pth2bpsr4zvy1.txt\",\"previewPath\":\"c:\\\\users\\\\xiaoxinpro 16 iah\\\\documents\\\\qtcore\\\\pdffile\\\\ba50ed51f6b7714754652a80ab62df56.pdf\",\"priority\":2,\"score\":0.0,\"status\":\"COMPLETED\",\"tokenNum\":402,\"uriPath\":\"\"},{\"createTime\":\"2025-11-10T15:52:22.650\",\"description\":\"The document discusses psychological identity, emphasizing self-image, self-esteem, and individuality. Weinreich defines identity as the totality of one’s self-construal, connecting past, present, and future self-perceptions, and extending this to aspects like ethnic identity. The complexity of describing identity for individuals and groups is highlighted, taking into account both unique characteristics and group memberships, which can vary with circumstance. Drawing on theorists like Kelly, Erikson, and Tajfel, Weinreich’s Identity Structure Analysis (ISA) is introduced as a structural approach to represent individual existential experience. ISA focuses on how relationships between self and others are organized within socio-cultural contexts and over time. It uses constructs from individual, group, and cultural discourses to map the individual's appraisal of self, others, and institutions. The methodology operationalizes these concepts so that identity can be assessed through the situated self’s interactions across different contexts.\",\"docName\":\"3u84xhcdicdb6vqtlfud7syhj444z2\",\"editTime\":\"2025-11-10T15:53:26.485\",\"fileName\":\"3u84xhcdicdb6vqtlfud7syhj444z2.txt\",\"folder\":\"C:\\\\Users\\\\XiaoXinPro 16 IAH\\\\Desktop\\\\LRIA_llm_eval\\\\eval\\\\Quantum_Bvt_20251110\\\\bvtfiles\",\"id\":1987790422117847040,\"isDeleted\":0,\"isTmpFile\":false,\"labelNameList\":[\"Research Paper\",\"Informational\",\"Science\"],\"lastModifyTime\":\"2025-09-17T09:45:00\",\"md5\":\"a80f0ad4af9fd250a462680c85e6fbf0\",\"path\":\"C:\\\\Users\\\\XiaoXinPro 16 IAH\\\\Desktop\\\\LRIA_llm_eval\\\\eval\\\\Quantum_Bvt_20251110\\\\bvtfiles\\\\3u84xhcdicdb6vqtlfud7syhj444z2.txt\",\"previewPath\":\"c:\\\\users\\\\xiaoxinpro 16 iah\\\\documents\\\\qtcore\\\\pdffile\\\\044561594142e2ef357c9fbbdfaf4af5.pdf\",\"priority\":3,\"score\":0.0,\"status\":\"COMPLETED\",\"tokenNum\":414,\"uriPath\":\"\"},{\"createTime\":\"2025-11-10T15:52:22.668\",\"description\":\"In Chapter XVIII, Archie is ordered to assist the Earl and a sizeable group of men-at-arms in searching for Bruce, whose location was revealed by a traitor. Archie, though reluctant, prepares the hound, Hector, for the hunt and considers drastic measures to protect Bruce if they get too close. The party, led by the traitorous peasant, travels five miles into the hills to a hut where Bruce had recently stayed. Upon arrival, Hector becomes energetic and excited, eagerly sniffing around before picking up Bruce's trail. The hound’s pursuit is intense, forcing Archie to struggle to keep pace while the Earl and his knights follow at a slight distance with their men-at-arms. Archie warns the Earl that the noise from the horses and the knights’ equipment agitates the hound further, making him harder to control. The tense search unfolds with Archie contemplating escape should the situation demand it, given the formidable presence of mounted pursuers.\",\"docName\":\"3z3zlgnnsiuha76yy56h6uu71bh3q1\",\"editTime\":\"2025-11-10T15:53:29.649\",\"fileName\":\"3z3zlgnnsiuha76yy56h6uu71bh3q1.txt\",\"folder\":\"C:\\\\Users\\\\XiaoXinPro 16 IAH\\\\Desktop\\\\LRIA_llm_eval\\\\eval\\\\Quantum_Bvt_20251110\\\\bvtfiles\",\"id\":1987790422193344512,\"isDeleted\":0,\"isTmpFile\":false,\"labelNameList\":[\"Informational\",\"History\",\"Report\"],\"lastModifyTime\":\"2025-09-17T09:45:00\",\"md5\":\"bb28043dd606535bdcaf1ee30346b0f9\",\"path\":\"C:\\\\Users\\\\XiaoXinPro 16 IAH\\\\Desktop\\\\LRIA_llm_eval\\\\eval\\\\Quantum_Bvt_20251110\\\\bvtfiles\\\\3z3zlgnnsiuha76yy56h6uu71bh3q1.txt\",\"previewPath\":\"c:\\\\users\\\\xiaoxinpro 16 iah\\\\documents\\\\qtcore\\\\pdffile\\\\c5016b94612aaf89641b2e6895248f70.pdf\",\"priority\":4,\"score\":0.0,\"status\":\"COMPLETED\",\"tokenNum\":326,\"uriPath\":\"\"},{\"createTime\":\"2025-11-10T15:52:22.688\",\"description\":\"\",\"docName\":\"\",\"editTime\":\"2025-11-10T15:53:25.902\",\"fileName\":\"AI_Face_Test_Set_Collection_Method_Design.pptx\",\"folder\":\"C:\\\\Users\\\\XiaoXinPro 16 IAH\\\\Desktop\\\\LRIA_llm_eval\\\\eval\\\\Quantum_Bvt_20251110\\\\bvtfiles\",\"id\":1987790422277230592,\"isDeleted\":0,\"isTmpFile\":false,\"labelNameList\":[],\"lastModifyTime\":\"2025-09-17T09:46:00\",\"md5\":\"b0f396e7936e0f6192cd880927e8e74b\",\"path\":\"C:\\\\Users\\\\XiaoXinPro 16 IAH\\\\Desktop\\\\LRIA_llm_eval\\\\eval\\\\Quantum_Bvt_20251110\\\\bvtfiles\\\\AI_Face_Test_Set_Collection_Method_Design.pptx\",\"priority\":5,\"score\":0.0,\"status\":\"RUNNING\",\"tokenNum\":0,\"uriPath\":\"\"},{\"createTime\":\"2025-11-10T15:52:22.707\",\"description\":\"\",\"docName\":\"\",\"editTime\":\"2025-11-10T15:52:22.707\",\"errorDescription\":\"\",\"fileName\":\"A_brief_introduction_of_LP_liutao21_20220615.pptx\",\"folder\":\"C:\\\\Users\\\\XiaoXinPro 16 IAH\\\\Desktop\\\\LRIA_llm_eval\\\\eval\\\\Quantum_Bvt_20251110\\\\bvtfiles\",\"id\":1987790422356922368,\"isDeleted\":0,\"isTmpFile\":false,\"labelNameList\":[],\"lastModifyTime\":\"2025-09-17T09:46:00\",\"md5\":\"0dbb2532524843af54fb3388b7bf3381\",\"path\":\"C:\\\\Users\\\\XiaoXinPro 16 IAH\\\\Desktop\\\\LRIA_llm_eval\\\\eval\\\\Quantum_Bvt_20251110\\\\bvtfiles\\\\A_brief_introduction_of_LP_liutao21_20220615.pptx\",\"priority\":6,\"score\":0.0,\"status\":\"ADDED\",\"tokenNum\":0,\"uriPath\":\"\"},{\"createTime\":\"2025-11-10T15:52:22.764\",\"description\":\"\",\"docName\":\"\",\"editTime\":\"2025-11-10T15:52:22.764\",\"errorDescription\":\"\",\"fileName\":\"Belfast-English.docx\",\"folder\":\"C:\\\\Users\\\\XiaoXinPro 16 IAH\\\\Desktop\\\\LRIA_llm_eval\\\\eval\\\\Quantum_Bvt_20251110\\\\bvtfiles\",\"id\":1987790422595997696,\"isDeleted\":0,\"isTmpFile\":false,\"labelNameList\":[],\"lastModifyTime\":\"2025-09-17T09:45:00\",\"md5\":\"3193e699ffa92db332ae31a9fb1d3cb4\",\"path\":\"C:\\\\Users\\\\XiaoXinPro 16 IAH\\\\Desktop\\\\LRIA_llm_eval\\\\eval\\\\Quantum_Bvt_20251110\\\\bvtfiles\\\\Belfast-English.docx\",\"priority\":7,\"score\":0.0,\"status\":\"ADDED\",\"tokenNum\":0,\"uriPath\":\"\"},{\"createTime\":\"2025-11-10T15:52:22.784\",\"description\":\"\",\"docName\":\"\",\"editTime\":\"2025-11-10T15:52:22.784\",\"errorDescription\":\"\",\"fileName\":\"British-Food-Culture.doc\",\"folder\":\"C:\\\\Users\\\\XiaoXinPro 16 IAH\\\\Desktop\\\\LRIA_llm_eval\\\\eval\\\\Quantum_Bvt_20251110\\\\bvtfiles\",\"id\":1987790422679883776,\"isDeleted\":0,\"isTmpFile\":false,\"labelNameList\":[],\"lastModifyTime\":\"2025-09-17T09:45:00\",\"md5\":\"435798f1c3377c7f5b71e18d733ca579\",\"path\":\"C:\\\\Users\\\\XiaoXinPro 16 IAH\\\\Desktop\\\\LRIA_llm_eval\\\\eval\\\\Quantum_Bvt_20251110\\\\bvtfiles\\\\British-Food-Culture.doc\",\"priority\":8,\"score\":0.0,\"status\":\"ADDED\",\"tokenNum\":0,\"uriPath\":\"\"},{\"createTime\":\"2025-11-10T15:52:22.803\",\"description\":\"\",\"docName\":\"\",\"editTime\":\"2025-11-10T15:52:22.803\",\"errorDescription\":\"\",\"fileName\":\"Netflix Becomes a Broadway Producer With Peter Morgan’s Patriots.txt\",\"folder\":\"C:\\\\Users\\\\XiaoXinPro 16 IAH\\\\Desktop\\\\LRIA_llm_eval\\\\eval\\\\Quantum_Bvt_20251110\\\\bvtfiles\",\"id\":1987790422759575552,\"isDeleted\":0,\"isTmpFile\":false,\"labelNameList\":[],\"lastModifyTime\":\"2025-09-17T09:46:00\",\"md5\":\"ab84c46eaa62a18048fb0241446da4ca\",\"path\":\"C:\\\\Users\\\\XiaoXinPro 16 IAH\\\\Desktop\\\\LRIA_llm_eval\\\\eval\\\\Quantum_Bvt_20251110\\\\bvtfiles\\\\Netflix Becomes a Broadway Producer With Peter Morgan’s Patriots.txt\",\"priority\":9,\"score\":0.0,\"status\":\"ADDED\",\"tokenNum\":0,\"uriPath\":\"\"}]"}}
2025-11-10 15:53:40,218 - INFO - 文档数量: 9
2025-11-10 15:53:40,218 - INFO - 第1个文档状态: COMPLETED
2025-11-10 15:53:40,218 - INFO - 第2个文档状态: COMPLETED
2025-11-10 15:53:40,219 - INFO - 第3个文档状态: COMPLETED
2025-11-10 15:53:40,219 - INFO - 第4个文档状态: COMPLETED
2025-11-10 15:53:40,219 - INFO - 第5个文档状态: RUNNING
2025-11-10 15:53:40,219 - INFO - 第6个文档状态: ADDED
2025-11-10 15:53:40,219 - INFO - 第7个文档状态: ADDED
2025-11-10 15:53:40,220 - INFO - 第8个文档状态: ADDED
2025-11-10 15:53:40,220 - INFO - 第9个文档状态: ADDED
2025-11-10 15:53:40,220 - INFO - 仍有文档在处理中，第37次尝试...
2025-11-10 15:53:42,222 - DEBUG - Starting new HTTP connection (1): 127.0.0.1:35253
2025-11-10 15:53:42,226 - DEBUG - http://127.0.0.1:35253 "POST /upload HTTP/11" 200 20
2025-11-10 15:53:42,227 - INFO - 成功获取文档列表，upload_id: -6307093752928656428
2025-11-10 15:53:42,227 - INFO - 开始时间: 2025-11-10 15:53:42.227
2025-11-10 15:53:42,228 - DEBUG - Starting new HTTP connection (1): 127.0.0.1:35253
2025-11-10 15:53:42,246 - DEBUG - http://127.0.0.1:35253 "GET /query?fileData=-6307093752928656428 HTTP/11" 200 None
2025-11-10 15:53:42,378 - INFO - 响应时间: 0.15秒
2025-11-10 15:53:42,378 - INFO - 第38次尝试，获取到的result_text: {"jobId":40,"status":"complete","data":{"text":"[{\"createTime\":\"2025-11-10T15:52:22.597\",\"description\":\"This paper investigates the computational hardness of learning Boolean functions from label proportions (LLP), an increasingly relevant machine learning paradigm where only aggregate label information over subsets (bags) of instances is available, generalizing traditional PAC learning. The authors prove several hardness results for LLP: (1) It is NP-hard to find a constant-clause CNF (including ORs) that satisfies any constant-fraction of bags of size at most 2, even when all bags are consistent with an OR function; this contrasts with prior approximation algorithms for halfspaces. (2) It is NP-hard to satisfy more than a (1/2 + δ)-fraction of such bags using constant-size DNF formulas. (3) For parity functions, it is NP-hard to satisfy more than (q / 2^{q-1} + δ)-fraction of the bags of size up to q using a parity function, with the best achievable approximation factor via a randomized algorithm being 1/2^{q-2}. These results show qualitative differences between LLP and PAC learning—the problems are tractable in PAC but intractable in LLP for these classes. The paper uses reductions from known Label Cover problems and applies probabilistic and algebraic techniques to establish tight inapproximability bounds. LLP is motivated by privacy, reduced labeling costs, and applications like medical image analysis. The work highlights fundamental barriers in learning Boolean functions when only label proportions are given, and provides benchmarks for algorithmic progress in LLP.\",\"docName\":\"2403.19401\",\"editTime\":\"2025-11-10T15:53:22.834\",\"fileName\":\"2403.19401.pdf\",\"folder\":\"C:\\\\Users\\\\XiaoXinPro 16 IAH\\\\Desktop\\\\LRIA_llm_eval\\\\eval\\\\Quantum_Bvt_20251110\\\\bvtfiles\",\"id\":1987790421895548928,\"isDeleted\":0,\"isTmpFile\":false,\"labelNameList\":[\"Technology\",\"Data Analysis\",\"Research Paper\"],\"lastModifyTime\":\"2025-09-17T09:45:00\",\"md5\":\"4ff6ba88616fcf7a71d1dca6c9adc14c\",\"path\":\"C:\\\\Users\\\\XiaoXinPro 16 IAH\\\\Desktop\\\\LRIA_llm_eval\\\\eval\\\\Quantum_Bvt_20251110\\\\bvtfiles\\\\2403.19401.pdf\",\"previewPath\":\"c:\\\\users\\\\xiaoxinpro 16 iah\\\\documents\\\\qtcore\\\\pdffile\\\\5a8b97086ee1c90294e728121903432b.pdf\",\"priority\":1,\"score\":0.0,\"status\":\"COMPLETED\",\"tokenNum\":14092,\"uriPath\":\"\"},{\"createTime\":\"2025-11-10T15:52:22.630\",\"description\":\"A One Day International (ODI) is a limited overs cricket match played between two international teams, typically with each side facing 50 overs. The format is used for high-profile tournaments like the Cricket World Cup and represents the highest standard of List A cricket. ODIs originated in 1971 when a Test match between Australia and England was abandoned due to rain, leading to a one-off game of 40 eight-ball overs, with Australia winning by 5 wickets. Initially, ODIs were played in white kits with a red ball. Significant changes occurred in the late 1970s, driven by Kerry Packer's World Series Cricket, which introduced coloured uniforms, nighttime matches under floodlights, white balls, and enhanced television coverage with multiple cameras and on-screen graphics. The first match with coloured uniforms was held in 1979. These innovations transformed the game, with players becoming full-time professionals, and coloured kits with white balls eventually becoming the ODI standard after 2001.\",\"docName\":\"3nql1cs15r8aviz39pth2bpsr4zvy1\",\"editTime\":\"2025-11-10T15:53:22.834\",\"fileName\":\"3nql1cs15r8aviz39pth2bpsr4zvy1.txt\",\"folder\":\"C:\\\\Users\\\\XiaoXinPro 16 IAH\\\\Desktop\\\\LRIA_llm_eval\\\\eval\\\\Quantum_Bvt_20251110\\\\bvtfiles\",\"id\":1987790422033960960,\"isDeleted\":0,\"isTmpFile\":false,\"labelNameList\":[\"Sport\",\"Informational\",\"History\"],\"lastModifyTime\":\"2025-09-17T09:45:00\",\"md5\":\"da0c0f7162b267cca0de596df4c40c56\",\"path\":\"C:\\\\Users\\\\XiaoXinPro 16 IAH\\\\Desktop\\\\LRIA_llm_eval\\\\eval\\\\Quantum_Bvt_20251110\\\\bvtfiles\\\\3nql1cs15r8aviz39pth2bpsr4zvy1.txt\",\"previewPath\":\"c:\\\\users\\\\xiaoxinpro 16 iah\\\\documents\\\\qtcore\\\\pdffile\\\\ba50ed51f6b7714754652a80ab62df56.pdf\",\"priority\":2,\"score\":0.0,\"status\":\"COMPLETED\",\"tokenNum\":402,\"uriPath\":\"\"},{\"createTime\":\"2025-11-10T15:52:22.650\",\"description\":\"The document discusses psychological identity, emphasizing self-image, self-esteem, and individuality. Weinreich defines identity as the totality of one’s self-construal, connecting past, present, and future self-perceptions, and extending this to aspects like ethnic identity. The complexity of describing identity for individuals and groups is highlighted, taking into account both unique characteristics and group memberships, which can vary with circumstance. Drawing on theorists like Kelly, Erikson, and Tajfel, Weinreich’s Identity Structure Analysis (ISA) is introduced as a structural approach to represent individual existential experience. ISA focuses on how relationships between self and others are organized within socio-cultural contexts and over time. It uses constructs from individual, group, and cultural discourses to map the individual's appraisal of self, others, and institutions. The methodology operationalizes these concepts so that identity can be assessed through the situated self’s interactions across different contexts.\",\"docName\":\"3u84xhcdicdb6vqtlfud7syhj444z2\",\"editTime\":\"2025-11-10T15:53:26.485\",\"fileName\":\"3u84xhcdicdb6vqtlfud7syhj444z2.txt\",\"folder\":\"C:\\\\Users\\\\XiaoXinPro 16 IAH\\\\Desktop\\\\LRIA_llm_eval\\\\eval\\\\Quantum_Bvt_20251110\\\\bvtfiles\",\"id\":1987790422117847040,\"isDeleted\":0,\"isTmpFile\":false,\"labelNameList\":[\"Research Paper\",\"Informational\",\"Science\"],\"lastModifyTime\":\"2025-09-17T09:45:00\",\"md5\":\"a80f0ad4af9fd250a462680c85e6fbf0\",\"path\":\"C:\\\\Users\\\\XiaoXinPro 16 IAH\\\\Desktop\\\\LRIA_llm_eval\\\\eval\\\\Quantum_Bvt_20251110\\\\bvtfiles\\\\3u84xhcdicdb6vqtlfud7syhj444z2.txt\",\"previewPath\":\"c:\\\\users\\\\xiaoxinpro 16 iah\\\\documents\\\\qtcore\\\\pdffile\\\\044561594142e2ef357c9fbbdfaf4af5.pdf\",\"priority\":3,\"score\":0.0,\"status\":\"COMPLETED\",\"tokenNum\":414,\"uriPath\":\"\"},{\"createTime\":\"2025-11-10T15:52:22.668\",\"description\":\"In Chapter XVIII, Archie is ordered to assist the Earl and a sizeable group of men-at-arms in searching for Bruce, whose location was revealed by a traitor. Archie, though reluctant, prepares the hound, Hector, for the hunt and considers drastic measures to protect Bruce if they get too close. The party, led by the traitorous peasant, travels five miles into the hills to a hut where Bruce had recently stayed. Upon arrival, Hector becomes energetic and excited, eagerly sniffing around before picking up Bruce's trail. The hound’s pursuit is intense, forcing Archie to struggle to keep pace while the Earl and his knights follow at a slight distance with their men-at-arms. Archie warns the Earl that the noise from the horses and the knights’ equipment agitates the hound further, making him harder to control. The tense search unfolds with Archie contemplating escape should the situation demand it, given the formidable presence of mounted pursuers.\",\"docName\":\"3z3zlgnnsiuha76yy56h6uu71bh3q1\",\"editTime\":\"2025-11-10T15:53:29.649\",\"fileName\":\"3z3zlgnnsiuha76yy56h6uu71bh3q1.txt\",\"folder\":\"C:\\\\Users\\\\XiaoXinPro 16 IAH\\\\Desktop\\\\LRIA_llm_eval\\\\eval\\\\Quantum_Bvt_20251110\\\\bvtfiles\",\"id\":1987790422193344512,\"isDeleted\":0,\"isTmpFile\":false,\"labelNameList\":[\"Informational\",\"History\",\"Report\"],\"lastModifyTime\":\"2025-09-17T09:45:00\",\"md5\":\"bb28043dd606535bdcaf1ee30346b0f9\",\"path\":\"C:\\\\Users\\\\XiaoXinPro 16 IAH\\\\Desktop\\\\LRIA_llm_eval\\\\eval\\\\Quantum_Bvt_20251110\\\\bvtfiles\\\\3z3zlgnnsiuha76yy56h6uu71bh3q1.txt\",\"previewPath\":\"c:\\\\users\\\\xiaoxinpro 16 iah\\\\documents\\\\qtcore\\\\pdffile\\\\c5016b94612aaf89641b2e6895248f70.pdf\",\"priority\":4,\"score\":0.0,\"status\":\"COMPLETED\",\"tokenNum\":326,\"uriPath\":\"\"},{\"createTime\":\"2025-11-10T15:52:22.688\",\"description\":\"\",\"docName\":\"AI_Face_Test_Set_Collection_Method_Design\",\"editTime\":\"2025-11-10T15:53:40.362\",\"fileName\":\"AI_Face_Test_Set_Collection_Method_Design.pptx\",\"folder\":\"C:\\\\Users\\\\XiaoXinPro 16 IAH\\\\Desktop\\\\LRIA_llm_eval\\\\eval\\\\Quantum_Bvt_20251110\\\\bvtfiles\",\"id\":1987790422277230592,\"isDeleted\":0,\"isTmpFile\":false,\"labelNameList\":[],\"lastModifyTime\":\"2025-09-17T09:46:00\",\"md5\":\"b0f396e7936e0f6192cd880927e8e74b\",\"path\":\"C:\\\\Users\\\\XiaoXinPro 16 IAH\\\\Desktop\\\\LRIA_llm_eval\\\\eval\\\\Quantum_Bvt_20251110\\\\bvtfiles\\\\AI_Face_Test_Set_Collection_Method_Design.pptx\",\"previewPath\":\"c:\\\\users\\\\xiaoxinpro 16 iah\\\\documents\\\\qtcore\\\\pdffile\\\\c85631aabec673dabeda2b80233b5341.pdf\",\"priority\":5,\"score\":0.0,\"status\":\"COMPLETED\",\"tokenNum\":432,\"uriPath\":\"\"},{\"createTime\":\"2025-11-10T15:52:22.707\",\"description\":\"\",\"docName\":\"\",\"editTime\":\"2025-11-10T15:53:40.386\",\"fileName\":\"A_brief_introduction_of_LP_liutao21_20220615.pptx\",\"folder\":\"C:\\\\Users\\\\XiaoXinPro 16 IAH\\\\Desktop\\\\LRIA_llm_eval\\\\eval\\\\Quantum_Bvt_20251110\\\\bvtfiles\",\"id\":1987790422356922368,\"isDeleted\":0,\"isTmpFile\":false,\"labelNameList\":[],\"lastModifyTime\":\"2025-09-17T09:46:00\",\"md5\":\"0dbb2532524843af54fb3388b7bf3381\",\"path\":\"C:\\\\Users\\\\XiaoXinPro 16 IAH\\\\Desktop\\\\LRIA_llm_eval\\\\eval\\\\Quantum_Bvt_20251110\\\\bvtfiles\\\\A_brief_introduction_of_LP_liutao21_20220615.pptx\",\"priority\":6,\"score\":0.0,\"status\":\"RUNNING\",\"tokenNum\":0,\"uriPath\":\"\"},{\"createTime\":\"2025-11-10T15:52:22.764\",\"description\":\"\",\"docName\":\"\",\"editTime\":\"2025-11-10T15:52:22.764\",\"errorDescription\":\"\",\"fileName\":\"Belfast-English.docx\",\"folder\":\"C:\\\\Users\\\\XiaoXinPro 16 IAH\\\\Desktop\\\\LRIA_llm_eval\\\\eval\\\\Quantum_Bvt_20251110\\\\bvtfiles\",\"id\":1987790422595997696,\"isDeleted\":0,\"isTmpFile\":false,\"labelNameList\":[],\"lastModifyTime\":\"2025-09-17T09:45:00\",\"md5\":\"3193e699ffa92db332ae31a9fb1d3cb4\",\"path\":\"C:\\\\Users\\\\XiaoXinPro 16 IAH\\\\Desktop\\\\LRIA_llm_eval\\\\eval\\\\Quantum_Bvt_20251110\\\\bvtfiles\\\\Belfast-English.docx\",\"priority\":7,\"score\":0.0,\"status\":\"ADDED\",\"tokenNum\":0,\"uriPath\":\"\"},{\"createTime\":\"2025-11-10T15:52:22.784\",\"description\":\"\",\"docName\":\"\",\"editTime\":\"2025-11-10T15:52:22.784\",\"errorDescription\":\"\",\"fileName\":\"British-Food-Culture.doc\",\"folder\":\"C:\\\\Users\\\\XiaoXinPro 16 IAH\\\\Desktop\\\\LRIA_llm_eval\\\\eval\\\\Quantum_Bvt_20251110\\\\bvtfiles\",\"id\":1987790422679883776,\"isDeleted\":0,\"isTmpFile\":false,\"labelNameList\":[],\"lastModifyTime\":\"2025-09-17T09:45:00\",\"md5\":\"435798f1c3377c7f5b71e18d733ca579\",\"path\":\"C:\\\\Users\\\\XiaoXinPro 16 IAH\\\\Desktop\\\\LRIA_llm_eval\\\\eval\\\\Quantum_Bvt_20251110\\\\bvtfiles\\\\British-Food-Culture.doc\",\"priority\":8,\"score\":0.0,\"status\":\"ADDED\",\"tokenNum\":0,\"uriPath\":\"\"},{\"createTime\":\"2025-11-10T15:52:22.803\",\"description\":\"\",\"docName\":\"\",\"editTime\":\"2025-11-10T15:52:22.803\",\"errorDescription\":\"\",\"fileName\":\"Netflix Becomes a Broadway Producer With Peter Morgan’s Patriots.txt\",\"folder\":\"C:\\\\Users\\\\XiaoXinPro 16 IAH\\\\Desktop\\\\LRIA_llm_eval\\\\eval\\\\Quantum_Bvt_20251110\\\\bvtfiles\",\"id\":1987790422759575552,\"isDeleted\":0,\"isTmpFile\":false,\"labelNameList\":[],\"lastModifyTime\":\"2025-09-17T09:46:00\",\"md5\":\"ab84c46eaa62a18048fb0241446da4ca\",\"path\":\"C:\\\\Users\\\\XiaoXinPro 16 IAH\\\\Desktop\\\\LRIA_llm_eval\\\\eval\\\\Quantum_Bvt_20251110\\\\bvtfiles\\\\Netflix Becomes a Broadway Producer With Peter Morgan’s Patriots.txt\",\"priority\":9,\"score\":0.0,\"status\":\"ADDED\",\"tokenNum\":0,\"uriPath\":\"\"}]"}}
2025-11-10 15:53:42,379 - INFO - 文档数量: 9
2025-11-10 15:53:42,380 - INFO - 第1个文档状态: COMPLETED
2025-11-10 15:53:42,380 - INFO - 第2个文档状态: COMPLETED
2025-11-10 15:53:42,380 - INFO - 第3个文档状态: COMPLETED
2025-11-10 15:53:42,380 - INFO - 第4个文档状态: COMPLETED
2025-11-10 15:53:42,380 - INFO - 第5个文档状态: COMPLETED
2025-11-10 15:53:42,380 - INFO - 第6个文档状态: RUNNING
2025-11-10 15:53:42,381 - INFO - 第7个文档状态: ADDED
2025-11-10 15:53:42,381 - INFO - 第8个文档状态: ADDED
2025-11-10 15:53:42,381 - INFO - 第9个文档状态: ADDED
2025-11-10 15:53:42,381 - INFO - 仍有文档在处理中，第38次尝试...
2025-11-10 15:53:44,382 - DEBUG - Starting new HTTP connection (1): 127.0.0.1:35253
2025-11-10 15:53:44,386 - DEBUG - http://127.0.0.1:35253 "POST /upload HTTP/11" 200 20
2025-11-10 15:53:44,387 - INFO - 成功获取文档列表，upload_id: -4061013749786768828
2025-11-10 15:53:44,387 - INFO - 开始时间: 2025-11-10 15:53:44.387
2025-11-10 15:53:44,388 - DEBUG - Starting new HTTP connection (1): 127.0.0.1:35253
2025-11-10 15:53:44,397 - DEBUG - http://127.0.0.1:35253 "GET /query?fileData=-4061013749786768828 HTTP/11" 200 None
2025-11-10 15:53:44,531 - INFO - 响应时间: 0.14秒
2025-11-10 15:53:44,531 - INFO - 第39次尝试，获取到的result_text: {"jobId":41,"status":"complete","data":{"text":"[{\"createTime\":\"2025-11-10T15:52:22.597\",\"description\":\"This paper investigates the computational hardness of learning Boolean functions from label proportions (LLP), an increasingly relevant machine learning paradigm where only aggregate label information over subsets (bags) of instances is available, generalizing traditional PAC learning. The authors prove several hardness results for LLP: (1) It is NP-hard to find a constant-clause CNF (including ORs) that satisfies any constant-fraction of bags of size at most 2, even when all bags are consistent with an OR function; this contrasts with prior approximation algorithms for halfspaces. (2) It is NP-hard to satisfy more than a (1/2 + δ)-fraction of such bags using constant-size DNF formulas. (3) For parity functions, it is NP-hard to satisfy more than (q / 2^{q-1} + δ)-fraction of the bags of size up to q using a parity function, with the best achievable approximation factor via a randomized algorithm being 1/2^{q-2}. These results show qualitative differences between LLP and PAC learning—the problems are tractable in PAC but intractable in LLP for these classes. The paper uses reductions from known Label Cover problems and applies probabilistic and algebraic techniques to establish tight inapproximability bounds. LLP is motivated by privacy, reduced labeling costs, and applications like medical image analysis. The work highlights fundamental barriers in learning Boolean functions when only label proportions are given, and provides benchmarks for algorithmic progress in LLP.\",\"docName\":\"2403.19401\",\"editTime\":\"2025-11-10T15:53:22.834\",\"fileName\":\"2403.19401.pdf\",\"folder\":\"C:\\\\Users\\\\XiaoXinPro 16 IAH\\\\Desktop\\\\LRIA_llm_eval\\\\eval\\\\Quantum_Bvt_20251110\\\\bvtfiles\",\"id\":1987790421895548928,\"isDeleted\":0,\"isTmpFile\":false,\"labelNameList\":[\"Technology\",\"Data Analysis\",\"Research Paper\"],\"lastModifyTime\":\"2025-09-17T09:45:00\",\"md5\":\"4ff6ba88616fcf7a71d1dca6c9adc14c\",\"path\":\"C:\\\\Users\\\\XiaoXinPro 16 IAH\\\\Desktop\\\\LRIA_llm_eval\\\\eval\\\\Quantum_Bvt_20251110\\\\bvtfiles\\\\2403.19401.pdf\",\"previewPath\":\"c:\\\\users\\\\xiaoxinpro 16 iah\\\\documents\\\\qtcore\\\\pdffile\\\\5a8b97086ee1c90294e728121903432b.pdf\",\"priority\":1,\"score\":0.0,\"status\":\"COMPLETED\",\"tokenNum\":14092,\"uriPath\":\"\"},{\"createTime\":\"2025-11-10T15:52:22.630\",\"description\":\"A One Day International (ODI) is a limited overs cricket match played between two international teams, typically with each side facing 50 overs. The format is used for high-profile tournaments like the Cricket World Cup and represents the highest standard of List A cricket. ODIs originated in 1971 when a Test match between Australia and England was abandoned due to rain, leading to a one-off game of 40 eight-ball overs, with Australia winning by 5 wickets. Initially, ODIs were played in white kits with a red ball. Significant changes occurred in the late 1970s, driven by Kerry Packer's World Series Cricket, which introduced coloured uniforms, nighttime matches under floodlights, white balls, and enhanced television coverage with multiple cameras and on-screen graphics. The first match with coloured uniforms was held in 1979. These innovations transformed the game, with players becoming full-time professionals, and coloured kits with white balls eventually becoming the ODI standard after 2001.\",\"docName\":\"3nql1cs15r8aviz39pth2bpsr4zvy1\",\"editTime\":\"2025-11-10T15:53:22.834\",\"fileName\":\"3nql1cs15r8aviz39pth2bpsr4zvy1.txt\",\"folder\":\"C:\\\\Users\\\\XiaoXinPro 16 IAH\\\\Desktop\\\\LRIA_llm_eval\\\\eval\\\\Quantum_Bvt_20251110\\\\bvtfiles\",\"id\":1987790422033960960,\"isDeleted\":0,\"isTmpFile\":false,\"labelNameList\":[\"Sport\",\"Informational\",\"History\"],\"lastModifyTime\":\"2025-09-17T09:45:00\",\"md5\":\"da0c0f7162b267cca0de596df4c40c56\",\"path\":\"C:\\\\Users\\\\XiaoXinPro 16 IAH\\\\Desktop\\\\LRIA_llm_eval\\\\eval\\\\Quantum_Bvt_20251110\\\\bvtfiles\\\\3nql1cs15r8aviz39pth2bpsr4zvy1.txt\",\"previewPath\":\"c:\\\\users\\\\xiaoxinpro 16 iah\\\\documents\\\\qtcore\\\\pdffile\\\\ba50ed51f6b7714754652a80ab62df56.pdf\",\"priority\":2,\"score\":0.0,\"status\":\"COMPLETED\",\"tokenNum\":402,\"uriPath\":\"\"},{\"createTime\":\"2025-11-10T15:52:22.650\",\"description\":\"The document discusses psychological identity, emphasizing self-image, self-esteem, and individuality. Weinreich defines identity as the totality of one’s self-construal, connecting past, present, and future self-perceptions, and extending this to aspects like ethnic identity. The complexity of describing identity for individuals and groups is highlighted, taking into account both unique characteristics and group memberships, which can vary with circumstance. Drawing on theorists like Kelly, Erikson, and Tajfel, Weinreich’s Identity Structure Analysis (ISA) is introduced as a structural approach to represent individual existential experience. ISA focuses on how relationships between self and others are organized within socio-cultural contexts and over time. It uses constructs from individual, group, and cultural discourses to map the individual's appraisal of self, others, and institutions. The methodology operationalizes these concepts so that identity can be assessed through the situated self’s interactions across different contexts.\",\"docName\":\"3u84xhcdicdb6vqtlfud7syhj444z2\",\"editTime\":\"2025-11-10T15:53:26.485\",\"fileName\":\"3u84xhcdicdb6vqtlfud7syhj444z2.txt\",\"folder\":\"C:\\\\Users\\\\XiaoXinPro 16 IAH\\\\Desktop\\\\LRIA_llm_eval\\\\eval\\\\Quantum_Bvt_20251110\\\\bvtfiles\",\"id\":1987790422117847040,\"isDeleted\":0,\"isTmpFile\":false,\"labelNameList\":[\"Research Paper\",\"Informational\",\"Science\"],\"lastModifyTime\":\"2025-09-17T09:45:00\",\"md5\":\"a80f0ad4af9fd250a462680c85e6fbf0\",\"path\":\"C:\\\\Users\\\\XiaoXinPro 16 IAH\\\\Desktop\\\\LRIA_llm_eval\\\\eval\\\\Quantum_Bvt_20251110\\\\bvtfiles\\\\3u84xhcdicdb6vqtlfud7syhj444z2.txt\",\"previewPath\":\"c:\\\\users\\\\xiaoxinpro 16 iah\\\\documents\\\\qtcore\\\\pdffile\\\\044561594142e2ef357c9fbbdfaf4af5.pdf\",\"priority\":3,\"score\":0.0,\"status\":\"COMPLETED\",\"tokenNum\":414,\"uriPath\":\"\"},{\"createTime\":\"2025-11-10T15:52:22.668\",\"description\":\"In Chapter XVIII, Archie is ordered to assist the Earl and a sizeable group of men-at-arms in searching for Bruce, whose location was revealed by a traitor. Archie, though reluctant, prepares the hound, Hector, for the hunt and considers drastic measures to protect Bruce if they get too close. The party, led by the traitorous peasant, travels five miles into the hills to a hut where Bruce had recently stayed. Upon arrival, Hector becomes energetic and excited, eagerly sniffing around before picking up Bruce's trail. The hound’s pursuit is intense, forcing Archie to struggle to keep pace while the Earl and his knights follow at a slight distance with their men-at-arms. Archie warns the Earl that the noise from the horses and the knights’ equipment agitates the hound further, making him harder to control. The tense search unfolds with Archie contemplating escape should the situation demand it, given the formidable presence of mounted pursuers.\",\"docName\":\"3z3zlgnnsiuha76yy56h6uu71bh3q1\",\"editTime\":\"2025-11-10T15:53:29.649\",\"fileName\":\"3z3zlgnnsiuha76yy56h6uu71bh3q1.txt\",\"folder\":\"C:\\\\Users\\\\XiaoXinPro 16 IAH\\\\Desktop\\\\LRIA_llm_eval\\\\eval\\\\Quantum_Bvt_20251110\\\\bvtfiles\",\"id\":1987790422193344512,\"isDeleted\":0,\"isTmpFile\":false,\"labelNameList\":[\"Informational\",\"History\",\"Report\"],\"lastModifyTime\":\"2025-09-17T09:45:00\",\"md5\":\"bb28043dd606535bdcaf1ee30346b0f9\",\"path\":\"C:\\\\Users\\\\XiaoXinPro 16 IAH\\\\Desktop\\\\LRIA_llm_eval\\\\eval\\\\Quantum_Bvt_20251110\\\\bvtfiles\\\\3z3zlgnnsiuha76yy56h6uu71bh3q1.txt\",\"previewPath\":\"c:\\\\users\\\\xiaoxinpro 16 iah\\\\documents\\\\qtcore\\\\pdffile\\\\c5016b94612aaf89641b2e6895248f70.pdf\",\"priority\":4,\"score\":0.0,\"status\":\"COMPLETED\",\"tokenNum\":326,\"uriPath\":\"\"},{\"createTime\":\"2025-11-10T15:52:22.688\",\"description\":\"This document outlines the design of an AI Face Algorithm Evaluation Method, focusing on test set collection and variable matrices. It specifies head movement variables—pitch (up/down), yaw (left/right), and roll (clockwise/counterclockwise)—each with specified movement angles and data rates, as well as facial movements including mouth, eyes, and eyebrows, and associated conditions. Light exposure is detailed into weak, medium, strong, and uneven categories to account for optical flow variability. Horizontal head movement is included, with both left and right motion measured. Data is gathered using a laptop camera and Ruifeng's collection tool, using input video as both the driving video and ground truth; specific images are used as source images. Evaluation involves comparing driving and output videos. The protocol requires 70 videos (minimum 5 seconds each), with 10 videos per variable and targeting multiple participants, with at least 7 represented overall. The data rate defines each video’s contribution per variable. Emphasis is placed on collecting a diverse and representative dataset for robust algorithm assessment.\",\"docName\":\"AI_Face_Test_Set_Collection_Method_Design\",\"editTime\":\"2025-11-10T15:53:44.023\",\"fileName\":\"AI_Face_Test_Set_Collection_Method_Design.pptx\",\"folder\":\"C:\\\\Users\\\\XiaoXinPro 16 IAH\\\\Desktop\\\\LRIA_llm_eval\\\\eval\\\\Quantum_Bvt_20251110\\\\bvtfiles\",\"id\":1987790422277230592,\"isDeleted\":0,\"isTmpFile\":false,\"labelNameList\":[\"Technology\",\"Data Analysis\",\"Specifications\"],\"lastModifyTime\":\"2025-09-17T09:46:00\",\"md5\":\"b0f396e7936e0f6192cd880927e8e74b\",\"path\":\"C:\\\\Users\\\\XiaoXinPro 16 IAH\\\\Desktop\\\\LRIA_llm_eval\\\\eval\\\\Quantum_Bvt_20251110\\\\bvtfiles\\\\AI_Face_Test_Set_Collection_Method_Design.pptx\",\"previewPath\":\"c:\\\\users\\\\xiaoxinpro 16 iah\\\\documents\\\\qtcore\\\\pdffile\\\\c85631aabec673dabeda2b80233b5341.pdf\",\"priority\":5,\"score\":0.0,\"status\":\"COMPLETED\",\"tokenNum\":432,\"uriPath\":\"\"},{\"createTime\":\"2025-11-10T15:52:22.707\",\"description\":\"\",\"docName\":\"\",\"editTime\":\"2025-11-10T15:53:40.386\",\"fileName\":\"A_brief_introduction_of_LP_liutao21_20220615.pptx\",\"folder\":\"C:\\\\Users\\\\XiaoXinPro 16 IAH\\\\Desktop\\\\LRIA_llm_eval\\\\eval\\\\Quantum_Bvt_20251110\\\\bvtfiles\",\"id\":1987790422356922368,\"isDeleted\":0,\"isTmpFile\":false,\"labelNameList\":[],\"lastModifyTime\":\"2025-09-17T09:46:00\",\"md5\":\"0dbb2532524843af54fb3388b7bf3381\",\"path\":\"C:\\\\Users\\\\XiaoXinPro 16 IAH\\\\Desktop\\\\LRIA_llm_eval\\\\eval\\\\Quantum_Bvt_20251110\\\\bvtfiles\\\\A_brief_introduction_of_LP_liutao21_20220615.pptx\",\"priority\":6,\"score\":0.0,\"status\":\"RUNNING\",\"tokenNum\":0,\"uriPath\":\"\"},{\"createTime\":\"2025-11-10T15:52:22.764\",\"description\":\"\",\"docName\":\"\",\"editTime\":\"2025-11-10T15:52:22.764\",\"errorDescription\":\"\",\"fileName\":\"Belfast-English.docx\",\"folder\":\"C:\\\\Users\\\\XiaoXinPro 16 IAH\\\\Desktop\\\\LRIA_llm_eval\\\\eval\\\\Quantum_Bvt_20251110\\\\bvtfiles\",\"id\":1987790422595997696,\"isDeleted\":0,\"isTmpFile\":false,\"labelNameList\":[],\"lastModifyTime\":\"2025-09-17T09:45:00\",\"md5\":\"3193e699ffa92db332ae31a9fb1d3cb4\",\"path\":\"C:\\\\Users\\\\XiaoXinPro 16 IAH\\\\Desktop\\\\LRIA_llm_eval\\\\eval\\\\Quantum_Bvt_20251110\\\\bvtfiles\\\\Belfast-English.docx\",\"priority\":7,\"score\":0.0,\"status\":\"ADDED\",\"tokenNum\":0,\"uriPath\":\"\"},{\"createTime\":\"2025-11-10T15:52:22.784\",\"description\":\"\",\"docName\":\"\",\"editTime\":\"2025-11-10T15:52:22.784\",\"errorDescription\":\"\",\"fileName\":\"British-Food-Culture.doc\",\"folder\":\"C:\\\\Users\\\\XiaoXinPro 16 IAH\\\\Desktop\\\\LRIA_llm_eval\\\\eval\\\\Quantum_Bvt_20251110\\\\bvtfiles\",\"id\":1987790422679883776,\"isDeleted\":0,\"isTmpFile\":false,\"labelNameList\":[],\"lastModifyTime\":\"2025-09-17T09:45:00\",\"md5\":\"435798f1c3377c7f5b71e18d733ca579\",\"path\":\"C:\\\\Users\\\\XiaoXinPro 16 IAH\\\\Desktop\\\\LRIA_llm_eval\\\\eval\\\\Quantum_Bvt_20251110\\\\bvtfiles\\\\British-Food-Culture.doc\",\"priority\":8,\"score\":0.0,\"status\":\"ADDED\",\"tokenNum\":0,\"uriPath\":\"\"},{\"createTime\":\"2025-11-10T15:52:22.803\",\"description\":\"\",\"docName\":\"\",\"editTime\":\"2025-11-10T15:52:22.803\",\"errorDescription\":\"\",\"fileName\":\"Netflix Becomes a Broadway Producer With Peter Morgan’s Patriots.txt\",\"folder\":\"C:\\\\Users\\\\XiaoXinPro 16 IAH\\\\Desktop\\\\LRIA_llm_eval\\\\eval\\\\Quantum_Bvt_20251110\\\\bvtfiles\",\"id\":1987790422759575552,\"isDeleted\":0,\"isTmpFile\":false,\"labelNameList\":[],\"lastModifyTime\":\"2025-09-17T09:46:00\",\"md5\":\"ab84c46eaa62a18048fb0241446da4ca\",\"path\":\"C:\\\\Users\\\\XiaoXinPro 16 IAH\\\\Desktop\\\\LRIA_llm_eval\\\\eval\\\\Quantum_Bvt_20251110\\\\bvtfiles\\\\Netflix Becomes a Broadway Producer With Peter Morgan’s Patriots.txt\",\"priority\":9,\"score\":0.0,\"status\":\"ADDED\",\"tokenNum\":0,\"uriPath\":\"\"}]"}}
2025-11-10 15:53:44,532 - INFO - 文档数量: 9
2025-11-10 15:53:44,532 - INFO - 第1个文档状态: COMPLETED
2025-11-10 15:53:44,533 - INFO - 第2个文档状态: COMPLETED
2025-11-10 15:53:44,533 - INFO - 第3个文档状态: COMPLETED
2025-11-10 15:53:44,533 - INFO - 第4个文档状态: COMPLETED
2025-11-10 15:53:44,533 - INFO - 第5个文档状态: COMPLETED
2025-11-10 15:53:44,534 - INFO - 第6个文档状态: RUNNING
2025-11-10 15:53:44,534 - INFO - 第7个文档状态: ADDED
2025-11-10 15:53:44,534 - INFO - 第8个文档状态: ADDED
2025-11-10 15:53:44,534 - INFO - 第9个文档状态: ADDED
2025-11-10 15:53:44,534 - INFO - 仍有文档在处理中，第39次尝试...
2025-11-10 15:53:46,536 - DEBUG - Starting new HTTP connection (1): 127.0.0.1:35253
2025-11-10 15:53:46,540 - DEBUG - http://127.0.0.1:35253 "POST /upload HTTP/11" 200 19
2025-11-10 15:53:46,541 - INFO - 成功获取文档列表，upload_id: 2426592956820398060
2025-11-10 15:53:46,541 - INFO - 开始时间: 2025-11-10 15:53:46.541
2025-11-10 15:53:46,543 - DEBUG - Starting new HTTP connection (1): 127.0.0.1:35253
2025-11-10 15:53:46,578 - DEBUG - http://127.0.0.1:35253 "GET /query?fileData=2426592956820398060 HTTP/11" 200 None
2025-11-10 15:53:46,699 - INFO - 响应时间: 0.16秒
2025-11-10 15:53:46,699 - INFO - 第40次尝试，获取到的result_text: {"jobId":42,"status":"complete","data":{"text":"[{\"createTime\":\"2025-11-10T15:52:22.597\",\"description\":\"This paper investigates the computational hardness of learning Boolean functions from label proportions (LLP), an increasingly relevant machine learning paradigm where only aggregate label information over subsets (bags) of instances is available, generalizing traditional PAC learning. The authors prove several hardness results for LLP: (1) It is NP-hard to find a constant-clause CNF (including ORs) that satisfies any constant-fraction of bags of size at most 2, even when all bags are consistent with an OR function; this contrasts with prior approximation algorithms for halfspaces. (2) It is NP-hard to satisfy more than a (1/2 + δ)-fraction of such bags using constant-size DNF formulas. (3) For parity functions, it is NP-hard to satisfy more than (q / 2^{q-1} + δ)-fraction of the bags of size up to q using a parity function, with the best achievable approximation factor via a randomized algorithm being 1/2^{q-2}. These results show qualitative differences between LLP and PAC learning—the problems are tractable in PAC but intractable in LLP for these classes. The paper uses reductions from known Label Cover problems and applies probabilistic and algebraic techniques to establish tight inapproximability bounds. LLP is motivated by privacy, reduced labeling costs, and applications like medical image analysis. The work highlights fundamental barriers in learning Boolean functions when only label proportions are given, and provides benchmarks for algorithmic progress in LLP.\",\"docName\":\"2403.19401\",\"editTime\":\"2025-11-10T15:53:22.834\",\"fileName\":\"2403.19401.pdf\",\"folder\":\"C:\\\\Users\\\\XiaoXinPro 16 IAH\\\\Desktop\\\\LRIA_llm_eval\\\\eval\\\\Quantum_Bvt_20251110\\\\bvtfiles\",\"id\":1987790421895548928,\"isDeleted\":0,\"isTmpFile\":false,\"labelNameList\":[\"Technology\",\"Data Analysis\",\"Research Paper\"],\"lastModifyTime\":\"2025-09-17T09:45:00\",\"md5\":\"4ff6ba88616fcf7a71d1dca6c9adc14c\",\"path\":\"C:\\\\Users\\\\XiaoXinPro 16 IAH\\\\Desktop\\\\LRIA_llm_eval\\\\eval\\\\Quantum_Bvt_20251110\\\\bvtfiles\\\\2403.19401.pdf\",\"previewPath\":\"c:\\\\users\\\\xiaoxinpro 16 iah\\\\documents\\\\qtcore\\\\pdffile\\\\5a8b97086ee1c90294e728121903432b.pdf\",\"priority\":1,\"score\":0.0,\"status\":\"COMPLETED\",\"tokenNum\":14092,\"uriPath\":\"\"},{\"createTime\":\"2025-11-10T15:52:22.630\",\"description\":\"A One Day International (ODI) is a limited overs cricket match played between two international teams, typically with each side facing 50 overs. The format is used for high-profile tournaments like the Cricket World Cup and represents the highest standard of List A cricket. ODIs originated in 1971 when a Test match between Australia and England was abandoned due to rain, leading to a one-off game of 40 eight-ball overs, with Australia winning by 5 wickets. Initially, ODIs were played in white kits with a red ball. Significant changes occurred in the late 1970s, driven by Kerry Packer's World Series Cricket, which introduced coloured uniforms, nighttime matches under floodlights, white balls, and enhanced television coverage with multiple cameras and on-screen graphics. The first match with coloured uniforms was held in 1979. These innovations transformed the game, with players becoming full-time professionals, and coloured kits with white balls eventually becoming the ODI standard after 2001.\",\"docName\":\"3nql1cs15r8aviz39pth2bpsr4zvy1\",\"editTime\":\"2025-11-10T15:53:22.834\",\"fileName\":\"3nql1cs15r8aviz39pth2bpsr4zvy1.txt\",\"folder\":\"C:\\\\Users\\\\XiaoXinPro 16 IAH\\\\Desktop\\\\LRIA_llm_eval\\\\eval\\\\Quantum_Bvt_20251110\\\\bvtfiles\",\"id\":1987790422033960960,\"isDeleted\":0,\"isTmpFile\":false,\"labelNameList\":[\"Sport\",\"Informational\",\"History\"],\"lastModifyTime\":\"2025-09-17T09:45:00\",\"md5\":\"da0c0f7162b267cca0de596df4c40c56\",\"path\":\"C:\\\\Users\\\\XiaoXinPro 16 IAH\\\\Desktop\\\\LRIA_llm_eval\\\\eval\\\\Quantum_Bvt_20251110\\\\bvtfiles\\\\3nql1cs15r8aviz39pth2bpsr4zvy1.txt\",\"previewPath\":\"c:\\\\users\\\\xiaoxinpro 16 iah\\\\documents\\\\qtcore\\\\pdffile\\\\ba50ed51f6b7714754652a80ab62df56.pdf\",\"priority\":2,\"score\":0.0,\"status\":\"COMPLETED\",\"tokenNum\":402,\"uriPath\":\"\"},{\"createTime\":\"2025-11-10T15:52:22.650\",\"description\":\"The document discusses psychological identity, emphasizing self-image, self-esteem, and individuality. Weinreich defines identity as the totality of one’s self-construal, connecting past, present, and future self-perceptions, and extending this to aspects like ethnic identity. The complexity of describing identity for individuals and groups is highlighted, taking into account both unique characteristics and group memberships, which can vary with circumstance. Drawing on theorists like Kelly, Erikson, and Tajfel, Weinreich’s Identity Structure Analysis (ISA) is introduced as a structural approach to represent individual existential experience. ISA focuses on how relationships between self and others are organized within socio-cultural contexts and over time. It uses constructs from individual, group, and cultural discourses to map the individual's appraisal of self, others, and institutions. The methodology operationalizes these concepts so that identity can be assessed through the situated self’s interactions across different contexts.\",\"docName\":\"3u84xhcdicdb6vqtlfud7syhj444z2\",\"editTime\":\"2025-11-10T15:53:26.485\",\"fileName\":\"3u84xhcdicdb6vqtlfud7syhj444z2.txt\",\"folder\":\"C:\\\\Users\\\\XiaoXinPro 16 IAH\\\\Desktop\\\\LRIA_llm_eval\\\\eval\\\\Quantum_Bvt_20251110\\\\bvtfiles\",\"id\":1987790422117847040,\"isDeleted\":0,\"isTmpFile\":false,\"labelNameList\":[\"Research Paper\",\"Informational\",\"Science\"],\"lastModifyTime\":\"2025-09-17T09:45:00\",\"md5\":\"a80f0ad4af9fd250a462680c85e6fbf0\",\"path\":\"C:\\\\Users\\\\XiaoXinPro 16 IAH\\\\Desktop\\\\LRIA_llm_eval\\\\eval\\\\Quantum_Bvt_20251110\\\\bvtfiles\\\\3u84xhcdicdb6vqtlfud7syhj444z2.txt\",\"previewPath\":\"c:\\\\users\\\\xiaoxinpro 16 iah\\\\documents\\\\qtcore\\\\pdffile\\\\044561594142e2ef357c9fbbdfaf4af5.pdf\",\"priority\":3,\"score\":0.0,\"status\":\"COMPLETED\",\"tokenNum\":414,\"uriPath\":\"\"},{\"createTime\":\"2025-11-10T15:52:22.668\",\"description\":\"In Chapter XVIII, Archie is ordered to assist the Earl and a sizeable group of men-at-arms in searching for Bruce, whose location was revealed by a traitor. Archie, though reluctant, prepares the hound, Hector, for the hunt and considers drastic measures to protect Bruce if they get too close. The party, led by the traitorous peasant, travels five miles into the hills to a hut where Bruce had recently stayed. Upon arrival, Hector becomes energetic and excited, eagerly sniffing around before picking up Bruce's trail. The hound’s pursuit is intense, forcing Archie to struggle to keep pace while the Earl and his knights follow at a slight distance with their men-at-arms. Archie warns the Earl that the noise from the horses and the knights’ equipment agitates the hound further, making him harder to control. The tense search unfolds with Archie contemplating escape should the situation demand it, given the formidable presence of mounted pursuers.\",\"docName\":\"3z3zlgnnsiuha76yy56h6uu71bh3q1\",\"editTime\":\"2025-11-10T15:53:29.649\",\"fileName\":\"3z3zlgnnsiuha76yy56h6uu71bh3q1.txt\",\"folder\":\"C:\\\\Users\\\\XiaoXinPro 16 IAH\\\\Desktop\\\\LRIA_llm_eval\\\\eval\\\\Quantum_Bvt_20251110\\\\bvtfiles\",\"id\":1987790422193344512,\"isDeleted\":0,\"isTmpFile\":false,\"labelNameList\":[\"Informational\",\"History\",\"Report\"],\"lastModifyTime\":\"2025-09-17T09:45:00\",\"md5\":\"bb28043dd606535bdcaf1ee30346b0f9\",\"path\":\"C:\\\\Users\\\\XiaoXinPro 16 IAH\\\\Desktop\\\\LRIA_llm_eval\\\\eval\\\\Quantum_Bvt_20251110\\\\bvtfiles\\\\3z3zlgnnsiuha76yy56h6uu71bh3q1.txt\",\"previewPath\":\"c:\\\\users\\\\xiaoxinpro 16 iah\\\\documents\\\\qtcore\\\\pdffile\\\\c5016b94612aaf89641b2e6895248f70.pdf\",\"priority\":4,\"score\":0.0,\"status\":\"COMPLETED\",\"tokenNum\":326,\"uriPath\":\"\"},{\"createTime\":\"2025-11-10T15:52:22.688\",\"description\":\"This document outlines the design of an AI Face Algorithm Evaluation Method, focusing on test set collection and variable matrices. It specifies head movement variables—pitch (up/down), yaw (left/right), and roll (clockwise/counterclockwise)—each with specified movement angles and data rates, as well as facial movements including mouth, eyes, and eyebrows, and associated conditions. Light exposure is detailed into weak, medium, strong, and uneven categories to account for optical flow variability. Horizontal head movement is included, with both left and right motion measured. Data is gathered using a laptop camera and Ruifeng's collection tool, using input video as both the driving video and ground truth; specific images are used as source images. Evaluation involves comparing driving and output videos. The protocol requires 70 videos (minimum 5 seconds each), with 10 videos per variable and targeting multiple participants, with at least 7 represented overall. The data rate defines each video’s contribution per variable. Emphasis is placed on collecting a diverse and representative dataset for robust algorithm assessment.\",\"docName\":\"AI_Face_Test_Set_Collection_Method_Design\",\"editTime\":\"2025-11-10T15:53:44.023\",\"fileName\":\"AI_Face_Test_Set_Collection_Method_Design.pptx\",\"folder\":\"C:\\\\Users\\\\XiaoXinPro 16 IAH\\\\Desktop\\\\LRIA_llm_eval\\\\eval\\\\Quantum_Bvt_20251110\\\\bvtfiles\",\"id\":1987790422277230592,\"isDeleted\":0,\"isTmpFile\":false,\"labelNameList\":[\"Technology\",\"Data Analysis\",\"Specifications\"],\"lastModifyTime\":\"2025-09-17T09:46:00\",\"md5\":\"b0f396e7936e0f6192cd880927e8e74b\",\"path\":\"C:\\\\Users\\\\XiaoXinPro 16 IAH\\\\Desktop\\\\LRIA_llm_eval\\\\eval\\\\Quantum_Bvt_20251110\\\\bvtfiles\\\\AI_Face_Test_Set_Collection_Method_Design.pptx\",\"previewPath\":\"c:\\\\users\\\\xiaoxinpro 16 iah\\\\documents\\\\qtcore\\\\pdffile\\\\c85631aabec673dabeda2b80233b5341.pdf\",\"priority\":5,\"score\":0.0,\"status\":\"COMPLETED\",\"tokenNum\":432,\"uriPath\":\"\"},{\"createTime\":\"2025-11-10T15:52:22.707\",\"description\":\"\",\"docName\":\"\",\"editTime\":\"2025-11-10T15:53:40.386\",\"fileName\":\"A_brief_introduction_of_LP_liutao21_20220615.pptx\",\"folder\":\"C:\\\\Users\\\\XiaoXinPro 16 IAH\\\\Desktop\\\\LRIA_llm_eval\\\\eval\\\\Quantum_Bvt_20251110\\\\bvtfiles\",\"id\":1987790422356922368,\"isDeleted\":0,\"isTmpFile\":false,\"labelNameList\":[],\"lastModifyTime\":\"2025-09-17T09:46:00\",\"md5\":\"0dbb2532524843af54fb3388b7bf3381\",\"path\":\"C:\\\\Users\\\\XiaoXinPro 16 IAH\\\\Desktop\\\\LRIA_llm_eval\\\\eval\\\\Quantum_Bvt_20251110\\\\bvtfiles\\\\A_brief_introduction_of_LP_liutao21_20220615.pptx\",\"priority\":6,\"score\":0.0,\"status\":\"RUNNING\",\"tokenNum\":0,\"uriPath\":\"\"},{\"createTime\":\"2025-11-10T15:52:22.764\",\"description\":\"\",\"docName\":\"\",\"editTime\":\"2025-11-10T15:52:22.764\",\"errorDescription\":\"\",\"fileName\":\"Belfast-English.docx\",\"folder\":\"C:\\\\Users\\\\XiaoXinPro 16 IAH\\\\Desktop\\\\LRIA_llm_eval\\\\eval\\\\Quantum_Bvt_20251110\\\\bvtfiles\",\"id\":1987790422595997696,\"isDeleted\":0,\"isTmpFile\":false,\"labelNameList\":[],\"lastModifyTime\":\"2025-09-17T09:45:00\",\"md5\":\"3193e699ffa92db332ae31a9fb1d3cb4\",\"path\":\"C:\\\\Users\\\\XiaoXinPro 16 IAH\\\\Desktop\\\\LRIA_llm_eval\\\\eval\\\\Quantum_Bvt_20251110\\\\bvtfiles\\\\Belfast-English.docx\",\"priority\":7,\"score\":0.0,\"status\":\"ADDED\",\"tokenNum\":0,\"uriPath\":\"\"},{\"createTime\":\"2025-11-10T15:52:22.784\",\"description\":\"\",\"docName\":\"\",\"editTime\":\"2025-11-10T15:52:22.784\",\"errorDescription\":\"\",\"fileName\":\"British-Food-Culture.doc\",\"folder\":\"C:\\\\Users\\\\XiaoXinPro 16 IAH\\\\Desktop\\\\LRIA_llm_eval\\\\eval\\\\Quantum_Bvt_20251110\\\\bvtfiles\",\"id\":1987790422679883776,\"isDeleted\":0,\"isTmpFile\":false,\"labelNameList\":[],\"lastModifyTime\":\"2025-09-17T09:45:00\",\"md5\":\"435798f1c3377c7f5b71e18d733ca579\",\"path\":\"C:\\\\Users\\\\XiaoXinPro 16 IAH\\\\Desktop\\\\LRIA_llm_eval\\\\eval\\\\Quantum_Bvt_20251110\\\\bvtfiles\\\\British-Food-Culture.doc\",\"priority\":8,\"score\":0.0,\"status\":\"ADDED\",\"tokenNum\":0,\"uriPath\":\"\"},{\"createTime\":\"2025-11-10T15:52:22.803\",\"description\":\"\",\"docName\":\"\",\"editTime\":\"2025-11-10T15:52:22.803\",\"errorDescription\":\"\",\"fileName\":\"Netflix Becomes a Broadway Producer With Peter Morgan’s Patriots.txt\",\"folder\":\"C:\\\\Users\\\\XiaoXinPro 16 IAH\\\\Desktop\\\\LRIA_llm_eval\\\\eval\\\\Quantum_Bvt_20251110\\\\bvtfiles\",\"id\":1987790422759575552,\"isDeleted\":0,\"isTmpFile\":false,\"labelNameList\":[],\"lastModifyTime\":\"2025-09-17T09:46:00\",\"md5\":\"ab84c46eaa62a18048fb0241446da4ca\",\"path\":\"C:\\\\Users\\\\XiaoXinPro 16 IAH\\\\Desktop\\\\LRIA_llm_eval\\\\eval\\\\Quantum_Bvt_20251110\\\\bvtfiles\\\\Netflix Becomes a Broadway Producer With Peter Morgan’s Patriots.txt\",\"priority\":9,\"score\":0.0,\"status\":\"ADDED\",\"tokenNum\":0,\"uriPath\":\"\"}]"}}
2025-11-10 15:53:46,700 - INFO - 文档数量: 9
2025-11-10 15:53:46,700 - INFO - 第1个文档状态: COMPLETED
2025-11-10 15:53:46,701 - INFO - 第2个文档状态: COMPLETED
2025-11-10 15:53:46,701 - INFO - 第3个文档状态: COMPLETED
2025-11-10 15:53:46,701 - INFO - 第4个文档状态: COMPLETED
2025-11-10 15:53:46,701 - INFO - 第5个文档状态: COMPLETED
2025-11-10 15:53:46,702 - INFO - 第6个文档状态: RUNNING
2025-11-10 15:53:46,702 - INFO - 第7个文档状态: ADDED
2025-11-10 15:53:46,702 - INFO - 第8个文档状态: ADDED
2025-11-10 15:53:46,702 - INFO - 第9个文档状态: ADDED
2025-11-10 15:53:46,702 - INFO - 仍有文档在处理中，第40次尝试...
2025-11-10 15:53:48,704 - DEBUG - Starting new HTTP connection (1): 127.0.0.1:35253
2025-11-10 15:53:48,707 - DEBUG - http://127.0.0.1:35253 "POST /upload HTTP/11" 200 20
2025-11-10 15:53:48,708 - INFO - 成功获取文档列表，upload_id: -4497702228814497060
2025-11-10 15:53:48,708 - INFO - 开始时间: 2025-11-10 15:53:48.708
2025-11-10 15:53:48,709 - DEBUG - Starting new HTTP connection (1): 127.0.0.1:35253
2025-11-10 15:53:48,743 - DEBUG - http://127.0.0.1:35253 "GET /query?fileData=-4497702228814497060 HTTP/11" 200 None
2025-11-10 15:53:48,835 - INFO - 响应时间: 0.13秒
2025-11-10 15:53:48,836 - INFO - 第41次尝试，获取到的result_text: {"jobId":43,"status":"complete","data":{"text":"[{\"createTime\":\"2025-11-10T15:52:22.597\",\"description\":\"This paper investigates the computational hardness of learning Boolean functions from label proportions (LLP), an increasingly relevant machine learning paradigm where only aggregate label information over subsets (bags) of instances is available, generalizing traditional PAC learning. The authors prove several hardness results for LLP: (1) It is NP-hard to find a constant-clause CNF (including ORs) that satisfies any constant-fraction of bags of size at most 2, even when all bags are consistent with an OR function; this contrasts with prior approximation algorithms for halfspaces. (2) It is NP-hard to satisfy more than a (1/2 + δ)-fraction of such bags using constant-size DNF formulas. (3) For parity functions, it is NP-hard to satisfy more than (q / 2^{q-1} + δ)-fraction of the bags of size up to q using a parity function, with the best achievable approximation factor via a randomized algorithm being 1/2^{q-2}. These results show qualitative differences between LLP and PAC learning—the problems are tractable in PAC but intractable in LLP for these classes. The paper uses reductions from known Label Cover problems and applies probabilistic and algebraic techniques to establish tight inapproximability bounds. LLP is motivated by privacy, reduced labeling costs, and applications like medical image analysis. The work highlights fundamental barriers in learning Boolean functions when only label proportions are given, and provides benchmarks for algorithmic progress in LLP.\",\"docName\":\"2403.19401\",\"editTime\":\"2025-11-10T15:53:22.834\",\"fileName\":\"2403.19401.pdf\",\"folder\":\"C:\\\\Users\\\\XiaoXinPro 16 IAH\\\\Desktop\\\\LRIA_llm_eval\\\\eval\\\\Quantum_Bvt_20251110\\\\bvtfiles\",\"id\":1987790421895548928,\"isDeleted\":0,\"isTmpFile\":false,\"labelNameList\":[\"Technology\",\"Data Analysis\",\"Research Paper\"],\"lastModifyTime\":\"2025-09-17T09:45:00\",\"md5\":\"4ff6ba88616fcf7a71d1dca6c9adc14c\",\"path\":\"C:\\\\Users\\\\XiaoXinPro 16 IAH\\\\Desktop\\\\LRIA_llm_eval\\\\eval\\\\Quantum_Bvt_20251110\\\\bvtfiles\\\\2403.19401.pdf\",\"previewPath\":\"c:\\\\users\\\\xiaoxinpro 16 iah\\\\documents\\\\qtcore\\\\pdffile\\\\5a8b97086ee1c90294e728121903432b.pdf\",\"priority\":1,\"score\":0.0,\"status\":\"COMPLETED\",\"tokenNum\":14092,\"uriPath\":\"\"},{\"createTime\":\"2025-11-10T15:52:22.630\",\"description\":\"A One Day International (ODI) is a limited overs cricket match played between two international teams, typically with each side facing 50 overs. The format is used for high-profile tournaments like the Cricket World Cup and represents the highest standard of List A cricket. ODIs originated in 1971 when a Test match between Australia and England was abandoned due to rain, leading to a one-off game of 40 eight-ball overs, with Australia winning by 5 wickets. Initially, ODIs were played in white kits with a red ball. Significant changes occurred in the late 1970s, driven by Kerry Packer's World Series Cricket, which introduced coloured uniforms, nighttime matches under floodlights, white balls, and enhanced television coverage with multiple cameras and on-screen graphics. The first match with coloured uniforms was held in 1979. These innovations transformed the game, with players becoming full-time professionals, and coloured kits with white balls eventually becoming the ODI standard after 2001.\",\"docName\":\"3nql1cs15r8aviz39pth2bpsr4zvy1\",\"editTime\":\"2025-11-10T15:53:22.834\",\"fileName\":\"3nql1cs15r8aviz39pth2bpsr4zvy1.txt\",\"folder\":\"C:\\\\Users\\\\XiaoXinPro 16 IAH\\\\Desktop\\\\LRIA_llm_eval\\\\eval\\\\Quantum_Bvt_20251110\\\\bvtfiles\",\"id\":1987790422033960960,\"isDeleted\":0,\"isTmpFile\":false,\"labelNameList\":[\"Sport\",\"Informational\",\"History\"],\"lastModifyTime\":\"2025-09-17T09:45:00\",\"md5\":\"da0c0f7162b267cca0de596df4c40c56\",\"path\":\"C:\\\\Users\\\\XiaoXinPro 16 IAH\\\\Desktop\\\\LRIA_llm_eval\\\\eval\\\\Quantum_Bvt_20251110\\\\bvtfiles\\\\3nql1cs15r8aviz39pth2bpsr4zvy1.txt\",\"previewPath\":\"c:\\\\users\\\\xiaoxinpro 16 iah\\\\documents\\\\qtcore\\\\pdffile\\\\ba50ed51f6b7714754652a80ab62df56.pdf\",\"priority\":2,\"score\":0.0,\"status\":\"COMPLETED\",\"tokenNum\":402,\"uriPath\":\"\"},{\"createTime\":\"2025-11-10T15:52:22.650\",\"description\":\"The document discusses psychological identity, emphasizing self-image, self-esteem, and individuality. Weinreich defines identity as the totality of one’s self-construal, connecting past, present, and future self-perceptions, and extending this to aspects like ethnic identity. The complexity of describing identity for individuals and groups is highlighted, taking into account both unique characteristics and group memberships, which can vary with circumstance. Drawing on theorists like Kelly, Erikson, and Tajfel, Weinreich’s Identity Structure Analysis (ISA) is introduced as a structural approach to represent individual existential experience. ISA focuses on how relationships between self and others are organized within socio-cultural contexts and over time. It uses constructs from individual, group, and cultural discourses to map the individual's appraisal of self, others, and institutions. The methodology operationalizes these concepts so that identity can be assessed through the situated self’s interactions across different contexts.\",\"docName\":\"3u84xhcdicdb6vqtlfud7syhj444z2\",\"editTime\":\"2025-11-10T15:53:26.485\",\"fileName\":\"3u84xhcdicdb6vqtlfud7syhj444z2.txt\",\"folder\":\"C:\\\\Users\\\\XiaoXinPro 16 IAH\\\\Desktop\\\\LRIA_llm_eval\\\\eval\\\\Quantum_Bvt_20251110\\\\bvtfiles\",\"id\":1987790422117847040,\"isDeleted\":0,\"isTmpFile\":false,\"labelNameList\":[\"Research Paper\",\"Informational\",\"Science\"],\"lastModifyTime\":\"2025-09-17T09:45:00\",\"md5\":\"a80f0ad4af9fd250a462680c85e6fbf0\",\"path\":\"C:\\\\Users\\\\XiaoXinPro 16 IAH\\\\Desktop\\\\LRIA_llm_eval\\\\eval\\\\Quantum_Bvt_20251110\\\\bvtfiles\\\\3u84xhcdicdb6vqtlfud7syhj444z2.txt\",\"previewPath\":\"c:\\\\users\\\\xiaoxinpro 16 iah\\\\documents\\\\qtcore\\\\pdffile\\\\044561594142e2ef357c9fbbdfaf4af5.pdf\",\"priority\":3,\"score\":0.0,\"status\":\"COMPLETED\",\"tokenNum\":414,\"uriPath\":\"\"},{\"createTime\":\"2025-11-10T15:52:22.668\",\"description\":\"In Chapter XVIII, Archie is ordered to assist the Earl and a sizeable group of men-at-arms in searching for Bruce, whose location was revealed by a traitor. Archie, though reluctant, prepares the hound, Hector, for the hunt and considers drastic measures to protect Bruce if they get too close. The party, led by the traitorous peasant, travels five miles into the hills to a hut where Bruce had recently stayed. Upon arrival, Hector becomes energetic and excited, eagerly sniffing around before picking up Bruce's trail. The hound’s pursuit is intense, forcing Archie to struggle to keep pace while the Earl and his knights follow at a slight distance with their men-at-arms. Archie warns the Earl that the noise from the horses and the knights’ equipment agitates the hound further, making him harder to control. The tense search unfolds with Archie contemplating escape should the situation demand it, given the formidable presence of mounted pursuers.\",\"docName\":\"3z3zlgnnsiuha76yy56h6uu71bh3q1\",\"editTime\":\"2025-11-10T15:53:29.649\",\"fileName\":\"3z3zlgnnsiuha76yy56h6uu71bh3q1.txt\",\"folder\":\"C:\\\\Users\\\\XiaoXinPro 16 IAH\\\\Desktop\\\\LRIA_llm_eval\\\\eval\\\\Quantum_Bvt_20251110\\\\bvtfiles\",\"id\":1987790422193344512,\"isDeleted\":0,\"isTmpFile\":false,\"labelNameList\":[\"Informational\",\"History\",\"Report\"],\"lastModifyTime\":\"2025-09-17T09:45:00\",\"md5\":\"bb28043dd606535bdcaf1ee30346b0f9\",\"path\":\"C:\\\\Users\\\\XiaoXinPro 16 IAH\\\\Desktop\\\\LRIA_llm_eval\\\\eval\\\\Quantum_Bvt_20251110\\\\bvtfiles\\\\3z3zlgnnsiuha76yy56h6uu71bh3q1.txt\",\"previewPath\":\"c:\\\\users\\\\xiaoxinpro 16 iah\\\\documents\\\\qtcore\\\\pdffile\\\\c5016b94612aaf89641b2e6895248f70.pdf\",\"priority\":4,\"score\":0.0,\"status\":\"COMPLETED\",\"tokenNum\":326,\"uriPath\":\"\"},{\"createTime\":\"2025-11-10T15:52:22.688\",\"description\":\"This document outlines the design of an AI Face Algorithm Evaluation Method, focusing on test set collection and variable matrices. It specifies head movement variables—pitch (up/down), yaw (left/right), and roll (clockwise/counterclockwise)—each with specified movement angles and data rates, as well as facial movements including mouth, eyes, and eyebrows, and associated conditions. Light exposure is detailed into weak, medium, strong, and uneven categories to account for optical flow variability. Horizontal head movement is included, with both left and right motion measured. Data is gathered using a laptop camera and Ruifeng's collection tool, using input video as both the driving video and ground truth; specific images are used as source images. Evaluation involves comparing driving and output videos. The protocol requires 70 videos (minimum 5 seconds each), with 10 videos per variable and targeting multiple participants, with at least 7 represented overall. The data rate defines each video’s contribution per variable. Emphasis is placed on collecting a diverse and representative dataset for robust algorithm assessment.\",\"docName\":\"AI_Face_Test_Set_Collection_Method_Design\",\"editTime\":\"2025-11-10T15:53:44.023\",\"fileName\":\"AI_Face_Test_Set_Collection_Method_Design.pptx\",\"folder\":\"C:\\\\Users\\\\XiaoXinPro 16 IAH\\\\Desktop\\\\LRIA_llm_eval\\\\eval\\\\Quantum_Bvt_20251110\\\\bvtfiles\",\"id\":1987790422277230592,\"isDeleted\":0,\"isTmpFile\":false,\"labelNameList\":[\"Technology\",\"Data Analysis\",\"Specifications\"],\"lastModifyTime\":\"2025-09-17T09:46:00\",\"md5\":\"b0f396e7936e0f6192cd880927e8e74b\",\"path\":\"C:\\\\Users\\\\XiaoXinPro 16 IAH\\\\Desktop\\\\LRIA_llm_eval\\\\eval\\\\Quantum_Bvt_20251110\\\\bvtfiles\\\\AI_Face_Test_Set_Collection_Method_Design.pptx\",\"previewPath\":\"c:\\\\users\\\\xiaoxinpro 16 iah\\\\documents\\\\qtcore\\\\pdffile\\\\c85631aabec673dabeda2b80233b5341.pdf\",\"priority\":5,\"score\":0.0,\"status\":\"COMPLETED\",\"tokenNum\":432,\"uriPath\":\"\"},{\"createTime\":\"2025-11-10T15:52:22.707\",\"description\":\"\",\"docName\":\"\",\"editTime\":\"2025-11-10T15:53:40.386\",\"fileName\":\"A_brief_introduction_of_LP_liutao21_20220615.pptx\",\"folder\":\"C:\\\\Users\\\\XiaoXinPro 16 IAH\\\\Desktop\\\\LRIA_llm_eval\\\\eval\\\\Quantum_Bvt_20251110\\\\bvtfiles\",\"id\":1987790422356922368,\"isDeleted\":0,\"isTmpFile\":false,\"labelNameList\":[],\"lastModifyTime\":\"2025-09-17T09:46:00\",\"md5\":\"0dbb2532524843af54fb3388b7bf3381\",\"path\":\"C:\\\\Users\\\\XiaoXinPro 16 IAH\\\\Desktop\\\\LRIA_llm_eval\\\\eval\\\\Quantum_Bvt_20251110\\\\bvtfiles\\\\A_brief_introduction_of_LP_liutao21_20220615.pptx\",\"priority\":6,\"score\":0.0,\"status\":\"RUNNING\",\"tokenNum\":0,\"uriPath\":\"\"},{\"createTime\":\"2025-11-10T15:52:22.764\",\"description\":\"\",\"docName\":\"\",\"editTime\":\"2025-11-10T15:52:22.764\",\"errorDescription\":\"\",\"fileName\":\"Belfast-English.docx\",\"folder\":\"C:\\\\Users\\\\XiaoXinPro 16 IAH\\\\Desktop\\\\LRIA_llm_eval\\\\eval\\\\Quantum_Bvt_20251110\\\\bvtfiles\",\"id\":1987790422595997696,\"isDeleted\":0,\"isTmpFile\":false,\"labelNameList\":[],\"lastModifyTime\":\"2025-09-17T09:45:00\",\"md5\":\"3193e699ffa92db332ae31a9fb1d3cb4\",\"path\":\"C:\\\\Users\\\\XiaoXinPro 16 IAH\\\\Desktop\\\\LRIA_llm_eval\\\\eval\\\\Quantum_Bvt_20251110\\\\bvtfiles\\\\Belfast-English.docx\",\"priority\":7,\"score\":0.0,\"status\":\"ADDED\",\"tokenNum\":0,\"uriPath\":\"\"},{\"createTime\":\"2025-11-10T15:52:22.784\",\"description\":\"\",\"docName\":\"\",\"editTime\":\"2025-11-10T15:52:22.784\",\"errorDescription\":\"\",\"fileName\":\"British-Food-Culture.doc\",\"folder\":\"C:\\\\Users\\\\XiaoXinPro 16 IAH\\\\Desktop\\\\LRIA_llm_eval\\\\eval\\\\Quantum_Bvt_20251110\\\\bvtfiles\",\"id\":1987790422679883776,\"isDeleted\":0,\"isTmpFile\":false,\"labelNameList\":[],\"lastModifyTime\":\"2025-09-17T09:45:00\",\"md5\":\"435798f1c3377c7f5b71e18d733ca579\",\"path\":\"C:\\\\Users\\\\XiaoXinPro 16 IAH\\\\Desktop\\\\LRIA_llm_eval\\\\eval\\\\Quantum_Bvt_20251110\\\\bvtfiles\\\\British-Food-Culture.doc\",\"priority\":8,\"score\":0.0,\"status\":\"ADDED\",\"tokenNum\":0,\"uriPath\":\"\"},{\"createTime\":\"2025-11-10T15:52:22.803\",\"description\":\"\",\"docName\":\"\",\"editTime\":\"2025-11-10T15:52:22.803\",\"errorDescription\":\"\",\"fileName\":\"Netflix Becomes a Broadway Producer With Peter Morgan’s Patriots.txt\",\"folder\":\"C:\\\\Users\\\\XiaoXinPro 16 IAH\\\\Desktop\\\\LRIA_llm_eval\\\\eval\\\\Quantum_Bvt_20251110\\\\bvtfiles\",\"id\":1987790422759575552,\"isDeleted\":0,\"isTmpFile\":false,\"labelNameList\":[],\"lastModifyTime\":\"2025-09-17T09:46:00\",\"md5\":\"ab84c46eaa62a18048fb0241446da4ca\",\"path\":\"C:\\\\Users\\\\XiaoXinPro 16 IAH\\\\Desktop\\\\LRIA_llm_eval\\\\eval\\\\Quantum_Bvt_20251110\\\\bvtfiles\\\\Netflix Becomes a Broadway Producer With Peter Morgan’s Patriots.txt\",\"priority\":9,\"score\":0.0,\"status\":\"ADDED\",\"tokenNum\":0,\"uriPath\":\"\"}]"}}
2025-11-10 15:53:48,837 - INFO - 文档数量: 9
2025-11-10 15:53:48,838 - INFO - 第1个文档状态: COMPLETED
2025-11-10 15:53:48,838 - INFO - 第2个文档状态: COMPLETED
2025-11-10 15:53:48,838 - INFO - 第3个文档状态: COMPLETED
2025-11-10 15:53:48,838 - INFO - 第4个文档状态: COMPLETED
2025-11-10 15:53:48,838 - INFO - 第5个文档状态: COMPLETED
2025-11-10 15:53:48,838 - INFO - 第6个文档状态: RUNNING
2025-11-10 15:53:48,838 - INFO - 第7个文档状态: ADDED
2025-11-10 15:53:48,839 - INFO - 第8个文档状态: ADDED
2025-11-10 15:53:48,839 - INFO - 第9个文档状态: ADDED
2025-11-10 15:53:48,839 - INFO - 仍有文档在处理中，第41次尝试...
2025-11-10 15:53:50,840 - DEBUG - Starting new HTTP connection (1): 127.0.0.1:35253
2025-11-10 15:53:50,843 - DEBUG - http://127.0.0.1:35253 "POST /upload HTTP/11" 200 20
2025-11-10 15:53:50,844 - INFO - 成功获取文档列表，upload_id: -2401189755024154225
2025-11-10 15:53:50,844 - INFO - 开始时间: 2025-11-10 15:53:50.844
2025-11-10 15:53:50,845 - DEBUG - Starting new HTTP connection (1): 127.0.0.1:35253
2025-11-10 15:53:50,884 - DEBUG - http://127.0.0.1:35253 "GET /query?fileData=-2401189755024154225 HTTP/11" 200 None
2025-11-10 15:53:50,968 - INFO - 响应时间: 0.12秒
2025-11-10 15:53:50,968 - INFO - 第42次尝试，获取到的result_text: {"jobId":44,"status":"complete","data":{"text":"[{\"createTime\":\"2025-11-10T15:52:22.597\",\"description\":\"This paper investigates the computational hardness of learning Boolean functions from label proportions (LLP), an increasingly relevant machine learning paradigm where only aggregate label information over subsets (bags) of instances is available, generalizing traditional PAC learning. The authors prove several hardness results for LLP: (1) It is NP-hard to find a constant-clause CNF (including ORs) that satisfies any constant-fraction of bags of size at most 2, even when all bags are consistent with an OR function; this contrasts with prior approximation algorithms for halfspaces. (2) It is NP-hard to satisfy more than a (1/2 + δ)-fraction of such bags using constant-size DNF formulas. (3) For parity functions, it is NP-hard to satisfy more than (q / 2^{q-1} + δ)-fraction of the bags of size up to q using a parity function, with the best achievable approximation factor via a randomized algorithm being 1/2^{q-2}. These results show qualitative differences between LLP and PAC learning—the problems are tractable in PAC but intractable in LLP for these classes. The paper uses reductions from known Label Cover problems and applies probabilistic and algebraic techniques to establish tight inapproximability bounds. LLP is motivated by privacy, reduced labeling costs, and applications like medical image analysis. The work highlights fundamental barriers in learning Boolean functions when only label proportions are given, and provides benchmarks for algorithmic progress in LLP.\",\"docName\":\"2403.19401\",\"editTime\":\"2025-11-10T15:53:22.834\",\"fileName\":\"2403.19401.pdf\",\"folder\":\"C:\\\\Users\\\\XiaoXinPro 16 IAH\\\\Desktop\\\\LRIA_llm_eval\\\\eval\\\\Quantum_Bvt_20251110\\\\bvtfiles\",\"id\":1987790421895548928,\"isDeleted\":0,\"isTmpFile\":false,\"labelNameList\":[\"Technology\",\"Data Analysis\",\"Research Paper\"],\"lastModifyTime\":\"2025-09-17T09:45:00\",\"md5\":\"4ff6ba88616fcf7a71d1dca6c9adc14c\",\"path\":\"C:\\\\Users\\\\XiaoXinPro 16 IAH\\\\Desktop\\\\LRIA_llm_eval\\\\eval\\\\Quantum_Bvt_20251110\\\\bvtfiles\\\\2403.19401.pdf\",\"previewPath\":\"c:\\\\users\\\\xiaoxinpro 16 iah\\\\documents\\\\qtcore\\\\pdffile\\\\5a8b97086ee1c90294e728121903432b.pdf\",\"priority\":1,\"score\":0.0,\"status\":\"COMPLETED\",\"tokenNum\":14092,\"uriPath\":\"\"},{\"createTime\":\"2025-11-10T15:52:22.630\",\"description\":\"A One Day International (ODI) is a limited overs cricket match played between two international teams, typically with each side facing 50 overs. The format is used for high-profile tournaments like the Cricket World Cup and represents the highest standard of List A cricket. ODIs originated in 1971 when a Test match between Australia and England was abandoned due to rain, leading to a one-off game of 40 eight-ball overs, with Australia winning by 5 wickets. Initially, ODIs were played in white kits with a red ball. Significant changes occurred in the late 1970s, driven by Kerry Packer's World Series Cricket, which introduced coloured uniforms, nighttime matches under floodlights, white balls, and enhanced television coverage with multiple cameras and on-screen graphics. The first match with coloured uniforms was held in 1979. These innovations transformed the game, with players becoming full-time professionals, and coloured kits with white balls eventually becoming the ODI standard after 2001.\",\"docName\":\"3nql1cs15r8aviz39pth2bpsr4zvy1\",\"editTime\":\"2025-11-10T15:53:22.834\",\"fileName\":\"3nql1cs15r8aviz39pth2bpsr4zvy1.txt\",\"folder\":\"C:\\\\Users\\\\XiaoXinPro 16 IAH\\\\Desktop\\\\LRIA_llm_eval\\\\eval\\\\Quantum_Bvt_20251110\\\\bvtfiles\",\"id\":1987790422033960960,\"isDeleted\":0,\"isTmpFile\":false,\"labelNameList\":[\"Sport\",\"Informational\",\"History\"],\"lastModifyTime\":\"2025-09-17T09:45:00\",\"md5\":\"da0c0f7162b267cca0de596df4c40c56\",\"path\":\"C:\\\\Users\\\\XiaoXinPro 16 IAH\\\\Desktop\\\\LRIA_llm_eval\\\\eval\\\\Quantum_Bvt_20251110\\\\bvtfiles\\\\3nql1cs15r8aviz39pth2bpsr4zvy1.txt\",\"previewPath\":\"c:\\\\users\\\\xiaoxinpro 16 iah\\\\documents\\\\qtcore\\\\pdffile\\\\ba50ed51f6b7714754652a80ab62df56.pdf\",\"priority\":2,\"score\":0.0,\"status\":\"COMPLETED\",\"tokenNum\":402,\"uriPath\":\"\"},{\"createTime\":\"2025-11-10T15:52:22.650\",\"description\":\"The document discusses psychological identity, emphasizing self-image, self-esteem, and individuality. Weinreich defines identity as the totality of one’s self-construal, connecting past, present, and future self-perceptions, and extending this to aspects like ethnic identity. The complexity of describing identity for individuals and groups is highlighted, taking into account both unique characteristics and group memberships, which can vary with circumstance. Drawing on theorists like Kelly, Erikson, and Tajfel, Weinreich’s Identity Structure Analysis (ISA) is introduced as a structural approach to represent individual existential experience. ISA focuses on how relationships between self and others are organized within socio-cultural contexts and over time. It uses constructs from individual, group, and cultural discourses to map the individual's appraisal of self, others, and institutions. The methodology operationalizes these concepts so that identity can be assessed through the situated self’s interactions across different contexts.\",\"docName\":\"3u84xhcdicdb6vqtlfud7syhj444z2\",\"editTime\":\"2025-11-10T15:53:26.485\",\"fileName\":\"3u84xhcdicdb6vqtlfud7syhj444z2.txt\",\"folder\":\"C:\\\\Users\\\\XiaoXinPro 16 IAH\\\\Desktop\\\\LRIA_llm_eval\\\\eval\\\\Quantum_Bvt_20251110\\\\bvtfiles\",\"id\":1987790422117847040,\"isDeleted\":0,\"isTmpFile\":false,\"labelNameList\":[\"Research Paper\",\"Informational\",\"Science\"],\"lastModifyTime\":\"2025-09-17T09:45:00\",\"md5\":\"a80f0ad4af9fd250a462680c85e6fbf0\",\"path\":\"C:\\\\Users\\\\XiaoXinPro 16 IAH\\\\Desktop\\\\LRIA_llm_eval\\\\eval\\\\Quantum_Bvt_20251110\\\\bvtfiles\\\\3u84xhcdicdb6vqtlfud7syhj444z2.txt\",\"previewPath\":\"c:\\\\users\\\\xiaoxinpro 16 iah\\\\documents\\\\qtcore\\\\pdffile\\\\044561594142e2ef357c9fbbdfaf4af5.pdf\",\"priority\":3,\"score\":0.0,\"status\":\"COMPLETED\",\"tokenNum\":414,\"uriPath\":\"\"},{\"createTime\":\"2025-11-10T15:52:22.668\",\"description\":\"In Chapter XVIII, Archie is ordered to assist the Earl and a sizeable group of men-at-arms in searching for Bruce, whose location was revealed by a traitor. Archie, though reluctant, prepares the hound, Hector, for the hunt and considers drastic measures to protect Bruce if they get too close. The party, led by the traitorous peasant, travels five miles into the hills to a hut where Bruce had recently stayed. Upon arrival, Hector becomes energetic and excited, eagerly sniffing around before picking up Bruce's trail. The hound’s pursuit is intense, forcing Archie to struggle to keep pace while the Earl and his knights follow at a slight distance with their men-at-arms. Archie warns the Earl that the noise from the horses and the knights’ equipment agitates the hound further, making him harder to control. The tense search unfolds with Archie contemplating escape should the situation demand it, given the formidable presence of mounted pursuers.\",\"docName\":\"3z3zlgnnsiuha76yy56h6uu71bh3q1\",\"editTime\":\"2025-11-10T15:53:29.649\",\"fileName\":\"3z3zlgnnsiuha76yy56h6uu71bh3q1.txt\",\"folder\":\"C:\\\\Users\\\\XiaoXinPro 16 IAH\\\\Desktop\\\\LRIA_llm_eval\\\\eval\\\\Quantum_Bvt_20251110\\\\bvtfiles\",\"id\":1987790422193344512,\"isDeleted\":0,\"isTmpFile\":false,\"labelNameList\":[\"Informational\",\"History\",\"Report\"],\"lastModifyTime\":\"2025-09-17T09:45:00\",\"md5\":\"bb28043dd606535bdcaf1ee30346b0f9\",\"path\":\"C:\\\\Users\\\\XiaoXinPro 16 IAH\\\\Desktop\\\\LRIA_llm_eval\\\\eval\\\\Quantum_Bvt_20251110\\\\bvtfiles\\\\3z3zlgnnsiuha76yy56h6uu71bh3q1.txt\",\"previewPath\":\"c:\\\\users\\\\xiaoxinpro 16 iah\\\\documents\\\\qtcore\\\\pdffile\\\\c5016b94612aaf89641b2e6895248f70.pdf\",\"priority\":4,\"score\":0.0,\"status\":\"COMPLETED\",\"tokenNum\":326,\"uriPath\":\"\"},{\"createTime\":\"2025-11-10T15:52:22.688\",\"description\":\"This document outlines the design of an AI Face Algorithm Evaluation Method, focusing on test set collection and variable matrices. It specifies head movement variables—pitch (up/down), yaw (left/right), and roll (clockwise/counterclockwise)—each with specified movement angles and data rates, as well as facial movements including mouth, eyes, and eyebrows, and associated conditions. Light exposure is detailed into weak, medium, strong, and uneven categories to account for optical flow variability. Horizontal head movement is included, with both left and right motion measured. Data is gathered using a laptop camera and Ruifeng's collection tool, using input video as both the driving video and ground truth; specific images are used as source images. Evaluation involves comparing driving and output videos. The protocol requires 70 videos (minimum 5 seconds each), with 10 videos per variable and targeting multiple participants, with at least 7 represented overall. The data rate defines each video’s contribution per variable. Emphasis is placed on collecting a diverse and representative dataset for robust algorithm assessment.\",\"docName\":\"AI_Face_Test_Set_Collection_Method_Design\",\"editTime\":\"2025-11-10T15:53:44.023\",\"fileName\":\"AI_Face_Test_Set_Collection_Method_Design.pptx\",\"folder\":\"C:\\\\Users\\\\XiaoXinPro 16 IAH\\\\Desktop\\\\LRIA_llm_eval\\\\eval\\\\Quantum_Bvt_20251110\\\\bvtfiles\",\"id\":1987790422277230592,\"isDeleted\":0,\"isTmpFile\":false,\"labelNameList\":[\"Technology\",\"Data Analysis\",\"Specifications\"],\"lastModifyTime\":\"2025-09-17T09:46:00\",\"md5\":\"b0f396e7936e0f6192cd880927e8e74b\",\"path\":\"C:\\\\Users\\\\XiaoXinPro 16 IAH\\\\Desktop\\\\LRIA_llm_eval\\\\eval\\\\Quantum_Bvt_20251110\\\\bvtfiles\\\\AI_Face_Test_Set_Collection_Method_Design.pptx\",\"previewPath\":\"c:\\\\users\\\\xiaoxinpro 16 iah\\\\documents\\\\qtcore\\\\pdffile\\\\c85631aabec673dabeda2b80233b5341.pdf\",\"priority\":5,\"score\":0.0,\"status\":\"COMPLETED\",\"tokenNum\":432,\"uriPath\":\"\"},{\"createTime\":\"2025-11-10T15:52:22.707\",\"description\":\"\",\"docName\":\"\",\"editTime\":\"2025-11-10T15:53:40.386\",\"fileName\":\"A_brief_introduction_of_LP_liutao21_20220615.pptx\",\"folder\":\"C:\\\\Users\\\\XiaoXinPro 16 IAH\\\\Desktop\\\\LRIA_llm_eval\\\\eval\\\\Quantum_Bvt_20251110\\\\bvtfiles\",\"id\":1987790422356922368,\"isDeleted\":0,\"isTmpFile\":false,\"labelNameList\":[],\"lastModifyTime\":\"2025-09-17T09:46:00\",\"md5\":\"0dbb2532524843af54fb3388b7bf3381\",\"path\":\"C:\\\\Users\\\\XiaoXinPro 16 IAH\\\\Desktop\\\\LRIA_llm_eval\\\\eval\\\\Quantum_Bvt_20251110\\\\bvtfiles\\\\A_brief_introduction_of_LP_liutao21_20220615.pptx\",\"priority\":6,\"score\":0.0,\"status\":\"RUNNING\",\"tokenNum\":0,\"uriPath\":\"\"},{\"createTime\":\"2025-11-10T15:52:22.764\",\"description\":\"\",\"docName\":\"\",\"editTime\":\"2025-11-10T15:52:22.764\",\"errorDescription\":\"\",\"fileName\":\"Belfast-English.docx\",\"folder\":\"C:\\\\Users\\\\XiaoXinPro 16 IAH\\\\Desktop\\\\LRIA_llm_eval\\\\eval\\\\Quantum_Bvt_20251110\\\\bvtfiles\",\"id\":1987790422595997696,\"isDeleted\":0,\"isTmpFile\":false,\"labelNameList\":[],\"lastModifyTime\":\"2025-09-17T09:45:00\",\"md5\":\"3193e699ffa92db332ae31a9fb1d3cb4\",\"path\":\"C:\\\\Users\\\\XiaoXinPro 16 IAH\\\\Desktop\\\\LRIA_llm_eval\\\\eval\\\\Quantum_Bvt_20251110\\\\bvtfiles\\\\Belfast-English.docx\",\"priority\":7,\"score\":0.0,\"status\":\"ADDED\",\"tokenNum\":0,\"uriPath\":\"\"},{\"createTime\":\"2025-11-10T15:52:22.784\",\"description\":\"\",\"docName\":\"\",\"editTime\":\"2025-11-10T15:52:22.784\",\"errorDescription\":\"\",\"fileName\":\"British-Food-Culture.doc\",\"folder\":\"C:\\\\Users\\\\XiaoXinPro 16 IAH\\\\Desktop\\\\LRIA_llm_eval\\\\eval\\\\Quantum_Bvt_20251110\\\\bvtfiles\",\"id\":1987790422679883776,\"isDeleted\":0,\"isTmpFile\":false,\"labelNameList\":[],\"lastModifyTime\":\"2025-09-17T09:45:00\",\"md5\":\"435798f1c3377c7f5b71e18d733ca579\",\"path\":\"C:\\\\Users\\\\XiaoXinPro 16 IAH\\\\Desktop\\\\LRIA_llm_eval\\\\eval\\\\Quantum_Bvt_20251110\\\\bvtfiles\\\\British-Food-Culture.doc\",\"priority\":8,\"score\":0.0,\"status\":\"ADDED\",\"tokenNum\":0,\"uriPath\":\"\"},{\"createTime\":\"2025-11-10T15:52:22.803\",\"description\":\"\",\"docName\":\"\",\"editTime\":\"2025-11-10T15:52:22.803\",\"errorDescription\":\"\",\"fileName\":\"Netflix Becomes a Broadway Producer With Peter Morgan’s Patriots.txt\",\"folder\":\"C:\\\\Users\\\\XiaoXinPro 16 IAH\\\\Desktop\\\\LRIA_llm_eval\\\\eval\\\\Quantum_Bvt_20251110\\\\bvtfiles\",\"id\":1987790422759575552,\"isDeleted\":0,\"isTmpFile\":false,\"labelNameList\":[],\"lastModifyTime\":\"2025-09-17T09:46:00\",\"md5\":\"ab84c46eaa62a18048fb0241446da4ca\",\"path\":\"C:\\\\Users\\\\XiaoXinPro 16 IAH\\\\Desktop\\\\LRIA_llm_eval\\\\eval\\\\Quantum_Bvt_20251110\\\\bvtfiles\\\\Netflix Becomes a Broadway Producer With Peter Morgan’s Patriots.txt\",\"priority\":9,\"score\":0.0,\"status\":\"ADDED\",\"tokenNum\":0,\"uriPath\":\"\"}]"}}
2025-11-10 15:53:50,969 - INFO - 文档数量: 9
2025-11-10 15:53:50,969 - INFO - 第1个文档状态: COMPLETED
2025-11-10 15:53:50,970 - INFO - 第2个文档状态: COMPLETED
2025-11-10 15:53:50,970 - INFO - 第3个文档状态: COMPLETED
2025-11-10 15:53:50,970 - INFO - 第4个文档状态: COMPLETED
2025-11-10 15:53:50,970 - INFO - 第5个文档状态: COMPLETED
2025-11-10 15:53:50,970 - INFO - 第6个文档状态: RUNNING
2025-11-10 15:53:50,970 - INFO - 第7个文档状态: ADDED
2025-11-10 15:53:50,970 - INFO - 第8个文档状态: ADDED
2025-11-10 15:53:50,971 - INFO - 第9个文档状态: ADDED
2025-11-10 15:53:50,971 - INFO - 仍有文档在处理中，第42次尝试...
2025-11-10 15:53:52,972 - DEBUG - Starting new HTTP connection (1): 127.0.0.1:35253
2025-11-10 15:53:52,975 - DEBUG - http://127.0.0.1:35253 "POST /upload HTTP/11" 200 19
2025-11-10 15:53:52,976 - INFO - 成功获取文档列表，upload_id: 9086985965753564999
2025-11-10 15:53:52,976 - INFO - 开始时间: 2025-11-10 15:53:52.976
2025-11-10 15:53:52,977 - DEBUG - Starting new HTTP connection (1): 127.0.0.1:35253
2025-11-10 15:53:52,982 - DEBUG - http://127.0.0.1:35253 "GET /query?fileData=9086985965753564999 HTTP/11" 200 None
2025-11-10 15:53:53,109 - INFO - 响应时间: 0.13秒
2025-11-10 15:53:53,119 - INFO - 第43次尝试，获取到的result_text: {"jobId":45,"status":"complete","data":{"text":"[{\"createTime\":\"2025-11-10T15:52:22.597\",\"description\":\"This paper investigates the computational hardness of learning Boolean functions from label proportions (LLP), an increasingly relevant machine learning paradigm where only aggregate label information over subsets (bags) of instances is available, generalizing traditional PAC learning. The authors prove several hardness results for LLP: (1) It is NP-hard to find a constant-clause CNF (including ORs) that satisfies any constant-fraction of bags of size at most 2, even when all bags are consistent with an OR function; this contrasts with prior approximation algorithms for halfspaces. (2) It is NP-hard to satisfy more than a (1/2 + δ)-fraction of such bags using constant-size DNF formulas. (3) For parity functions, it is NP-hard to satisfy more than (q / 2^{q-1} + δ)-fraction of the bags of size up to q using a parity function, with the best achievable approximation factor via a randomized algorithm being 1/2^{q-2}. These results show qualitative differences between LLP and PAC learning—the problems are tractable in PAC but intractable in LLP for these classes. The paper uses reductions from known Label Cover problems and applies probabilistic and algebraic techniques to establish tight inapproximability bounds. LLP is motivated by privacy, reduced labeling costs, and applications like medical image analysis. The work highlights fundamental barriers in learning Boolean functions when only label proportions are given, and provides benchmarks for algorithmic progress in LLP.\",\"docName\":\"2403.19401\",\"editTime\":\"2025-11-10T15:53:22.834\",\"fileName\":\"2403.19401.pdf\",\"folder\":\"C:\\\\Users\\\\XiaoXinPro 16 IAH\\\\Desktop\\\\LRIA_llm_eval\\\\eval\\\\Quantum_Bvt_20251110\\\\bvtfiles\",\"id\":1987790421895548928,\"isDeleted\":0,\"isTmpFile\":false,\"labelNameList\":[\"Technology\",\"Data Analysis\",\"Research Paper\"],\"lastModifyTime\":\"2025-09-17T09:45:00\",\"md5\":\"4ff6ba88616fcf7a71d1dca6c9adc14c\",\"path\":\"C:\\\\Users\\\\XiaoXinPro 16 IAH\\\\Desktop\\\\LRIA_llm_eval\\\\eval\\\\Quantum_Bvt_20251110\\\\bvtfiles\\\\2403.19401.pdf\",\"previewPath\":\"c:\\\\users\\\\xiaoxinpro 16 iah\\\\documents\\\\qtcore\\\\pdffile\\\\5a8b97086ee1c90294e728121903432b.pdf\",\"priority\":1,\"score\":0.0,\"status\":\"COMPLETED\",\"tokenNum\":14092,\"uriPath\":\"\"},{\"createTime\":\"2025-11-10T15:52:22.630\",\"description\":\"A One Day International (ODI) is a limited overs cricket match played between two international teams, typically with each side facing 50 overs. The format is used for high-profile tournaments like the Cricket World Cup and represents the highest standard of List A cricket. ODIs originated in 1971 when a Test match between Australia and England was abandoned due to rain, leading to a one-off game of 40 eight-ball overs, with Australia winning by 5 wickets. Initially, ODIs were played in white kits with a red ball. Significant changes occurred in the late 1970s, driven by Kerry Packer's World Series Cricket, which introduced coloured uniforms, nighttime matches under floodlights, white balls, and enhanced television coverage with multiple cameras and on-screen graphics. The first match with coloured uniforms was held in 1979. These innovations transformed the game, with players becoming full-time professionals, and coloured kits with white balls eventually becoming the ODI standard after 2001.\",\"docName\":\"3nql1cs15r8aviz39pth2bpsr4zvy1\",\"editTime\":\"2025-11-10T15:53:22.834\",\"fileName\":\"3nql1cs15r8aviz39pth2bpsr4zvy1.txt\",\"folder\":\"C:\\\\Users\\\\XiaoXinPro 16 IAH\\\\Desktop\\\\LRIA_llm_eval\\\\eval\\\\Quantum_Bvt_20251110\\\\bvtfiles\",\"id\":1987790422033960960,\"isDeleted\":0,\"isTmpFile\":false,\"labelNameList\":[\"Sport\",\"Informational\",\"History\"],\"lastModifyTime\":\"2025-09-17T09:45:00\",\"md5\":\"da0c0f7162b267cca0de596df4c40c56\",\"path\":\"C:\\\\Users\\\\XiaoXinPro 16 IAH\\\\Desktop\\\\LRIA_llm_eval\\\\eval\\\\Quantum_Bvt_20251110\\\\bvtfiles\\\\3nql1cs15r8aviz39pth2bpsr4zvy1.txt\",\"previewPath\":\"c:\\\\users\\\\xiaoxinpro 16 iah\\\\documents\\\\qtcore\\\\pdffile\\\\ba50ed51f6b7714754652a80ab62df56.pdf\",\"priority\":2,\"score\":0.0,\"status\":\"COMPLETED\",\"tokenNum\":402,\"uriPath\":\"\"},{\"createTime\":\"2025-11-10T15:52:22.650\",\"description\":\"The document discusses psychological identity, emphasizing self-image, self-esteem, and individuality. Weinreich defines identity as the totality of one’s self-construal, connecting past, present, and future self-perceptions, and extending this to aspects like ethnic identity. The complexity of describing identity for individuals and groups is highlighted, taking into account both unique characteristics and group memberships, which can vary with circumstance. Drawing on theorists like Kelly, Erikson, and Tajfel, Weinreich’s Identity Structure Analysis (ISA) is introduced as a structural approach to represent individual existential experience. ISA focuses on how relationships between self and others are organized within socio-cultural contexts and over time. It uses constructs from individual, group, and cultural discourses to map the individual's appraisal of self, others, and institutions. The methodology operationalizes these concepts so that identity can be assessed through the situated self’s interactions across different contexts.\",\"docName\":\"3u84xhcdicdb6vqtlfud7syhj444z2\",\"editTime\":\"2025-11-10T15:53:26.485\",\"fileName\":\"3u84xhcdicdb6vqtlfud7syhj444z2.txt\",\"folder\":\"C:\\\\Users\\\\XiaoXinPro 16 IAH\\\\Desktop\\\\LRIA_llm_eval\\\\eval\\\\Quantum_Bvt_20251110\\\\bvtfiles\",\"id\":1987790422117847040,\"isDeleted\":0,\"isTmpFile\":false,\"labelNameList\":[\"Research Paper\",\"Informational\",\"Science\"],\"lastModifyTime\":\"2025-09-17T09:45:00\",\"md5\":\"a80f0ad4af9fd250a462680c85e6fbf0\",\"path\":\"C:\\\\Users\\\\XiaoXinPro 16 IAH\\\\Desktop\\\\LRIA_llm_eval\\\\eval\\\\Quantum_Bvt_20251110\\\\bvtfiles\\\\3u84xhcdicdb6vqtlfud7syhj444z2.txt\",\"previewPath\":\"c:\\\\users\\\\xiaoxinpro 16 iah\\\\documents\\\\qtcore\\\\pdffile\\\\044561594142e2ef357c9fbbdfaf4af5.pdf\",\"priority\":3,\"score\":0.0,\"status\":\"COMPLETED\",\"tokenNum\":414,\"uriPath\":\"\"},{\"createTime\":\"2025-11-10T15:52:22.668\",\"description\":\"In Chapter XVIII, Archie is ordered to assist the Earl and a sizeable group of men-at-arms in searching for Bruce, whose location was revealed by a traitor. Archie, though reluctant, prepares the hound, Hector, for the hunt and considers drastic measures to protect Bruce if they get too close. The party, led by the traitorous peasant, travels five miles into the hills to a hut where Bruce had recently stayed. Upon arrival, Hector becomes energetic and excited, eagerly sniffing around before picking up Bruce's trail. The hound’s pursuit is intense, forcing Archie to struggle to keep pace while the Earl and his knights follow at a slight distance with their men-at-arms. Archie warns the Earl that the noise from the horses and the knights’ equipment agitates the hound further, making him harder to control. The tense search unfolds with Archie contemplating escape should the situation demand it, given the formidable presence of mounted pursuers.\",\"docName\":\"3z3zlgnnsiuha76yy56h6uu71bh3q1\",\"editTime\":\"2025-11-10T15:53:29.649\",\"fileName\":\"3z3zlgnnsiuha76yy56h6uu71bh3q1.txt\",\"folder\":\"C:\\\\Users\\\\XiaoXinPro 16 IAH\\\\Desktop\\\\LRIA_llm_eval\\\\eval\\\\Quantum_Bvt_20251110\\\\bvtfiles\",\"id\":1987790422193344512,\"isDeleted\":0,\"isTmpFile\":false,\"labelNameList\":[\"Informational\",\"History\",\"Report\"],\"lastModifyTime\":\"2025-09-17T09:45:00\",\"md5\":\"bb28043dd606535bdcaf1ee30346b0f9\",\"path\":\"C:\\\\Users\\\\XiaoXinPro 16 IAH\\\\Desktop\\\\LRIA_llm_eval\\\\eval\\\\Quantum_Bvt_20251110\\\\bvtfiles\\\\3z3zlgnnsiuha76yy56h6uu71bh3q1.txt\",\"previewPath\":\"c:\\\\users\\\\xiaoxinpro 16 iah\\\\documents\\\\qtcore\\\\pdffile\\\\c5016b94612aaf89641b2e6895248f70.pdf\",\"priority\":4,\"score\":0.0,\"status\":\"COMPLETED\",\"tokenNum\":326,\"uriPath\":\"\"},{\"createTime\":\"2025-11-10T15:52:22.688\",\"description\":\"This document outlines the design of an AI Face Algorithm Evaluation Method, focusing on test set collection and variable matrices. It specifies head movement variables—pitch (up/down), yaw (left/right), and roll (clockwise/counterclockwise)—each with specified movement angles and data rates, as well as facial movements including mouth, eyes, and eyebrows, and associated conditions. Light exposure is detailed into weak, medium, strong, and uneven categories to account for optical flow variability. Horizontal head movement is included, with both left and right motion measured. Data is gathered using a laptop camera and Ruifeng's collection tool, using input video as both the driving video and ground truth; specific images are used as source images. Evaluation involves comparing driving and output videos. The protocol requires 70 videos (minimum 5 seconds each), with 10 videos per variable and targeting multiple participants, with at least 7 represented overall. The data rate defines each video’s contribution per variable. Emphasis is placed on collecting a diverse and representative dataset for robust algorithm assessment.\",\"docName\":\"AI_Face_Test_Set_Collection_Method_Design\",\"editTime\":\"2025-11-10T15:53:44.023\",\"fileName\":\"AI_Face_Test_Set_Collection_Method_Design.pptx\",\"folder\":\"C:\\\\Users\\\\XiaoXinPro 16 IAH\\\\Desktop\\\\LRIA_llm_eval\\\\eval\\\\Quantum_Bvt_20251110\\\\bvtfiles\",\"id\":1987790422277230592,\"isDeleted\":0,\"isTmpFile\":false,\"labelNameList\":[\"Technology\",\"Data Analysis\",\"Specifications\"],\"lastModifyTime\":\"2025-09-17T09:46:00\",\"md5\":\"b0f396e7936e0f6192cd880927e8e74b\",\"path\":\"C:\\\\Users\\\\XiaoXinPro 16 IAH\\\\Desktop\\\\LRIA_llm_eval\\\\eval\\\\Quantum_Bvt_20251110\\\\bvtfiles\\\\AI_Face_Test_Set_Collection_Method_Design.pptx\",\"previewPath\":\"c:\\\\users\\\\xiaoxinpro 16 iah\\\\documents\\\\qtcore\\\\pdffile\\\\c85631aabec673dabeda2b80233b5341.pdf\",\"priority\":5,\"score\":0.0,\"status\":\"COMPLETED\",\"tokenNum\":432,\"uriPath\":\"\"},{\"createTime\":\"2025-11-10T15:52:22.707\",\"description\":\"\",\"docName\":\"\",\"editTime\":\"2025-11-10T15:53:40.386\",\"fileName\":\"A_brief_introduction_of_LP_liutao21_20220615.pptx\",\"folder\":\"C:\\\\Users\\\\XiaoXinPro 16 IAH\\\\Desktop\\\\LRIA_llm_eval\\\\eval\\\\Quantum_Bvt_20251110\\\\bvtfiles\",\"id\":1987790422356922368,\"isDeleted\":0,\"isTmpFile\":false,\"labelNameList\":[],\"lastModifyTime\":\"2025-09-17T09:46:00\",\"md5\":\"0dbb2532524843af54fb3388b7bf3381\",\"path\":\"C:\\\\Users\\\\XiaoXinPro 16 IAH\\\\Desktop\\\\LRIA_llm_eval\\\\eval\\\\Quantum_Bvt_20251110\\\\bvtfiles\\\\A_brief_introduction_of_LP_liutao21_20220615.pptx\",\"priority\":6,\"score\":0.0,\"status\":\"RUNNING\",\"tokenNum\":0,\"uriPath\":\"\"},{\"createTime\":\"2025-11-10T15:52:22.764\",\"description\":\"\",\"docName\":\"\",\"editTime\":\"2025-11-10T15:52:22.764\",\"errorDescription\":\"\",\"fileName\":\"Belfast-English.docx\",\"folder\":\"C:\\\\Users\\\\XiaoXinPro 16 IAH\\\\Desktop\\\\LRIA_llm_eval\\\\eval\\\\Quantum_Bvt_20251110\\\\bvtfiles\",\"id\":1987790422595997696,\"isDeleted\":0,\"isTmpFile\":false,\"labelNameList\":[],\"lastModifyTime\":\"2025-09-17T09:45:00\",\"md5\":\"3193e699ffa92db332ae31a9fb1d3cb4\",\"path\":\"C:\\\\Users\\\\XiaoXinPro 16 IAH\\\\Desktop\\\\LRIA_llm_eval\\\\eval\\\\Quantum_Bvt_20251110\\\\bvtfiles\\\\Belfast-English.docx\",\"priority\":7,\"score\":0.0,\"status\":\"ADDED\",\"tokenNum\":0,\"uriPath\":\"\"},{\"createTime\":\"2025-11-10T15:52:22.784\",\"description\":\"\",\"docName\":\"\",\"editTime\":\"2025-11-10T15:52:22.784\",\"errorDescription\":\"\",\"fileName\":\"British-Food-Culture.doc\",\"folder\":\"C:\\\\Users\\\\XiaoXinPro 16 IAH\\\\Desktop\\\\LRIA_llm_eval\\\\eval\\\\Quantum_Bvt_20251110\\\\bvtfiles\",\"id\":1987790422679883776,\"isDeleted\":0,\"isTmpFile\":false,\"labelNameList\":[],\"lastModifyTime\":\"2025-09-17T09:45:00\",\"md5\":\"435798f1c3377c7f5b71e18d733ca579\",\"path\":\"C:\\\\Users\\\\XiaoXinPro 16 IAH\\\\Desktop\\\\LRIA_llm_eval\\\\eval\\\\Quantum_Bvt_20251110\\\\bvtfiles\\\\British-Food-Culture.doc\",\"priority\":8,\"score\":0.0,\"status\":\"ADDED\",\"tokenNum\":0,\"uriPath\":\"\"},{\"createTime\":\"2025-11-10T15:52:22.803\",\"description\":\"\",\"docName\":\"\",\"editTime\":\"2025-11-10T15:52:22.803\",\"errorDescription\":\"\",\"fileName\":\"Netflix Becomes a Broadway Producer With Peter Morgan’s Patriots.txt\",\"folder\":\"C:\\\\Users\\\\XiaoXinPro 16 IAH\\\\Desktop\\\\LRIA_llm_eval\\\\eval\\\\Quantum_Bvt_20251110\\\\bvtfiles\",\"id\":1987790422759575552,\"isDeleted\":0,\"isTmpFile\":false,\"labelNameList\":[],\"lastModifyTime\":\"2025-09-17T09:46:00\",\"md5\":\"ab84c46eaa62a18048fb0241446da4ca\",\"path\":\"C:\\\\Users\\\\XiaoXinPro 16 IAH\\\\Desktop\\\\LRIA_llm_eval\\\\eval\\\\Quantum_Bvt_20251110\\\\bvtfiles\\\\Netflix Becomes a Broadway Producer With Peter Morgan’s Patriots.txt\",\"priority\":9,\"score\":0.0,\"status\":\"ADDED\",\"tokenNum\":0,\"uriPath\":\"\"}]"}}
2025-11-10 15:53:53,120 - INFO - 文档数量: 9
2025-11-10 15:53:53,122 - INFO - 第1个文档状态: COMPLETED
2025-11-10 15:53:53,122 - INFO - 第2个文档状态: COMPLETED
2025-11-10 15:53:53,125 - INFO - 第3个文档状态: COMPLETED
2025-11-10 15:53:53,127 - INFO - 第4个文档状态: COMPLETED
2025-11-10 15:53:53,127 - INFO - 第5个文档状态: COMPLETED
2025-11-10 15:53:53,129 - INFO - 第6个文档状态: RUNNING
2025-11-10 15:53:53,129 - INFO - 第7个文档状态: ADDED
2025-11-10 15:53:53,130 - INFO - 第8个文档状态: ADDED
2025-11-10 15:53:53,130 - INFO - 第9个文档状态: ADDED
2025-11-10 15:53:53,132 - INFO - 仍有文档在处理中，第43次尝试...
2025-11-10 15:53:55,133 - DEBUG - Starting new HTTP connection (1): 127.0.0.1:35253
2025-11-10 15:53:55,137 - DEBUG - http://127.0.0.1:35253 "POST /upload HTTP/11" 200 20
2025-11-10 15:53:55,138 - INFO - 成功获取文档列表，upload_id: -7182327796173753780
2025-11-10 15:53:55,138 - INFO - 开始时间: 2025-11-10 15:53:55.138
2025-11-10 15:53:55,140 - DEBUG - Starting new HTTP connection (1): 127.0.0.1:35253
2025-11-10 15:53:55,149 - DEBUG - http://127.0.0.1:35253 "GET /query?fileData=-7182327796173753780 HTTP/11" 200 None
2025-11-10 15:53:55,259 - INFO - 响应时间: 0.12秒
2025-11-10 15:53:55,260 - INFO - 第44次尝试，获取到的result_text: {"jobId":46,"status":"complete","data":{"text":"[{\"createTime\":\"2025-11-10T15:52:22.597\",\"description\":\"This paper investigates the computational hardness of learning Boolean functions from label proportions (LLP), an increasingly relevant machine learning paradigm where only aggregate label information over subsets (bags) of instances is available, generalizing traditional PAC learning. The authors prove several hardness results for LLP: (1) It is NP-hard to find a constant-clause CNF (including ORs) that satisfies any constant-fraction of bags of size at most 2, even when all bags are consistent with an OR function; this contrasts with prior approximation algorithms for halfspaces. (2) It is NP-hard to satisfy more than a (1/2 + δ)-fraction of such bags using constant-size DNF formulas. (3) For parity functions, it is NP-hard to satisfy more than (q / 2^{q-1} + δ)-fraction of the bags of size up to q using a parity function, with the best achievable approximation factor via a randomized algorithm being 1/2^{q-2}. These results show qualitative differences between LLP and PAC learning—the problems are tractable in PAC but intractable in LLP for these classes. The paper uses reductions from known Label Cover problems and applies probabilistic and algebraic techniques to establish tight inapproximability bounds. LLP is motivated by privacy, reduced labeling costs, and applications like medical image analysis. The work highlights fundamental barriers in learning Boolean functions when only label proportions are given, and provides benchmarks for algorithmic progress in LLP.\",\"docName\":\"2403.19401\",\"editTime\":\"2025-11-10T15:53:22.834\",\"fileName\":\"2403.19401.pdf\",\"folder\":\"C:\\\\Users\\\\XiaoXinPro 16 IAH\\\\Desktop\\\\LRIA_llm_eval\\\\eval\\\\Quantum_Bvt_20251110\\\\bvtfiles\",\"id\":1987790421895548928,\"isDeleted\":0,\"isTmpFile\":false,\"labelNameList\":[\"Technology\",\"Data Analysis\",\"Research Paper\"],\"lastModifyTime\":\"2025-09-17T09:45:00\",\"md5\":\"4ff6ba88616fcf7a71d1dca6c9adc14c\",\"path\":\"C:\\\\Users\\\\XiaoXinPro 16 IAH\\\\Desktop\\\\LRIA_llm_eval\\\\eval\\\\Quantum_Bvt_20251110\\\\bvtfiles\\\\2403.19401.pdf\",\"previewPath\":\"c:\\\\users\\\\xiaoxinpro 16 iah\\\\documents\\\\qtcore\\\\pdffile\\\\5a8b97086ee1c90294e728121903432b.pdf\",\"priority\":1,\"score\":0.0,\"status\":\"COMPLETED\",\"tokenNum\":14092,\"uriPath\":\"\"},{\"createTime\":\"2025-11-10T15:52:22.630\",\"description\":\"A One Day International (ODI) is a limited overs cricket match played between two international teams, typically with each side facing 50 overs. The format is used for high-profile tournaments like the Cricket World Cup and represents the highest standard of List A cricket. ODIs originated in 1971 when a Test match between Australia and England was abandoned due to rain, leading to a one-off game of 40 eight-ball overs, with Australia winning by 5 wickets. Initially, ODIs were played in white kits with a red ball. Significant changes occurred in the late 1970s, driven by Kerry Packer's World Series Cricket, which introduced coloured uniforms, nighttime matches under floodlights, white balls, and enhanced television coverage with multiple cameras and on-screen graphics. The first match with coloured uniforms was held in 1979. These innovations transformed the game, with players becoming full-time professionals, and coloured kits with white balls eventually becoming the ODI standard after 2001.\",\"docName\":\"3nql1cs15r8aviz39pth2bpsr4zvy1\",\"editTime\":\"2025-11-10T15:53:22.834\",\"fileName\":\"3nql1cs15r8aviz39pth2bpsr4zvy1.txt\",\"folder\":\"C:\\\\Users\\\\XiaoXinPro 16 IAH\\\\Desktop\\\\LRIA_llm_eval\\\\eval\\\\Quantum_Bvt_20251110\\\\bvtfiles\",\"id\":1987790422033960960,\"isDeleted\":0,\"isTmpFile\":false,\"labelNameList\":[\"Sport\",\"Informational\",\"History\"],\"lastModifyTime\":\"2025-09-17T09:45:00\",\"md5\":\"da0c0f7162b267cca0de596df4c40c56\",\"path\":\"C:\\\\Users\\\\XiaoXinPro 16 IAH\\\\Desktop\\\\LRIA_llm_eval\\\\eval\\\\Quantum_Bvt_20251110\\\\bvtfiles\\\\3nql1cs15r8aviz39pth2bpsr4zvy1.txt\",\"previewPath\":\"c:\\\\users\\\\xiaoxinpro 16 iah\\\\documents\\\\qtcore\\\\pdffile\\\\ba50ed51f6b7714754652a80ab62df56.pdf\",\"priority\":2,\"score\":0.0,\"status\":\"COMPLETED\",\"tokenNum\":402,\"uriPath\":\"\"},{\"createTime\":\"2025-11-10T15:52:22.650\",\"description\":\"The document discusses psychological identity, emphasizing self-image, self-esteem, and individuality. Weinreich defines identity as the totality of one’s self-construal, connecting past, present, and future self-perceptions, and extending this to aspects like ethnic identity. The complexity of describing identity for individuals and groups is highlighted, taking into account both unique characteristics and group memberships, which can vary with circumstance. Drawing on theorists like Kelly, Erikson, and Tajfel, Weinreich’s Identity Structure Analysis (ISA) is introduced as a structural approach to represent individual existential experience. ISA focuses on how relationships between self and others are organized within socio-cultural contexts and over time. It uses constructs from individual, group, and cultural discourses to map the individual's appraisal of self, others, and institutions. The methodology operationalizes these concepts so that identity can be assessed through the situated self’s interactions across different contexts.\",\"docName\":\"3u84xhcdicdb6vqtlfud7syhj444z2\",\"editTime\":\"2025-11-10T15:53:26.485\",\"fileName\":\"3u84xhcdicdb6vqtlfud7syhj444z2.txt\",\"folder\":\"C:\\\\Users\\\\XiaoXinPro 16 IAH\\\\Desktop\\\\LRIA_llm_eval\\\\eval\\\\Quantum_Bvt_20251110\\\\bvtfiles\",\"id\":1987790422117847040,\"isDeleted\":0,\"isTmpFile\":false,\"labelNameList\":[\"Research Paper\",\"Informational\",\"Science\"],\"lastModifyTime\":\"2025-09-17T09:45:00\",\"md5\":\"a80f0ad4af9fd250a462680c85e6fbf0\",\"path\":\"C:\\\\Users\\\\XiaoXinPro 16 IAH\\\\Desktop\\\\LRIA_llm_eval\\\\eval\\\\Quantum_Bvt_20251110\\\\bvtfiles\\\\3u84xhcdicdb6vqtlfud7syhj444z2.txt\",\"previewPath\":\"c:\\\\users\\\\xiaoxinpro 16 iah\\\\documents\\\\qtcore\\\\pdffile\\\\044561594142e2ef357c9fbbdfaf4af5.pdf\",\"priority\":3,\"score\":0.0,\"status\":\"COMPLETED\",\"tokenNum\":414,\"uriPath\":\"\"},{\"createTime\":\"2025-11-10T15:52:22.668\",\"description\":\"In Chapter XVIII, Archie is ordered to assist the Earl and a sizeable group of men-at-arms in searching for Bruce, whose location was revealed by a traitor. Archie, though reluctant, prepares the hound, Hector, for the hunt and considers drastic measures to protect Bruce if they get too close. The party, led by the traitorous peasant, travels five miles into the hills to a hut where Bruce had recently stayed. Upon arrival, Hector becomes energetic and excited, eagerly sniffing around before picking up Bruce's trail. The hound’s pursuit is intense, forcing Archie to struggle to keep pace while the Earl and his knights follow at a slight distance with their men-at-arms. Archie warns the Earl that the noise from the horses and the knights’ equipment agitates the hound further, making him harder to control. The tense search unfolds with Archie contemplating escape should the situation demand it, given the formidable presence of mounted pursuers.\",\"docName\":\"3z3zlgnnsiuha76yy56h6uu71bh3q1\",\"editTime\":\"2025-11-10T15:53:29.649\",\"fileName\":\"3z3zlgnnsiuha76yy56h6uu71bh3q1.txt\",\"folder\":\"C:\\\\Users\\\\XiaoXinPro 16 IAH\\\\Desktop\\\\LRIA_llm_eval\\\\eval\\\\Quantum_Bvt_20251110\\\\bvtfiles\",\"id\":1987790422193344512,\"isDeleted\":0,\"isTmpFile\":false,\"labelNameList\":[\"Informational\",\"History\",\"Report\"],\"lastModifyTime\":\"2025-09-17T09:45:00\",\"md5\":\"bb28043dd606535bdcaf1ee30346b0f9\",\"path\":\"C:\\\\Users\\\\XiaoXinPro 16 IAH\\\\Desktop\\\\LRIA_llm_eval\\\\eval\\\\Quantum_Bvt_20251110\\\\bvtfiles\\\\3z3zlgnnsiuha76yy56h6uu71bh3q1.txt\",\"previewPath\":\"c:\\\\users\\\\xiaoxinpro 16 iah\\\\documents\\\\qtcore\\\\pdffile\\\\c5016b94612aaf89641b2e6895248f70.pdf\",\"priority\":4,\"score\":0.0,\"status\":\"COMPLETED\",\"tokenNum\":326,\"uriPath\":\"\"},{\"createTime\":\"2025-11-10T15:52:22.688\",\"description\":\"This document outlines the design of an AI Face Algorithm Evaluation Method, focusing on test set collection and variable matrices. It specifies head movement variables—pitch (up/down), yaw (left/right), and roll (clockwise/counterclockwise)—each with specified movement angles and data rates, as well as facial movements including mouth, eyes, and eyebrows, and associated conditions. Light exposure is detailed into weak, medium, strong, and uneven categories to account for optical flow variability. Horizontal head movement is included, with both left and right motion measured. Data is gathered using a laptop camera and Ruifeng's collection tool, using input video as both the driving video and ground truth; specific images are used as source images. Evaluation involves comparing driving and output videos. The protocol requires 70 videos (minimum 5 seconds each), with 10 videos per variable and targeting multiple participants, with at least 7 represented overall. The data rate defines each video’s contribution per variable. Emphasis is placed on collecting a diverse and representative dataset for robust algorithm assessment.\",\"docName\":\"AI_Face_Test_Set_Collection_Method_Design\",\"editTime\":\"2025-11-10T15:53:44.023\",\"fileName\":\"AI_Face_Test_Set_Collection_Method_Design.pptx\",\"folder\":\"C:\\\\Users\\\\XiaoXinPro 16 IAH\\\\Desktop\\\\LRIA_llm_eval\\\\eval\\\\Quantum_Bvt_20251110\\\\bvtfiles\",\"id\":1987790422277230592,\"isDeleted\":0,\"isTmpFile\":false,\"labelNameList\":[\"Technology\",\"Data Analysis\",\"Specifications\"],\"lastModifyTime\":\"2025-09-17T09:46:00\",\"md5\":\"b0f396e7936e0f6192cd880927e8e74b\",\"path\":\"C:\\\\Users\\\\XiaoXinPro 16 IAH\\\\Desktop\\\\LRIA_llm_eval\\\\eval\\\\Quantum_Bvt_20251110\\\\bvtfiles\\\\AI_Face_Test_Set_Collection_Method_Design.pptx\",\"previewPath\":\"c:\\\\users\\\\xiaoxinpro 16 iah\\\\documents\\\\qtcore\\\\pdffile\\\\c85631aabec673dabeda2b80233b5341.pdf\",\"priority\":5,\"score\":0.0,\"status\":\"COMPLETED\",\"tokenNum\":432,\"uriPath\":\"\"},{\"createTime\":\"2025-11-10T15:52:22.707\",\"description\":\"\",\"docName\":\"A_brief_introduction_of_LP_liutao21_20220615\",\"editTime\":\"2025-11-10T15:53:54.894\",\"fileName\":\"A_brief_introduction_of_LP_liutao21_20220615.pptx\",\"folder\":\"C:\\\\Users\\\\XiaoXinPro 16 IAH\\\\Desktop\\\\LRIA_llm_eval\\\\eval\\\\Quantum_Bvt_20251110\\\\bvtfiles\",\"id\":1987790422356922368,\"isDeleted\":0,\"isTmpFile\":false,\"labelNameList\":[],\"lastModifyTime\":\"2025-09-17T09:46:00\",\"md5\":\"0dbb2532524843af54fb3388b7bf3381\",\"path\":\"C:\\\\Users\\\\XiaoXinPro 16 IAH\\\\Desktop\\\\LRIA_llm_eval\\\\eval\\\\Quantum_Bvt_20251110\\\\bvtfiles\\\\A_brief_introduction_of_LP_liutao21_20220615.pptx\",\"previewPath\":\"c:\\\\users\\\\xiaoxinpro 16 iah\\\\documents\\\\qtcore\\\\pdffile\\\\236ffb1926cb5ac1cef47fd4707ea1f7.pdf\",\"priority\":6,\"score\":0.0,\"status\":\"COMPLETED\",\"tokenNum\":1297,\"uriPath\":\"\"},{\"createTime\":\"2025-11-10T15:52:22.764\",\"description\":\"\",\"docName\":\"\",\"editTime\":\"2025-11-10T15:53:54.916\",\"fileName\":\"Belfast-English.docx\",\"folder\":\"C:\\\\Users\\\\XiaoXinPro 16 IAH\\\\Desktop\\\\LRIA_llm_eval\\\\eval\\\\Quantum_Bvt_20251110\\\\bvtfiles\",\"id\":1987790422595997696,\"isDeleted\":0,\"isTmpFile\":false,\"labelNameList\":[],\"lastModifyTime\":\"2025-09-17T09:45:00\",\"md5\":\"3193e699ffa92db332ae31a9fb1d3cb4\",\"path\":\"C:\\\\Users\\\\XiaoXinPro 16 IAH\\\\Desktop\\\\LRIA_llm_eval\\\\eval\\\\Quantum_Bvt_20251110\\\\bvtfiles\\\\Belfast-English.docx\",\"priority\":7,\"score\":0.0,\"status\":\"RUNNING\",\"tokenNum\":0,\"uriPath\":\"\"},{\"createTime\":\"2025-11-10T15:52:22.784\",\"description\":\"\",\"docName\":\"\",\"editTime\":\"2025-11-10T15:52:22.784\",\"errorDescription\":\"\",\"fileName\":\"British-Food-Culture.doc\",\"folder\":\"C:\\\\Users\\\\XiaoXinPro 16 IAH\\\\Desktop\\\\LRIA_llm_eval\\\\eval\\\\Quantum_Bvt_20251110\\\\bvtfiles\",\"id\":1987790422679883776,\"isDeleted\":0,\"isTmpFile\":false,\"labelNameList\":[],\"lastModifyTime\":\"2025-09-17T09:45:00\",\"md5\":\"435798f1c3377c7f5b71e18d733ca579\",\"path\":\"C:\\\\Users\\\\XiaoXinPro 16 IAH\\\\Desktop\\\\LRIA_llm_eval\\\\eval\\\\Quantum_Bvt_20251110\\\\bvtfiles\\\\British-Food-Culture.doc\",\"priority\":8,\"score\":0.0,\"status\":\"ADDED\",\"tokenNum\":0,\"uriPath\":\"\"},{\"createTime\":\"2025-11-10T15:52:22.803\",\"description\":\"\",\"docName\":\"\",\"editTime\":\"2025-11-10T15:52:22.803\",\"errorDescription\":\"\",\"fileName\":\"Netflix Becomes a Broadway Producer With Peter Morgan’s Patriots.txt\",\"folder\":\"C:\\\\Users\\\\XiaoXinPro 16 IAH\\\\Desktop\\\\LRIA_llm_eval\\\\eval\\\\Quantum_Bvt_20251110\\\\bvtfiles\",\"id\":1987790422759575552,\"isDeleted\":0,\"isTmpFile\":false,\"labelNameList\":[],\"lastModifyTime\":\"2025-09-17T09:46:00\",\"md5\":\"ab84c46eaa62a18048fb0241446da4ca\",\"path\":\"C:\\\\Users\\\\XiaoXinPro 16 IAH\\\\Desktop\\\\LRIA_llm_eval\\\\eval\\\\Quantum_Bvt_20251110\\\\bvtfiles\\\\Netflix Becomes a Broadway Producer With Peter Morgan’s Patriots.txt\",\"priority\":9,\"score\":0.0,\"status\":\"ADDED\",\"tokenNum\":0,\"uriPath\":\"\"}]"}}
2025-11-10 15:53:55,261 - INFO - 文档数量: 9
2025-11-10 15:53:55,261 - INFO - 第1个文档状态: COMPLETED
2025-11-10 15:53:55,261 - INFO - 第2个文档状态: COMPLETED
2025-11-10 15:53:55,261 - INFO - 第3个文档状态: COMPLETED
2025-11-10 15:53:55,261 - INFO - 第4个文档状态: COMPLETED
2025-11-10 15:53:55,262 - INFO - 第5个文档状态: COMPLETED
2025-11-10 15:53:55,262 - INFO - 第6个文档状态: COMPLETED
2025-11-10 15:53:55,262 - INFO - 第7个文档状态: RUNNING
2025-11-10 15:53:55,262 - INFO - 第8个文档状态: ADDED
2025-11-10 15:53:55,262 - INFO - 第9个文档状态: ADDED
2025-11-10 15:53:55,262 - INFO - 仍有文档在处理中，第44次尝试...
2025-11-10 15:53:57,263 - DEBUG - Starting new HTTP connection (1): 127.0.0.1:35253
2025-11-10 15:53:57,267 - DEBUG - http://127.0.0.1:35253 "POST /upload HTTP/11" 200 19
2025-11-10 15:53:57,268 - INFO - 成功获取文档列表，upload_id: 3363396225121465500
2025-11-10 15:53:57,268 - INFO - 开始时间: 2025-11-10 15:53:57.268
2025-11-10 15:53:57,269 - DEBUG - Starting new HTTP connection (1): 127.0.0.1:35253
2025-11-10 15:53:57,276 - DEBUG - http://127.0.0.1:35253 "GET /query?fileData=3363396225121465500 HTTP/11" 200 None
2025-11-10 15:53:57,417 - INFO - 响应时间: 0.15秒
2025-11-10 15:53:57,418 - INFO - 第45次尝试，获取到的result_text: {"jobId":47,"status":"complete","data":{"text":"[{\"createTime\":\"2025-11-10T15:52:22.597\",\"description\":\"This paper investigates the computational hardness of learning Boolean functions from label proportions (LLP), an increasingly relevant machine learning paradigm where only aggregate label information over subsets (bags) of instances is available, generalizing traditional PAC learning. The authors prove several hardness results for LLP: (1) It is NP-hard to find a constant-clause CNF (including ORs) that satisfies any constant-fraction of bags of size at most 2, even when all bags are consistent with an OR function; this contrasts with prior approximation algorithms for halfspaces. (2) It is NP-hard to satisfy more than a (1/2 + δ)-fraction of such bags using constant-size DNF formulas. (3) For parity functions, it is NP-hard to satisfy more than (q / 2^{q-1} + δ)-fraction of the bags of size up to q using a parity function, with the best achievable approximation factor via a randomized algorithm being 1/2^{q-2}. These results show qualitative differences between LLP and PAC learning—the problems are tractable in PAC but intractable in LLP for these classes. The paper uses reductions from known Label Cover problems and applies probabilistic and algebraic techniques to establish tight inapproximability bounds. LLP is motivated by privacy, reduced labeling costs, and applications like medical image analysis. The work highlights fundamental barriers in learning Boolean functions when only label proportions are given, and provides benchmarks for algorithmic progress in LLP.\",\"docName\":\"2403.19401\",\"editTime\":\"2025-11-10T15:53:22.834\",\"fileName\":\"2403.19401.pdf\",\"folder\":\"C:\\\\Users\\\\XiaoXinPro 16 IAH\\\\Desktop\\\\LRIA_llm_eval\\\\eval\\\\Quantum_Bvt_20251110\\\\bvtfiles\",\"id\":1987790421895548928,\"isDeleted\":0,\"isTmpFile\":false,\"labelNameList\":[\"Technology\",\"Data Analysis\",\"Research Paper\"],\"lastModifyTime\":\"2025-09-17T09:45:00\",\"md5\":\"4ff6ba88616fcf7a71d1dca6c9adc14c\",\"path\":\"C:\\\\Users\\\\XiaoXinPro 16 IAH\\\\Desktop\\\\LRIA_llm_eval\\\\eval\\\\Quantum_Bvt_20251110\\\\bvtfiles\\\\2403.19401.pdf\",\"previewPath\":\"c:\\\\users\\\\xiaoxinpro 16 iah\\\\documents\\\\qtcore\\\\pdffile\\\\5a8b97086ee1c90294e728121903432b.pdf\",\"priority\":1,\"score\":0.0,\"status\":\"COMPLETED\",\"tokenNum\":14092,\"uriPath\":\"\"},{\"createTime\":\"2025-11-10T15:52:22.630\",\"description\":\"A One Day International (ODI) is a limited overs cricket match played between two international teams, typically with each side facing 50 overs. The format is used for high-profile tournaments like the Cricket World Cup and represents the highest standard of List A cricket. ODIs originated in 1971 when a Test match between Australia and England was abandoned due to rain, leading to a one-off game of 40 eight-ball overs, with Australia winning by 5 wickets. Initially, ODIs were played in white kits with a red ball. Significant changes occurred in the late 1970s, driven by Kerry Packer's World Series Cricket, which introduced coloured uniforms, nighttime matches under floodlights, white balls, and enhanced television coverage with multiple cameras and on-screen graphics. The first match with coloured uniforms was held in 1979. These innovations transformed the game, with players becoming full-time professionals, and coloured kits with white balls eventually becoming the ODI standard after 2001.\",\"docName\":\"3nql1cs15r8aviz39pth2bpsr4zvy1\",\"editTime\":\"2025-11-10T15:53:22.834\",\"fileName\":\"3nql1cs15r8aviz39pth2bpsr4zvy1.txt\",\"folder\":\"C:\\\\Users\\\\XiaoXinPro 16 IAH\\\\Desktop\\\\LRIA_llm_eval\\\\eval\\\\Quantum_Bvt_20251110\\\\bvtfiles\",\"id\":1987790422033960960,\"isDeleted\":0,\"isTmpFile\":false,\"labelNameList\":[\"Sport\",\"Informational\",\"History\"],\"lastModifyTime\":\"2025-09-17T09:45:00\",\"md5\":\"da0c0f7162b267cca0de596df4c40c56\",\"path\":\"C:\\\\Users\\\\XiaoXinPro 16 IAH\\\\Desktop\\\\LRIA_llm_eval\\\\eval\\\\Quantum_Bvt_20251110\\\\bvtfiles\\\\3nql1cs15r8aviz39pth2bpsr4zvy1.txt\",\"previewPath\":\"c:\\\\users\\\\xiaoxinpro 16 iah\\\\documents\\\\qtcore\\\\pdffile\\\\ba50ed51f6b7714754652a80ab62df56.pdf\",\"priority\":2,\"score\":0.0,\"status\":\"COMPLETED\",\"tokenNum\":402,\"uriPath\":\"\"},{\"createTime\":\"2025-11-10T15:52:22.650\",\"description\":\"The document discusses psychological identity, emphasizing self-image, self-esteem, and individuality. Weinreich defines identity as the totality of one’s self-construal, connecting past, present, and future self-perceptions, and extending this to aspects like ethnic identity. The complexity of describing identity for individuals and groups is highlighted, taking into account both unique characteristics and group memberships, which can vary with circumstance. Drawing on theorists like Kelly, Erikson, and Tajfel, Weinreich’s Identity Structure Analysis (ISA) is introduced as a structural approach to represent individual existential experience. ISA focuses on how relationships between self and others are organized within socio-cultural contexts and over time. It uses constructs from individual, group, and cultural discourses to map the individual's appraisal of self, others, and institutions. The methodology operationalizes these concepts so that identity can be assessed through the situated self’s interactions across different contexts.\",\"docName\":\"3u84xhcdicdb6vqtlfud7syhj444z2\",\"editTime\":\"2025-11-10T15:53:26.485\",\"fileName\":\"3u84xhcdicdb6vqtlfud7syhj444z2.txt\",\"folder\":\"C:\\\\Users\\\\XiaoXinPro 16 IAH\\\\Desktop\\\\LRIA_llm_eval\\\\eval\\\\Quantum_Bvt_20251110\\\\bvtfiles\",\"id\":1987790422117847040,\"isDeleted\":0,\"isTmpFile\":false,\"labelNameList\":[\"Research Paper\",\"Informational\",\"Science\"],\"lastModifyTime\":\"2025-09-17T09:45:00\",\"md5\":\"a80f0ad4af9fd250a462680c85e6fbf0\",\"path\":\"C:\\\\Users\\\\XiaoXinPro 16 IAH\\\\Desktop\\\\LRIA_llm_eval\\\\eval\\\\Quantum_Bvt_20251110\\\\bvtfiles\\\\3u84xhcdicdb6vqtlfud7syhj444z2.txt\",\"previewPath\":\"c:\\\\users\\\\xiaoxinpro 16 iah\\\\documents\\\\qtcore\\\\pdffile\\\\044561594142e2ef357c9fbbdfaf4af5.pdf\",\"priority\":3,\"score\":0.0,\"status\":\"COMPLETED\",\"tokenNum\":414,\"uriPath\":\"\"},{\"createTime\":\"2025-11-10T15:52:22.668\",\"description\":\"In Chapter XVIII, Archie is ordered to assist the Earl and a sizeable group of men-at-arms in searching for Bruce, whose location was revealed by a traitor. Archie, though reluctant, prepares the hound, Hector, for the hunt and considers drastic measures to protect Bruce if they get too close. The party, led by the traitorous peasant, travels five miles into the hills to a hut where Bruce had recently stayed. Upon arrival, Hector becomes energetic and excited, eagerly sniffing around before picking up Bruce's trail. The hound’s pursuit is intense, forcing Archie to struggle to keep pace while the Earl and his knights follow at a slight distance with their men-at-arms. Archie warns the Earl that the noise from the horses and the knights’ equipment agitates the hound further, making him harder to control. The tense search unfolds with Archie contemplating escape should the situation demand it, given the formidable presence of mounted pursuers.\",\"docName\":\"3z3zlgnnsiuha76yy56h6uu71bh3q1\",\"editTime\":\"2025-11-10T15:53:29.649\",\"fileName\":\"3z3zlgnnsiuha76yy56h6uu71bh3q1.txt\",\"folder\":\"C:\\\\Users\\\\XiaoXinPro 16 IAH\\\\Desktop\\\\LRIA_llm_eval\\\\eval\\\\Quantum_Bvt_20251110\\\\bvtfiles\",\"id\":1987790422193344512,\"isDeleted\":0,\"isTmpFile\":false,\"labelNameList\":[\"Informational\",\"History\",\"Report\"],\"lastModifyTime\":\"2025-09-17T09:45:00\",\"md5\":\"bb28043dd606535bdcaf1ee30346b0f9\",\"path\":\"C:\\\\Users\\\\XiaoXinPro 16 IAH\\\\Desktop\\\\LRIA_llm_eval\\\\eval\\\\Quantum_Bvt_20251110\\\\bvtfiles\\\\3z3zlgnnsiuha76yy56h6uu71bh3q1.txt\",\"previewPath\":\"c:\\\\users\\\\xiaoxinpro 16 iah\\\\documents\\\\qtcore\\\\pdffile\\\\c5016b94612aaf89641b2e6895248f70.pdf\",\"priority\":4,\"score\":0.0,\"status\":\"COMPLETED\",\"tokenNum\":326,\"uriPath\":\"\"},{\"createTime\":\"2025-11-10T15:52:22.688\",\"description\":\"This document outlines the design of an AI Face Algorithm Evaluation Method, focusing on test set collection and variable matrices. It specifies head movement variables—pitch (up/down), yaw (left/right), and roll (clockwise/counterclockwise)—each with specified movement angles and data rates, as well as facial movements including mouth, eyes, and eyebrows, and associated conditions. Light exposure is detailed into weak, medium, strong, and uneven categories to account for optical flow variability. Horizontal head movement is included, with both left and right motion measured. Data is gathered using a laptop camera and Ruifeng's collection tool, using input video as both the driving video and ground truth; specific images are used as source images. Evaluation involves comparing driving and output videos. The protocol requires 70 videos (minimum 5 seconds each), with 10 videos per variable and targeting multiple participants, with at least 7 represented overall. The data rate defines each video’s contribution per variable. Emphasis is placed on collecting a diverse and representative dataset for robust algorithm assessment.\",\"docName\":\"AI_Face_Test_Set_Collection_Method_Design\",\"editTime\":\"2025-11-10T15:53:44.023\",\"fileName\":\"AI_Face_Test_Set_Collection_Method_Design.pptx\",\"folder\":\"C:\\\\Users\\\\XiaoXinPro 16 IAH\\\\Desktop\\\\LRIA_llm_eval\\\\eval\\\\Quantum_Bvt_20251110\\\\bvtfiles\",\"id\":1987790422277230592,\"isDeleted\":0,\"isTmpFile\":false,\"labelNameList\":[\"Technology\",\"Data Analysis\",\"Specifications\"],\"lastModifyTime\":\"2025-09-17T09:46:00\",\"md5\":\"b0f396e7936e0f6192cd880927e8e74b\",\"path\":\"C:\\\\Users\\\\XiaoXinPro 16 IAH\\\\Desktop\\\\LRIA_llm_eval\\\\eval\\\\Quantum_Bvt_20251110\\\\bvtfiles\\\\AI_Face_Test_Set_Collection_Method_Design.pptx\",\"previewPath\":\"c:\\\\users\\\\xiaoxinpro 16 iah\\\\documents\\\\qtcore\\\\pdffile\\\\c85631aabec673dabeda2b80233b5341.pdf\",\"priority\":5,\"score\":0.0,\"status\":\"COMPLETED\",\"tokenNum\":432,\"uriPath\":\"\"},{\"createTime\":\"2025-11-10T15:52:22.707\",\"description\":\"\",\"docName\":\"A_brief_introduction_of_LP_liutao21_20220615\",\"editTime\":\"2025-11-10T15:53:54.894\",\"fileName\":\"A_brief_introduction_of_LP_liutao21_20220615.pptx\",\"folder\":\"C:\\\\Users\\\\XiaoXinPro 16 IAH\\\\Desktop\\\\LRIA_llm_eval\\\\eval\\\\Quantum_Bvt_20251110\\\\bvtfiles\",\"id\":1987790422356922368,\"isDeleted\":0,\"isTmpFile\":false,\"labelNameList\":[],\"lastModifyTime\":\"2025-09-17T09:46:00\",\"md5\":\"0dbb2532524843af54fb3388b7bf3381\",\"path\":\"C:\\\\Users\\\\XiaoXinPro 16 IAH\\\\Desktop\\\\LRIA_llm_eval\\\\eval\\\\Quantum_Bvt_20251110\\\\bvtfiles\\\\A_brief_introduction_of_LP_liutao21_20220615.pptx\",\"previewPath\":\"c:\\\\users\\\\xiaoxinpro 16 iah\\\\documents\\\\qtcore\\\\pdffile\\\\236ffb1926cb5ac1cef47fd4707ea1f7.pdf\",\"priority\":6,\"score\":0.0,\"status\":\"COMPLETED\",\"tokenNum\":1297,\"uriPath\":\"\"},{\"createTime\":\"2025-11-10T15:52:22.764\",\"description\":\"\",\"docName\":\"\",\"editTime\":\"2025-11-10T15:53:54.916\",\"fileName\":\"Belfast-English.docx\",\"folder\":\"C:\\\\Users\\\\XiaoXinPro 16 IAH\\\\Desktop\\\\LRIA_llm_eval\\\\eval\\\\Quantum_Bvt_20251110\\\\bvtfiles\",\"id\":1987790422595997696,\"isDeleted\":0,\"isTmpFile\":false,\"labelNameList\":[],\"lastModifyTime\":\"2025-09-17T09:45:00\",\"md5\":\"3193e699ffa92db332ae31a9fb1d3cb4\",\"path\":\"C:\\\\Users\\\\XiaoXinPro 16 IAH\\\\Desktop\\\\LRIA_llm_eval\\\\eval\\\\Quantum_Bvt_20251110\\\\bvtfiles\\\\Belfast-English.docx\",\"priority\":7,\"score\":0.0,\"status\":\"RUNNING\",\"tokenNum\":0,\"uriPath\":\"\"},{\"createTime\":\"2025-11-10T15:52:22.784\",\"description\":\"\",\"docName\":\"\",\"editTime\":\"2025-11-10T15:52:22.784\",\"errorDescription\":\"\",\"fileName\":\"British-Food-Culture.doc\",\"folder\":\"C:\\\\Users\\\\XiaoXinPro 16 IAH\\\\Desktop\\\\LRIA_llm_eval\\\\eval\\\\Quantum_Bvt_20251110\\\\bvtfiles\",\"id\":1987790422679883776,\"isDeleted\":0,\"isTmpFile\":false,\"labelNameList\":[],\"lastModifyTime\":\"2025-09-17T09:45:00\",\"md5\":\"435798f1c3377c7f5b71e18d733ca579\",\"path\":\"C:\\\\Users\\\\XiaoXinPro 16 IAH\\\\Desktop\\\\LRIA_llm_eval\\\\eval\\\\Quantum_Bvt_20251110\\\\bvtfiles\\\\British-Food-Culture.doc\",\"priority\":8,\"score\":0.0,\"status\":\"ADDED\",\"tokenNum\":0,\"uriPath\":\"\"},{\"createTime\":\"2025-11-10T15:52:22.803\",\"description\":\"\",\"docName\":\"\",\"editTime\":\"2025-11-10T15:52:22.803\",\"errorDescription\":\"\",\"fileName\":\"Netflix Becomes a Broadway Producer With Peter Morgan’s Patriots.txt\",\"folder\":\"C:\\\\Users\\\\XiaoXinPro 16 IAH\\\\Desktop\\\\LRIA_llm_eval\\\\eval\\\\Quantum_Bvt_20251110\\\\bvtfiles\",\"id\":1987790422759575552,\"isDeleted\":0,\"isTmpFile\":false,\"labelNameList\":[],\"lastModifyTime\":\"2025-09-17T09:46:00\",\"md5\":\"ab84c46eaa62a18048fb0241446da4ca\",\"path\":\"C:\\\\Users\\\\XiaoXinPro 16 IAH\\\\Desktop\\\\LRIA_llm_eval\\\\eval\\\\Quantum_Bvt_20251110\\\\bvtfiles\\\\Netflix Becomes a Broadway Producer With Peter Morgan’s Patriots.txt\",\"priority\":9,\"score\":0.0,\"status\":\"ADDED\",\"tokenNum\":0,\"uriPath\":\"\"}]"}}
2025-11-10 15:53:57,419 - INFO - 文档数量: 9
2025-11-10 15:53:57,419 - INFO - 第1个文档状态: COMPLETED
2025-11-10 15:53:57,419 - INFO - 第2个文档状态: COMPLETED
2025-11-10 15:53:57,419 - INFO - 第3个文档状态: COMPLETED
2025-11-10 15:53:57,420 - INFO - 第4个文档状态: COMPLETED
2025-11-10 15:53:57,420 - INFO - 第5个文档状态: COMPLETED
2025-11-10 15:53:57,420 - INFO - 第6个文档状态: COMPLETED
2025-11-10 15:53:57,420 - INFO - 第7个文档状态: RUNNING
2025-11-10 15:53:57,420 - INFO - 第8个文档状态: ADDED
2025-11-10 15:53:57,421 - INFO - 第9个文档状态: ADDED
2025-11-10 15:53:57,421 - INFO - 仍有文档在处理中，第45次尝试...
2025-11-10 15:53:59,422 - DEBUG - Starting new HTTP connection (1): 127.0.0.1:35253
2025-11-10 15:53:59,425 - DEBUG - http://127.0.0.1:35253 "POST /upload HTTP/11" 200 19
2025-11-10 15:53:59,426 - INFO - 成功获取文档列表，upload_id: 7070838783994710121
2025-11-10 15:53:59,426 - INFO - 开始时间: 2025-11-10 15:53:59.426
2025-11-10 15:53:59,427 - DEBUG - Starting new HTTP connection (1): 127.0.0.1:35253
2025-11-10 15:53:59,457 - DEBUG - http://127.0.0.1:35253 "GET /query?fileData=7070838783994710121 HTTP/11" 200 None
2025-11-10 15:53:59,595 - INFO - 响应时间: 0.17秒
2025-11-10 15:53:59,596 - INFO - 第46次尝试，获取到的result_text: {"jobId":48,"status":"complete","data":{"text":"[{\"createTime\":\"2025-11-10T15:52:22.597\",\"description\":\"This paper investigates the computational hardness of learning Boolean functions from label proportions (LLP), an increasingly relevant machine learning paradigm where only aggregate label information over subsets (bags) of instances is available, generalizing traditional PAC learning. The authors prove several hardness results for LLP: (1) It is NP-hard to find a constant-clause CNF (including ORs) that satisfies any constant-fraction of bags of size at most 2, even when all bags are consistent with an OR function; this contrasts with prior approximation algorithms for halfspaces. (2) It is NP-hard to satisfy more than a (1/2 + δ)-fraction of such bags using constant-size DNF formulas. (3) For parity functions, it is NP-hard to satisfy more than (q / 2^{q-1} + δ)-fraction of the bags of size up to q using a parity function, with the best achievable approximation factor via a randomized algorithm being 1/2^{q-2}. These results show qualitative differences between LLP and PAC learning—the problems are tractable in PAC but intractable in LLP for these classes. The paper uses reductions from known Label Cover problems and applies probabilistic and algebraic techniques to establish tight inapproximability bounds. LLP is motivated by privacy, reduced labeling costs, and applications like medical image analysis. The work highlights fundamental barriers in learning Boolean functions when only label proportions are given, and provides benchmarks for algorithmic progress in LLP.\",\"docName\":\"2403.19401\",\"editTime\":\"2025-11-10T15:53:22.834\",\"fileName\":\"2403.19401.pdf\",\"folder\":\"C:\\\\Users\\\\XiaoXinPro 16 IAH\\\\Desktop\\\\LRIA_llm_eval\\\\eval\\\\Quantum_Bvt_20251110\\\\bvtfiles\",\"id\":1987790421895548928,\"isDeleted\":0,\"isTmpFile\":false,\"labelNameList\":[\"Technology\",\"Data Analysis\",\"Research Paper\"],\"lastModifyTime\":\"2025-09-17T09:45:00\",\"md5\":\"4ff6ba88616fcf7a71d1dca6c9adc14c\",\"path\":\"C:\\\\Users\\\\XiaoXinPro 16 IAH\\\\Desktop\\\\LRIA_llm_eval\\\\eval\\\\Quantum_Bvt_20251110\\\\bvtfiles\\\\2403.19401.pdf\",\"previewPath\":\"c:\\\\users\\\\xiaoxinpro 16 iah\\\\documents\\\\qtcore\\\\pdffile\\\\5a8b97086ee1c90294e728121903432b.pdf\",\"priority\":1,\"score\":0.0,\"status\":\"COMPLETED\",\"tokenNum\":14092,\"uriPath\":\"\"},{\"createTime\":\"2025-11-10T15:52:22.630\",\"description\":\"A One Day International (ODI) is a limited overs cricket match played between two international teams, typically with each side facing 50 overs. The format is used for high-profile tournaments like the Cricket World Cup and represents the highest standard of List A cricket. ODIs originated in 1971 when a Test match between Australia and England was abandoned due to rain, leading to a one-off game of 40 eight-ball overs, with Australia winning by 5 wickets. Initially, ODIs were played in white kits with a red ball. Significant changes occurred in the late 1970s, driven by Kerry Packer's World Series Cricket, which introduced coloured uniforms, nighttime matches under floodlights, white balls, and enhanced television coverage with multiple cameras and on-screen graphics. The first match with coloured uniforms was held in 1979. These innovations transformed the game, with players becoming full-time professionals, and coloured kits with white balls eventually becoming the ODI standard after 2001.\",\"docName\":\"3nql1cs15r8aviz39pth2bpsr4zvy1\",\"editTime\":\"2025-11-10T15:53:22.834\",\"fileName\":\"3nql1cs15r8aviz39pth2bpsr4zvy1.txt\",\"folder\":\"C:\\\\Users\\\\XiaoXinPro 16 IAH\\\\Desktop\\\\LRIA_llm_eval\\\\eval\\\\Quantum_Bvt_20251110\\\\bvtfiles\",\"id\":1987790422033960960,\"isDeleted\":0,\"isTmpFile\":false,\"labelNameList\":[\"Sport\",\"Informational\",\"History\"],\"lastModifyTime\":\"2025-09-17T09:45:00\",\"md5\":\"da0c0f7162b267cca0de596df4c40c56\",\"path\":\"C:\\\\Users\\\\XiaoXinPro 16 IAH\\\\Desktop\\\\LRIA_llm_eval\\\\eval\\\\Quantum_Bvt_20251110\\\\bvtfiles\\\\3nql1cs15r8aviz39pth2bpsr4zvy1.txt\",\"previewPath\":\"c:\\\\users\\\\xiaoxinpro 16 iah\\\\documents\\\\qtcore\\\\pdffile\\\\ba50ed51f6b7714754652a80ab62df56.pdf\",\"priority\":2,\"score\":0.0,\"status\":\"COMPLETED\",\"tokenNum\":402,\"uriPath\":\"\"},{\"createTime\":\"2025-11-10T15:52:22.650\",\"description\":\"The document discusses psychological identity, emphasizing self-image, self-esteem, and individuality. Weinreich defines identity as the totality of one’s self-construal, connecting past, present, and future self-perceptions, and extending this to aspects like ethnic identity. The complexity of describing identity for individuals and groups is highlighted, taking into account both unique characteristics and group memberships, which can vary with circumstance. Drawing on theorists like Kelly, Erikson, and Tajfel, Weinreich’s Identity Structure Analysis (ISA) is introduced as a structural approach to represent individual existential experience. ISA focuses on how relationships between self and others are organized within socio-cultural contexts and over time. It uses constructs from individual, group, and cultural discourses to map the individual's appraisal of self, others, and institutions. The methodology operationalizes these concepts so that identity can be assessed through the situated self’s interactions across different contexts.\",\"docName\":\"3u84xhcdicdb6vqtlfud7syhj444z2\",\"editTime\":\"2025-11-10T15:53:26.485\",\"fileName\":\"3u84xhcdicdb6vqtlfud7syhj444z2.txt\",\"folder\":\"C:\\\\Users\\\\XiaoXinPro 16 IAH\\\\Desktop\\\\LRIA_llm_eval\\\\eval\\\\Quantum_Bvt_20251110\\\\bvtfiles\",\"id\":1987790422117847040,\"isDeleted\":0,\"isTmpFile\":false,\"labelNameList\":[\"Research Paper\",\"Informational\",\"Science\"],\"lastModifyTime\":\"2025-09-17T09:45:00\",\"md5\":\"a80f0ad4af9fd250a462680c85e6fbf0\",\"path\":\"C:\\\\Users\\\\XiaoXinPro 16 IAH\\\\Desktop\\\\LRIA_llm_eval\\\\eval\\\\Quantum_Bvt_20251110\\\\bvtfiles\\\\3u84xhcdicdb6vqtlfud7syhj444z2.txt\",\"previewPath\":\"c:\\\\users\\\\xiaoxinpro 16 iah\\\\documents\\\\qtcore\\\\pdffile\\\\044561594142e2ef357c9fbbdfaf4af5.pdf\",\"priority\":3,\"score\":0.0,\"status\":\"COMPLETED\",\"tokenNum\":414,\"uriPath\":\"\"},{\"createTime\":\"2025-11-10T15:52:22.668\",\"description\":\"In Chapter XVIII, Archie is ordered to assist the Earl and a sizeable group of men-at-arms in searching for Bruce, whose location was revealed by a traitor. Archie, though reluctant, prepares the hound, Hector, for the hunt and considers drastic measures to protect Bruce if they get too close. The party, led by the traitorous peasant, travels five miles into the hills to a hut where Bruce had recently stayed. Upon arrival, Hector becomes energetic and excited, eagerly sniffing around before picking up Bruce's trail. The hound’s pursuit is intense, forcing Archie to struggle to keep pace while the Earl and his knights follow at a slight distance with their men-at-arms. Archie warns the Earl that the noise from the horses and the knights’ equipment agitates the hound further, making him harder to control. The tense search unfolds with Archie contemplating escape should the situation demand it, given the formidable presence of mounted pursuers.\",\"docName\":\"3z3zlgnnsiuha76yy56h6uu71bh3q1\",\"editTime\":\"2025-11-10T15:53:29.649\",\"fileName\":\"3z3zlgnnsiuha76yy56h6uu71bh3q1.txt\",\"folder\":\"C:\\\\Users\\\\XiaoXinPro 16 IAH\\\\Desktop\\\\LRIA_llm_eval\\\\eval\\\\Quantum_Bvt_20251110\\\\bvtfiles\",\"id\":1987790422193344512,\"isDeleted\":0,\"isTmpFile\":false,\"labelNameList\":[\"Informational\",\"History\",\"Report\"],\"lastModifyTime\":\"2025-09-17T09:45:00\",\"md5\":\"bb28043dd606535bdcaf1ee30346b0f9\",\"path\":\"C:\\\\Users\\\\XiaoXinPro 16 IAH\\\\Desktop\\\\LRIA_llm_eval\\\\eval\\\\Quantum_Bvt_20251110\\\\bvtfiles\\\\3z3zlgnnsiuha76yy56h6uu71bh3q1.txt\",\"previewPath\":\"c:\\\\users\\\\xiaoxinpro 16 iah\\\\documents\\\\qtcore\\\\pdffile\\\\c5016b94612aaf89641b2e6895248f70.pdf\",\"priority\":4,\"score\":0.0,\"status\":\"COMPLETED\",\"tokenNum\":326,\"uriPath\":\"\"},{\"createTime\":\"2025-11-10T15:52:22.688\",\"description\":\"This document outlines the design of an AI Face Algorithm Evaluation Method, focusing on test set collection and variable matrices. It specifies head movement variables—pitch (up/down), yaw (left/right), and roll (clockwise/counterclockwise)—each with specified movement angles and data rates, as well as facial movements including mouth, eyes, and eyebrows, and associated conditions. Light exposure is detailed into weak, medium, strong, and uneven categories to account for optical flow variability. Horizontal head movement is included, with both left and right motion measured. Data is gathered using a laptop camera and Ruifeng's collection tool, using input video as both the driving video and ground truth; specific images are used as source images. Evaluation involves comparing driving and output videos. The protocol requires 70 videos (minimum 5 seconds each), with 10 videos per variable and targeting multiple participants, with at least 7 represented overall. The data rate defines each video’s contribution per variable. Emphasis is placed on collecting a diverse and representative dataset for robust algorithm assessment.\",\"docName\":\"AI_Face_Test_Set_Collection_Method_Design\",\"editTime\":\"2025-11-10T15:53:44.023\",\"fileName\":\"AI_Face_Test_Set_Collection_Method_Design.pptx\",\"folder\":\"C:\\\\Users\\\\XiaoXinPro 16 IAH\\\\Desktop\\\\LRIA_llm_eval\\\\eval\\\\Quantum_Bvt_20251110\\\\bvtfiles\",\"id\":1987790422277230592,\"isDeleted\":0,\"isTmpFile\":false,\"labelNameList\":[\"Technology\",\"Data Analysis\",\"Specifications\"],\"lastModifyTime\":\"2025-09-17T09:46:00\",\"md5\":\"b0f396e7936e0f6192cd880927e8e74b\",\"path\":\"C:\\\\Users\\\\XiaoXinPro 16 IAH\\\\Desktop\\\\LRIA_llm_eval\\\\eval\\\\Quantum_Bvt_20251110\\\\bvtfiles\\\\AI_Face_Test_Set_Collection_Method_Design.pptx\",\"previewPath\":\"c:\\\\users\\\\xiaoxinpro 16 iah\\\\documents\\\\qtcore\\\\pdffile\\\\c85631aabec673dabeda2b80233b5341.pdf\",\"priority\":5,\"score\":0.0,\"status\":\"COMPLETED\",\"tokenNum\":432,\"uriPath\":\"\"},{\"createTime\":\"2025-11-10T15:52:22.707\",\"description\":\"This document introduces Linear Programming (LP), outlining its definition, history, methods of solution, and approaches for testing LP solvers. LP involves optimizing a linear objective function based on decision variables subject to linear constraints, creating a convex polyhedral feasible domain where the optimal value is found at domain vertices. Mixed-Integer Programs (MIP) are also defined, and methods like branch-and-bound are discussed. Historically, LP originated with G.B. Dantzig in 1947, with subsequent developments by Kantorovich, Koopmans (who won the Nobel Prize for resource allocation theory), Khachian (Ellipsoid Method), and Karmarkar (Interior-Point Method). Solutions to LP problems use enumeration, Simplex, and Interior-Point methods, with the latter providing polynomial-time solutions for large-scale problems. LP solver testing utilizes both benchmark and self-built test sets, evaluating problems with different constraint and variable structures, including unique feasible, infinite, infeasible, and unbounded cases. Example benchmark instances include AGG, BANDM, BOEING1, and others recorded with details such as rows, columns, nonzeros, bytes, and optimal values. Testing criteria encompass various coefficient scales, constraints, bounds, degeneracy, contradiction, and unboundedness.\",\"docName\":\"A_brief_introduction_of_LP_liutao21_20220615\",\"editTime\":\"2025-11-10T15:53:58.811\",\"fileName\":\"A_brief_introduction_of_LP_liutao21_20220615.pptx\",\"folder\":\"C:\\\\Users\\\\XiaoXinPro 16 IAH\\\\Desktop\\\\LRIA_llm_eval\\\\eval\\\\Quantum_Bvt_20251110\\\\bvtfiles\",\"id\":1987790422356922368,\"isDeleted\":0,\"isTmpFile\":false,\"labelNameList\":[\"Technology\",\"Data Analysis\",\"Informational\"],\"lastModifyTime\":\"2025-09-17T09:46:00\",\"md5\":\"0dbb2532524843af54fb3388b7bf3381\",\"path\":\"C:\\\\Users\\\\XiaoXinPro 16 IAH\\\\Desktop\\\\LRIA_llm_eval\\\\eval\\\\Quantum_Bvt_20251110\\\\bvtfiles\\\\A_brief_introduction_of_LP_liutao21_20220615.pptx\",\"previewPath\":\"c:\\\\users\\\\xiaoxinpro 16 iah\\\\documents\\\\qtcore\\\\pdffile\\\\236ffb1926cb5ac1cef47fd4707ea1f7.pdf\",\"priority\":6,\"score\":0.0,\"status\":\"COMPLETED\",\"tokenNum\":1297,\"uriPath\":\"\"},{\"createTime\":\"2025-11-10T15:52:22.764\",\"description\":\"\",\"docName\":\"\",\"editTime\":\"2025-11-10T15:53:54.916\",\"fileName\":\"Belfast-English.docx\",\"folder\":\"C:\\\\Users\\\\XiaoXinPro 16 IAH\\\\Desktop\\\\LRIA_llm_eval\\\\eval\\\\Quantum_Bvt_20251110\\\\bvtfiles\",\"id\":1987790422595997696,\"isDeleted\":0,\"isTmpFile\":false,\"labelNameList\":[],\"lastModifyTime\":\"2025-09-17T09:45:00\",\"md5\":\"3193e699ffa92db332ae31a9fb1d3cb4\",\"path\":\"C:\\\\Users\\\\XiaoXinPro 16 IAH\\\\Desktop\\\\LRIA_llm_eval\\\\eval\\\\Quantum_Bvt_20251110\\\\bvtfiles\\\\Belfast-English.docx\",\"priority\":7,\"score\":0.0,\"status\":\"RUNNING\",\"tokenNum\":0,\"uriPath\":\"\"},{\"createTime\":\"2025-11-10T15:52:22.784\",\"description\":\"\",\"docName\":\"\",\"editTime\":\"2025-11-10T15:52:22.784\",\"errorDescription\":\"\",\"fileName\":\"British-Food-Culture.doc\",\"folder\":\"C:\\\\Users\\\\XiaoXinPro 16 IAH\\\\Desktop\\\\LRIA_llm_eval\\\\eval\\\\Quantum_Bvt_20251110\\\\bvtfiles\",\"id\":1987790422679883776,\"isDeleted\":0,\"isTmpFile\":false,\"labelNameList\":[],\"lastModifyTime\":\"2025-09-17T09:45:00\",\"md5\":\"435798f1c3377c7f5b71e18d733ca579\",\"path\":\"C:\\\\Users\\\\XiaoXinPro 16 IAH\\\\Desktop\\\\LRIA_llm_eval\\\\eval\\\\Quantum_Bvt_20251110\\\\bvtfiles\\\\British-Food-Culture.doc\",\"priority\":8,\"score\":0.0,\"status\":\"ADDED\",\"tokenNum\":0,\"uriPath\":\"\"},{\"createTime\":\"2025-11-10T15:52:22.803\",\"description\":\"\",\"docName\":\"\",\"editTime\":\"2025-11-10T15:52:22.803\",\"errorDescription\":\"\",\"fileName\":\"Netflix Becomes a Broadway Producer With Peter Morgan’s Patriots.txt\",\"folder\":\"C:\\\\Users\\\\XiaoXinPro 16 IAH\\\\Desktop\\\\LRIA_llm_eval\\\\eval\\\\Quantum_Bvt_20251110\\\\bvtfiles\",\"id\":1987790422759575552,\"isDeleted\":0,\"isTmpFile\":false,\"labelNameList\":[],\"lastModifyTime\":\"2025-09-17T09:46:00\",\"md5\":\"ab84c46eaa62a18048fb0241446da4ca\",\"path\":\"C:\\\\Users\\\\XiaoXinPro 16 IAH\\\\Desktop\\\\LRIA_llm_eval\\\\eval\\\\Quantum_Bvt_20251110\\\\bvtfiles\\\\Netflix Becomes a Broadway Producer With Peter Morgan’s Patriots.txt\",\"priority\":9,\"score\":0.0,\"status\":\"ADDED\",\"tokenNum\":0,\"uriPath\":\"\"}]"}}
2025-11-10 15:53:59,597 - INFO - 文档数量: 9
2025-11-10 15:53:59,597 - INFO - 第1个文档状态: COMPLETED
2025-11-10 15:53:59,597 - INFO - 第2个文档状态: COMPLETED
2025-11-10 15:53:59,597 - INFO - 第3个文档状态: COMPLETED
2025-11-10 15:53:59,597 - INFO - 第4个文档状态: COMPLETED
2025-11-10 15:53:59,597 - INFO - 第5个文档状态: COMPLETED
2025-11-10 15:53:59,598 - INFO - 第6个文档状态: COMPLETED
2025-11-10 15:53:59,598 - INFO - 第7个文档状态: RUNNING
2025-11-10 15:53:59,598 - INFO - 第8个文档状态: ADDED
2025-11-10 15:53:59,598 - INFO - 第9个文档状态: ADDED
2025-11-10 15:53:59,599 - INFO - 仍有文档在处理中，第46次尝试...
2025-11-10 15:54:01,600 - DEBUG - Starting new HTTP connection (1): 127.0.0.1:35253
2025-11-10 15:54:01,604 - DEBUG - http://127.0.0.1:35253 "POST /upload HTTP/11" 200 19
2025-11-10 15:54:01,604 - INFO - 成功获取文档列表，upload_id: 6623514430021428493
2025-11-10 15:54:01,605 - INFO - 开始时间: 2025-11-10 15:54:01.605
2025-11-10 15:54:01,605 - DEBUG - Starting new HTTP connection (1): 127.0.0.1:35253
2025-11-10 15:54:01,612 - DEBUG - http://127.0.0.1:35253 "GET /query?fileData=6623514430021428493 HTTP/11" 200 None
2025-11-10 15:54:01,735 - INFO - 响应时间: 0.13秒
2025-11-10 15:54:01,735 - INFO - 第47次尝试，获取到的result_text: {"jobId":49,"status":"complete","data":{"text":"[{\"createTime\":\"2025-11-10T15:52:22.597\",\"description\":\"This paper investigates the computational hardness of learning Boolean functions from label proportions (LLP), an increasingly relevant machine learning paradigm where only aggregate label information over subsets (bags) of instances is available, generalizing traditional PAC learning. The authors prove several hardness results for LLP: (1) It is NP-hard to find a constant-clause CNF (including ORs) that satisfies any constant-fraction of bags of size at most 2, even when all bags are consistent with an OR function; this contrasts with prior approximation algorithms for halfspaces. (2) It is NP-hard to satisfy more than a (1/2 + δ)-fraction of such bags using constant-size DNF formulas. (3) For parity functions, it is NP-hard to satisfy more than (q / 2^{q-1} + δ)-fraction of the bags of size up to q using a parity function, with the best achievable approximation factor via a randomized algorithm being 1/2^{q-2}. These results show qualitative differences between LLP and PAC learning—the problems are tractable in PAC but intractable in LLP for these classes. The paper uses reductions from known Label Cover problems and applies probabilistic and algebraic techniques to establish tight inapproximability bounds. LLP is motivated by privacy, reduced labeling costs, and applications like medical image analysis. The work highlights fundamental barriers in learning Boolean functions when only label proportions are given, and provides benchmarks for algorithmic progress in LLP.\",\"docName\":\"2403.19401\",\"editTime\":\"2025-11-10T15:53:22.834\",\"fileName\":\"2403.19401.pdf\",\"folder\":\"C:\\\\Users\\\\XiaoXinPro 16 IAH\\\\Desktop\\\\LRIA_llm_eval\\\\eval\\\\Quantum_Bvt_20251110\\\\bvtfiles\",\"id\":1987790421895548928,\"isDeleted\":0,\"isTmpFile\":false,\"labelNameList\":[\"Technology\",\"Data Analysis\",\"Research Paper\"],\"lastModifyTime\":\"2025-09-17T09:45:00\",\"md5\":\"4ff6ba88616fcf7a71d1dca6c9adc14c\",\"path\":\"C:\\\\Users\\\\XiaoXinPro 16 IAH\\\\Desktop\\\\LRIA_llm_eval\\\\eval\\\\Quantum_Bvt_20251110\\\\bvtfiles\\\\2403.19401.pdf\",\"previewPath\":\"c:\\\\users\\\\xiaoxinpro 16 iah\\\\documents\\\\qtcore\\\\pdffile\\\\5a8b97086ee1c90294e728121903432b.pdf\",\"priority\":1,\"score\":0.0,\"status\":\"COMPLETED\",\"tokenNum\":14092,\"uriPath\":\"\"},{\"createTime\":\"2025-11-10T15:52:22.630\",\"description\":\"A One Day International (ODI) is a limited overs cricket match played between two international teams, typically with each side facing 50 overs. The format is used for high-profile tournaments like the Cricket World Cup and represents the highest standard of List A cricket. ODIs originated in 1971 when a Test match between Australia and England was abandoned due to rain, leading to a one-off game of 40 eight-ball overs, with Australia winning by 5 wickets. Initially, ODIs were played in white kits with a red ball. Significant changes occurred in the late 1970s, driven by Kerry Packer's World Series Cricket, which introduced coloured uniforms, nighttime matches under floodlights, white balls, and enhanced television coverage with multiple cameras and on-screen graphics. The first match with coloured uniforms was held in 1979. These innovations transformed the game, with players becoming full-time professionals, and coloured kits with white balls eventually becoming the ODI standard after 2001.\",\"docName\":\"3nql1cs15r8aviz39pth2bpsr4zvy1\",\"editTime\":\"2025-11-10T15:53:22.834\",\"fileName\":\"3nql1cs15r8aviz39pth2bpsr4zvy1.txt\",\"folder\":\"C:\\\\Users\\\\XiaoXinPro 16 IAH\\\\Desktop\\\\LRIA_llm_eval\\\\eval\\\\Quantum_Bvt_20251110\\\\bvtfiles\",\"id\":1987790422033960960,\"isDeleted\":0,\"isTmpFile\":false,\"labelNameList\":[\"Sport\",\"Informational\",\"History\"],\"lastModifyTime\":\"2025-09-17T09:45:00\",\"md5\":\"da0c0f7162b267cca0de596df4c40c56\",\"path\":\"C:\\\\Users\\\\XiaoXinPro 16 IAH\\\\Desktop\\\\LRIA_llm_eval\\\\eval\\\\Quantum_Bvt_20251110\\\\bvtfiles\\\\3nql1cs15r8aviz39pth2bpsr4zvy1.txt\",\"previewPath\":\"c:\\\\users\\\\xiaoxinpro 16 iah\\\\documents\\\\qtcore\\\\pdffile\\\\ba50ed51f6b7714754652a80ab62df56.pdf\",\"priority\":2,\"score\":0.0,\"status\":\"COMPLETED\",\"tokenNum\":402,\"uriPath\":\"\"},{\"createTime\":\"2025-11-10T15:52:22.650\",\"description\":\"The document discusses psychological identity, emphasizing self-image, self-esteem, and individuality. Weinreich defines identity as the totality of one’s self-construal, connecting past, present, and future self-perceptions, and extending this to aspects like ethnic identity. The complexity of describing identity for individuals and groups is highlighted, taking into account both unique characteristics and group memberships, which can vary with circumstance. Drawing on theorists like Kelly, Erikson, and Tajfel, Weinreich’s Identity Structure Analysis (ISA) is introduced as a structural approach to represent individual existential experience. ISA focuses on how relationships between self and others are organized within socio-cultural contexts and over time. It uses constructs from individual, group, and cultural discourses to map the individual's appraisal of self, others, and institutions. The methodology operationalizes these concepts so that identity can be assessed through the situated self’s interactions across different contexts.\",\"docName\":\"3u84xhcdicdb6vqtlfud7syhj444z2\",\"editTime\":\"2025-11-10T15:53:26.485\",\"fileName\":\"3u84xhcdicdb6vqtlfud7syhj444z2.txt\",\"folder\":\"C:\\\\Users\\\\XiaoXinPro 16 IAH\\\\Desktop\\\\LRIA_llm_eval\\\\eval\\\\Quantum_Bvt_20251110\\\\bvtfiles\",\"id\":1987790422117847040,\"isDeleted\":0,\"isTmpFile\":false,\"labelNameList\":[\"Research Paper\",\"Informational\",\"Science\"],\"lastModifyTime\":\"2025-09-17T09:45:00\",\"md5\":\"a80f0ad4af9fd250a462680c85e6fbf0\",\"path\":\"C:\\\\Users\\\\XiaoXinPro 16 IAH\\\\Desktop\\\\LRIA_llm_eval\\\\eval\\\\Quantum_Bvt_20251110\\\\bvtfiles\\\\3u84xhcdicdb6vqtlfud7syhj444z2.txt\",\"previewPath\":\"c:\\\\users\\\\xiaoxinpro 16 iah\\\\documents\\\\qtcore\\\\pdffile\\\\044561594142e2ef357c9fbbdfaf4af5.pdf\",\"priority\":3,\"score\":0.0,\"status\":\"COMPLETED\",\"tokenNum\":414,\"uriPath\":\"\"},{\"createTime\":\"2025-11-10T15:52:22.668\",\"description\":\"In Chapter XVIII, Archie is ordered to assist the Earl and a sizeable group of men-at-arms in searching for Bruce, whose location was revealed by a traitor. Archie, though reluctant, prepares the hound, Hector, for the hunt and considers drastic measures to protect Bruce if they get too close. The party, led by the traitorous peasant, travels five miles into the hills to a hut where Bruce had recently stayed. Upon arrival, Hector becomes energetic and excited, eagerly sniffing around before picking up Bruce's trail. The hound’s pursuit is intense, forcing Archie to struggle to keep pace while the Earl and his knights follow at a slight distance with their men-at-arms. Archie warns the Earl that the noise from the horses and the knights’ equipment agitates the hound further, making him harder to control. The tense search unfolds with Archie contemplating escape should the situation demand it, given the formidable presence of mounted pursuers.\",\"docName\":\"3z3zlgnnsiuha76yy56h6uu71bh3q1\",\"editTime\":\"2025-11-10T15:53:29.649\",\"fileName\":\"3z3zlgnnsiuha76yy56h6uu71bh3q1.txt\",\"folder\":\"C:\\\\Users\\\\XiaoXinPro 16 IAH\\\\Desktop\\\\LRIA_llm_eval\\\\eval\\\\Quantum_Bvt_20251110\\\\bvtfiles\",\"id\":1987790422193344512,\"isDeleted\":0,\"isTmpFile\":false,\"labelNameList\":[\"Informational\",\"History\",\"Report\"],\"lastModifyTime\":\"2025-09-17T09:45:00\",\"md5\":\"bb28043dd606535bdcaf1ee30346b0f9\",\"path\":\"C:\\\\Users\\\\XiaoXinPro 16 IAH\\\\Desktop\\\\LRIA_llm_eval\\\\eval\\\\Quantum_Bvt_20251110\\\\bvtfiles\\\\3z3zlgnnsiuha76yy56h6uu71bh3q1.txt\",\"previewPath\":\"c:\\\\users\\\\xiaoxinpro 16 iah\\\\documents\\\\qtcore\\\\pdffile\\\\c5016b94612aaf89641b2e6895248f70.pdf\",\"priority\":4,\"score\":0.0,\"status\":\"COMPLETED\",\"tokenNum\":326,\"uriPath\":\"\"},{\"createTime\":\"2025-11-10T15:52:22.688\",\"description\":\"This document outlines the design of an AI Face Algorithm Evaluation Method, focusing on test set collection and variable matrices. It specifies head movement variables—pitch (up/down), yaw (left/right), and roll (clockwise/counterclockwise)—each with specified movement angles and data rates, as well as facial movements including mouth, eyes, and eyebrows, and associated conditions. Light exposure is detailed into weak, medium, strong, and uneven categories to account for optical flow variability. Horizontal head movement is included, with both left and right motion measured. Data is gathered using a laptop camera and Ruifeng's collection tool, using input video as both the driving video and ground truth; specific images are used as source images. Evaluation involves comparing driving and output videos. The protocol requires 70 videos (minimum 5 seconds each), with 10 videos per variable and targeting multiple participants, with at least 7 represented overall. The data rate defines each video’s contribution per variable. Emphasis is placed on collecting a diverse and representative dataset for robust algorithm assessment.\",\"docName\":\"AI_Face_Test_Set_Collection_Method_Design\",\"editTime\":\"2025-11-10T15:53:44.023\",\"fileName\":\"AI_Face_Test_Set_Collection_Method_Design.pptx\",\"folder\":\"C:\\\\Users\\\\XiaoXinPro 16 IAH\\\\Desktop\\\\LRIA_llm_eval\\\\eval\\\\Quantum_Bvt_20251110\\\\bvtfiles\",\"id\":1987790422277230592,\"isDeleted\":0,\"isTmpFile\":false,\"labelNameList\":[\"Technology\",\"Data Analysis\",\"Specifications\"],\"lastModifyTime\":\"2025-09-17T09:46:00\",\"md5\":\"b0f396e7936e0f6192cd880927e8e74b\",\"path\":\"C:\\\\Users\\\\XiaoXinPro 16 IAH\\\\Desktop\\\\LRIA_llm_eval\\\\eval\\\\Quantum_Bvt_20251110\\\\bvtfiles\\\\AI_Face_Test_Set_Collection_Method_Design.pptx\",\"previewPath\":\"c:\\\\users\\\\xiaoxinpro 16 iah\\\\documents\\\\qtcore\\\\pdffile\\\\c85631aabec673dabeda2b80233b5341.pdf\",\"priority\":5,\"score\":0.0,\"status\":\"COMPLETED\",\"tokenNum\":432,\"uriPath\":\"\"},{\"createTime\":\"2025-11-10T15:52:22.707\",\"description\":\"This document introduces Linear Programming (LP), outlining its definition, history, methods of solution, and approaches for testing LP solvers. LP involves optimizing a linear objective function based on decision variables subject to linear constraints, creating a convex polyhedral feasible domain where the optimal value is found at domain vertices. Mixed-Integer Programs (MIP) are also defined, and methods like branch-and-bound are discussed. Historically, LP originated with G.B. Dantzig in 1947, with subsequent developments by Kantorovich, Koopmans (who won the Nobel Prize for resource allocation theory), Khachian (Ellipsoid Method), and Karmarkar (Interior-Point Method). Solutions to LP problems use enumeration, Simplex, and Interior-Point methods, with the latter providing polynomial-time solutions for large-scale problems. LP solver testing utilizes both benchmark and self-built test sets, evaluating problems with different constraint and variable structures, including unique feasible, infinite, infeasible, and unbounded cases. Example benchmark instances include AGG, BANDM, BOEING1, and others recorded with details such as rows, columns, nonzeros, bytes, and optimal values. Testing criteria encompass various coefficient scales, constraints, bounds, degeneracy, contradiction, and unboundedness.\",\"docName\":\"A_brief_introduction_of_LP_liutao21_20220615\",\"editTime\":\"2025-11-10T15:53:58.811\",\"fileName\":\"A_brief_introduction_of_LP_liutao21_20220615.pptx\",\"folder\":\"C:\\\\Users\\\\XiaoXinPro 16 IAH\\\\Desktop\\\\LRIA_llm_eval\\\\eval\\\\Quantum_Bvt_20251110\\\\bvtfiles\",\"id\":1987790422356922368,\"isDeleted\":0,\"isTmpFile\":false,\"labelNameList\":[\"Technology\",\"Data Analysis\",\"Informational\"],\"lastModifyTime\":\"2025-09-17T09:46:00\",\"md5\":\"0dbb2532524843af54fb3388b7bf3381\",\"path\":\"C:\\\\Users\\\\XiaoXinPro 16 IAH\\\\Desktop\\\\LRIA_llm_eval\\\\eval\\\\Quantum_Bvt_20251110\\\\bvtfiles\\\\A_brief_introduction_of_LP_liutao21_20220615.pptx\",\"previewPath\":\"c:\\\\users\\\\xiaoxinpro 16 iah\\\\documents\\\\qtcore\\\\pdffile\\\\236ffb1926cb5ac1cef47fd4707ea1f7.pdf\",\"priority\":6,\"score\":0.0,\"status\":\"COMPLETED\",\"tokenNum\":1297,\"uriPath\":\"\"},{\"createTime\":\"2025-11-10T15:52:22.764\",\"description\":\"\",\"docName\":\"\",\"editTime\":\"2025-11-10T15:53:54.916\",\"fileName\":\"Belfast-English.docx\",\"folder\":\"C:\\\\Users\\\\XiaoXinPro 16 IAH\\\\Desktop\\\\LRIA_llm_eval\\\\eval\\\\Quantum_Bvt_20251110\\\\bvtfiles\",\"id\":1987790422595997696,\"isDeleted\":0,\"isTmpFile\":false,\"labelNameList\":[],\"lastModifyTime\":\"2025-09-17T09:45:00\",\"md5\":\"3193e699ffa92db332ae31a9fb1d3cb4\",\"path\":\"C:\\\\Users\\\\XiaoXinPro 16 IAH\\\\Desktop\\\\LRIA_llm_eval\\\\eval\\\\Quantum_Bvt_20251110\\\\bvtfiles\\\\Belfast-English.docx\",\"priority\":7,\"score\":0.0,\"status\":\"RUNNING\",\"tokenNum\":0,\"uriPath\":\"\"},{\"createTime\":\"2025-11-10T15:52:22.784\",\"description\":\"\",\"docName\":\"\",\"editTime\":\"2025-11-10T15:52:22.784\",\"errorDescription\":\"\",\"fileName\":\"British-Food-Culture.doc\",\"folder\":\"C:\\\\Users\\\\XiaoXinPro 16 IAH\\\\Desktop\\\\LRIA_llm_eval\\\\eval\\\\Quantum_Bvt_20251110\\\\bvtfiles\",\"id\":1987790422679883776,\"isDeleted\":0,\"isTmpFile\":false,\"labelNameList\":[],\"lastModifyTime\":\"2025-09-17T09:45:00\",\"md5\":\"435798f1c3377c7f5b71e18d733ca579\",\"path\":\"C:\\\\Users\\\\XiaoXinPro 16 IAH\\\\Desktop\\\\LRIA_llm_eval\\\\eval\\\\Quantum_Bvt_20251110\\\\bvtfiles\\\\British-Food-Culture.doc\",\"priority\":8,\"score\":0.0,\"status\":\"ADDED\",\"tokenNum\":0,\"uriPath\":\"\"},{\"createTime\":\"2025-11-10T15:52:22.803\",\"description\":\"\",\"docName\":\"\",\"editTime\":\"2025-11-10T15:52:22.803\",\"errorDescription\":\"\",\"fileName\":\"Netflix Becomes a Broadway Producer With Peter Morgan’s Patriots.txt\",\"folder\":\"C:\\\\Users\\\\XiaoXinPro 16 IAH\\\\Desktop\\\\LRIA_llm_eval\\\\eval\\\\Quantum_Bvt_20251110\\\\bvtfiles\",\"id\":1987790422759575552,\"isDeleted\":0,\"isTmpFile\":false,\"labelNameList\":[],\"lastModifyTime\":\"2025-09-17T09:46:00\",\"md5\":\"ab84c46eaa62a18048fb0241446da4ca\",\"path\":\"C:\\\\Users\\\\XiaoXinPro 16 IAH\\\\Desktop\\\\LRIA_llm_eval\\\\eval\\\\Quantum_Bvt_20251110\\\\bvtfiles\\\\Netflix Becomes a Broadway Producer With Peter Morgan’s Patriots.txt\",\"priority\":9,\"score\":0.0,\"status\":\"ADDED\",\"tokenNum\":0,\"uriPath\":\"\"}]"}}
2025-11-10 15:54:01,736 - INFO - 文档数量: 9
2025-11-10 15:54:01,736 - INFO - 第1个文档状态: COMPLETED
2025-11-10 15:54:01,737 - INFO - 第2个文档状态: COMPLETED
2025-11-10 15:54:01,737 - INFO - 第3个文档状态: COMPLETED
2025-11-10 15:54:01,737 - INFO - 第4个文档状态: COMPLETED
2025-11-10 15:54:01,737 - INFO - 第5个文档状态: COMPLETED
2025-11-10 15:54:01,737 - INFO - 第6个文档状态: COMPLETED
2025-11-10 15:54:01,737 - INFO - 第7个文档状态: RUNNING
2025-11-10 15:54:01,737 - INFO - 第8个文档状态: ADDED
2025-11-10 15:54:01,738 - INFO - 第9个文档状态: ADDED
2025-11-10 15:54:01,738 - INFO - 仍有文档在处理中，第47次尝试...
2025-11-10 15:54:03,740 - DEBUG - Starting new HTTP connection (1): 127.0.0.1:35253
2025-11-10 15:54:03,744 - DEBUG - http://127.0.0.1:35253 "POST /upload HTTP/11" 200 19
2025-11-10 15:54:03,744 - INFO - 成功获取文档列表，upload_id: 8269073379824801434
2025-11-10 15:54:03,745 - INFO - 开始时间: 2025-11-10 15:54:03.745
2025-11-10 15:54:03,746 - DEBUG - Starting new HTTP connection (1): 127.0.0.1:35253
2025-11-10 15:54:03,758 - DEBUG - http://127.0.0.1:35253 "GET /query?fileData=8269073379824801434 HTTP/11" 200 None
2025-11-10 15:54:03,879 - INFO - 响应时间: 0.13秒
2025-11-10 15:54:03,879 - INFO - 第48次尝试，获取到的result_text: {"jobId":50,"status":"complete","data":{"text":"[{\"createTime\":\"2025-11-10T15:52:22.597\",\"description\":\"This paper investigates the computational hardness of learning Boolean functions from label proportions (LLP), an increasingly relevant machine learning paradigm where only aggregate label information over subsets (bags) of instances is available, generalizing traditional PAC learning. The authors prove several hardness results for LLP: (1) It is NP-hard to find a constant-clause CNF (including ORs) that satisfies any constant-fraction of bags of size at most 2, even when all bags are consistent with an OR function; this contrasts with prior approximation algorithms for halfspaces. (2) It is NP-hard to satisfy more than a (1/2 + δ)-fraction of such bags using constant-size DNF formulas. (3) For parity functions, it is NP-hard to satisfy more than (q / 2^{q-1} + δ)-fraction of the bags of size up to q using a parity function, with the best achievable approximation factor via a randomized algorithm being 1/2^{q-2}. These results show qualitative differences between LLP and PAC learning—the problems are tractable in PAC but intractable in LLP for these classes. The paper uses reductions from known Label Cover problems and applies probabilistic and algebraic techniques to establish tight inapproximability bounds. LLP is motivated by privacy, reduced labeling costs, and applications like medical image analysis. The work highlights fundamental barriers in learning Boolean functions when only label proportions are given, and provides benchmarks for algorithmic progress in LLP.\",\"docName\":\"2403.19401\",\"editTime\":\"2025-11-10T15:53:22.834\",\"fileName\":\"2403.19401.pdf\",\"folder\":\"C:\\\\Users\\\\XiaoXinPro 16 IAH\\\\Desktop\\\\LRIA_llm_eval\\\\eval\\\\Quantum_Bvt_20251110\\\\bvtfiles\",\"id\":1987790421895548928,\"isDeleted\":0,\"isTmpFile\":false,\"labelNameList\":[\"Technology\",\"Data Analysis\",\"Research Paper\"],\"lastModifyTime\":\"2025-09-17T09:45:00\",\"md5\":\"4ff6ba88616fcf7a71d1dca6c9adc14c\",\"path\":\"C:\\\\Users\\\\XiaoXinPro 16 IAH\\\\Desktop\\\\LRIA_llm_eval\\\\eval\\\\Quantum_Bvt_20251110\\\\bvtfiles\\\\2403.19401.pdf\",\"previewPath\":\"c:\\\\users\\\\xiaoxinpro 16 iah\\\\documents\\\\qtcore\\\\pdffile\\\\5a8b97086ee1c90294e728121903432b.pdf\",\"priority\":1,\"score\":0.0,\"status\":\"COMPLETED\",\"tokenNum\":14092,\"uriPath\":\"\"},{\"createTime\":\"2025-11-10T15:52:22.630\",\"description\":\"A One Day International (ODI) is a limited overs cricket match played between two international teams, typically with each side facing 50 overs. The format is used for high-profile tournaments like the Cricket World Cup and represents the highest standard of List A cricket. ODIs originated in 1971 when a Test match between Australia and England was abandoned due to rain, leading to a one-off game of 40 eight-ball overs, with Australia winning by 5 wickets. Initially, ODIs were played in white kits with a red ball. Significant changes occurred in the late 1970s, driven by Kerry Packer's World Series Cricket, which introduced coloured uniforms, nighttime matches under floodlights, white balls, and enhanced television coverage with multiple cameras and on-screen graphics. The first match with coloured uniforms was held in 1979. These innovations transformed the game, with players becoming full-time professionals, and coloured kits with white balls eventually becoming the ODI standard after 2001.\",\"docName\":\"3nql1cs15r8aviz39pth2bpsr4zvy1\",\"editTime\":\"2025-11-10T15:53:22.834\",\"fileName\":\"3nql1cs15r8aviz39pth2bpsr4zvy1.txt\",\"folder\":\"C:\\\\Users\\\\XiaoXinPro 16 IAH\\\\Desktop\\\\LRIA_llm_eval\\\\eval\\\\Quantum_Bvt_20251110\\\\bvtfiles\",\"id\":1987790422033960960,\"isDeleted\":0,\"isTmpFile\":false,\"labelNameList\":[\"Sport\",\"Informational\",\"History\"],\"lastModifyTime\":\"2025-09-17T09:45:00\",\"md5\":\"da0c0f7162b267cca0de596df4c40c56\",\"path\":\"C:\\\\Users\\\\XiaoXinPro 16 IAH\\\\Desktop\\\\LRIA_llm_eval\\\\eval\\\\Quantum_Bvt_20251110\\\\bvtfiles\\\\3nql1cs15r8aviz39pth2bpsr4zvy1.txt\",\"previewPath\":\"c:\\\\users\\\\xiaoxinpro 16 iah\\\\documents\\\\qtcore\\\\pdffile\\\\ba50ed51f6b7714754652a80ab62df56.pdf\",\"priority\":2,\"score\":0.0,\"status\":\"COMPLETED\",\"tokenNum\":402,\"uriPath\":\"\"},{\"createTime\":\"2025-11-10T15:52:22.650\",\"description\":\"The document discusses psychological identity, emphasizing self-image, self-esteem, and individuality. Weinreich defines identity as the totality of one’s self-construal, connecting past, present, and future self-perceptions, and extending this to aspects like ethnic identity. The complexity of describing identity for individuals and groups is highlighted, taking into account both unique characteristics and group memberships, which can vary with circumstance. Drawing on theorists like Kelly, Erikson, and Tajfel, Weinreich’s Identity Structure Analysis (ISA) is introduced as a structural approach to represent individual existential experience. ISA focuses on how relationships between self and others are organized within socio-cultural contexts and over time. It uses constructs from individual, group, and cultural discourses to map the individual's appraisal of self, others, and institutions. The methodology operationalizes these concepts so that identity can be assessed through the situated self’s interactions across different contexts.\",\"docName\":\"3u84xhcdicdb6vqtlfud7syhj444z2\",\"editTime\":\"2025-11-10T15:53:26.485\",\"fileName\":\"3u84xhcdicdb6vqtlfud7syhj444z2.txt\",\"folder\":\"C:\\\\Users\\\\XiaoXinPro 16 IAH\\\\Desktop\\\\LRIA_llm_eval\\\\eval\\\\Quantum_Bvt_20251110\\\\bvtfiles\",\"id\":1987790422117847040,\"isDeleted\":0,\"isTmpFile\":false,\"labelNameList\":[\"Research Paper\",\"Informational\",\"Science\"],\"lastModifyTime\":\"2025-09-17T09:45:00\",\"md5\":\"a80f0ad4af9fd250a462680c85e6fbf0\",\"path\":\"C:\\\\Users\\\\XiaoXinPro 16 IAH\\\\Desktop\\\\LRIA_llm_eval\\\\eval\\\\Quantum_Bvt_20251110\\\\bvtfiles\\\\3u84xhcdicdb6vqtlfud7syhj444z2.txt\",\"previewPath\":\"c:\\\\users\\\\xiaoxinpro 16 iah\\\\documents\\\\qtcore\\\\pdffile\\\\044561594142e2ef357c9fbbdfaf4af5.pdf\",\"priority\":3,\"score\":0.0,\"status\":\"COMPLETED\",\"tokenNum\":414,\"uriPath\":\"\"},{\"createTime\":\"2025-11-10T15:52:22.668\",\"description\":\"In Chapter XVIII, Archie is ordered to assist the Earl and a sizeable group of men-at-arms in searching for Bruce, whose location was revealed by a traitor. Archie, though reluctant, prepares the hound, Hector, for the hunt and considers drastic measures to protect Bruce if they get too close. The party, led by the traitorous peasant, travels five miles into the hills to a hut where Bruce had recently stayed. Upon arrival, Hector becomes energetic and excited, eagerly sniffing around before picking up Bruce's trail. The hound’s pursuit is intense, forcing Archie to struggle to keep pace while the Earl and his knights follow at a slight distance with their men-at-arms. Archie warns the Earl that the noise from the horses and the knights’ equipment agitates the hound further, making him harder to control. The tense search unfolds with Archie contemplating escape should the situation demand it, given the formidable presence of mounted pursuers.\",\"docName\":\"3z3zlgnnsiuha76yy56h6uu71bh3q1\",\"editTime\":\"2025-11-10T15:53:29.649\",\"fileName\":\"3z3zlgnnsiuha76yy56h6uu71bh3q1.txt\",\"folder\":\"C:\\\\Users\\\\XiaoXinPro 16 IAH\\\\Desktop\\\\LRIA_llm_eval\\\\eval\\\\Quantum_Bvt_20251110\\\\bvtfiles\",\"id\":1987790422193344512,\"isDeleted\":0,\"isTmpFile\":false,\"labelNameList\":[\"Informational\",\"History\",\"Report\"],\"lastModifyTime\":\"2025-09-17T09:45:00\",\"md5\":\"bb28043dd606535bdcaf1ee30346b0f9\",\"path\":\"C:\\\\Users\\\\XiaoXinPro 16 IAH\\\\Desktop\\\\LRIA_llm_eval\\\\eval\\\\Quantum_Bvt_20251110\\\\bvtfiles\\\\3z3zlgnnsiuha76yy56h6uu71bh3q1.txt\",\"previewPath\":\"c:\\\\users\\\\xiaoxinpro 16 iah\\\\documents\\\\qtcore\\\\pdffile\\\\c5016b94612aaf89641b2e6895248f70.pdf\",\"priority\":4,\"score\":0.0,\"status\":\"COMPLETED\",\"tokenNum\":326,\"uriPath\":\"\"},{\"createTime\":\"2025-11-10T15:52:22.688\",\"description\":\"This document outlines the design of an AI Face Algorithm Evaluation Method, focusing on test set collection and variable matrices. It specifies head movement variables—pitch (up/down), yaw (left/right), and roll (clockwise/counterclockwise)—each with specified movement angles and data rates, as well as facial movements including mouth, eyes, and eyebrows, and associated conditions. Light exposure is detailed into weak, medium, strong, and uneven categories to account for optical flow variability. Horizontal head movement is included, with both left and right motion measured. Data is gathered using a laptop camera and Ruifeng's collection tool, using input video as both the driving video and ground truth; specific images are used as source images. Evaluation involves comparing driving and output videos. The protocol requires 70 videos (minimum 5 seconds each), with 10 videos per variable and targeting multiple participants, with at least 7 represented overall. The data rate defines each video’s contribution per variable. Emphasis is placed on collecting a diverse and representative dataset for robust algorithm assessment.\",\"docName\":\"AI_Face_Test_Set_Collection_Method_Design\",\"editTime\":\"2025-11-10T15:53:44.023\",\"fileName\":\"AI_Face_Test_Set_Collection_Method_Design.pptx\",\"folder\":\"C:\\\\Users\\\\XiaoXinPro 16 IAH\\\\Desktop\\\\LRIA_llm_eval\\\\eval\\\\Quantum_Bvt_20251110\\\\bvtfiles\",\"id\":1987790422277230592,\"isDeleted\":0,\"isTmpFile\":false,\"labelNameList\":[\"Technology\",\"Data Analysis\",\"Specifications\"],\"lastModifyTime\":\"2025-09-17T09:46:00\",\"md5\":\"b0f396e7936e0f6192cd880927e8e74b\",\"path\":\"C:\\\\Users\\\\XiaoXinPro 16 IAH\\\\Desktop\\\\LRIA_llm_eval\\\\eval\\\\Quantum_Bvt_20251110\\\\bvtfiles\\\\AI_Face_Test_Set_Collection_Method_Design.pptx\",\"previewPath\":\"c:\\\\users\\\\xiaoxinpro 16 iah\\\\documents\\\\qtcore\\\\pdffile\\\\c85631aabec673dabeda2b80233b5341.pdf\",\"priority\":5,\"score\":0.0,\"status\":\"COMPLETED\",\"tokenNum\":432,\"uriPath\":\"\"},{\"createTime\":\"2025-11-10T15:52:22.707\",\"description\":\"This document introduces Linear Programming (LP), outlining its definition, history, methods of solution, and approaches for testing LP solvers. LP involves optimizing a linear objective function based on decision variables subject to linear constraints, creating a convex polyhedral feasible domain where the optimal value is found at domain vertices. Mixed-Integer Programs (MIP) are also defined, and methods like branch-and-bound are discussed. Historically, LP originated with G.B. Dantzig in 1947, with subsequent developments by Kantorovich, Koopmans (who won the Nobel Prize for resource allocation theory), Khachian (Ellipsoid Method), and Karmarkar (Interior-Point Method). Solutions to LP problems use enumeration, Simplex, and Interior-Point methods, with the latter providing polynomial-time solutions for large-scale problems. LP solver testing utilizes both benchmark and self-built test sets, evaluating problems with different constraint and variable structures, including unique feasible, infinite, infeasible, and unbounded cases. Example benchmark instances include AGG, BANDM, BOEING1, and others recorded with details such as rows, columns, nonzeros, bytes, and optimal values. Testing criteria encompass various coefficient scales, constraints, bounds, degeneracy, contradiction, and unboundedness.\",\"docName\":\"A_brief_introduction_of_LP_liutao21_20220615\",\"editTime\":\"2025-11-10T15:53:58.811\",\"fileName\":\"A_brief_introduction_of_LP_liutao21_20220615.pptx\",\"folder\":\"C:\\\\Users\\\\XiaoXinPro 16 IAH\\\\Desktop\\\\LRIA_llm_eval\\\\eval\\\\Quantum_Bvt_20251110\\\\bvtfiles\",\"id\":1987790422356922368,\"isDeleted\":0,\"isTmpFile\":false,\"labelNameList\":[\"Technology\",\"Data Analysis\",\"Informational\"],\"lastModifyTime\":\"2025-09-17T09:46:00\",\"md5\":\"0dbb2532524843af54fb3388b7bf3381\",\"path\":\"C:\\\\Users\\\\XiaoXinPro 16 IAH\\\\Desktop\\\\LRIA_llm_eval\\\\eval\\\\Quantum_Bvt_20251110\\\\bvtfiles\\\\A_brief_introduction_of_LP_liutao21_20220615.pptx\",\"previewPath\":\"c:\\\\users\\\\xiaoxinpro 16 iah\\\\documents\\\\qtcore\\\\pdffile\\\\236ffb1926cb5ac1cef47fd4707ea1f7.pdf\",\"priority\":6,\"score\":0.0,\"status\":\"COMPLETED\",\"tokenNum\":1297,\"uriPath\":\"\"},{\"createTime\":\"2025-11-10T15:52:22.764\",\"description\":\"\",\"docName\":\"\",\"editTime\":\"2025-11-10T15:53:54.916\",\"fileName\":\"Belfast-English.docx\",\"folder\":\"C:\\\\Users\\\\XiaoXinPro 16 IAH\\\\Desktop\\\\LRIA_llm_eval\\\\eval\\\\Quantum_Bvt_20251110\\\\bvtfiles\",\"id\":1987790422595997696,\"isDeleted\":0,\"isTmpFile\":false,\"labelNameList\":[],\"lastModifyTime\":\"2025-09-17T09:45:00\",\"md5\":\"3193e699ffa92db332ae31a9fb1d3cb4\",\"path\":\"C:\\\\Users\\\\XiaoXinPro 16 IAH\\\\Desktop\\\\LRIA_llm_eval\\\\eval\\\\Quantum_Bvt_20251110\\\\bvtfiles\\\\Belfast-English.docx\",\"priority\":7,\"score\":0.0,\"status\":\"RUNNING\",\"tokenNum\":0,\"uriPath\":\"\"},{\"createTime\":\"2025-11-10T15:52:22.784\",\"description\":\"\",\"docName\":\"\",\"editTime\":\"2025-11-10T15:52:22.784\",\"errorDescription\":\"\",\"fileName\":\"British-Food-Culture.doc\",\"folder\":\"C:\\\\Users\\\\XiaoXinPro 16 IAH\\\\Desktop\\\\LRIA_llm_eval\\\\eval\\\\Quantum_Bvt_20251110\\\\bvtfiles\",\"id\":1987790422679883776,\"isDeleted\":0,\"isTmpFile\":false,\"labelNameList\":[],\"lastModifyTime\":\"2025-09-17T09:45:00\",\"md5\":\"435798f1c3377c7f5b71e18d733ca579\",\"path\":\"C:\\\\Users\\\\XiaoXinPro 16 IAH\\\\Desktop\\\\LRIA_llm_eval\\\\eval\\\\Quantum_Bvt_20251110\\\\bvtfiles\\\\British-Food-Culture.doc\",\"priority\":8,\"score\":0.0,\"status\":\"ADDED\",\"tokenNum\":0,\"uriPath\":\"\"},{\"createTime\":\"2025-11-10T15:52:22.803\",\"description\":\"\",\"docName\":\"\",\"editTime\":\"2025-11-10T15:52:22.803\",\"errorDescription\":\"\",\"fileName\":\"Netflix Becomes a Broadway Producer With Peter Morgan’s Patriots.txt\",\"folder\":\"C:\\\\Users\\\\XiaoXinPro 16 IAH\\\\Desktop\\\\LRIA_llm_eval\\\\eval\\\\Quantum_Bvt_20251110\\\\bvtfiles\",\"id\":1987790422759575552,\"isDeleted\":0,\"isTmpFile\":false,\"labelNameList\":[],\"lastModifyTime\":\"2025-09-17T09:46:00\",\"md5\":\"ab84c46eaa62a18048fb0241446da4ca\",\"path\":\"C:\\\\Users\\\\XiaoXinPro 16 IAH\\\\Desktop\\\\LRIA_llm_eval\\\\eval\\\\Quantum_Bvt_20251110\\\\bvtfiles\\\\Netflix Becomes a Broadway Producer With Peter Morgan’s Patriots.txt\",\"priority\":9,\"score\":0.0,\"status\":\"ADDED\",\"tokenNum\":0,\"uriPath\":\"\"}]"}}
2025-11-10 15:54:03,880 - INFO - 文档数量: 9
2025-11-10 15:54:03,880 - INFO - 第1个文档状态: COMPLETED
2025-11-10 15:54:03,880 - INFO - 第2个文档状态: COMPLETED
2025-11-10 15:54:03,881 - INFO - 第3个文档状态: COMPLETED
2025-11-10 15:54:03,881 - INFO - 第4个文档状态: COMPLETED
2025-11-10 15:54:03,881 - INFO - 第5个文档状态: COMPLETED
2025-11-10 15:54:03,881 - INFO - 第6个文档状态: COMPLETED
2025-11-10 15:54:03,882 - INFO - 第7个文档状态: RUNNING
2025-11-10 15:54:03,882 - INFO - 第8个文档状态: ADDED
2025-11-10 15:54:03,882 - INFO - 第9个文档状态: ADDED
2025-11-10 15:54:03,882 - INFO - 仍有文档在处理中，第48次尝试...
2025-11-10 15:54:05,883 - DEBUG - Starting new HTTP connection (1): 127.0.0.1:35253
2025-11-10 15:54:05,887 - DEBUG - http://127.0.0.1:35253 "POST /upload HTTP/11" 200 19
2025-11-10 15:54:05,889 - INFO - 成功获取文档列表，upload_id: 1318652767202666704
2025-11-10 15:54:05,889 - INFO - 开始时间: 2025-11-10 15:54:05.889
2025-11-10 15:54:05,890 - DEBUG - Starting new HTTP connection (1): 127.0.0.1:35253
2025-11-10 15:54:05,894 - DEBUG - http://127.0.0.1:35253 "GET /query?fileData=1318652767202666704 HTTP/11" 200 None
2025-11-10 15:54:06,029 - INFO - 响应时间: 0.14秒
2025-11-10 15:54:06,030 - INFO - 第49次尝试，获取到的result_text: {"jobId":51,"status":"complete","data":{"text":"[{\"createTime\":\"2025-11-10T15:52:22.597\",\"description\":\"This paper investigates the computational hardness of learning Boolean functions from label proportions (LLP), an increasingly relevant machine learning paradigm where only aggregate label information over subsets (bags) of instances is available, generalizing traditional PAC learning. The authors prove several hardness results for LLP: (1) It is NP-hard to find a constant-clause CNF (including ORs) that satisfies any constant-fraction of bags of size at most 2, even when all bags are consistent with an OR function; this contrasts with prior approximation algorithms for halfspaces. (2) It is NP-hard to satisfy more than a (1/2 + δ)-fraction of such bags using constant-size DNF formulas. (3) For parity functions, it is NP-hard to satisfy more than (q / 2^{q-1} + δ)-fraction of the bags of size up to q using a parity function, with the best achievable approximation factor via a randomized algorithm being 1/2^{q-2}. These results show qualitative differences between LLP and PAC learning—the problems are tractable in PAC but intractable in LLP for these classes. The paper uses reductions from known Label Cover problems and applies probabilistic and algebraic techniques to establish tight inapproximability bounds. LLP is motivated by privacy, reduced labeling costs, and applications like medical image analysis. The work highlights fundamental barriers in learning Boolean functions when only label proportions are given, and provides benchmarks for algorithmic progress in LLP.\",\"docName\":\"2403.19401\",\"editTime\":\"2025-11-10T15:53:22.834\",\"fileName\":\"2403.19401.pdf\",\"folder\":\"C:\\\\Users\\\\XiaoXinPro 16 IAH\\\\Desktop\\\\LRIA_llm_eval\\\\eval\\\\Quantum_Bvt_20251110\\\\bvtfiles\",\"id\":1987790421895548928,\"isDeleted\":0,\"isTmpFile\":false,\"labelNameList\":[\"Technology\",\"Data Analysis\",\"Research Paper\"],\"lastModifyTime\":\"2025-09-17T09:45:00\",\"md5\":\"4ff6ba88616fcf7a71d1dca6c9adc14c\",\"path\":\"C:\\\\Users\\\\XiaoXinPro 16 IAH\\\\Desktop\\\\LRIA_llm_eval\\\\eval\\\\Quantum_Bvt_20251110\\\\bvtfiles\\\\2403.19401.pdf\",\"previewPath\":\"c:\\\\users\\\\xiaoxinpro 16 iah\\\\documents\\\\qtcore\\\\pdffile\\\\5a8b97086ee1c90294e728121903432b.pdf\",\"priority\":1,\"score\":0.0,\"status\":\"COMPLETED\",\"tokenNum\":14092,\"uriPath\":\"\"},{\"createTime\":\"2025-11-10T15:52:22.630\",\"description\":\"A One Day International (ODI) is a limited overs cricket match played between two international teams, typically with each side facing 50 overs. The format is used for high-profile tournaments like the Cricket World Cup and represents the highest standard of List A cricket. ODIs originated in 1971 when a Test match between Australia and England was abandoned due to rain, leading to a one-off game of 40 eight-ball overs, with Australia winning by 5 wickets. Initially, ODIs were played in white kits with a red ball. Significant changes occurred in the late 1970s, driven by Kerry Packer's World Series Cricket, which introduced coloured uniforms, nighttime matches under floodlights, white balls, and enhanced television coverage with multiple cameras and on-screen graphics. The first match with coloured uniforms was held in 1979. These innovations transformed the game, with players becoming full-time professionals, and coloured kits with white balls eventually becoming the ODI standard after 2001.\",\"docName\":\"3nql1cs15r8aviz39pth2bpsr4zvy1\",\"editTime\":\"2025-11-10T15:53:22.834\",\"fileName\":\"3nql1cs15r8aviz39pth2bpsr4zvy1.txt\",\"folder\":\"C:\\\\Users\\\\XiaoXinPro 16 IAH\\\\Desktop\\\\LRIA_llm_eval\\\\eval\\\\Quantum_Bvt_20251110\\\\bvtfiles\",\"id\":1987790422033960960,\"isDeleted\":0,\"isTmpFile\":false,\"labelNameList\":[\"Sport\",\"Informational\",\"History\"],\"lastModifyTime\":\"2025-09-17T09:45:00\",\"md5\":\"da0c0f7162b267cca0de596df4c40c56\",\"path\":\"C:\\\\Users\\\\XiaoXinPro 16 IAH\\\\Desktop\\\\LRIA_llm_eval\\\\eval\\\\Quantum_Bvt_20251110\\\\bvtfiles\\\\3nql1cs15r8aviz39pth2bpsr4zvy1.txt\",\"previewPath\":\"c:\\\\users\\\\xiaoxinpro 16 iah\\\\documents\\\\qtcore\\\\pdffile\\\\ba50ed51f6b7714754652a80ab62df56.pdf\",\"priority\":2,\"score\":0.0,\"status\":\"COMPLETED\",\"tokenNum\":402,\"uriPath\":\"\"},{\"createTime\":\"2025-11-10T15:52:22.650\",\"description\":\"The document discusses psychological identity, emphasizing self-image, self-esteem, and individuality. Weinreich defines identity as the totality of one’s self-construal, connecting past, present, and future self-perceptions, and extending this to aspects like ethnic identity. The complexity of describing identity for individuals and groups is highlighted, taking into account both unique characteristics and group memberships, which can vary with circumstance. Drawing on theorists like Kelly, Erikson, and Tajfel, Weinreich’s Identity Structure Analysis (ISA) is introduced as a structural approach to represent individual existential experience. ISA focuses on how relationships between self and others are organized within socio-cultural contexts and over time. It uses constructs from individual, group, and cultural discourses to map the individual's appraisal of self, others, and institutions. The methodology operationalizes these concepts so that identity can be assessed through the situated self’s interactions across different contexts.\",\"docName\":\"3u84xhcdicdb6vqtlfud7syhj444z2\",\"editTime\":\"2025-11-10T15:53:26.485\",\"fileName\":\"3u84xhcdicdb6vqtlfud7syhj444z2.txt\",\"folder\":\"C:\\\\Users\\\\XiaoXinPro 16 IAH\\\\Desktop\\\\LRIA_llm_eval\\\\eval\\\\Quantum_Bvt_20251110\\\\bvtfiles\",\"id\":1987790422117847040,\"isDeleted\":0,\"isTmpFile\":false,\"labelNameList\":[\"Research Paper\",\"Informational\",\"Science\"],\"lastModifyTime\":\"2025-09-17T09:45:00\",\"md5\":\"a80f0ad4af9fd250a462680c85e6fbf0\",\"path\":\"C:\\\\Users\\\\XiaoXinPro 16 IAH\\\\Desktop\\\\LRIA_llm_eval\\\\eval\\\\Quantum_Bvt_20251110\\\\bvtfiles\\\\3u84xhcdicdb6vqtlfud7syhj444z2.txt\",\"previewPath\":\"c:\\\\users\\\\xiaoxinpro 16 iah\\\\documents\\\\qtcore\\\\pdffile\\\\044561594142e2ef357c9fbbdfaf4af5.pdf\",\"priority\":3,\"score\":0.0,\"status\":\"COMPLETED\",\"tokenNum\":414,\"uriPath\":\"\"},{\"createTime\":\"2025-11-10T15:52:22.668\",\"description\":\"In Chapter XVIII, Archie is ordered to assist the Earl and a sizeable group of men-at-arms in searching for Bruce, whose location was revealed by a traitor. Archie, though reluctant, prepares the hound, Hector, for the hunt and considers drastic measures to protect Bruce if they get too close. The party, led by the traitorous peasant, travels five miles into the hills to a hut where Bruce had recently stayed. Upon arrival, Hector becomes energetic and excited, eagerly sniffing around before picking up Bruce's trail. The hound’s pursuit is intense, forcing Archie to struggle to keep pace while the Earl and his knights follow at a slight distance with their men-at-arms. Archie warns the Earl that the noise from the horses and the knights’ equipment agitates the hound further, making him harder to control. The tense search unfolds with Archie contemplating escape should the situation demand it, given the formidable presence of mounted pursuers.\",\"docName\":\"3z3zlgnnsiuha76yy56h6uu71bh3q1\",\"editTime\":\"2025-11-10T15:53:29.649\",\"fileName\":\"3z3zlgnnsiuha76yy56h6uu71bh3q1.txt\",\"folder\":\"C:\\\\Users\\\\XiaoXinPro 16 IAH\\\\Desktop\\\\LRIA_llm_eval\\\\eval\\\\Quantum_Bvt_20251110\\\\bvtfiles\",\"id\":1987790422193344512,\"isDeleted\":0,\"isTmpFile\":false,\"labelNameList\":[\"Informational\",\"History\",\"Report\"],\"lastModifyTime\":\"2025-09-17T09:45:00\",\"md5\":\"bb28043dd606535bdcaf1ee30346b0f9\",\"path\":\"C:\\\\Users\\\\XiaoXinPro 16 IAH\\\\Desktop\\\\LRIA_llm_eval\\\\eval\\\\Quantum_Bvt_20251110\\\\bvtfiles\\\\3z3zlgnnsiuha76yy56h6uu71bh3q1.txt\",\"previewPath\":\"c:\\\\users\\\\xiaoxinpro 16 iah\\\\documents\\\\qtcore\\\\pdffile\\\\c5016b94612aaf89641b2e6895248f70.pdf\",\"priority\":4,\"score\":0.0,\"status\":\"COMPLETED\",\"tokenNum\":326,\"uriPath\":\"\"},{\"createTime\":\"2025-11-10T15:52:22.688\",\"description\":\"This document outlines the design of an AI Face Algorithm Evaluation Method, focusing on test set collection and variable matrices. It specifies head movement variables—pitch (up/down), yaw (left/right), and roll (clockwise/counterclockwise)—each with specified movement angles and data rates, as well as facial movements including mouth, eyes, and eyebrows, and associated conditions. Light exposure is detailed into weak, medium, strong, and uneven categories to account for optical flow variability. Horizontal head movement is included, with both left and right motion measured. Data is gathered using a laptop camera and Ruifeng's collection tool, using input video as both the driving video and ground truth; specific images are used as source images. Evaluation involves comparing driving and output videos. The protocol requires 70 videos (minimum 5 seconds each), with 10 videos per variable and targeting multiple participants, with at least 7 represented overall. The data rate defines each video’s contribution per variable. Emphasis is placed on collecting a diverse and representative dataset for robust algorithm assessment.\",\"docName\":\"AI_Face_Test_Set_Collection_Method_Design\",\"editTime\":\"2025-11-10T15:53:44.023\",\"fileName\":\"AI_Face_Test_Set_Collection_Method_Design.pptx\",\"folder\":\"C:\\\\Users\\\\XiaoXinPro 16 IAH\\\\Desktop\\\\LRIA_llm_eval\\\\eval\\\\Quantum_Bvt_20251110\\\\bvtfiles\",\"id\":1987790422277230592,\"isDeleted\":0,\"isTmpFile\":false,\"labelNameList\":[\"Technology\",\"Data Analysis\",\"Specifications\"],\"lastModifyTime\":\"2025-09-17T09:46:00\",\"md5\":\"b0f396e7936e0f6192cd880927e8e74b\",\"path\":\"C:\\\\Users\\\\XiaoXinPro 16 IAH\\\\Desktop\\\\LRIA_llm_eval\\\\eval\\\\Quantum_Bvt_20251110\\\\bvtfiles\\\\AI_Face_Test_Set_Collection_Method_Design.pptx\",\"previewPath\":\"c:\\\\users\\\\xiaoxinpro 16 iah\\\\documents\\\\qtcore\\\\pdffile\\\\c85631aabec673dabeda2b80233b5341.pdf\",\"priority\":5,\"score\":0.0,\"status\":\"COMPLETED\",\"tokenNum\":432,\"uriPath\":\"\"},{\"createTime\":\"2025-11-10T15:52:22.707\",\"description\":\"This document introduces Linear Programming (LP), outlining its definition, history, methods of solution, and approaches for testing LP solvers. LP involves optimizing a linear objective function based on decision variables subject to linear constraints, creating a convex polyhedral feasible domain where the optimal value is found at domain vertices. Mixed-Integer Programs (MIP) are also defined, and methods like branch-and-bound are discussed. Historically, LP originated with G.B. Dantzig in 1947, with subsequent developments by Kantorovich, Koopmans (who won the Nobel Prize for resource allocation theory), Khachian (Ellipsoid Method), and Karmarkar (Interior-Point Method). Solutions to LP problems use enumeration, Simplex, and Interior-Point methods, with the latter providing polynomial-time solutions for large-scale problems. LP solver testing utilizes both benchmark and self-built test sets, evaluating problems with different constraint and variable structures, including unique feasible, infinite, infeasible, and unbounded cases. Example benchmark instances include AGG, BANDM, BOEING1, and others recorded with details such as rows, columns, nonzeros, bytes, and optimal values. Testing criteria encompass various coefficient scales, constraints, bounds, degeneracy, contradiction, and unboundedness.\",\"docName\":\"A_brief_introduction_of_LP_liutao21_20220615\",\"editTime\":\"2025-11-10T15:53:58.811\",\"fileName\":\"A_brief_introduction_of_LP_liutao21_20220615.pptx\",\"folder\":\"C:\\\\Users\\\\XiaoXinPro 16 IAH\\\\Desktop\\\\LRIA_llm_eval\\\\eval\\\\Quantum_Bvt_20251110\\\\bvtfiles\",\"id\":1987790422356922368,\"isDeleted\":0,\"isTmpFile\":false,\"labelNameList\":[\"Technology\",\"Data Analysis\",\"Informational\"],\"lastModifyTime\":\"2025-09-17T09:46:00\",\"md5\":\"0dbb2532524843af54fb3388b7bf3381\",\"path\":\"C:\\\\Users\\\\XiaoXinPro 16 IAH\\\\Desktop\\\\LRIA_llm_eval\\\\eval\\\\Quantum_Bvt_20251110\\\\bvtfiles\\\\A_brief_introduction_of_LP_liutao21_20220615.pptx\",\"previewPath\":\"c:\\\\users\\\\xiaoxinpro 16 iah\\\\documents\\\\qtcore\\\\pdffile\\\\236ffb1926cb5ac1cef47fd4707ea1f7.pdf\",\"priority\":6,\"score\":0.0,\"status\":\"COMPLETED\",\"tokenNum\":1297,\"uriPath\":\"\"},{\"createTime\":\"2025-11-10T15:52:22.764\",\"description\":\"\",\"docName\":\"\",\"editTime\":\"2025-11-10T15:53:54.916\",\"fileName\":\"Belfast-English.docx\",\"folder\":\"C:\\\\Users\\\\XiaoXinPro 16 IAH\\\\Desktop\\\\LRIA_llm_eval\\\\eval\\\\Quantum_Bvt_20251110\\\\bvtfiles\",\"id\":1987790422595997696,\"isDeleted\":0,\"isTmpFile\":false,\"labelNameList\":[],\"lastModifyTime\":\"2025-09-17T09:45:00\",\"md5\":\"3193e699ffa92db332ae31a9fb1d3cb4\",\"path\":\"C:\\\\Users\\\\XiaoXinPro 16 IAH\\\\Desktop\\\\LRIA_llm_eval\\\\eval\\\\Quantum_Bvt_20251110\\\\bvtfiles\\\\Belfast-English.docx\",\"priority\":7,\"score\":0.0,\"status\":\"RUNNING\",\"tokenNum\":0,\"uriPath\":\"\"},{\"createTime\":\"2025-11-10T15:52:22.784\",\"description\":\"\",\"docName\":\"\",\"editTime\":\"2025-11-10T15:52:22.784\",\"errorDescription\":\"\",\"fileName\":\"British-Food-Culture.doc\",\"folder\":\"C:\\\\Users\\\\XiaoXinPro 16 IAH\\\\Desktop\\\\LRIA_llm_eval\\\\eval\\\\Quantum_Bvt_20251110\\\\bvtfiles\",\"id\":1987790422679883776,\"isDeleted\":0,\"isTmpFile\":false,\"labelNameList\":[],\"lastModifyTime\":\"2025-09-17T09:45:00\",\"md5\":\"435798f1c3377c7f5b71e18d733ca579\",\"path\":\"C:\\\\Users\\\\XiaoXinPro 16 IAH\\\\Desktop\\\\LRIA_llm_eval\\\\eval\\\\Quantum_Bvt_20251110\\\\bvtfiles\\\\British-Food-Culture.doc\",\"priority\":8,\"score\":0.0,\"status\":\"ADDED\",\"tokenNum\":0,\"uriPath\":\"\"},{\"createTime\":\"2025-11-10T15:52:22.803\",\"description\":\"\",\"docName\":\"\",\"editTime\":\"2025-11-10T15:52:22.803\",\"errorDescription\":\"\",\"fileName\":\"Netflix Becomes a Broadway Producer With Peter Morgan’s Patriots.txt\",\"folder\":\"C:\\\\Users\\\\XiaoXinPro 16 IAH\\\\Desktop\\\\LRIA_llm_eval\\\\eval\\\\Quantum_Bvt_20251110\\\\bvtfiles\",\"id\":1987790422759575552,\"isDeleted\":0,\"isTmpFile\":false,\"labelNameList\":[],\"lastModifyTime\":\"2025-09-17T09:46:00\",\"md5\":\"ab84c46eaa62a18048fb0241446da4ca\",\"path\":\"C:\\\\Users\\\\XiaoXinPro 16 IAH\\\\Desktop\\\\LRIA_llm_eval\\\\eval\\\\Quantum_Bvt_20251110\\\\bvtfiles\\\\Netflix Becomes a Broadway Producer With Peter Morgan’s Patriots.txt\",\"priority\":9,\"score\":0.0,\"status\":\"ADDED\",\"tokenNum\":0,\"uriPath\":\"\"}]"}}
2025-11-10 15:54:06,031 - INFO - 文档数量: 9
2025-11-10 15:54:06,031 - INFO - 第1个文档状态: COMPLETED
2025-11-10 15:54:06,031 - INFO - 第2个文档状态: COMPLETED
2025-11-10 15:54:06,031 - INFO - 第3个文档状态: COMPLETED
2025-11-10 15:54:06,031 - INFO - 第4个文档状态: COMPLETED
2025-11-10 15:54:06,031 - INFO - 第5个文档状态: COMPLETED
2025-11-10 15:54:06,032 - INFO - 第6个文档状态: COMPLETED
2025-11-10 15:54:06,032 - INFO - 第7个文档状态: RUNNING
2025-11-10 15:54:06,032 - INFO - 第8个文档状态: ADDED
2025-11-10 15:54:06,032 - INFO - 第9个文档状态: ADDED
2025-11-10 15:54:06,032 - INFO - 仍有文档在处理中，第49次尝试...
2025-11-10 15:54:08,034 - DEBUG - Starting new HTTP connection (1): 127.0.0.1:35253
2025-11-10 15:54:08,037 - DEBUG - http://127.0.0.1:35253 "POST /upload HTTP/11" 200 19
2025-11-10 15:54:08,042 - INFO - 成功获取文档列表，upload_id: 1826682329430701797
2025-11-10 15:54:08,043 - INFO - 开始时间: 2025-11-10 15:54:08.043
2025-11-10 15:54:08,050 - DEBUG - Starting new HTTP connection (1): 127.0.0.1:35253
2025-11-10 15:54:08,064 - DEBUG - http://127.0.0.1:35253 "GET /query?fileData=1826682329430701797 HTTP/11" 200 None
2025-11-10 15:54:08,176 - INFO - 响应时间: 0.13秒
2025-11-10 15:54:08,176 - INFO - 第50次尝试，获取到的result_text: {"jobId":52,"status":"complete","data":{"text":"[{\"createTime\":\"2025-11-10T15:52:22.597\",\"description\":\"This paper investigates the computational hardness of learning Boolean functions from label proportions (LLP), an increasingly relevant machine learning paradigm where only aggregate label information over subsets (bags) of instances is available, generalizing traditional PAC learning. The authors prove several hardness results for LLP: (1) It is NP-hard to find a constant-clause CNF (including ORs) that satisfies any constant-fraction of bags of size at most 2, even when all bags are consistent with an OR function; this contrasts with prior approximation algorithms for halfspaces. (2) It is NP-hard to satisfy more than a (1/2 + δ)-fraction of such bags using constant-size DNF formulas. (3) For parity functions, it is NP-hard to satisfy more than (q / 2^{q-1} + δ)-fraction of the bags of size up to q using a parity function, with the best achievable approximation factor via a randomized algorithm being 1/2^{q-2}. These results show qualitative differences between LLP and PAC learning—the problems are tractable in PAC but intractable in LLP for these classes. The paper uses reductions from known Label Cover problems and applies probabilistic and algebraic techniques to establish tight inapproximability bounds. LLP is motivated by privacy, reduced labeling costs, and applications like medical image analysis. The work highlights fundamental barriers in learning Boolean functions when only label proportions are given, and provides benchmarks for algorithmic progress in LLP.\",\"docName\":\"2403.19401\",\"editTime\":\"2025-11-10T15:53:22.834\",\"fileName\":\"2403.19401.pdf\",\"folder\":\"C:\\\\Users\\\\XiaoXinPro 16 IAH\\\\Desktop\\\\LRIA_llm_eval\\\\eval\\\\Quantum_Bvt_20251110\\\\bvtfiles\",\"id\":1987790421895548928,\"isDeleted\":0,\"isTmpFile\":false,\"labelNameList\":[\"Technology\",\"Data Analysis\",\"Research Paper\"],\"lastModifyTime\":\"2025-09-17T09:45:00\",\"md5\":\"4ff6ba88616fcf7a71d1dca6c9adc14c\",\"path\":\"C:\\\\Users\\\\XiaoXinPro 16 IAH\\\\Desktop\\\\LRIA_llm_eval\\\\eval\\\\Quantum_Bvt_20251110\\\\bvtfiles\\\\2403.19401.pdf\",\"previewPath\":\"c:\\\\users\\\\xiaoxinpro 16 iah\\\\documents\\\\qtcore\\\\pdffile\\\\5a8b97086ee1c90294e728121903432b.pdf\",\"priority\":1,\"score\":0.0,\"status\":\"COMPLETED\",\"tokenNum\":14092,\"uriPath\":\"\"},{\"createTime\":\"2025-11-10T15:52:22.630\",\"description\":\"A One Day International (ODI) is a limited overs cricket match played between two international teams, typically with each side facing 50 overs. The format is used for high-profile tournaments like the Cricket World Cup and represents the highest standard of List A cricket. ODIs originated in 1971 when a Test match between Australia and England was abandoned due to rain, leading to a one-off game of 40 eight-ball overs, with Australia winning by 5 wickets. Initially, ODIs were played in white kits with a red ball. Significant changes occurred in the late 1970s, driven by Kerry Packer's World Series Cricket, which introduced coloured uniforms, nighttime matches under floodlights, white balls, and enhanced television coverage with multiple cameras and on-screen graphics. The first match with coloured uniforms was held in 1979. These innovations transformed the game, with players becoming full-time professionals, and coloured kits with white balls eventually becoming the ODI standard after 2001.\",\"docName\":\"3nql1cs15r8aviz39pth2bpsr4zvy1\",\"editTime\":\"2025-11-10T15:53:22.834\",\"fileName\":\"3nql1cs15r8aviz39pth2bpsr4zvy1.txt\",\"folder\":\"C:\\\\Users\\\\XiaoXinPro 16 IAH\\\\Desktop\\\\LRIA_llm_eval\\\\eval\\\\Quantum_Bvt_20251110\\\\bvtfiles\",\"id\":1987790422033960960,\"isDeleted\":0,\"isTmpFile\":false,\"labelNameList\":[\"Sport\",\"Informational\",\"History\"],\"lastModifyTime\":\"2025-09-17T09:45:00\",\"md5\":\"da0c0f7162b267cca0de596df4c40c56\",\"path\":\"C:\\\\Users\\\\XiaoXinPro 16 IAH\\\\Desktop\\\\LRIA_llm_eval\\\\eval\\\\Quantum_Bvt_20251110\\\\bvtfiles\\\\3nql1cs15r8aviz39pth2bpsr4zvy1.txt\",\"previewPath\":\"c:\\\\users\\\\xiaoxinpro 16 iah\\\\documents\\\\qtcore\\\\pdffile\\\\ba50ed51f6b7714754652a80ab62df56.pdf\",\"priority\":2,\"score\":0.0,\"status\":\"COMPLETED\",\"tokenNum\":402,\"uriPath\":\"\"},{\"createTime\":\"2025-11-10T15:52:22.650\",\"description\":\"The document discusses psychological identity, emphasizing self-image, self-esteem, and individuality. Weinreich defines identity as the totality of one’s self-construal, connecting past, present, and future self-perceptions, and extending this to aspects like ethnic identity. The complexity of describing identity for individuals and groups is highlighted, taking into account both unique characteristics and group memberships, which can vary with circumstance. Drawing on theorists like Kelly, Erikson, and Tajfel, Weinreich’s Identity Structure Analysis (ISA) is introduced as a structural approach to represent individual existential experience. ISA focuses on how relationships between self and others are organized within socio-cultural contexts and over time. It uses constructs from individual, group, and cultural discourses to map the individual's appraisal of self, others, and institutions. The methodology operationalizes these concepts so that identity can be assessed through the situated self’s interactions across different contexts.\",\"docName\":\"3u84xhcdicdb6vqtlfud7syhj444z2\",\"editTime\":\"2025-11-10T15:53:26.485\",\"fileName\":\"3u84xhcdicdb6vqtlfud7syhj444z2.txt\",\"folder\":\"C:\\\\Users\\\\XiaoXinPro 16 IAH\\\\Desktop\\\\LRIA_llm_eval\\\\eval\\\\Quantum_Bvt_20251110\\\\bvtfiles\",\"id\":1987790422117847040,\"isDeleted\":0,\"isTmpFile\":false,\"labelNameList\":[\"Research Paper\",\"Informational\",\"Science\"],\"lastModifyTime\":\"2025-09-17T09:45:00\",\"md5\":\"a80f0ad4af9fd250a462680c85e6fbf0\",\"path\":\"C:\\\\Users\\\\XiaoXinPro 16 IAH\\\\Desktop\\\\LRIA_llm_eval\\\\eval\\\\Quantum_Bvt_20251110\\\\bvtfiles\\\\3u84xhcdicdb6vqtlfud7syhj444z2.txt\",\"previewPath\":\"c:\\\\users\\\\xiaoxinpro 16 iah\\\\documents\\\\qtcore\\\\pdffile\\\\044561594142e2ef357c9fbbdfaf4af5.pdf\",\"priority\":3,\"score\":0.0,\"status\":\"COMPLETED\",\"tokenNum\":414,\"uriPath\":\"\"},{\"createTime\":\"2025-11-10T15:52:22.668\",\"description\":\"In Chapter XVIII, Archie is ordered to assist the Earl and a sizeable group of men-at-arms in searching for Bruce, whose location was revealed by a traitor. Archie, though reluctant, prepares the hound, Hector, for the hunt and considers drastic measures to protect Bruce if they get too close. The party, led by the traitorous peasant, travels five miles into the hills to a hut where Bruce had recently stayed. Upon arrival, Hector becomes energetic and excited, eagerly sniffing around before picking up Bruce's trail. The hound’s pursuit is intense, forcing Archie to struggle to keep pace while the Earl and his knights follow at a slight distance with their men-at-arms. Archie warns the Earl that the noise from the horses and the knights’ equipment agitates the hound further, making him harder to control. The tense search unfolds with Archie contemplating escape should the situation demand it, given the formidable presence of mounted pursuers.\",\"docName\":\"3z3zlgnnsiuha76yy56h6uu71bh3q1\",\"editTime\":\"2025-11-10T15:53:29.649\",\"fileName\":\"3z3zlgnnsiuha76yy56h6uu71bh3q1.txt\",\"folder\":\"C:\\\\Users\\\\XiaoXinPro 16 IAH\\\\Desktop\\\\LRIA_llm_eval\\\\eval\\\\Quantum_Bvt_20251110\\\\bvtfiles\",\"id\":1987790422193344512,\"isDeleted\":0,\"isTmpFile\":false,\"labelNameList\":[\"Informational\",\"History\",\"Report\"],\"lastModifyTime\":\"2025-09-17T09:45:00\",\"md5\":\"bb28043dd606535bdcaf1ee30346b0f9\",\"path\":\"C:\\\\Users\\\\XiaoXinPro 16 IAH\\\\Desktop\\\\LRIA_llm_eval\\\\eval\\\\Quantum_Bvt_20251110\\\\bvtfiles\\\\3z3zlgnnsiuha76yy56h6uu71bh3q1.txt\",\"previewPath\":\"c:\\\\users\\\\xiaoxinpro 16 iah\\\\documents\\\\qtcore\\\\pdffile\\\\c5016b94612aaf89641b2e6895248f70.pdf\",\"priority\":4,\"score\":0.0,\"status\":\"COMPLETED\",\"tokenNum\":326,\"uriPath\":\"\"},{\"createTime\":\"2025-11-10T15:52:22.688\",\"description\":\"This document outlines the design of an AI Face Algorithm Evaluation Method, focusing on test set collection and variable matrices. It specifies head movement variables—pitch (up/down), yaw (left/right), and roll (clockwise/counterclockwise)—each with specified movement angles and data rates, as well as facial movements including mouth, eyes, and eyebrows, and associated conditions. Light exposure is detailed into weak, medium, strong, and uneven categories to account for optical flow variability. Horizontal head movement is included, with both left and right motion measured. Data is gathered using a laptop camera and Ruifeng's collection tool, using input video as both the driving video and ground truth; specific images are used as source images. Evaluation involves comparing driving and output videos. The protocol requires 70 videos (minimum 5 seconds each), with 10 videos per variable and targeting multiple participants, with at least 7 represented overall. The data rate defines each video’s contribution per variable. Emphasis is placed on collecting a diverse and representative dataset for robust algorithm assessment.\",\"docName\":\"AI_Face_Test_Set_Collection_Method_Design\",\"editTime\":\"2025-11-10T15:53:44.023\",\"fileName\":\"AI_Face_Test_Set_Collection_Method_Design.pptx\",\"folder\":\"C:\\\\Users\\\\XiaoXinPro 16 IAH\\\\Desktop\\\\LRIA_llm_eval\\\\eval\\\\Quantum_Bvt_20251110\\\\bvtfiles\",\"id\":1987790422277230592,\"isDeleted\":0,\"isTmpFile\":false,\"labelNameList\":[\"Technology\",\"Data Analysis\",\"Specifications\"],\"lastModifyTime\":\"2025-09-17T09:46:00\",\"md5\":\"b0f396e7936e0f6192cd880927e8e74b\",\"path\":\"C:\\\\Users\\\\XiaoXinPro 16 IAH\\\\Desktop\\\\LRIA_llm_eval\\\\eval\\\\Quantum_Bvt_20251110\\\\bvtfiles\\\\AI_Face_Test_Set_Collection_Method_Design.pptx\",\"previewPath\":\"c:\\\\users\\\\xiaoxinpro 16 iah\\\\documents\\\\qtcore\\\\pdffile\\\\c85631aabec673dabeda2b80233b5341.pdf\",\"priority\":5,\"score\":0.0,\"status\":\"COMPLETED\",\"tokenNum\":432,\"uriPath\":\"\"},{\"createTime\":\"2025-11-10T15:52:22.707\",\"description\":\"This document introduces Linear Programming (LP), outlining its definition, history, methods of solution, and approaches for testing LP solvers. LP involves optimizing a linear objective function based on decision variables subject to linear constraints, creating a convex polyhedral feasible domain where the optimal value is found at domain vertices. Mixed-Integer Programs (MIP) are also defined, and methods like branch-and-bound are discussed. Historically, LP originated with G.B. Dantzig in 1947, with subsequent developments by Kantorovich, Koopmans (who won the Nobel Prize for resource allocation theory), Khachian (Ellipsoid Method), and Karmarkar (Interior-Point Method). Solutions to LP problems use enumeration, Simplex, and Interior-Point methods, with the latter providing polynomial-time solutions for large-scale problems. LP solver testing utilizes both benchmark and self-built test sets, evaluating problems with different constraint and variable structures, including unique feasible, infinite, infeasible, and unbounded cases. Example benchmark instances include AGG, BANDM, BOEING1, and others recorded with details such as rows, columns, nonzeros, bytes, and optimal values. Testing criteria encompass various coefficient scales, constraints, bounds, degeneracy, contradiction, and unboundedness.\",\"docName\":\"A_brief_introduction_of_LP_liutao21_20220615\",\"editTime\":\"2025-11-10T15:53:58.811\",\"fileName\":\"A_brief_introduction_of_LP_liutao21_20220615.pptx\",\"folder\":\"C:\\\\Users\\\\XiaoXinPro 16 IAH\\\\Desktop\\\\LRIA_llm_eval\\\\eval\\\\Quantum_Bvt_20251110\\\\bvtfiles\",\"id\":1987790422356922368,\"isDeleted\":0,\"isTmpFile\":false,\"labelNameList\":[\"Technology\",\"Data Analysis\",\"Informational\"],\"lastModifyTime\":\"2025-09-17T09:46:00\",\"md5\":\"0dbb2532524843af54fb3388b7bf3381\",\"path\":\"C:\\\\Users\\\\XiaoXinPro 16 IAH\\\\Desktop\\\\LRIA_llm_eval\\\\eval\\\\Quantum_Bvt_20251110\\\\bvtfiles\\\\A_brief_introduction_of_LP_liutao21_20220615.pptx\",\"previewPath\":\"c:\\\\users\\\\xiaoxinpro 16 iah\\\\documents\\\\qtcore\\\\pdffile\\\\236ffb1926cb5ac1cef47fd4707ea1f7.pdf\",\"priority\":6,\"score\":0.0,\"status\":\"COMPLETED\",\"tokenNum\":1297,\"uriPath\":\"\"},{\"createTime\":\"2025-11-10T15:52:22.764\",\"description\":\"\",\"docName\":\"\",\"editTime\":\"2025-11-10T15:53:54.916\",\"fileName\":\"Belfast-English.docx\",\"folder\":\"C:\\\\Users\\\\XiaoXinPro 16 IAH\\\\Desktop\\\\LRIA_llm_eval\\\\eval\\\\Quantum_Bvt_20251110\\\\bvtfiles\",\"id\":1987790422595997696,\"isDeleted\":0,\"isTmpFile\":false,\"labelNameList\":[],\"lastModifyTime\":\"2025-09-17T09:45:00\",\"md5\":\"3193e699ffa92db332ae31a9fb1d3cb4\",\"path\":\"C:\\\\Users\\\\XiaoXinPro 16 IAH\\\\Desktop\\\\LRIA_llm_eval\\\\eval\\\\Quantum_Bvt_20251110\\\\bvtfiles\\\\Belfast-English.docx\",\"priority\":7,\"score\":0.0,\"status\":\"RUNNING\",\"tokenNum\":0,\"uriPath\":\"\"},{\"createTime\":\"2025-11-10T15:52:22.784\",\"description\":\"\",\"docName\":\"\",\"editTime\":\"2025-11-10T15:52:22.784\",\"errorDescription\":\"\",\"fileName\":\"British-Food-Culture.doc\",\"folder\":\"C:\\\\Users\\\\XiaoXinPro 16 IAH\\\\Desktop\\\\LRIA_llm_eval\\\\eval\\\\Quantum_Bvt_20251110\\\\bvtfiles\",\"id\":1987790422679883776,\"isDeleted\":0,\"isTmpFile\":false,\"labelNameList\":[],\"lastModifyTime\":\"2025-09-17T09:45:00\",\"md5\":\"435798f1c3377c7f5b71e18d733ca579\",\"path\":\"C:\\\\Users\\\\XiaoXinPro 16 IAH\\\\Desktop\\\\LRIA_llm_eval\\\\eval\\\\Quantum_Bvt_20251110\\\\bvtfiles\\\\British-Food-Culture.doc\",\"priority\":8,\"score\":0.0,\"status\":\"ADDED\",\"tokenNum\":0,\"uriPath\":\"\"},{\"createTime\":\"2025-11-10T15:52:22.803\",\"description\":\"\",\"docName\":\"\",\"editTime\":\"2025-11-10T15:52:22.803\",\"errorDescription\":\"\",\"fileName\":\"Netflix Becomes a Broadway Producer With Peter Morgan’s Patriots.txt\",\"folder\":\"C:\\\\Users\\\\XiaoXinPro 16 IAH\\\\Desktop\\\\LRIA_llm_eval\\\\eval\\\\Quantum_Bvt_20251110\\\\bvtfiles\",\"id\":1987790422759575552,\"isDeleted\":0,\"isTmpFile\":false,\"labelNameList\":[],\"lastModifyTime\":\"2025-09-17T09:46:00\",\"md5\":\"ab84c46eaa62a18048fb0241446da4ca\",\"path\":\"C:\\\\Users\\\\XiaoXinPro 16 IAH\\\\Desktop\\\\LRIA_llm_eval\\\\eval\\\\Quantum_Bvt_20251110\\\\bvtfiles\\\\Netflix Becomes a Broadway Producer With Peter Morgan’s Patriots.txt\",\"priority\":9,\"score\":0.0,\"status\":\"ADDED\",\"tokenNum\":0,\"uriPath\":\"\"}]"}}
2025-11-10 15:54:08,177 - INFO - 文档数量: 9
2025-11-10 15:54:08,177 - INFO - 第1个文档状态: COMPLETED
2025-11-10 15:54:08,178 - INFO - 第2个文档状态: COMPLETED
2025-11-10 15:54:08,178 - INFO - 第3个文档状态: COMPLETED
2025-11-10 15:54:08,178 - INFO - 第4个文档状态: COMPLETED
2025-11-10 15:54:08,178 - INFO - 第5个文档状态: COMPLETED
2025-11-10 15:54:08,179 - INFO - 第6个文档状态: COMPLETED
2025-11-10 15:54:08,179 - INFO - 第7个文档状态: RUNNING
2025-11-10 15:54:08,179 - INFO - 第8个文档状态: ADDED
2025-11-10 15:54:08,179 - INFO - 第9个文档状态: ADDED
2025-11-10 15:54:08,179 - INFO - 仍有文档在处理中，第50次尝试...
2025-11-10 15:54:10,182 - DEBUG - Starting new HTTP connection (1): 127.0.0.1:35253
2025-11-10 15:54:10,185 - DEBUG - http://127.0.0.1:35253 "POST /upload HTTP/11" 200 19
2025-11-10 15:54:10,186 - INFO - 成功获取文档列表，upload_id: 8064525891096074679
2025-11-10 15:54:10,186 - INFO - 开始时间: 2025-11-10 15:54:10.186
2025-11-10 15:54:10,187 - DEBUG - Starting new HTTP connection (1): 127.0.0.1:35253
2025-11-10 15:54:10,227 - DEBUG - http://127.0.0.1:35253 "GET /query?fileData=8064525891096074679 HTTP/11" 200 None
2025-11-10 15:54:10,311 - INFO - 响应时间: 0.13秒
2025-11-10 15:54:10,312 - INFO - 第51次尝试，获取到的result_text: {"jobId":53,"status":"complete","data":{"text":"[{\"createTime\":\"2025-11-10T15:52:22.597\",\"description\":\"This paper investigates the computational hardness of learning Boolean functions from label proportions (LLP), an increasingly relevant machine learning paradigm where only aggregate label information over subsets (bags) of instances is available, generalizing traditional PAC learning. The authors prove several hardness results for LLP: (1) It is NP-hard to find a constant-clause CNF (including ORs) that satisfies any constant-fraction of bags of size at most 2, even when all bags are consistent with an OR function; this contrasts with prior approximation algorithms for halfspaces. (2) It is NP-hard to satisfy more than a (1/2 + δ)-fraction of such bags using constant-size DNF formulas. (3) For parity functions, it is NP-hard to satisfy more than (q / 2^{q-1} + δ)-fraction of the bags of size up to q using a parity function, with the best achievable approximation factor via a randomized algorithm being 1/2^{q-2}. These results show qualitative differences between LLP and PAC learning—the problems are tractable in PAC but intractable in LLP for these classes. The paper uses reductions from known Label Cover problems and applies probabilistic and algebraic techniques to establish tight inapproximability bounds. LLP is motivated by privacy, reduced labeling costs, and applications like medical image analysis. The work highlights fundamental barriers in learning Boolean functions when only label proportions are given, and provides benchmarks for algorithmic progress in LLP.\",\"docName\":\"2403.19401\",\"editTime\":\"2025-11-10T15:53:22.834\",\"fileName\":\"2403.19401.pdf\",\"folder\":\"C:\\\\Users\\\\XiaoXinPro 16 IAH\\\\Desktop\\\\LRIA_llm_eval\\\\eval\\\\Quantum_Bvt_20251110\\\\bvtfiles\",\"id\":1987790421895548928,\"isDeleted\":0,\"isTmpFile\":false,\"labelNameList\":[\"Technology\",\"Data Analysis\",\"Research Paper\"],\"lastModifyTime\":\"2025-09-17T09:45:00\",\"md5\":\"4ff6ba88616fcf7a71d1dca6c9adc14c\",\"path\":\"C:\\\\Users\\\\XiaoXinPro 16 IAH\\\\Desktop\\\\LRIA_llm_eval\\\\eval\\\\Quantum_Bvt_20251110\\\\bvtfiles\\\\2403.19401.pdf\",\"previewPath\":\"c:\\\\users\\\\xiaoxinpro 16 iah\\\\documents\\\\qtcore\\\\pdffile\\\\5a8b97086ee1c90294e728121903432b.pdf\",\"priority\":1,\"score\":0.0,\"status\":\"COMPLETED\",\"tokenNum\":14092,\"uriPath\":\"\"},{\"createTime\":\"2025-11-10T15:52:22.630\",\"description\":\"A One Day International (ODI) is a limited overs cricket match played between two international teams, typically with each side facing 50 overs. The format is used for high-profile tournaments like the Cricket World Cup and represents the highest standard of List A cricket. ODIs originated in 1971 when a Test match between Australia and England was abandoned due to rain, leading to a one-off game of 40 eight-ball overs, with Australia winning by 5 wickets. Initially, ODIs were played in white kits with a red ball. Significant changes occurred in the late 1970s, driven by Kerry Packer's World Series Cricket, which introduced coloured uniforms, nighttime matches under floodlights, white balls, and enhanced television coverage with multiple cameras and on-screen graphics. The first match with coloured uniforms was held in 1979. These innovations transformed the game, with players becoming full-time professionals, and coloured kits with white balls eventually becoming the ODI standard after 2001.\",\"docName\":\"3nql1cs15r8aviz39pth2bpsr4zvy1\",\"editTime\":\"2025-11-10T15:53:22.834\",\"fileName\":\"3nql1cs15r8aviz39pth2bpsr4zvy1.txt\",\"folder\":\"C:\\\\Users\\\\XiaoXinPro 16 IAH\\\\Desktop\\\\LRIA_llm_eval\\\\eval\\\\Quantum_Bvt_20251110\\\\bvtfiles\",\"id\":1987790422033960960,\"isDeleted\":0,\"isTmpFile\":false,\"labelNameList\":[\"Sport\",\"Informational\",\"History\"],\"lastModifyTime\":\"2025-09-17T09:45:00\",\"md5\":\"da0c0f7162b267cca0de596df4c40c56\",\"path\":\"C:\\\\Users\\\\XiaoXinPro 16 IAH\\\\Desktop\\\\LRIA_llm_eval\\\\eval\\\\Quantum_Bvt_20251110\\\\bvtfiles\\\\3nql1cs15r8aviz39pth2bpsr4zvy1.txt\",\"previewPath\":\"c:\\\\users\\\\xiaoxinpro 16 iah\\\\documents\\\\qtcore\\\\pdffile\\\\ba50ed51f6b7714754652a80ab62df56.pdf\",\"priority\":2,\"score\":0.0,\"status\":\"COMPLETED\",\"tokenNum\":402,\"uriPath\":\"\"},{\"createTime\":\"2025-11-10T15:52:22.650\",\"description\":\"The document discusses psychological identity, emphasizing self-image, self-esteem, and individuality. Weinreich defines identity as the totality of one’s self-construal, connecting past, present, and future self-perceptions, and extending this to aspects like ethnic identity. The complexity of describing identity for individuals and groups is highlighted, taking into account both unique characteristics and group memberships, which can vary with circumstance. Drawing on theorists like Kelly, Erikson, and Tajfel, Weinreich’s Identity Structure Analysis (ISA) is introduced as a structural approach to represent individual existential experience. ISA focuses on how relationships between self and others are organized within socio-cultural contexts and over time. It uses constructs from individual, group, and cultural discourses to map the individual's appraisal of self, others, and institutions. The methodology operationalizes these concepts so that identity can be assessed through the situated self’s interactions across different contexts.\",\"docName\":\"3u84xhcdicdb6vqtlfud7syhj444z2\",\"editTime\":\"2025-11-10T15:53:26.485\",\"fileName\":\"3u84xhcdicdb6vqtlfud7syhj444z2.txt\",\"folder\":\"C:\\\\Users\\\\XiaoXinPro 16 IAH\\\\Desktop\\\\LRIA_llm_eval\\\\eval\\\\Quantum_Bvt_20251110\\\\bvtfiles\",\"id\":1987790422117847040,\"isDeleted\":0,\"isTmpFile\":false,\"labelNameList\":[\"Research Paper\",\"Informational\",\"Science\"],\"lastModifyTime\":\"2025-09-17T09:45:00\",\"md5\":\"a80f0ad4af9fd250a462680c85e6fbf0\",\"path\":\"C:\\\\Users\\\\XiaoXinPro 16 IAH\\\\Desktop\\\\LRIA_llm_eval\\\\eval\\\\Quantum_Bvt_20251110\\\\bvtfiles\\\\3u84xhcdicdb6vqtlfud7syhj444z2.txt\",\"previewPath\":\"c:\\\\users\\\\xiaoxinpro 16 iah\\\\documents\\\\qtcore\\\\pdffile\\\\044561594142e2ef357c9fbbdfaf4af5.pdf\",\"priority\":3,\"score\":0.0,\"status\":\"COMPLETED\",\"tokenNum\":414,\"uriPath\":\"\"},{\"createTime\":\"2025-11-10T15:52:22.668\",\"description\":\"In Chapter XVIII, Archie is ordered to assist the Earl and a sizeable group of men-at-arms in searching for Bruce, whose location was revealed by a traitor. Archie, though reluctant, prepares the hound, Hector, for the hunt and considers drastic measures to protect Bruce if they get too close. The party, led by the traitorous peasant, travels five miles into the hills to a hut where Bruce had recently stayed. Upon arrival, Hector becomes energetic and excited, eagerly sniffing around before picking up Bruce's trail. The hound’s pursuit is intense, forcing Archie to struggle to keep pace while the Earl and his knights follow at a slight distance with their men-at-arms. Archie warns the Earl that the noise from the horses and the knights’ equipment agitates the hound further, making him harder to control. The tense search unfolds with Archie contemplating escape should the situation demand it, given the formidable presence of mounted pursuers.\",\"docName\":\"3z3zlgnnsiuha76yy56h6uu71bh3q1\",\"editTime\":\"2025-11-10T15:53:29.649\",\"fileName\":\"3z3zlgnnsiuha76yy56h6uu71bh3q1.txt\",\"folder\":\"C:\\\\Users\\\\XiaoXinPro 16 IAH\\\\Desktop\\\\LRIA_llm_eval\\\\eval\\\\Quantum_Bvt_20251110\\\\bvtfiles\",\"id\":1987790422193344512,\"isDeleted\":0,\"isTmpFile\":false,\"labelNameList\":[\"Informational\",\"History\",\"Report\"],\"lastModifyTime\":\"2025-09-17T09:45:00\",\"md5\":\"bb28043dd606535bdcaf1ee30346b0f9\",\"path\":\"C:\\\\Users\\\\XiaoXinPro 16 IAH\\\\Desktop\\\\LRIA_llm_eval\\\\eval\\\\Quantum_Bvt_20251110\\\\bvtfiles\\\\3z3zlgnnsiuha76yy56h6uu71bh3q1.txt\",\"previewPath\":\"c:\\\\users\\\\xiaoxinpro 16 iah\\\\documents\\\\qtcore\\\\pdffile\\\\c5016b94612aaf89641b2e6895248f70.pdf\",\"priority\":4,\"score\":0.0,\"status\":\"COMPLETED\",\"tokenNum\":326,\"uriPath\":\"\"},{\"createTime\":\"2025-11-10T15:52:22.688\",\"description\":\"This document outlines the design of an AI Face Algorithm Evaluation Method, focusing on test set collection and variable matrices. It specifies head movement variables—pitch (up/down), yaw (left/right), and roll (clockwise/counterclockwise)—each with specified movement angles and data rates, as well as facial movements including mouth, eyes, and eyebrows, and associated conditions. Light exposure is detailed into weak, medium, strong, and uneven categories to account for optical flow variability. Horizontal head movement is included, with both left and right motion measured. Data is gathered using a laptop camera and Ruifeng's collection tool, using input video as both the driving video and ground truth; specific images are used as source images. Evaluation involves comparing driving and output videos. The protocol requires 70 videos (minimum 5 seconds each), with 10 videos per variable and targeting multiple participants, with at least 7 represented overall. The data rate defines each video’s contribution per variable. Emphasis is placed on collecting a diverse and representative dataset for robust algorithm assessment.\",\"docName\":\"AI_Face_Test_Set_Collection_Method_Design\",\"editTime\":\"2025-11-10T15:53:44.023\",\"fileName\":\"AI_Face_Test_Set_Collection_Method_Design.pptx\",\"folder\":\"C:\\\\Users\\\\XiaoXinPro 16 IAH\\\\Desktop\\\\LRIA_llm_eval\\\\eval\\\\Quantum_Bvt_20251110\\\\bvtfiles\",\"id\":1987790422277230592,\"isDeleted\":0,\"isTmpFile\":false,\"labelNameList\":[\"Technology\",\"Data Analysis\",\"Specifications\"],\"lastModifyTime\":\"2025-09-17T09:46:00\",\"md5\":\"b0f396e7936e0f6192cd880927e8e74b\",\"path\":\"C:\\\\Users\\\\XiaoXinPro 16 IAH\\\\Desktop\\\\LRIA_llm_eval\\\\eval\\\\Quantum_Bvt_20251110\\\\bvtfiles\\\\AI_Face_Test_Set_Collection_Method_Design.pptx\",\"previewPath\":\"c:\\\\users\\\\xiaoxinpro 16 iah\\\\documents\\\\qtcore\\\\pdffile\\\\c85631aabec673dabeda2b80233b5341.pdf\",\"priority\":5,\"score\":0.0,\"status\":\"COMPLETED\",\"tokenNum\":432,\"uriPath\":\"\"},{\"createTime\":\"2025-11-10T15:52:22.707\",\"description\":\"This document introduces Linear Programming (LP), outlining its definition, history, methods of solution, and approaches for testing LP solvers. LP involves optimizing a linear objective function based on decision variables subject to linear constraints, creating a convex polyhedral feasible domain where the optimal value is found at domain vertices. Mixed-Integer Programs (MIP) are also defined, and methods like branch-and-bound are discussed. Historically, LP originated with G.B. Dantzig in 1947, with subsequent developments by Kantorovich, Koopmans (who won the Nobel Prize for resource allocation theory), Khachian (Ellipsoid Method), and Karmarkar (Interior-Point Method). Solutions to LP problems use enumeration, Simplex, and Interior-Point methods, with the latter providing polynomial-time solutions for large-scale problems. LP solver testing utilizes both benchmark and self-built test sets, evaluating problems with different constraint and variable structures, including unique feasible, infinite, infeasible, and unbounded cases. Example benchmark instances include AGG, BANDM, BOEING1, and others recorded with details such as rows, columns, nonzeros, bytes, and optimal values. Testing criteria encompass various coefficient scales, constraints, bounds, degeneracy, contradiction, and unboundedness.\",\"docName\":\"A_brief_introduction_of_LP_liutao21_20220615\",\"editTime\":\"2025-11-10T15:53:58.811\",\"fileName\":\"A_brief_introduction_of_LP_liutao21_20220615.pptx\",\"folder\":\"C:\\\\Users\\\\XiaoXinPro 16 IAH\\\\Desktop\\\\LRIA_llm_eval\\\\eval\\\\Quantum_Bvt_20251110\\\\bvtfiles\",\"id\":1987790422356922368,\"isDeleted\":0,\"isTmpFile\":false,\"labelNameList\":[\"Technology\",\"Data Analysis\",\"Informational\"],\"lastModifyTime\":\"2025-09-17T09:46:00\",\"md5\":\"0dbb2532524843af54fb3388b7bf3381\",\"path\":\"C:\\\\Users\\\\XiaoXinPro 16 IAH\\\\Desktop\\\\LRIA_llm_eval\\\\eval\\\\Quantum_Bvt_20251110\\\\bvtfiles\\\\A_brief_introduction_of_LP_liutao21_20220615.pptx\",\"previewPath\":\"c:\\\\users\\\\xiaoxinpro 16 iah\\\\documents\\\\qtcore\\\\pdffile\\\\236ffb1926cb5ac1cef47fd4707ea1f7.pdf\",\"priority\":6,\"score\":0.0,\"status\":\"COMPLETED\",\"tokenNum\":1297,\"uriPath\":\"\"},{\"createTime\":\"2025-11-10T15:52:22.764\",\"description\":\"\",\"docName\":\"\",\"editTime\":\"2025-11-10T15:53:54.916\",\"fileName\":\"Belfast-English.docx\",\"folder\":\"C:\\\\Users\\\\XiaoXinPro 16 IAH\\\\Desktop\\\\LRIA_llm_eval\\\\eval\\\\Quantum_Bvt_20251110\\\\bvtfiles\",\"id\":1987790422595997696,\"isDeleted\":0,\"isTmpFile\":false,\"labelNameList\":[],\"lastModifyTime\":\"2025-09-17T09:45:00\",\"md5\":\"3193e699ffa92db332ae31a9fb1d3cb4\",\"path\":\"C:\\\\Users\\\\XiaoXinPro 16 IAH\\\\Desktop\\\\LRIA_llm_eval\\\\eval\\\\Quantum_Bvt_20251110\\\\bvtfiles\\\\Belfast-English.docx\",\"priority\":7,\"score\":0.0,\"status\":\"RUNNING\",\"tokenNum\":0,\"uriPath\":\"\"},{\"createTime\":\"2025-11-10T15:52:22.784\",\"description\":\"\",\"docName\":\"\",\"editTime\":\"2025-11-10T15:52:22.784\",\"errorDescription\":\"\",\"fileName\":\"British-Food-Culture.doc\",\"folder\":\"C:\\\\Users\\\\XiaoXinPro 16 IAH\\\\Desktop\\\\LRIA_llm_eval\\\\eval\\\\Quantum_Bvt_20251110\\\\bvtfiles\",\"id\":1987790422679883776,\"isDeleted\":0,\"isTmpFile\":false,\"labelNameList\":[],\"lastModifyTime\":\"2025-09-17T09:45:00\",\"md5\":\"435798f1c3377c7f5b71e18d733ca579\",\"path\":\"C:\\\\Users\\\\XiaoXinPro 16 IAH\\\\Desktop\\\\LRIA_llm_eval\\\\eval\\\\Quantum_Bvt_20251110\\\\bvtfiles\\\\British-Food-Culture.doc\",\"priority\":8,\"score\":0.0,\"status\":\"ADDED\",\"tokenNum\":0,\"uriPath\":\"\"},{\"createTime\":\"2025-11-10T15:52:22.803\",\"description\":\"\",\"docName\":\"\",\"editTime\":\"2025-11-10T15:52:22.803\",\"errorDescription\":\"\",\"fileName\":\"Netflix Becomes a Broadway Producer With Peter Morgan’s Patriots.txt\",\"folder\":\"C:\\\\Users\\\\XiaoXinPro 16 IAH\\\\Desktop\\\\LRIA_llm_eval\\\\eval\\\\Quantum_Bvt_20251110\\\\bvtfiles\",\"id\":1987790422759575552,\"isDeleted\":0,\"isTmpFile\":false,\"labelNameList\":[],\"lastModifyTime\":\"2025-09-17T09:46:00\",\"md5\":\"ab84c46eaa62a18048fb0241446da4ca\",\"path\":\"C:\\\\Users\\\\XiaoXinPro 16 IAH\\\\Desktop\\\\LRIA_llm_eval\\\\eval\\\\Quantum_Bvt_20251110\\\\bvtfiles\\\\Netflix Becomes a Broadway Producer With Peter Morgan’s Patriots.txt\",\"priority\":9,\"score\":0.0,\"status\":\"ADDED\",\"tokenNum\":0,\"uriPath\":\"\"}]"}}
2025-11-10 15:54:10,313 - INFO - 文档数量: 9
2025-11-10 15:54:10,313 - INFO - 第1个文档状态: COMPLETED
2025-11-10 15:54:10,313 - INFO - 第2个文档状态: COMPLETED
2025-11-10 15:54:10,313 - INFO - 第3个文档状态: COMPLETED
2025-11-10 15:54:10,314 - INFO - 第4个文档状态: COMPLETED
2025-11-10 15:54:10,314 - INFO - 第5个文档状态: COMPLETED
2025-11-10 15:54:10,314 - INFO - 第6个文档状态: COMPLETED
2025-11-10 15:54:10,314 - INFO - 第7个文档状态: RUNNING
2025-11-10 15:54:10,314 - INFO - 第8个文档状态: ADDED
2025-11-10 15:54:10,314 - INFO - 第9个文档状态: ADDED
2025-11-10 15:54:10,314 - INFO - 仍有文档在处理中，第51次尝试...
2025-11-10 15:54:12,317 - DEBUG - Starting new HTTP connection (1): 127.0.0.1:35253
2025-11-10 15:54:12,319 - DEBUG - http://127.0.0.1:35253 "POST /upload HTTP/11" 200 19
2025-11-10 15:54:12,320 - INFO - 成功获取文档列表，upload_id: 6921691031781002664
2025-11-10 15:54:12,321 - INFO - 开始时间: 2025-11-10 15:54:12.321
2025-11-10 15:54:12,323 - DEBUG - Starting new HTTP connection (1): 127.0.0.1:35253
2025-11-10 15:54:12,343 - DEBUG - http://127.0.0.1:35253 "GET /query?fileData=6921691031781002664 HTTP/11" 200 None
2025-11-10 15:54:12,474 - INFO - 响应时间: 0.15秒
2025-11-10 15:54:12,474 - INFO - 第52次尝试，获取到的result_text: {"jobId":54,"status":"complete","data":{"text":"[{\"createTime\":\"2025-11-10T15:52:22.597\",\"description\":\"This paper investigates the computational hardness of learning Boolean functions from label proportions (LLP), an increasingly relevant machine learning paradigm where only aggregate label information over subsets (bags) of instances is available, generalizing traditional PAC learning. The authors prove several hardness results for LLP: (1) It is NP-hard to find a constant-clause CNF (including ORs) that satisfies any constant-fraction of bags of size at most 2, even when all bags are consistent with an OR function; this contrasts with prior approximation algorithms for halfspaces. (2) It is NP-hard to satisfy more than a (1/2 + δ)-fraction of such bags using constant-size DNF formulas. (3) For parity functions, it is NP-hard to satisfy more than (q / 2^{q-1} + δ)-fraction of the bags of size up to q using a parity function, with the best achievable approximation factor via a randomized algorithm being 1/2^{q-2}. These results show qualitative differences between LLP and PAC learning—the problems are tractable in PAC but intractable in LLP for these classes. The paper uses reductions from known Label Cover problems and applies probabilistic and algebraic techniques to establish tight inapproximability bounds. LLP is motivated by privacy, reduced labeling costs, and applications like medical image analysis. The work highlights fundamental barriers in learning Boolean functions when only label proportions are given, and provides benchmarks for algorithmic progress in LLP.\",\"docName\":\"2403.19401\",\"editTime\":\"2025-11-10T15:53:22.834\",\"fileName\":\"2403.19401.pdf\",\"folder\":\"C:\\\\Users\\\\XiaoXinPro 16 IAH\\\\Desktop\\\\LRIA_llm_eval\\\\eval\\\\Quantum_Bvt_20251110\\\\bvtfiles\",\"id\":1987790421895548928,\"isDeleted\":0,\"isTmpFile\":false,\"labelNameList\":[\"Technology\",\"Data Analysis\",\"Research Paper\"],\"lastModifyTime\":\"2025-09-17T09:45:00\",\"md5\":\"4ff6ba88616fcf7a71d1dca6c9adc14c\",\"path\":\"C:\\\\Users\\\\XiaoXinPro 16 IAH\\\\Desktop\\\\LRIA_llm_eval\\\\eval\\\\Quantum_Bvt_20251110\\\\bvtfiles\\\\2403.19401.pdf\",\"previewPath\":\"c:\\\\users\\\\xiaoxinpro 16 iah\\\\documents\\\\qtcore\\\\pdffile\\\\5a8b97086ee1c90294e728121903432b.pdf\",\"priority\":1,\"score\":0.0,\"status\":\"COMPLETED\",\"tokenNum\":14092,\"uriPath\":\"\"},{\"createTime\":\"2025-11-10T15:52:22.630\",\"description\":\"A One Day International (ODI) is a limited overs cricket match played between two international teams, typically with each side facing 50 overs. The format is used for high-profile tournaments like the Cricket World Cup and represents the highest standard of List A cricket. ODIs originated in 1971 when a Test match between Australia and England was abandoned due to rain, leading to a one-off game of 40 eight-ball overs, with Australia winning by 5 wickets. Initially, ODIs were played in white kits with a red ball. Significant changes occurred in the late 1970s, driven by Kerry Packer's World Series Cricket, which introduced coloured uniforms, nighttime matches under floodlights, white balls, and enhanced television coverage with multiple cameras and on-screen graphics. The first match with coloured uniforms was held in 1979. These innovations transformed the game, with players becoming full-time professionals, and coloured kits with white balls eventually becoming the ODI standard after 2001.\",\"docName\":\"3nql1cs15r8aviz39pth2bpsr4zvy1\",\"editTime\":\"2025-11-10T15:53:22.834\",\"fileName\":\"3nql1cs15r8aviz39pth2bpsr4zvy1.txt\",\"folder\":\"C:\\\\Users\\\\XiaoXinPro 16 IAH\\\\Desktop\\\\LRIA_llm_eval\\\\eval\\\\Quantum_Bvt_20251110\\\\bvtfiles\",\"id\":1987790422033960960,\"isDeleted\":0,\"isTmpFile\":false,\"labelNameList\":[\"Sport\",\"Informational\",\"History\"],\"lastModifyTime\":\"2025-09-17T09:45:00\",\"md5\":\"da0c0f7162b267cca0de596df4c40c56\",\"path\":\"C:\\\\Users\\\\XiaoXinPro 16 IAH\\\\Desktop\\\\LRIA_llm_eval\\\\eval\\\\Quantum_Bvt_20251110\\\\bvtfiles\\\\3nql1cs15r8aviz39pth2bpsr4zvy1.txt\",\"previewPath\":\"c:\\\\users\\\\xiaoxinpro 16 iah\\\\documents\\\\qtcore\\\\pdffile\\\\ba50ed51f6b7714754652a80ab62df56.pdf\",\"priority\":2,\"score\":0.0,\"status\":\"COMPLETED\",\"tokenNum\":402,\"uriPath\":\"\"},{\"createTime\":\"2025-11-10T15:52:22.650\",\"description\":\"The document discusses psychological identity, emphasizing self-image, self-esteem, and individuality. Weinreich defines identity as the totality of one’s self-construal, connecting past, present, and future self-perceptions, and extending this to aspects like ethnic identity. The complexity of describing identity for individuals and groups is highlighted, taking into account both unique characteristics and group memberships, which can vary with circumstance. Drawing on theorists like Kelly, Erikson, and Tajfel, Weinreich’s Identity Structure Analysis (ISA) is introduced as a structural approach to represent individual existential experience. ISA focuses on how relationships between self and others are organized within socio-cultural contexts and over time. It uses constructs from individual, group, and cultural discourses to map the individual's appraisal of self, others, and institutions. The methodology operationalizes these concepts so that identity can be assessed through the situated self’s interactions across different contexts.\",\"docName\":\"3u84xhcdicdb6vqtlfud7syhj444z2\",\"editTime\":\"2025-11-10T15:53:26.485\",\"fileName\":\"3u84xhcdicdb6vqtlfud7syhj444z2.txt\",\"folder\":\"C:\\\\Users\\\\XiaoXinPro 16 IAH\\\\Desktop\\\\LRIA_llm_eval\\\\eval\\\\Quantum_Bvt_20251110\\\\bvtfiles\",\"id\":1987790422117847040,\"isDeleted\":0,\"isTmpFile\":false,\"labelNameList\":[\"Research Paper\",\"Informational\",\"Science\"],\"lastModifyTime\":\"2025-09-17T09:45:00\",\"md5\":\"a80f0ad4af9fd250a462680c85e6fbf0\",\"path\":\"C:\\\\Users\\\\XiaoXinPro 16 IAH\\\\Desktop\\\\LRIA_llm_eval\\\\eval\\\\Quantum_Bvt_20251110\\\\bvtfiles\\\\3u84xhcdicdb6vqtlfud7syhj444z2.txt\",\"previewPath\":\"c:\\\\users\\\\xiaoxinpro 16 iah\\\\documents\\\\qtcore\\\\pdffile\\\\044561594142e2ef357c9fbbdfaf4af5.pdf\",\"priority\":3,\"score\":0.0,\"status\":\"COMPLETED\",\"tokenNum\":414,\"uriPath\":\"\"},{\"createTime\":\"2025-11-10T15:52:22.668\",\"description\":\"In Chapter XVIII, Archie is ordered to assist the Earl and a sizeable group of men-at-arms in searching for Bruce, whose location was revealed by a traitor. Archie, though reluctant, prepares the hound, Hector, for the hunt and considers drastic measures to protect Bruce if they get too close. The party, led by the traitorous peasant, travels five miles into the hills to a hut where Bruce had recently stayed. Upon arrival, Hector becomes energetic and excited, eagerly sniffing around before picking up Bruce's trail. The hound’s pursuit is intense, forcing Archie to struggle to keep pace while the Earl and his knights follow at a slight distance with their men-at-arms. Archie warns the Earl that the noise from the horses and the knights’ equipment agitates the hound further, making him harder to control. The tense search unfolds with Archie contemplating escape should the situation demand it, given the formidable presence of mounted pursuers.\",\"docName\":\"3z3zlgnnsiuha76yy56h6uu71bh3q1\",\"editTime\":\"2025-11-10T15:53:29.649\",\"fileName\":\"3z3zlgnnsiuha76yy56h6uu71bh3q1.txt\",\"folder\":\"C:\\\\Users\\\\XiaoXinPro 16 IAH\\\\Desktop\\\\LRIA_llm_eval\\\\eval\\\\Quantum_Bvt_20251110\\\\bvtfiles\",\"id\":1987790422193344512,\"isDeleted\":0,\"isTmpFile\":false,\"labelNameList\":[\"Informational\",\"History\",\"Report\"],\"lastModifyTime\":\"2025-09-17T09:45:00\",\"md5\":\"bb28043dd606535bdcaf1ee30346b0f9\",\"path\":\"C:\\\\Users\\\\XiaoXinPro 16 IAH\\\\Desktop\\\\LRIA_llm_eval\\\\eval\\\\Quantum_Bvt_20251110\\\\bvtfiles\\\\3z3zlgnnsiuha76yy56h6uu71bh3q1.txt\",\"previewPath\":\"c:\\\\users\\\\xiaoxinpro 16 iah\\\\documents\\\\qtcore\\\\pdffile\\\\c5016b94612aaf89641b2e6895248f70.pdf\",\"priority\":4,\"score\":0.0,\"status\":\"COMPLETED\",\"tokenNum\":326,\"uriPath\":\"\"},{\"createTime\":\"2025-11-10T15:52:22.688\",\"description\":\"This document outlines the design of an AI Face Algorithm Evaluation Method, focusing on test set collection and variable matrices. It specifies head movement variables—pitch (up/down), yaw (left/right), and roll (clockwise/counterclockwise)—each with specified movement angles and data rates, as well as facial movements including mouth, eyes, and eyebrows, and associated conditions. Light exposure is detailed into weak, medium, strong, and uneven categories to account for optical flow variability. Horizontal head movement is included, with both left and right motion measured. Data is gathered using a laptop camera and Ruifeng's collection tool, using input video as both the driving video and ground truth; specific images are used as source images. Evaluation involves comparing driving and output videos. The protocol requires 70 videos (minimum 5 seconds each), with 10 videos per variable and targeting multiple participants, with at least 7 represented overall. The data rate defines each video’s contribution per variable. Emphasis is placed on collecting a diverse and representative dataset for robust algorithm assessment.\",\"docName\":\"AI_Face_Test_Set_Collection_Method_Design\",\"editTime\":\"2025-11-10T15:53:44.023\",\"fileName\":\"AI_Face_Test_Set_Collection_Method_Design.pptx\",\"folder\":\"C:\\\\Users\\\\XiaoXinPro 16 IAH\\\\Desktop\\\\LRIA_llm_eval\\\\eval\\\\Quantum_Bvt_20251110\\\\bvtfiles\",\"id\":1987790422277230592,\"isDeleted\":0,\"isTmpFile\":false,\"labelNameList\":[\"Technology\",\"Data Analysis\",\"Specifications\"],\"lastModifyTime\":\"2025-09-17T09:46:00\",\"md5\":\"b0f396e7936e0f6192cd880927e8e74b\",\"path\":\"C:\\\\Users\\\\XiaoXinPro 16 IAH\\\\Desktop\\\\LRIA_llm_eval\\\\eval\\\\Quantum_Bvt_20251110\\\\bvtfiles\\\\AI_Face_Test_Set_Collection_Method_Design.pptx\",\"previewPath\":\"c:\\\\users\\\\xiaoxinpro 16 iah\\\\documents\\\\qtcore\\\\pdffile\\\\c85631aabec673dabeda2b80233b5341.pdf\",\"priority\":5,\"score\":0.0,\"status\":\"COMPLETED\",\"tokenNum\":432,\"uriPath\":\"\"},{\"createTime\":\"2025-11-10T15:52:22.707\",\"description\":\"This document introduces Linear Programming (LP), outlining its definition, history, methods of solution, and approaches for testing LP solvers. LP involves optimizing a linear objective function based on decision variables subject to linear constraints, creating a convex polyhedral feasible domain where the optimal value is found at domain vertices. Mixed-Integer Programs (MIP) are also defined, and methods like branch-and-bound are discussed. Historically, LP originated with G.B. Dantzig in 1947, with subsequent developments by Kantorovich, Koopmans (who won the Nobel Prize for resource allocation theory), Khachian (Ellipsoid Method), and Karmarkar (Interior-Point Method). Solutions to LP problems use enumeration, Simplex, and Interior-Point methods, with the latter providing polynomial-time solutions for large-scale problems. LP solver testing utilizes both benchmark and self-built test sets, evaluating problems with different constraint and variable structures, including unique feasible, infinite, infeasible, and unbounded cases. Example benchmark instances include AGG, BANDM, BOEING1, and others recorded with details such as rows, columns, nonzeros, bytes, and optimal values. Testing criteria encompass various coefficient scales, constraints, bounds, degeneracy, contradiction, and unboundedness.\",\"docName\":\"A_brief_introduction_of_LP_liutao21_20220615\",\"editTime\":\"2025-11-10T15:53:58.811\",\"fileName\":\"A_brief_introduction_of_LP_liutao21_20220615.pptx\",\"folder\":\"C:\\\\Users\\\\XiaoXinPro 16 IAH\\\\Desktop\\\\LRIA_llm_eval\\\\eval\\\\Quantum_Bvt_20251110\\\\bvtfiles\",\"id\":1987790422356922368,\"isDeleted\":0,\"isTmpFile\":false,\"labelNameList\":[\"Technology\",\"Data Analysis\",\"Informational\"],\"lastModifyTime\":\"2025-09-17T09:46:00\",\"md5\":\"0dbb2532524843af54fb3388b7bf3381\",\"path\":\"C:\\\\Users\\\\XiaoXinPro 16 IAH\\\\Desktop\\\\LRIA_llm_eval\\\\eval\\\\Quantum_Bvt_20251110\\\\bvtfiles\\\\A_brief_introduction_of_LP_liutao21_20220615.pptx\",\"previewPath\":\"c:\\\\users\\\\xiaoxinpro 16 iah\\\\documents\\\\qtcore\\\\pdffile\\\\236ffb1926cb5ac1cef47fd4707ea1f7.pdf\",\"priority\":6,\"score\":0.0,\"status\":\"COMPLETED\",\"tokenNum\":1297,\"uriPath\":\"\"},{\"createTime\":\"2025-11-10T15:52:22.764\",\"description\":\"\",\"docName\":\"Belfast-English\",\"editTime\":\"2025-11-10T15:54:10.455\",\"fileName\":\"Belfast-English.docx\",\"folder\":\"C:\\\\Users\\\\XiaoXinPro 16 IAH\\\\Desktop\\\\LRIA_llm_eval\\\\eval\\\\Quantum_Bvt_20251110\\\\bvtfiles\",\"id\":1987790422595997696,\"isDeleted\":0,\"isTmpFile\":false,\"labelNameList\":[],\"lastModifyTime\":\"2025-09-17T09:45:00\",\"md5\":\"3193e699ffa92db332ae31a9fb1d3cb4\",\"path\":\"C:\\\\Users\\\\XiaoXinPro 16 IAH\\\\Desktop\\\\LRIA_llm_eval\\\\eval\\\\Quantum_Bvt_20251110\\\\bvtfiles\\\\Belfast-English.docx\",\"previewPath\":\"c:\\\\users\\\\xiaoxinpro 16 iah\\\\documents\\\\qtcore\\\\pdffile\\\\5cade3e91fc5bb369bf72f47d2614c67.pdf\",\"priority\":7,\"score\":0.0,\"status\":\"COMPLETED\",\"tokenNum\":2989,\"uriPath\":\"\"},{\"createTime\":\"2025-11-10T15:52:22.784\",\"description\":\"\",\"docName\":\"\",\"editTime\":\"2025-11-10T15:54:10.476\",\"fileName\":\"British-Food-Culture.doc\",\"folder\":\"C:\\\\Users\\\\XiaoXinPro 16 IAH\\\\Desktop\\\\LRIA_llm_eval\\\\eval\\\\Quantum_Bvt_20251110\\\\bvtfiles\",\"id\":1987790422679883776,\"isDeleted\":0,\"isTmpFile\":false,\"labelNameList\":[],\"lastModifyTime\":\"2025-09-17T09:45:00\",\"md5\":\"435798f1c3377c7f5b71e18d733ca579\",\"path\":\"C:\\\\Users\\\\XiaoXinPro 16 IAH\\\\Desktop\\\\LRIA_llm_eval\\\\eval\\\\Quantum_Bvt_20251110\\\\bvtfiles\\\\British-Food-Culture.doc\",\"priority\":8,\"score\":0.0,\"status\":\"RUNNING\",\"tokenNum\":0,\"uriPath\":\"\"},{\"createTime\":\"2025-11-10T15:52:22.803\",\"description\":\"\",\"docName\":\"\",\"editTime\":\"2025-11-10T15:52:22.803\",\"errorDescription\":\"\",\"fileName\":\"Netflix Becomes a Broadway Producer With Peter Morgan’s Patriots.txt\",\"folder\":\"C:\\\\Users\\\\XiaoXinPro 16 IAH\\\\Desktop\\\\LRIA_llm_eval\\\\eval\\\\Quantum_Bvt_20251110\\\\bvtfiles\",\"id\":1987790422759575552,\"isDeleted\":0,\"isTmpFile\":false,\"labelNameList\":[],\"lastModifyTime\":\"2025-09-17T09:46:00\",\"md5\":\"ab84c46eaa62a18048fb0241446da4ca\",\"path\":\"C:\\\\Users\\\\XiaoXinPro 16 IAH\\\\Desktop\\\\LRIA_llm_eval\\\\eval\\\\Quantum_Bvt_20251110\\\\bvtfiles\\\\Netflix Becomes a Broadway Producer With Peter Morgan’s Patriots.txt\",\"priority\":9,\"score\":0.0,\"status\":\"ADDED\",\"tokenNum\":0,\"uriPath\":\"\"}]"}}
2025-11-10 15:54:12,475 - INFO - 文档数量: 9
2025-11-10 15:54:12,476 - INFO - 第1个文档状态: COMPLETED
2025-11-10 15:54:12,476 - INFO - 第2个文档状态: COMPLETED
2025-11-10 15:54:12,476 - INFO - 第3个文档状态: COMPLETED
2025-11-10 15:54:12,476 - INFO - 第4个文档状态: COMPLETED
2025-11-10 15:54:12,476 - INFO - 第5个文档状态: COMPLETED
2025-11-10 15:54:12,476 - INFO - 第6个文档状态: COMPLETED
2025-11-10 15:54:12,477 - INFO - 第7个文档状态: COMPLETED
2025-11-10 15:54:12,477 - INFO - 第8个文档状态: RUNNING
2025-11-10 15:54:12,477 - INFO - 第9个文档状态: ADDED
2025-11-10 15:54:12,477 - INFO - 仍有文档在处理中，第52次尝试...
2025-11-10 15:54:14,479 - DEBUG - Starting new HTTP connection (1): 127.0.0.1:35253
2025-11-10 15:54:14,482 - DEBUG - http://127.0.0.1:35253 "POST /upload HTTP/11" 200 19
2025-11-10 15:54:14,483 - INFO - 成功获取文档列表，upload_id: 8059858912747587384
2025-11-10 15:54:14,483 - INFO - 开始时间: 2025-11-10 15:54:14.483
2025-11-10 15:54:14,484 - DEBUG - Starting new HTTP connection (1): 127.0.0.1:35253
2025-11-10 15:54:14,499 - DEBUG - http://127.0.0.1:35253 "GET /query?fileData=8059858912747587384 HTTP/11" 200 None
2025-11-10 15:54:14,627 - INFO - 响应时间: 0.14秒
2025-11-10 15:54:14,628 - INFO - 第53次尝试，获取到的result_text: {"jobId":55,"status":"complete","data":{"text":"[{\"createTime\":\"2025-11-10T15:52:22.597\",\"description\":\"This paper investigates the computational hardness of learning Boolean functions from label proportions (LLP), an increasingly relevant machine learning paradigm where only aggregate label information over subsets (bags) of instances is available, generalizing traditional PAC learning. The authors prove several hardness results for LLP: (1) It is NP-hard to find a constant-clause CNF (including ORs) that satisfies any constant-fraction of bags of size at most 2, even when all bags are consistent with an OR function; this contrasts with prior approximation algorithms for halfspaces. (2) It is NP-hard to satisfy more than a (1/2 + δ)-fraction of such bags using constant-size DNF formulas. (3) For parity functions, it is NP-hard to satisfy more than (q / 2^{q-1} + δ)-fraction of the bags of size up to q using a parity function, with the best achievable approximation factor via a randomized algorithm being 1/2^{q-2}. These results show qualitative differences between LLP and PAC learning—the problems are tractable in PAC but intractable in LLP for these classes. The paper uses reductions from known Label Cover problems and applies probabilistic and algebraic techniques to establish tight inapproximability bounds. LLP is motivated by privacy, reduced labeling costs, and applications like medical image analysis. The work highlights fundamental barriers in learning Boolean functions when only label proportions are given, and provides benchmarks for algorithmic progress in LLP.\",\"docName\":\"2403.19401\",\"editTime\":\"2025-11-10T15:53:22.834\",\"fileName\":\"2403.19401.pdf\",\"folder\":\"C:\\\\Users\\\\XiaoXinPro 16 IAH\\\\Desktop\\\\LRIA_llm_eval\\\\eval\\\\Quantum_Bvt_20251110\\\\bvtfiles\",\"id\":1987790421895548928,\"isDeleted\":0,\"isTmpFile\":false,\"labelNameList\":[\"Technology\",\"Data Analysis\",\"Research Paper\"],\"lastModifyTime\":\"2025-09-17T09:45:00\",\"md5\":\"4ff6ba88616fcf7a71d1dca6c9adc14c\",\"path\":\"C:\\\\Users\\\\XiaoXinPro 16 IAH\\\\Desktop\\\\LRIA_llm_eval\\\\eval\\\\Quantum_Bvt_20251110\\\\bvtfiles\\\\2403.19401.pdf\",\"previewPath\":\"c:\\\\users\\\\xiaoxinpro 16 iah\\\\documents\\\\qtcore\\\\pdffile\\\\5a8b97086ee1c90294e728121903432b.pdf\",\"priority\":1,\"score\":0.0,\"status\":\"COMPLETED\",\"tokenNum\":14092,\"uriPath\":\"\"},{\"createTime\":\"2025-11-10T15:52:22.630\",\"description\":\"A One Day International (ODI) is a limited overs cricket match played between two international teams, typically with each side facing 50 overs. The format is used for high-profile tournaments like the Cricket World Cup and represents the highest standard of List A cricket. ODIs originated in 1971 when a Test match between Australia and England was abandoned due to rain, leading to a one-off game of 40 eight-ball overs, with Australia winning by 5 wickets. Initially, ODIs were played in white kits with a red ball. Significant changes occurred in the late 1970s, driven by Kerry Packer's World Series Cricket, which introduced coloured uniforms, nighttime matches under floodlights, white balls, and enhanced television coverage with multiple cameras and on-screen graphics. The first match with coloured uniforms was held in 1979. These innovations transformed the game, with players becoming full-time professionals, and coloured kits with white balls eventually becoming the ODI standard after 2001.\",\"docName\":\"3nql1cs15r8aviz39pth2bpsr4zvy1\",\"editTime\":\"2025-11-10T15:53:22.834\",\"fileName\":\"3nql1cs15r8aviz39pth2bpsr4zvy1.txt\",\"folder\":\"C:\\\\Users\\\\XiaoXinPro 16 IAH\\\\Desktop\\\\LRIA_llm_eval\\\\eval\\\\Quantum_Bvt_20251110\\\\bvtfiles\",\"id\":1987790422033960960,\"isDeleted\":0,\"isTmpFile\":false,\"labelNameList\":[\"Sport\",\"Informational\",\"History\"],\"lastModifyTime\":\"2025-09-17T09:45:00\",\"md5\":\"da0c0f7162b267cca0de596df4c40c56\",\"path\":\"C:\\\\Users\\\\XiaoXinPro 16 IAH\\\\Desktop\\\\LRIA_llm_eval\\\\eval\\\\Quantum_Bvt_20251110\\\\bvtfiles\\\\3nql1cs15r8aviz39pth2bpsr4zvy1.txt\",\"previewPath\":\"c:\\\\users\\\\xiaoxinpro 16 iah\\\\documents\\\\qtcore\\\\pdffile\\\\ba50ed51f6b7714754652a80ab62df56.pdf\",\"priority\":2,\"score\":0.0,\"status\":\"COMPLETED\",\"tokenNum\":402,\"uriPath\":\"\"},{\"createTime\":\"2025-11-10T15:52:22.650\",\"description\":\"The document discusses psychological identity, emphasizing self-image, self-esteem, and individuality. Weinreich defines identity as the totality of one’s self-construal, connecting past, present, and future self-perceptions, and extending this to aspects like ethnic identity. The complexity of describing identity for individuals and groups is highlighted, taking into account both unique characteristics and group memberships, which can vary with circumstance. Drawing on theorists like Kelly, Erikson, and Tajfel, Weinreich’s Identity Structure Analysis (ISA) is introduced as a structural approach to represent individual existential experience. ISA focuses on how relationships between self and others are organized within socio-cultural contexts and over time. It uses constructs from individual, group, and cultural discourses to map the individual's appraisal of self, others, and institutions. The methodology operationalizes these concepts so that identity can be assessed through the situated self’s interactions across different contexts.\",\"docName\":\"3u84xhcdicdb6vqtlfud7syhj444z2\",\"editTime\":\"2025-11-10T15:53:26.485\",\"fileName\":\"3u84xhcdicdb6vqtlfud7syhj444z2.txt\",\"folder\":\"C:\\\\Users\\\\XiaoXinPro 16 IAH\\\\Desktop\\\\LRIA_llm_eval\\\\eval\\\\Quantum_Bvt_20251110\\\\bvtfiles\",\"id\":1987790422117847040,\"isDeleted\":0,\"isTmpFile\":false,\"labelNameList\":[\"Research Paper\",\"Informational\",\"Science\"],\"lastModifyTime\":\"2025-09-17T09:45:00\",\"md5\":\"a80f0ad4af9fd250a462680c85e6fbf0\",\"path\":\"C:\\\\Users\\\\XiaoXinPro 16 IAH\\\\Desktop\\\\LRIA_llm_eval\\\\eval\\\\Quantum_Bvt_20251110\\\\bvtfiles\\\\3u84xhcdicdb6vqtlfud7syhj444z2.txt\",\"previewPath\":\"c:\\\\users\\\\xiaoxinpro 16 iah\\\\documents\\\\qtcore\\\\pdffile\\\\044561594142e2ef357c9fbbdfaf4af5.pdf\",\"priority\":3,\"score\":0.0,\"status\":\"COMPLETED\",\"tokenNum\":414,\"uriPath\":\"\"},{\"createTime\":\"2025-11-10T15:52:22.668\",\"description\":\"In Chapter XVIII, Archie is ordered to assist the Earl and a sizeable group of men-at-arms in searching for Bruce, whose location was revealed by a traitor. Archie, though reluctant, prepares the hound, Hector, for the hunt and considers drastic measures to protect Bruce if they get too close. The party, led by the traitorous peasant, travels five miles into the hills to a hut where Bruce had recently stayed. Upon arrival, Hector becomes energetic and excited, eagerly sniffing around before picking up Bruce's trail. The hound’s pursuit is intense, forcing Archie to struggle to keep pace while the Earl and his knights follow at a slight distance with their men-at-arms. Archie warns the Earl that the noise from the horses and the knights’ equipment agitates the hound further, making him harder to control. The tense search unfolds with Archie contemplating escape should the situation demand it, given the formidable presence of mounted pursuers.\",\"docName\":\"3z3zlgnnsiuha76yy56h6uu71bh3q1\",\"editTime\":\"2025-11-10T15:53:29.649\",\"fileName\":\"3z3zlgnnsiuha76yy56h6uu71bh3q1.txt\",\"folder\":\"C:\\\\Users\\\\XiaoXinPro 16 IAH\\\\Desktop\\\\LRIA_llm_eval\\\\eval\\\\Quantum_Bvt_20251110\\\\bvtfiles\",\"id\":1987790422193344512,\"isDeleted\":0,\"isTmpFile\":false,\"labelNameList\":[\"Informational\",\"History\",\"Report\"],\"lastModifyTime\":\"2025-09-17T09:45:00\",\"md5\":\"bb28043dd606535bdcaf1ee30346b0f9\",\"path\":\"C:\\\\Users\\\\XiaoXinPro 16 IAH\\\\Desktop\\\\LRIA_llm_eval\\\\eval\\\\Quantum_Bvt_20251110\\\\bvtfiles\\\\3z3zlgnnsiuha76yy56h6uu71bh3q1.txt\",\"previewPath\":\"c:\\\\users\\\\xiaoxinpro 16 iah\\\\documents\\\\qtcore\\\\pdffile\\\\c5016b94612aaf89641b2e6895248f70.pdf\",\"priority\":4,\"score\":0.0,\"status\":\"COMPLETED\",\"tokenNum\":326,\"uriPath\":\"\"},{\"createTime\":\"2025-11-10T15:52:22.688\",\"description\":\"This document outlines the design of an AI Face Algorithm Evaluation Method, focusing on test set collection and variable matrices. It specifies head movement variables—pitch (up/down), yaw (left/right), and roll (clockwise/counterclockwise)—each with specified movement angles and data rates, as well as facial movements including mouth, eyes, and eyebrows, and associated conditions. Light exposure is detailed into weak, medium, strong, and uneven categories to account for optical flow variability. Horizontal head movement is included, with both left and right motion measured. Data is gathered using a laptop camera and Ruifeng's collection tool, using input video as both the driving video and ground truth; specific images are used as source images. Evaluation involves comparing driving and output videos. The protocol requires 70 videos (minimum 5 seconds each), with 10 videos per variable and targeting multiple participants, with at least 7 represented overall. The data rate defines each video’s contribution per variable. Emphasis is placed on collecting a diverse and representative dataset for robust algorithm assessment.\",\"docName\":\"AI_Face_Test_Set_Collection_Method_Design\",\"editTime\":\"2025-11-10T15:53:44.023\",\"fileName\":\"AI_Face_Test_Set_Collection_Method_Design.pptx\",\"folder\":\"C:\\\\Users\\\\XiaoXinPro 16 IAH\\\\Desktop\\\\LRIA_llm_eval\\\\eval\\\\Quantum_Bvt_20251110\\\\bvtfiles\",\"id\":1987790422277230592,\"isDeleted\":0,\"isTmpFile\":false,\"labelNameList\":[\"Technology\",\"Data Analysis\",\"Specifications\"],\"lastModifyTime\":\"2025-09-17T09:46:00\",\"md5\":\"b0f396e7936e0f6192cd880927e8e74b\",\"path\":\"C:\\\\Users\\\\XiaoXinPro 16 IAH\\\\Desktop\\\\LRIA_llm_eval\\\\eval\\\\Quantum_Bvt_20251110\\\\bvtfiles\\\\AI_Face_Test_Set_Collection_Method_Design.pptx\",\"previewPath\":\"c:\\\\users\\\\xiaoxinpro 16 iah\\\\documents\\\\qtcore\\\\pdffile\\\\c85631aabec673dabeda2b80233b5341.pdf\",\"priority\":5,\"score\":0.0,\"status\":\"COMPLETED\",\"tokenNum\":432,\"uriPath\":\"\"},{\"createTime\":\"2025-11-10T15:52:22.707\",\"description\":\"This document introduces Linear Programming (LP), outlining its definition, history, methods of solution, and approaches for testing LP solvers. LP involves optimizing a linear objective function based on decision variables subject to linear constraints, creating a convex polyhedral feasible domain where the optimal value is found at domain vertices. Mixed-Integer Programs (MIP) are also defined, and methods like branch-and-bound are discussed. Historically, LP originated with G.B. Dantzig in 1947, with subsequent developments by Kantorovich, Koopmans (who won the Nobel Prize for resource allocation theory), Khachian (Ellipsoid Method), and Karmarkar (Interior-Point Method). Solutions to LP problems use enumeration, Simplex, and Interior-Point methods, with the latter providing polynomial-time solutions for large-scale problems. LP solver testing utilizes both benchmark and self-built test sets, evaluating problems with different constraint and variable structures, including unique feasible, infinite, infeasible, and unbounded cases. Example benchmark instances include AGG, BANDM, BOEING1, and others recorded with details such as rows, columns, nonzeros, bytes, and optimal values. Testing criteria encompass various coefficient scales, constraints, bounds, degeneracy, contradiction, and unboundedness.\",\"docName\":\"A_brief_introduction_of_LP_liutao21_20220615\",\"editTime\":\"2025-11-10T15:53:58.811\",\"fileName\":\"A_brief_introduction_of_LP_liutao21_20220615.pptx\",\"folder\":\"C:\\\\Users\\\\XiaoXinPro 16 IAH\\\\Desktop\\\\LRIA_llm_eval\\\\eval\\\\Quantum_Bvt_20251110\\\\bvtfiles\",\"id\":1987790422356922368,\"isDeleted\":0,\"isTmpFile\":false,\"labelNameList\":[\"Technology\",\"Data Analysis\",\"Informational\"],\"lastModifyTime\":\"2025-09-17T09:46:00\",\"md5\":\"0dbb2532524843af54fb3388b7bf3381\",\"path\":\"C:\\\\Users\\\\XiaoXinPro 16 IAH\\\\Desktop\\\\LRIA_llm_eval\\\\eval\\\\Quantum_Bvt_20251110\\\\bvtfiles\\\\A_brief_introduction_of_LP_liutao21_20220615.pptx\",\"previewPath\":\"c:\\\\users\\\\xiaoxinpro 16 iah\\\\documents\\\\qtcore\\\\pdffile\\\\236ffb1926cb5ac1cef47fd4707ea1f7.pdf\",\"priority\":6,\"score\":0.0,\"status\":\"COMPLETED\",\"tokenNum\":1297,\"uriPath\":\"\"},{\"createTime\":\"2025-11-10T15:52:22.764\",\"description\":\"\",\"docName\":\"Belfast-English\",\"editTime\":\"2025-11-10T15:54:10.455\",\"fileName\":\"Belfast-English.docx\",\"folder\":\"C:\\\\Users\\\\XiaoXinPro 16 IAH\\\\Desktop\\\\LRIA_llm_eval\\\\eval\\\\Quantum_Bvt_20251110\\\\bvtfiles\",\"id\":1987790422595997696,\"isDeleted\":0,\"isTmpFile\":false,\"labelNameList\":[],\"lastModifyTime\":\"2025-09-17T09:45:00\",\"md5\":\"3193e699ffa92db332ae31a9fb1d3cb4\",\"path\":\"C:\\\\Users\\\\XiaoXinPro 16 IAH\\\\Desktop\\\\LRIA_llm_eval\\\\eval\\\\Quantum_Bvt_20251110\\\\bvtfiles\\\\Belfast-English.docx\",\"previewPath\":\"c:\\\\users\\\\xiaoxinpro 16 iah\\\\documents\\\\qtcore\\\\pdffile\\\\5cade3e91fc5bb369bf72f47d2614c67.pdf\",\"priority\":7,\"score\":0.0,\"status\":\"COMPLETED\",\"tokenNum\":2989,\"uriPath\":\"\"},{\"createTime\":\"2025-11-10T15:52:22.784\",\"description\":\"\",\"docName\":\"\",\"editTime\":\"2025-11-10T15:54:10.476\",\"fileName\":\"British-Food-Culture.doc\",\"folder\":\"C:\\\\Users\\\\XiaoXinPro 16 IAH\\\\Desktop\\\\LRIA_llm_eval\\\\eval\\\\Quantum_Bvt_20251110\\\\bvtfiles\",\"id\":1987790422679883776,\"isDeleted\":0,\"isTmpFile\":false,\"labelNameList\":[],\"lastModifyTime\":\"2025-09-17T09:45:00\",\"md5\":\"435798f1c3377c7f5b71e18d733ca579\",\"path\":\"C:\\\\Users\\\\XiaoXinPro 16 IAH\\\\Desktop\\\\LRIA_llm_eval\\\\eval\\\\Quantum_Bvt_20251110\\\\bvtfiles\\\\British-Food-Culture.doc\",\"priority\":8,\"score\":0.0,\"status\":\"RUNNING\",\"tokenNum\":0,\"uriPath\":\"\"},{\"createTime\":\"2025-11-10T15:52:22.803\",\"description\":\"\",\"docName\":\"\",\"editTime\":\"2025-11-10T15:52:22.803\",\"errorDescription\":\"\",\"fileName\":\"Netflix Becomes a Broadway Producer With Peter Morgan’s Patriots.txt\",\"folder\":\"C:\\\\Users\\\\XiaoXinPro 16 IAH\\\\Desktop\\\\LRIA_llm_eval\\\\eval\\\\Quantum_Bvt_20251110\\\\bvtfiles\",\"id\":1987790422759575552,\"isDeleted\":0,\"isTmpFile\":false,\"labelNameList\":[],\"lastModifyTime\":\"2025-09-17T09:46:00\",\"md5\":\"ab84c46eaa62a18048fb0241446da4ca\",\"path\":\"C:\\\\Users\\\\XiaoXinPro 16 IAH\\\\Desktop\\\\LRIA_llm_eval\\\\eval\\\\Quantum_Bvt_20251110\\\\bvtfiles\\\\Netflix Becomes a Broadway Producer With Peter Morgan’s Patriots.txt\",\"priority\":9,\"score\":0.0,\"status\":\"ADDED\",\"tokenNum\":0,\"uriPath\":\"\"}]"}}
2025-11-10 15:54:14,629 - INFO - 文档数量: 9
2025-11-10 15:54:14,630 - INFO - 第1个文档状态: COMPLETED
2025-11-10 15:54:14,630 - INFO - 第2个文档状态: COMPLETED
2025-11-10 15:54:14,630 - INFO - 第3个文档状态: COMPLETED
2025-11-10 15:54:14,630 - INFO - 第4个文档状态: COMPLETED
2025-11-10 15:54:14,631 - INFO - 第5个文档状态: COMPLETED
2025-11-10 15:54:14,631 - INFO - 第6个文档状态: COMPLETED
2025-11-10 15:54:14,631 - INFO - 第7个文档状态: COMPLETED
2025-11-10 15:54:14,631 - INFO - 第8个文档状态: RUNNING
2025-11-10 15:54:14,631 - INFO - 第9个文档状态: ADDED
2025-11-10 15:54:14,631 - INFO - 仍有文档在处理中，第53次尝试...
2025-11-10 15:54:16,632 - DEBUG - Starting new HTTP connection (1): 127.0.0.1:35253
2025-11-10 15:54:16,636 - DEBUG - http://127.0.0.1:35253 "POST /upload HTTP/11" 200 20
2025-11-10 15:54:16,637 - INFO - 成功获取文档列表，upload_id: -4412213802896737585
2025-11-10 15:54:16,637 - INFO - 开始时间: 2025-11-10 15:54:16.637
2025-11-10 15:54:16,638 - DEBUG - Starting new HTTP connection (1): 127.0.0.1:35253
2025-11-10 15:54:16,678 - DEBUG - http://127.0.0.1:35253 "GET /query?fileData=-4412213802896737585 HTTP/11" 200 None
2025-11-10 15:54:16,798 - INFO - 响应时间: 0.16秒
2025-11-10 15:54:16,799 - INFO - 第54次尝试，获取到的result_text: {"jobId":56,"status":"complete","data":{"text":"[{\"createTime\":\"2025-11-10T15:52:22.597\",\"description\":\"This paper investigates the computational hardness of learning Boolean functions from label proportions (LLP), an increasingly relevant machine learning paradigm where only aggregate label information over subsets (bags) of instances is available, generalizing traditional PAC learning. The authors prove several hardness results for LLP: (1) It is NP-hard to find a constant-clause CNF (including ORs) that satisfies any constant-fraction of bags of size at most 2, even when all bags are consistent with an OR function; this contrasts with prior approximation algorithms for halfspaces. (2) It is NP-hard to satisfy more than a (1/2 + δ)-fraction of such bags using constant-size DNF formulas. (3) For parity functions, it is NP-hard to satisfy more than (q / 2^{q-1} + δ)-fraction of the bags of size up to q using a parity function, with the best achievable approximation factor via a randomized algorithm being 1/2^{q-2}. These results show qualitative differences between LLP and PAC learning—the problems are tractable in PAC but intractable in LLP for these classes. The paper uses reductions from known Label Cover problems and applies probabilistic and algebraic techniques to establish tight inapproximability bounds. LLP is motivated by privacy, reduced labeling costs, and applications like medical image analysis. The work highlights fundamental barriers in learning Boolean functions when only label proportions are given, and provides benchmarks for algorithmic progress in LLP.\",\"docName\":\"2403.19401\",\"editTime\":\"2025-11-10T15:53:22.834\",\"fileName\":\"2403.19401.pdf\",\"folder\":\"C:\\\\Users\\\\XiaoXinPro 16 IAH\\\\Desktop\\\\LRIA_llm_eval\\\\eval\\\\Quantum_Bvt_20251110\\\\bvtfiles\",\"id\":1987790421895548928,\"isDeleted\":0,\"isTmpFile\":false,\"labelNameList\":[\"Technology\",\"Data Analysis\",\"Research Paper\"],\"lastModifyTime\":\"2025-09-17T09:45:00\",\"md5\":\"4ff6ba88616fcf7a71d1dca6c9adc14c\",\"path\":\"C:\\\\Users\\\\XiaoXinPro 16 IAH\\\\Desktop\\\\LRIA_llm_eval\\\\eval\\\\Quantum_Bvt_20251110\\\\bvtfiles\\\\2403.19401.pdf\",\"previewPath\":\"c:\\\\users\\\\xiaoxinpro 16 iah\\\\documents\\\\qtcore\\\\pdffile\\\\5a8b97086ee1c90294e728121903432b.pdf\",\"priority\":1,\"score\":0.0,\"status\":\"COMPLETED\",\"tokenNum\":14092,\"uriPath\":\"\"},{\"createTime\":\"2025-11-10T15:52:22.630\",\"description\":\"A One Day International (ODI) is a limited overs cricket match played between two international teams, typically with each side facing 50 overs. The format is used for high-profile tournaments like the Cricket World Cup and represents the highest standard of List A cricket. ODIs originated in 1971 when a Test match between Australia and England was abandoned due to rain, leading to a one-off game of 40 eight-ball overs, with Australia winning by 5 wickets. Initially, ODIs were played in white kits with a red ball. Significant changes occurred in the late 1970s, driven by Kerry Packer's World Series Cricket, which introduced coloured uniforms, nighttime matches under floodlights, white balls, and enhanced television coverage with multiple cameras and on-screen graphics. The first match with coloured uniforms was held in 1979. These innovations transformed the game, with players becoming full-time professionals, and coloured kits with white balls eventually becoming the ODI standard after 2001.\",\"docName\":\"3nql1cs15r8aviz39pth2bpsr4zvy1\",\"editTime\":\"2025-11-10T15:53:22.834\",\"fileName\":\"3nql1cs15r8aviz39pth2bpsr4zvy1.txt\",\"folder\":\"C:\\\\Users\\\\XiaoXinPro 16 IAH\\\\Desktop\\\\LRIA_llm_eval\\\\eval\\\\Quantum_Bvt_20251110\\\\bvtfiles\",\"id\":1987790422033960960,\"isDeleted\":0,\"isTmpFile\":false,\"labelNameList\":[\"Sport\",\"Informational\",\"History\"],\"lastModifyTime\":\"2025-09-17T09:45:00\",\"md5\":\"da0c0f7162b267cca0de596df4c40c56\",\"path\":\"C:\\\\Users\\\\XiaoXinPro 16 IAH\\\\Desktop\\\\LRIA_llm_eval\\\\eval\\\\Quantum_Bvt_20251110\\\\bvtfiles\\\\3nql1cs15r8aviz39pth2bpsr4zvy1.txt\",\"previewPath\":\"c:\\\\users\\\\xiaoxinpro 16 iah\\\\documents\\\\qtcore\\\\pdffile\\\\ba50ed51f6b7714754652a80ab62df56.pdf\",\"priority\":2,\"score\":0.0,\"status\":\"COMPLETED\",\"tokenNum\":402,\"uriPath\":\"\"},{\"createTime\":\"2025-11-10T15:52:22.650\",\"description\":\"The document discusses psychological identity, emphasizing self-image, self-esteem, and individuality. Weinreich defines identity as the totality of one’s self-construal, connecting past, present, and future self-perceptions, and extending this to aspects like ethnic identity. The complexity of describing identity for individuals and groups is highlighted, taking into account both unique characteristics and group memberships, which can vary with circumstance. Drawing on theorists like Kelly, Erikson, and Tajfel, Weinreich’s Identity Structure Analysis (ISA) is introduced as a structural approach to represent individual existential experience. ISA focuses on how relationships between self and others are organized within socio-cultural contexts and over time. It uses constructs from individual, group, and cultural discourses to map the individual's appraisal of self, others, and institutions. The methodology operationalizes these concepts so that identity can be assessed through the situated self’s interactions across different contexts.\",\"docName\":\"3u84xhcdicdb6vqtlfud7syhj444z2\",\"editTime\":\"2025-11-10T15:53:26.485\",\"fileName\":\"3u84xhcdicdb6vqtlfud7syhj444z2.txt\",\"folder\":\"C:\\\\Users\\\\XiaoXinPro 16 IAH\\\\Desktop\\\\LRIA_llm_eval\\\\eval\\\\Quantum_Bvt_20251110\\\\bvtfiles\",\"id\":1987790422117847040,\"isDeleted\":0,\"isTmpFile\":false,\"labelNameList\":[\"Research Paper\",\"Informational\",\"Science\"],\"lastModifyTime\":\"2025-09-17T09:45:00\",\"md5\":\"a80f0ad4af9fd250a462680c85e6fbf0\",\"path\":\"C:\\\\Users\\\\XiaoXinPro 16 IAH\\\\Desktop\\\\LRIA_llm_eval\\\\eval\\\\Quantum_Bvt_20251110\\\\bvtfiles\\\\3u84xhcdicdb6vqtlfud7syhj444z2.txt\",\"previewPath\":\"c:\\\\users\\\\xiaoxinpro 16 iah\\\\documents\\\\qtcore\\\\pdffile\\\\044561594142e2ef357c9fbbdfaf4af5.pdf\",\"priority\":3,\"score\":0.0,\"status\":\"COMPLETED\",\"tokenNum\":414,\"uriPath\":\"\"},{\"createTime\":\"2025-11-10T15:52:22.668\",\"description\":\"In Chapter XVIII, Archie is ordered to assist the Earl and a sizeable group of men-at-arms in searching for Bruce, whose location was revealed by a traitor. Archie, though reluctant, prepares the hound, Hector, for the hunt and considers drastic measures to protect Bruce if they get too close. The party, led by the traitorous peasant, travels five miles into the hills to a hut where Bruce had recently stayed. Upon arrival, Hector becomes energetic and excited, eagerly sniffing around before picking up Bruce's trail. The hound’s pursuit is intense, forcing Archie to struggle to keep pace while the Earl and his knights follow at a slight distance with their men-at-arms. Archie warns the Earl that the noise from the horses and the knights’ equipment agitates the hound further, making him harder to control. The tense search unfolds with Archie contemplating escape should the situation demand it, given the formidable presence of mounted pursuers.\",\"docName\":\"3z3zlgnnsiuha76yy56h6uu71bh3q1\",\"editTime\":\"2025-11-10T15:53:29.649\",\"fileName\":\"3z3zlgnnsiuha76yy56h6uu71bh3q1.txt\",\"folder\":\"C:\\\\Users\\\\XiaoXinPro 16 IAH\\\\Desktop\\\\LRIA_llm_eval\\\\eval\\\\Quantum_Bvt_20251110\\\\bvtfiles\",\"id\":1987790422193344512,\"isDeleted\":0,\"isTmpFile\":false,\"labelNameList\":[\"Informational\",\"History\",\"Report\"],\"lastModifyTime\":\"2025-09-17T09:45:00\",\"md5\":\"bb28043dd606535bdcaf1ee30346b0f9\",\"path\":\"C:\\\\Users\\\\XiaoXinPro 16 IAH\\\\Desktop\\\\LRIA_llm_eval\\\\eval\\\\Quantum_Bvt_20251110\\\\bvtfiles\\\\3z3zlgnnsiuha76yy56h6uu71bh3q1.txt\",\"previewPath\":\"c:\\\\users\\\\xiaoxinpro 16 iah\\\\documents\\\\qtcore\\\\pdffile\\\\c5016b94612aaf89641b2e6895248f70.pdf\",\"priority\":4,\"score\":0.0,\"status\":\"COMPLETED\",\"tokenNum\":326,\"uriPath\":\"\"},{\"createTime\":\"2025-11-10T15:52:22.688\",\"description\":\"This document outlines the design of an AI Face Algorithm Evaluation Method, focusing on test set collection and variable matrices. It specifies head movement variables—pitch (up/down), yaw (left/right), and roll (clockwise/counterclockwise)—each with specified movement angles and data rates, as well as facial movements including mouth, eyes, and eyebrows, and associated conditions. Light exposure is detailed into weak, medium, strong, and uneven categories to account for optical flow variability. Horizontal head movement is included, with both left and right motion measured. Data is gathered using a laptop camera and Ruifeng's collection tool, using input video as both the driving video and ground truth; specific images are used as source images. Evaluation involves comparing driving and output videos. The protocol requires 70 videos (minimum 5 seconds each), with 10 videos per variable and targeting multiple participants, with at least 7 represented overall. The data rate defines each video’s contribution per variable. Emphasis is placed on collecting a diverse and representative dataset for robust algorithm assessment.\",\"docName\":\"AI_Face_Test_Set_Collection_Method_Design\",\"editTime\":\"2025-11-10T15:53:44.023\",\"fileName\":\"AI_Face_Test_Set_Collection_Method_Design.pptx\",\"folder\":\"C:\\\\Users\\\\XiaoXinPro 16 IAH\\\\Desktop\\\\LRIA_llm_eval\\\\eval\\\\Quantum_Bvt_20251110\\\\bvtfiles\",\"id\":1987790422277230592,\"isDeleted\":0,\"isTmpFile\":false,\"labelNameList\":[\"Technology\",\"Data Analysis\",\"Specifications\"],\"lastModifyTime\":\"2025-09-17T09:46:00\",\"md5\":\"b0f396e7936e0f6192cd880927e8e74b\",\"path\":\"C:\\\\Users\\\\XiaoXinPro 16 IAH\\\\Desktop\\\\LRIA_llm_eval\\\\eval\\\\Quantum_Bvt_20251110\\\\bvtfiles\\\\AI_Face_Test_Set_Collection_Method_Design.pptx\",\"previewPath\":\"c:\\\\users\\\\xiaoxinpro 16 iah\\\\documents\\\\qtcore\\\\pdffile\\\\c85631aabec673dabeda2b80233b5341.pdf\",\"priority\":5,\"score\":0.0,\"status\":\"COMPLETED\",\"tokenNum\":432,\"uriPath\":\"\"},{\"createTime\":\"2025-11-10T15:52:22.707\",\"description\":\"This document introduces Linear Programming (LP), outlining its definition, history, methods of solution, and approaches for testing LP solvers. LP involves optimizing a linear objective function based on decision variables subject to linear constraints, creating a convex polyhedral feasible domain where the optimal value is found at domain vertices. Mixed-Integer Programs (MIP) are also defined, and methods like branch-and-bound are discussed. Historically, LP originated with G.B. Dantzig in 1947, with subsequent developments by Kantorovich, Koopmans (who won the Nobel Prize for resource allocation theory), Khachian (Ellipsoid Method), and Karmarkar (Interior-Point Method). Solutions to LP problems use enumeration, Simplex, and Interior-Point methods, with the latter providing polynomial-time solutions for large-scale problems. LP solver testing utilizes both benchmark and self-built test sets, evaluating problems with different constraint and variable structures, including unique feasible, infinite, infeasible, and unbounded cases. Example benchmark instances include AGG, BANDM, BOEING1, and others recorded with details such as rows, columns, nonzeros, bytes, and optimal values. Testing criteria encompass various coefficient scales, constraints, bounds, degeneracy, contradiction, and unboundedness.\",\"docName\":\"A_brief_introduction_of_LP_liutao21_20220615\",\"editTime\":\"2025-11-10T15:53:58.811\",\"fileName\":\"A_brief_introduction_of_LP_liutao21_20220615.pptx\",\"folder\":\"C:\\\\Users\\\\XiaoXinPro 16 IAH\\\\Desktop\\\\LRIA_llm_eval\\\\eval\\\\Quantum_Bvt_20251110\\\\bvtfiles\",\"id\":1987790422356922368,\"isDeleted\":0,\"isTmpFile\":false,\"labelNameList\":[\"Technology\",\"Data Analysis\",\"Informational\"],\"lastModifyTime\":\"2025-09-17T09:46:00\",\"md5\":\"0dbb2532524843af54fb3388b7bf3381\",\"path\":\"C:\\\\Users\\\\XiaoXinPro 16 IAH\\\\Desktop\\\\LRIA_llm_eval\\\\eval\\\\Quantum_Bvt_20251110\\\\bvtfiles\\\\A_brief_introduction_of_LP_liutao21_20220615.pptx\",\"previewPath\":\"c:\\\\users\\\\xiaoxinpro 16 iah\\\\documents\\\\qtcore\\\\pdffile\\\\236ffb1926cb5ac1cef47fd4707ea1f7.pdf\",\"priority\":6,\"score\":0.0,\"status\":\"COMPLETED\",\"tokenNum\":1297,\"uriPath\":\"\"},{\"createTime\":\"2025-11-10T15:52:22.764\",\"description\":\"This document provides an overview of the historical, social, and linguistic development of Belfast and its English dialect. Founded in 1603, Belfast's population grew significantly in the 19th century due to the Great Famine and industrialisation, notably in linen production and ship-building. The linguistic landscape of Belfast English is shaped by influences from western Scotland and northern England, alongside local features. Sociolinguistic investigations by James and Lesley Milroy from the 1970s onward highlight the importance of social networks, where dense, multiplex connections among working-class groups reinforce distinct vernacular norms, while middle-class, loosely-knit networks are more receptive to standard forms. Studies focus on three specific areas—Ballymacarrett, Hammer, and Clonard—revealing phonological variations tied to network strength, class, and gender. Key features examined include palatalisation, dental realisation of /t/, raising of /a/, and the use of (ʌ). Milroy's work underscores the interplay between standard and vernacular norms and the role of social structure in language variation and change. Extensive references point to historical and sociolinguistic research on Belfast English.\",\"docName\":\"Belfast-English\",\"editTime\":\"2025-11-10T15:54:14.669\",\"fileName\":\"Belfast-English.docx\",\"folder\":\"C:\\\\Users\\\\XiaoXinPro 16 IAH\\\\Desktop\\\\LRIA_llm_eval\\\\eval\\\\Quantum_Bvt_20251110\\\\bvtfiles\",\"id\":1987790422595997696,\"isDeleted\":0,\"isTmpFile\":false,\"labelNameList\":[\"Data Analysis\",\"Research Paper\",\"History\"],\"lastModifyTime\":\"2025-09-17T09:45:00\",\"md5\":\"3193e699ffa92db332ae31a9fb1d3cb4\",\"path\":\"C:\\\\Users\\\\XiaoXinPro 16 IAH\\\\Desktop\\\\LRIA_llm_eval\\\\eval\\\\Quantum_Bvt_20251110\\\\bvtfiles\\\\Belfast-English.docx\",\"previewPath\":\"c:\\\\users\\\\xiaoxinpro 16 iah\\\\documents\\\\qtcore\\\\pdffile\\\\5cade3e91fc5bb369bf72f47d2614c67.pdf\",\"priority\":7,\"score\":0.0,\"status\":\"COMPLETED\",\"tokenNum\":2989,\"uriPath\":\"\"},{\"createTime\":\"2025-11-10T15:52:22.784\",\"description\":\"\",\"docName\":\"\",\"editTime\":\"2025-11-10T15:54:10.476\",\"fileName\":\"British-Food-Culture.doc\",\"folder\":\"C:\\\\Users\\\\XiaoXinPro 16 IAH\\\\Desktop\\\\LRIA_llm_eval\\\\eval\\\\Quantum_Bvt_20251110\\\\bvtfiles\",\"id\":1987790422679883776,\"isDeleted\":0,\"isTmpFile\":false,\"labelNameList\":[],\"lastModifyTime\":\"2025-09-17T09:45:00\",\"md5\":\"435798f1c3377c7f5b71e18d733ca579\",\"path\":\"C:\\\\Users\\\\XiaoXinPro 16 IAH\\\\Desktop\\\\LRIA_llm_eval\\\\eval\\\\Quantum_Bvt_20251110\\\\bvtfiles\\\\British-Food-Culture.doc\",\"priority\":8,\"score\":0.0,\"status\":\"RUNNING\",\"tokenNum\":0,\"uriPath\":\"\"},{\"createTime\":\"2025-11-10T15:52:22.803\",\"description\":\"\",\"docName\":\"\",\"editTime\":\"2025-11-10T15:52:22.803\",\"errorDescription\":\"\",\"fileName\":\"Netflix Becomes a Broadway Producer With Peter Morgan’s Patriots.txt\",\"folder\":\"C:\\\\Users\\\\XiaoXinPro 16 IAH\\\\Desktop\\\\LRIA_llm_eval\\\\eval\\\\Quantum_Bvt_20251110\\\\bvtfiles\",\"id\":1987790422759575552,\"isDeleted\":0,\"isTmpFile\":false,\"labelNameList\":[],\"lastModifyTime\":\"2025-09-17T09:46:00\",\"md5\":\"ab84c46eaa62a18048fb0241446da4ca\",\"path\":\"C:\\\\Users\\\\XiaoXinPro 16 IAH\\\\Desktop\\\\LRIA_llm_eval\\\\eval\\\\Quantum_Bvt_20251110\\\\bvtfiles\\\\Netflix Becomes a Broadway Producer With Peter Morgan’s Patriots.txt\",\"priority\":9,\"score\":0.0,\"status\":\"ADDED\",\"tokenNum\":0,\"uriPath\":\"\"}]"}}
2025-11-10 15:54:16,801 - INFO - 文档数量: 9
2025-11-10 15:54:16,801 - INFO - 第1个文档状态: COMPLETED
2025-11-10 15:54:16,801 - INFO - 第2个文档状态: COMPLETED
2025-11-10 15:54:16,801 - INFO - 第3个文档状态: COMPLETED
2025-11-10 15:54:16,801 - INFO - 第4个文档状态: COMPLETED
2025-11-10 15:54:16,802 - INFO - 第5个文档状态: COMPLETED
2025-11-10 15:54:16,802 - INFO - 第6个文档状态: COMPLETED
2025-11-10 15:54:16,802 - INFO - 第7个文档状态: COMPLETED
2025-11-10 15:54:16,802 - INFO - 第8个文档状态: RUNNING
2025-11-10 15:54:16,802 - INFO - 第9个文档状态: ADDED
2025-11-10 15:54:16,802 - INFO - 仍有文档在处理中，第54次尝试...
2025-11-10 15:54:18,805 - DEBUG - Starting new HTTP connection (1): 127.0.0.1:35253
2025-11-10 15:54:18,809 - DEBUG - http://127.0.0.1:35253 "POST /upload HTTP/11" 200 19
2025-11-10 15:54:18,810 - INFO - 成功获取文档列表，upload_id: 5239914289072710160
2025-11-10 15:54:18,810 - INFO - 开始时间: 2025-11-10 15:54:18.810
2025-11-10 15:54:18,812 - DEBUG - Starting new HTTP connection (1): 127.0.0.1:35253
2025-11-10 15:54:18,828 - DEBUG - http://127.0.0.1:35253 "GET /query?fileData=5239914289072710160 HTTP/11" 200 None
2025-11-10 15:54:18,984 - INFO - 响应时间: 0.17秒
2025-11-10 15:54:18,984 - INFO - 第55次尝试，获取到的result_text: {"jobId":57,"status":"complete","data":{"text":"[{\"createTime\":\"2025-11-10T15:52:22.597\",\"description\":\"This paper investigates the computational hardness of learning Boolean functions from label proportions (LLP), an increasingly relevant machine learning paradigm where only aggregate label information over subsets (bags) of instances is available, generalizing traditional PAC learning. The authors prove several hardness results for LLP: (1) It is NP-hard to find a constant-clause CNF (including ORs) that satisfies any constant-fraction of bags of size at most 2, even when all bags are consistent with an OR function; this contrasts with prior approximation algorithms for halfspaces. (2) It is NP-hard to satisfy more than a (1/2 + δ)-fraction of such bags using constant-size DNF formulas. (3) For parity functions, it is NP-hard to satisfy more than (q / 2^{q-1} + δ)-fraction of the bags of size up to q using a parity function, with the best achievable approximation factor via a randomized algorithm being 1/2^{q-2}. These results show qualitative differences between LLP and PAC learning—the problems are tractable in PAC but intractable in LLP for these classes. The paper uses reductions from known Label Cover problems and applies probabilistic and algebraic techniques to establish tight inapproximability bounds. LLP is motivated by privacy, reduced labeling costs, and applications like medical image analysis. The work highlights fundamental barriers in learning Boolean functions when only label proportions are given, and provides benchmarks for algorithmic progress in LLP.\",\"docName\":\"2403.19401\",\"editTime\":\"2025-11-10T15:53:22.834\",\"fileName\":\"2403.19401.pdf\",\"folder\":\"C:\\\\Users\\\\XiaoXinPro 16 IAH\\\\Desktop\\\\LRIA_llm_eval\\\\eval\\\\Quantum_Bvt_20251110\\\\bvtfiles\",\"id\":1987790421895548928,\"isDeleted\":0,\"isTmpFile\":false,\"labelNameList\":[\"Technology\",\"Data Analysis\",\"Research Paper\"],\"lastModifyTime\":\"2025-09-17T09:45:00\",\"md5\":\"4ff6ba88616fcf7a71d1dca6c9adc14c\",\"path\":\"C:\\\\Users\\\\XiaoXinPro 16 IAH\\\\Desktop\\\\LRIA_llm_eval\\\\eval\\\\Quantum_Bvt_20251110\\\\bvtfiles\\\\2403.19401.pdf\",\"previewPath\":\"c:\\\\users\\\\xiaoxinpro 16 iah\\\\documents\\\\qtcore\\\\pdffile\\\\5a8b97086ee1c90294e728121903432b.pdf\",\"priority\":1,\"score\":0.0,\"status\":\"COMPLETED\",\"tokenNum\":14092,\"uriPath\":\"\"},{\"createTime\":\"2025-11-10T15:52:22.630\",\"description\":\"A One Day International (ODI) is a limited overs cricket match played between two international teams, typically with each side facing 50 overs. The format is used for high-profile tournaments like the Cricket World Cup and represents the highest standard of List A cricket. ODIs originated in 1971 when a Test match between Australia and England was abandoned due to rain, leading to a one-off game of 40 eight-ball overs, with Australia winning by 5 wickets. Initially, ODIs were played in white kits with a red ball. Significant changes occurred in the late 1970s, driven by Kerry Packer's World Series Cricket, which introduced coloured uniforms, nighttime matches under floodlights, white balls, and enhanced television coverage with multiple cameras and on-screen graphics. The first match with coloured uniforms was held in 1979. These innovations transformed the game, with players becoming full-time professionals, and coloured kits with white balls eventually becoming the ODI standard after 2001.\",\"docName\":\"3nql1cs15r8aviz39pth2bpsr4zvy1\",\"editTime\":\"2025-11-10T15:53:22.834\",\"fileName\":\"3nql1cs15r8aviz39pth2bpsr4zvy1.txt\",\"folder\":\"C:\\\\Users\\\\XiaoXinPro 16 IAH\\\\Desktop\\\\LRIA_llm_eval\\\\eval\\\\Quantum_Bvt_20251110\\\\bvtfiles\",\"id\":1987790422033960960,\"isDeleted\":0,\"isTmpFile\":false,\"labelNameList\":[\"Sport\",\"Informational\",\"History\"],\"lastModifyTime\":\"2025-09-17T09:45:00\",\"md5\":\"da0c0f7162b267cca0de596df4c40c56\",\"path\":\"C:\\\\Users\\\\XiaoXinPro 16 IAH\\\\Desktop\\\\LRIA_llm_eval\\\\eval\\\\Quantum_Bvt_20251110\\\\bvtfiles\\\\3nql1cs15r8aviz39pth2bpsr4zvy1.txt\",\"previewPath\":\"c:\\\\users\\\\xiaoxinpro 16 iah\\\\documents\\\\qtcore\\\\pdffile\\\\ba50ed51f6b7714754652a80ab62df56.pdf\",\"priority\":2,\"score\":0.0,\"status\":\"COMPLETED\",\"tokenNum\":402,\"uriPath\":\"\"},{\"createTime\":\"2025-11-10T15:52:22.650\",\"description\":\"The document discusses psychological identity, emphasizing self-image, self-esteem, and individuality. Weinreich defines identity as the totality of one’s self-construal, connecting past, present, and future self-perceptions, and extending this to aspects like ethnic identity. The complexity of describing identity for individuals and groups is highlighted, taking into account both unique characteristics and group memberships, which can vary with circumstance. Drawing on theorists like Kelly, Erikson, and Tajfel, Weinreich’s Identity Structure Analysis (ISA) is introduced as a structural approach to represent individual existential experience. ISA focuses on how relationships between self and others are organized within socio-cultural contexts and over time. It uses constructs from individual, group, and cultural discourses to map the individual's appraisal of self, others, and institutions. The methodology operationalizes these concepts so that identity can be assessed through the situated self’s interactions across different contexts.\",\"docName\":\"3u84xhcdicdb6vqtlfud7syhj444z2\",\"editTime\":\"2025-11-10T15:53:26.485\",\"fileName\":\"3u84xhcdicdb6vqtlfud7syhj444z2.txt\",\"folder\":\"C:\\\\Users\\\\XiaoXinPro 16 IAH\\\\Desktop\\\\LRIA_llm_eval\\\\eval\\\\Quantum_Bvt_20251110\\\\bvtfiles\",\"id\":1987790422117847040,\"isDeleted\":0,\"isTmpFile\":false,\"labelNameList\":[\"Research Paper\",\"Informational\",\"Science\"],\"lastModifyTime\":\"2025-09-17T09:45:00\",\"md5\":\"a80f0ad4af9fd250a462680c85e6fbf0\",\"path\":\"C:\\\\Users\\\\XiaoXinPro 16 IAH\\\\Desktop\\\\LRIA_llm_eval\\\\eval\\\\Quantum_Bvt_20251110\\\\bvtfiles\\\\3u84xhcdicdb6vqtlfud7syhj444z2.txt\",\"previewPath\":\"c:\\\\users\\\\xiaoxinpro 16 iah\\\\documents\\\\qtcore\\\\pdffile\\\\044561594142e2ef357c9fbbdfaf4af5.pdf\",\"priority\":3,\"score\":0.0,\"status\":\"COMPLETED\",\"tokenNum\":414,\"uriPath\":\"\"},{\"createTime\":\"2025-11-10T15:52:22.668\",\"description\":\"In Chapter XVIII, Archie is ordered to assist the Earl and a sizeable group of men-at-arms in searching for Bruce, whose location was revealed by a traitor. Archie, though reluctant, prepares the hound, Hector, for the hunt and considers drastic measures to protect Bruce if they get too close. The party, led by the traitorous peasant, travels five miles into the hills to a hut where Bruce had recently stayed. Upon arrival, Hector becomes energetic and excited, eagerly sniffing around before picking up Bruce's trail. The hound’s pursuit is intense, forcing Archie to struggle to keep pace while the Earl and his knights follow at a slight distance with their men-at-arms. Archie warns the Earl that the noise from the horses and the knights’ equipment agitates the hound further, making him harder to control. The tense search unfolds with Archie contemplating escape should the situation demand it, given the formidable presence of mounted pursuers.\",\"docName\":\"3z3zlgnnsiuha76yy56h6uu71bh3q1\",\"editTime\":\"2025-11-10T15:53:29.649\",\"fileName\":\"3z3zlgnnsiuha76yy56h6uu71bh3q1.txt\",\"folder\":\"C:\\\\Users\\\\XiaoXinPro 16 IAH\\\\Desktop\\\\LRIA_llm_eval\\\\eval\\\\Quantum_Bvt_20251110\\\\bvtfiles\",\"id\":1987790422193344512,\"isDeleted\":0,\"isTmpFile\":false,\"labelNameList\":[\"Informational\",\"History\",\"Report\"],\"lastModifyTime\":\"2025-09-17T09:45:00\",\"md5\":\"bb28043dd606535bdcaf1ee30346b0f9\",\"path\":\"C:\\\\Users\\\\XiaoXinPro 16 IAH\\\\Desktop\\\\LRIA_llm_eval\\\\eval\\\\Quantum_Bvt_20251110\\\\bvtfiles\\\\3z3zlgnnsiuha76yy56h6uu71bh3q1.txt\",\"previewPath\":\"c:\\\\users\\\\xiaoxinpro 16 iah\\\\documents\\\\qtcore\\\\pdffile\\\\c5016b94612aaf89641b2e6895248f70.pdf\",\"priority\":4,\"score\":0.0,\"status\":\"COMPLETED\",\"tokenNum\":326,\"uriPath\":\"\"},{\"createTime\":\"2025-11-10T15:52:22.688\",\"description\":\"This document outlines the design of an AI Face Algorithm Evaluation Method, focusing on test set collection and variable matrices. It specifies head movement variables—pitch (up/down), yaw (left/right), and roll (clockwise/counterclockwise)—each with specified movement angles and data rates, as well as facial movements including mouth, eyes, and eyebrows, and associated conditions. Light exposure is detailed into weak, medium, strong, and uneven categories to account for optical flow variability. Horizontal head movement is included, with both left and right motion measured. Data is gathered using a laptop camera and Ruifeng's collection tool, using input video as both the driving video and ground truth; specific images are used as source images. Evaluation involves comparing driving and output videos. The protocol requires 70 videos (minimum 5 seconds each), with 10 videos per variable and targeting multiple participants, with at least 7 represented overall. The data rate defines each video’s contribution per variable. Emphasis is placed on collecting a diverse and representative dataset for robust algorithm assessment.\",\"docName\":\"AI_Face_Test_Set_Collection_Method_Design\",\"editTime\":\"2025-11-10T15:53:44.023\",\"fileName\":\"AI_Face_Test_Set_Collection_Method_Design.pptx\",\"folder\":\"C:\\\\Users\\\\XiaoXinPro 16 IAH\\\\Desktop\\\\LRIA_llm_eval\\\\eval\\\\Quantum_Bvt_20251110\\\\bvtfiles\",\"id\":1987790422277230592,\"isDeleted\":0,\"isTmpFile\":false,\"labelNameList\":[\"Technology\",\"Data Analysis\",\"Specifications\"],\"lastModifyTime\":\"2025-09-17T09:46:00\",\"md5\":\"b0f396e7936e0f6192cd880927e8e74b\",\"path\":\"C:\\\\Users\\\\XiaoXinPro 16 IAH\\\\Desktop\\\\LRIA_llm_eval\\\\eval\\\\Quantum_Bvt_20251110\\\\bvtfiles\\\\AI_Face_Test_Set_Collection_Method_Design.pptx\",\"previewPath\":\"c:\\\\users\\\\xiaoxinpro 16 iah\\\\documents\\\\qtcore\\\\pdffile\\\\c85631aabec673dabeda2b80233b5341.pdf\",\"priority\":5,\"score\":0.0,\"status\":\"COMPLETED\",\"tokenNum\":432,\"uriPath\":\"\"},{\"createTime\":\"2025-11-10T15:52:22.707\",\"description\":\"This document introduces Linear Programming (LP), outlining its definition, history, methods of solution, and approaches for testing LP solvers. LP involves optimizing a linear objective function based on decision variables subject to linear constraints, creating a convex polyhedral feasible domain where the optimal value is found at domain vertices. Mixed-Integer Programs (MIP) are also defined, and methods like branch-and-bound are discussed. Historically, LP originated with G.B. Dantzig in 1947, with subsequent developments by Kantorovich, Koopmans (who won the Nobel Prize for resource allocation theory), Khachian (Ellipsoid Method), and Karmarkar (Interior-Point Method). Solutions to LP problems use enumeration, Simplex, and Interior-Point methods, with the latter providing polynomial-time solutions for large-scale problems. LP solver testing utilizes both benchmark and self-built test sets, evaluating problems with different constraint and variable structures, including unique feasible, infinite, infeasible, and unbounded cases. Example benchmark instances include AGG, BANDM, BOEING1, and others recorded with details such as rows, columns, nonzeros, bytes, and optimal values. Testing criteria encompass various coefficient scales, constraints, bounds, degeneracy, contradiction, and unboundedness.\",\"docName\":\"A_brief_introduction_of_LP_liutao21_20220615\",\"editTime\":\"2025-11-10T15:53:58.811\",\"fileName\":\"A_brief_introduction_of_LP_liutao21_20220615.pptx\",\"folder\":\"C:\\\\Users\\\\XiaoXinPro 16 IAH\\\\Desktop\\\\LRIA_llm_eval\\\\eval\\\\Quantum_Bvt_20251110\\\\bvtfiles\",\"id\":1987790422356922368,\"isDeleted\":0,\"isTmpFile\":false,\"labelNameList\":[\"Technology\",\"Data Analysis\",\"Informational\"],\"lastModifyTime\":\"2025-09-17T09:46:00\",\"md5\":\"0dbb2532524843af54fb3388b7bf3381\",\"path\":\"C:\\\\Users\\\\XiaoXinPro 16 IAH\\\\Desktop\\\\LRIA_llm_eval\\\\eval\\\\Quantum_Bvt_20251110\\\\bvtfiles\\\\A_brief_introduction_of_LP_liutao21_20220615.pptx\",\"previewPath\":\"c:\\\\users\\\\xiaoxinpro 16 iah\\\\documents\\\\qtcore\\\\pdffile\\\\236ffb1926cb5ac1cef47fd4707ea1f7.pdf\",\"priority\":6,\"score\":0.0,\"status\":\"COMPLETED\",\"tokenNum\":1297,\"uriPath\":\"\"},{\"createTime\":\"2025-11-10T15:52:22.764\",\"description\":\"This document provides an overview of the historical, social, and linguistic development of Belfast and its English dialect. Founded in 1603, Belfast's population grew significantly in the 19th century due to the Great Famine and industrialisation, notably in linen production and ship-building. The linguistic landscape of Belfast English is shaped by influences from western Scotland and northern England, alongside local features. Sociolinguistic investigations by James and Lesley Milroy from the 1970s onward highlight the importance of social networks, where dense, multiplex connections among working-class groups reinforce distinct vernacular norms, while middle-class, loosely-knit networks are more receptive to standard forms. Studies focus on three specific areas—Ballymacarrett, Hammer, and Clonard—revealing phonological variations tied to network strength, class, and gender. Key features examined include palatalisation, dental realisation of /t/, raising of /a/, and the use of (ʌ). Milroy's work underscores the interplay between standard and vernacular norms and the role of social structure in language variation and change. Extensive references point to historical and sociolinguistic research on Belfast English.\",\"docName\":\"Belfast-English\",\"editTime\":\"2025-11-10T15:54:14.669\",\"fileName\":\"Belfast-English.docx\",\"folder\":\"C:\\\\Users\\\\XiaoXinPro 16 IAH\\\\Desktop\\\\LRIA_llm_eval\\\\eval\\\\Quantum_Bvt_20251110\\\\bvtfiles\",\"id\":1987790422595997696,\"isDeleted\":0,\"isTmpFile\":false,\"labelNameList\":[\"Data Analysis\",\"Research Paper\",\"History\"],\"lastModifyTime\":\"2025-09-17T09:45:00\",\"md5\":\"3193e699ffa92db332ae31a9fb1d3cb4\",\"path\":\"C:\\\\Users\\\\XiaoXinPro 16 IAH\\\\Desktop\\\\LRIA_llm_eval\\\\eval\\\\Quantum_Bvt_20251110\\\\bvtfiles\\\\Belfast-English.docx\",\"previewPath\":\"c:\\\\users\\\\xiaoxinpro 16 iah\\\\documents\\\\qtcore\\\\pdffile\\\\5cade3e91fc5bb369bf72f47d2614c67.pdf\",\"priority\":7,\"score\":0.0,\"status\":\"COMPLETED\",\"tokenNum\":2989,\"uriPath\":\"\"},{\"createTime\":\"2025-11-10T15:52:22.784\",\"description\":\"\",\"docName\":\"\",\"editTime\":\"2025-11-10T15:54:10.476\",\"fileName\":\"British-Food-Culture.doc\",\"folder\":\"C:\\\\Users\\\\XiaoXinPro 16 IAH\\\\Desktop\\\\LRIA_llm_eval\\\\eval\\\\Quantum_Bvt_20251110\\\\bvtfiles\",\"id\":1987790422679883776,\"isDeleted\":0,\"isTmpFile\":false,\"labelNameList\":[],\"lastModifyTime\":\"2025-09-17T09:45:00\",\"md5\":\"435798f1c3377c7f5b71e18d733ca579\",\"path\":\"C:\\\\Users\\\\XiaoXinPro 16 IAH\\\\Desktop\\\\LRIA_llm_eval\\\\eval\\\\Quantum_Bvt_20251110\\\\bvtfiles\\\\British-Food-Culture.doc\",\"priority\":8,\"score\":0.0,\"status\":\"RUNNING\",\"tokenNum\":0,\"uriPath\":\"\"},{\"createTime\":\"2025-11-10T15:52:22.803\",\"description\":\"\",\"docName\":\"\",\"editTime\":\"2025-11-10T15:52:22.803\",\"errorDescription\":\"\",\"fileName\":\"Netflix Becomes a Broadway Producer With Peter Morgan’s Patriots.txt\",\"folder\":\"C:\\\\Users\\\\XiaoXinPro 16 IAH\\\\Desktop\\\\LRIA_llm_eval\\\\eval\\\\Quantum_Bvt_20251110\\\\bvtfiles\",\"id\":1987790422759575552,\"isDeleted\":0,\"isTmpFile\":false,\"labelNameList\":[],\"lastModifyTime\":\"2025-09-17T09:46:00\",\"md5\":\"ab84c46eaa62a18048fb0241446da4ca\",\"path\":\"C:\\\\Users\\\\XiaoXinPro 16 IAH\\\\Desktop\\\\LRIA_llm_eval\\\\eval\\\\Quantum_Bvt_20251110\\\\bvtfiles\\\\Netflix Becomes a Broadway Producer With Peter Morgan’s Patriots.txt\",\"priority\":9,\"score\":0.0,\"status\":\"ADDED\",\"tokenNum\":0,\"uriPath\":\"\"}]"}}
2025-11-10 15:54:18,986 - INFO - 文档数量: 9
2025-11-10 15:54:18,986 - INFO - 第1个文档状态: COMPLETED
2025-11-10 15:54:18,986 - INFO - 第2个文档状态: COMPLETED
2025-11-10 15:54:18,987 - INFO - 第3个文档状态: COMPLETED
2025-11-10 15:54:18,987 - INFO - 第4个文档状态: COMPLETED
2025-11-10 15:54:18,987 - INFO - 第5个文档状态: COMPLETED
2025-11-10 15:54:18,987 - INFO - 第6个文档状态: COMPLETED
2025-11-10 15:54:18,987 - INFO - 第7个文档状态: COMPLETED
2025-11-10 15:54:18,987 - INFO - 第8个文档状态: RUNNING
2025-11-10 15:54:18,988 - INFO - 第9个文档状态: ADDED
2025-11-10 15:54:18,988 - INFO - 仍有文档在处理中，第55次尝试...
2025-11-10 15:54:20,990 - DEBUG - Starting new HTTP connection (1): 127.0.0.1:35253
2025-11-10 15:54:20,994 - DEBUG - http://127.0.0.1:35253 "POST /upload HTTP/11" 200 19
2025-11-10 15:54:20,995 - INFO - 成功获取文档列表，upload_id: 8730631914642909168
2025-11-10 15:54:20,995 - INFO - 开始时间: 2025-11-10 15:54:20.995
2025-11-10 15:54:20,996 - DEBUG - Starting new HTTP connection (1): 127.0.0.1:35253
2025-11-10 15:54:21,009 - DEBUG - http://127.0.0.1:35253 "GET /query?fileData=8730631914642909168 HTTP/11" 200 None
2025-11-10 15:54:21,122 - INFO - 响应时间: 0.13秒
2025-11-10 15:54:21,122 - INFO - 第56次尝试，获取到的result_text: {"jobId":58,"status":"complete","data":{"text":"[{\"createTime\":\"2025-11-10T15:52:22.597\",\"description\":\"This paper investigates the computational hardness of learning Boolean functions from label proportions (LLP), an increasingly relevant machine learning paradigm where only aggregate label information over subsets (bags) of instances is available, generalizing traditional PAC learning. The authors prove several hardness results for LLP: (1) It is NP-hard to find a constant-clause CNF (including ORs) that satisfies any constant-fraction of bags of size at most 2, even when all bags are consistent with an OR function; this contrasts with prior approximation algorithms for halfspaces. (2) It is NP-hard to satisfy more than a (1/2 + δ)-fraction of such bags using constant-size DNF formulas. (3) For parity functions, it is NP-hard to satisfy more than (q / 2^{q-1} + δ)-fraction of the bags of size up to q using a parity function, with the best achievable approximation factor via a randomized algorithm being 1/2^{q-2}. These results show qualitative differences between LLP and PAC learning—the problems are tractable in PAC but intractable in LLP for these classes. The paper uses reductions from known Label Cover problems and applies probabilistic and algebraic techniques to establish tight inapproximability bounds. LLP is motivated by privacy, reduced labeling costs, and applications like medical image analysis. The work highlights fundamental barriers in learning Boolean functions when only label proportions are given, and provides benchmarks for algorithmic progress in LLP.\",\"docName\":\"2403.19401\",\"editTime\":\"2025-11-10T15:53:22.834\",\"fileName\":\"2403.19401.pdf\",\"folder\":\"C:\\\\Users\\\\XiaoXinPro 16 IAH\\\\Desktop\\\\LRIA_llm_eval\\\\eval\\\\Quantum_Bvt_20251110\\\\bvtfiles\",\"id\":1987790421895548928,\"isDeleted\":0,\"isTmpFile\":false,\"labelNameList\":[\"Technology\",\"Data Analysis\",\"Research Paper\"],\"lastModifyTime\":\"2025-09-17T09:45:00\",\"md5\":\"4ff6ba88616fcf7a71d1dca6c9adc14c\",\"path\":\"C:\\\\Users\\\\XiaoXinPro 16 IAH\\\\Desktop\\\\LRIA_llm_eval\\\\eval\\\\Quantum_Bvt_20251110\\\\bvtfiles\\\\2403.19401.pdf\",\"previewPath\":\"c:\\\\users\\\\xiaoxinpro 16 iah\\\\documents\\\\qtcore\\\\pdffile\\\\5a8b97086ee1c90294e728121903432b.pdf\",\"priority\":1,\"score\":0.0,\"status\":\"COMPLETED\",\"tokenNum\":14092,\"uriPath\":\"\"},{\"createTime\":\"2025-11-10T15:52:22.630\",\"description\":\"A One Day International (ODI) is a limited overs cricket match played between two international teams, typically with each side facing 50 overs. The format is used for high-profile tournaments like the Cricket World Cup and represents the highest standard of List A cricket. ODIs originated in 1971 when a Test match between Australia and England was abandoned due to rain, leading to a one-off game of 40 eight-ball overs, with Australia winning by 5 wickets. Initially, ODIs were played in white kits with a red ball. Significant changes occurred in the late 1970s, driven by Kerry Packer's World Series Cricket, which introduced coloured uniforms, nighttime matches under floodlights, white balls, and enhanced television coverage with multiple cameras and on-screen graphics. The first match with coloured uniforms was held in 1979. These innovations transformed the game, with players becoming full-time professionals, and coloured kits with white balls eventually becoming the ODI standard after 2001.\",\"docName\":\"3nql1cs15r8aviz39pth2bpsr4zvy1\",\"editTime\":\"2025-11-10T15:53:22.834\",\"fileName\":\"3nql1cs15r8aviz39pth2bpsr4zvy1.txt\",\"folder\":\"C:\\\\Users\\\\XiaoXinPro 16 IAH\\\\Desktop\\\\LRIA_llm_eval\\\\eval\\\\Quantum_Bvt_20251110\\\\bvtfiles\",\"id\":1987790422033960960,\"isDeleted\":0,\"isTmpFile\":false,\"labelNameList\":[\"Sport\",\"Informational\",\"History\"],\"lastModifyTime\":\"2025-09-17T09:45:00\",\"md5\":\"da0c0f7162b267cca0de596df4c40c56\",\"path\":\"C:\\\\Users\\\\XiaoXinPro 16 IAH\\\\Desktop\\\\LRIA_llm_eval\\\\eval\\\\Quantum_Bvt_20251110\\\\bvtfiles\\\\3nql1cs15r8aviz39pth2bpsr4zvy1.txt\",\"previewPath\":\"c:\\\\users\\\\xiaoxinpro 16 iah\\\\documents\\\\qtcore\\\\pdffile\\\\ba50ed51f6b7714754652a80ab62df56.pdf\",\"priority\":2,\"score\":0.0,\"status\":\"COMPLETED\",\"tokenNum\":402,\"uriPath\":\"\"},{\"createTime\":\"2025-11-10T15:52:22.650\",\"description\":\"The document discusses psychological identity, emphasizing self-image, self-esteem, and individuality. Weinreich defines identity as the totality of one’s self-construal, connecting past, present, and future self-perceptions, and extending this to aspects like ethnic identity. The complexity of describing identity for individuals and groups is highlighted, taking into account both unique characteristics and group memberships, which can vary with circumstance. Drawing on theorists like Kelly, Erikson, and Tajfel, Weinreich’s Identity Structure Analysis (ISA) is introduced as a structural approach to represent individual existential experience. ISA focuses on how relationships between self and others are organized within socio-cultural contexts and over time. It uses constructs from individual, group, and cultural discourses to map the individual's appraisal of self, others, and institutions. The methodology operationalizes these concepts so that identity can be assessed through the situated self’s interactions across different contexts.\",\"docName\":\"3u84xhcdicdb6vqtlfud7syhj444z2\",\"editTime\":\"2025-11-10T15:53:26.485\",\"fileName\":\"3u84xhcdicdb6vqtlfud7syhj444z2.txt\",\"folder\":\"C:\\\\Users\\\\XiaoXinPro 16 IAH\\\\Desktop\\\\LRIA_llm_eval\\\\eval\\\\Quantum_Bvt_20251110\\\\bvtfiles\",\"id\":1987790422117847040,\"isDeleted\":0,\"isTmpFile\":false,\"labelNameList\":[\"Research Paper\",\"Informational\",\"Science\"],\"lastModifyTime\":\"2025-09-17T09:45:00\",\"md5\":\"a80f0ad4af9fd250a462680c85e6fbf0\",\"path\":\"C:\\\\Users\\\\XiaoXinPro 16 IAH\\\\Desktop\\\\LRIA_llm_eval\\\\eval\\\\Quantum_Bvt_20251110\\\\bvtfiles\\\\3u84xhcdicdb6vqtlfud7syhj444z2.txt\",\"previewPath\":\"c:\\\\users\\\\xiaoxinpro 16 iah\\\\documents\\\\qtcore\\\\pdffile\\\\044561594142e2ef357c9fbbdfaf4af5.pdf\",\"priority\":3,\"score\":0.0,\"status\":\"COMPLETED\",\"tokenNum\":414,\"uriPath\":\"\"},{\"createTime\":\"2025-11-10T15:52:22.668\",\"description\":\"In Chapter XVIII, Archie is ordered to assist the Earl and a sizeable group of men-at-arms in searching for Bruce, whose location was revealed by a traitor. Archie, though reluctant, prepares the hound, Hector, for the hunt and considers drastic measures to protect Bruce if they get too close. The party, led by the traitorous peasant, travels five miles into the hills to a hut where Bruce had recently stayed. Upon arrival, Hector becomes energetic and excited, eagerly sniffing around before picking up Bruce's trail. The hound’s pursuit is intense, forcing Archie to struggle to keep pace while the Earl and his knights follow at a slight distance with their men-at-arms. Archie warns the Earl that the noise from the horses and the knights’ equipment agitates the hound further, making him harder to control. The tense search unfolds with Archie contemplating escape should the situation demand it, given the formidable presence of mounted pursuers.\",\"docName\":\"3z3zlgnnsiuha76yy56h6uu71bh3q1\",\"editTime\":\"2025-11-10T15:53:29.649\",\"fileName\":\"3z3zlgnnsiuha76yy56h6uu71bh3q1.txt\",\"folder\":\"C:\\\\Users\\\\XiaoXinPro 16 IAH\\\\Desktop\\\\LRIA_llm_eval\\\\eval\\\\Quantum_Bvt_20251110\\\\bvtfiles\",\"id\":1987790422193344512,\"isDeleted\":0,\"isTmpFile\":false,\"labelNameList\":[\"Informational\",\"History\",\"Report\"],\"lastModifyTime\":\"2025-09-17T09:45:00\",\"md5\":\"bb28043dd606535bdcaf1ee30346b0f9\",\"path\":\"C:\\\\Users\\\\XiaoXinPro 16 IAH\\\\Desktop\\\\LRIA_llm_eval\\\\eval\\\\Quantum_Bvt_20251110\\\\bvtfiles\\\\3z3zlgnnsiuha76yy56h6uu71bh3q1.txt\",\"previewPath\":\"c:\\\\users\\\\xiaoxinpro 16 iah\\\\documents\\\\qtcore\\\\pdffile\\\\c5016b94612aaf89641b2e6895248f70.pdf\",\"priority\":4,\"score\":0.0,\"status\":\"COMPLETED\",\"tokenNum\":326,\"uriPath\":\"\"},{\"createTime\":\"2025-11-10T15:52:22.688\",\"description\":\"This document outlines the design of an AI Face Algorithm Evaluation Method, focusing on test set collection and variable matrices. It specifies head movement variables—pitch (up/down), yaw (left/right), and roll (clockwise/counterclockwise)—each with specified movement angles and data rates, as well as facial movements including mouth, eyes, and eyebrows, and associated conditions. Light exposure is detailed into weak, medium, strong, and uneven categories to account for optical flow variability. Horizontal head movement is included, with both left and right motion measured. Data is gathered using a laptop camera and Ruifeng's collection tool, using input video as both the driving video and ground truth; specific images are used as source images. Evaluation involves comparing driving and output videos. The protocol requires 70 videos (minimum 5 seconds each), with 10 videos per variable and targeting multiple participants, with at least 7 represented overall. The data rate defines each video’s contribution per variable. Emphasis is placed on collecting a diverse and representative dataset for robust algorithm assessment.\",\"docName\":\"AI_Face_Test_Set_Collection_Method_Design\",\"editTime\":\"2025-11-10T15:53:44.023\",\"fileName\":\"AI_Face_Test_Set_Collection_Method_Design.pptx\",\"folder\":\"C:\\\\Users\\\\XiaoXinPro 16 IAH\\\\Desktop\\\\LRIA_llm_eval\\\\eval\\\\Quantum_Bvt_20251110\\\\bvtfiles\",\"id\":1987790422277230592,\"isDeleted\":0,\"isTmpFile\":false,\"labelNameList\":[\"Technology\",\"Data Analysis\",\"Specifications\"],\"lastModifyTime\":\"2025-09-17T09:46:00\",\"md5\":\"b0f396e7936e0f6192cd880927e8e74b\",\"path\":\"C:\\\\Users\\\\XiaoXinPro 16 IAH\\\\Desktop\\\\LRIA_llm_eval\\\\eval\\\\Quantum_Bvt_20251110\\\\bvtfiles\\\\AI_Face_Test_Set_Collection_Method_Design.pptx\",\"previewPath\":\"c:\\\\users\\\\xiaoxinpro 16 iah\\\\documents\\\\qtcore\\\\pdffile\\\\c85631aabec673dabeda2b80233b5341.pdf\",\"priority\":5,\"score\":0.0,\"status\":\"COMPLETED\",\"tokenNum\":432,\"uriPath\":\"\"},{\"createTime\":\"2025-11-10T15:52:22.707\",\"description\":\"This document introduces Linear Programming (LP), outlining its definition, history, methods of solution, and approaches for testing LP solvers. LP involves optimizing a linear objective function based on decision variables subject to linear constraints, creating a convex polyhedral feasible domain where the optimal value is found at domain vertices. Mixed-Integer Programs (MIP) are also defined, and methods like branch-and-bound are discussed. Historically, LP originated with G.B. Dantzig in 1947, with subsequent developments by Kantorovich, Koopmans (who won the Nobel Prize for resource allocation theory), Khachian (Ellipsoid Method), and Karmarkar (Interior-Point Method). Solutions to LP problems use enumeration, Simplex, and Interior-Point methods, with the latter providing polynomial-time solutions for large-scale problems. LP solver testing utilizes both benchmark and self-built test sets, evaluating problems with different constraint and variable structures, including unique feasible, infinite, infeasible, and unbounded cases. Example benchmark instances include AGG, BANDM, BOEING1, and others recorded with details such as rows, columns, nonzeros, bytes, and optimal values. Testing criteria encompass various coefficient scales, constraints, bounds, degeneracy, contradiction, and unboundedness.\",\"docName\":\"A_brief_introduction_of_LP_liutao21_20220615\",\"editTime\":\"2025-11-10T15:53:58.811\",\"fileName\":\"A_brief_introduction_of_LP_liutao21_20220615.pptx\",\"folder\":\"C:\\\\Users\\\\XiaoXinPro 16 IAH\\\\Desktop\\\\LRIA_llm_eval\\\\eval\\\\Quantum_Bvt_20251110\\\\bvtfiles\",\"id\":1987790422356922368,\"isDeleted\":0,\"isTmpFile\":false,\"labelNameList\":[\"Technology\",\"Data Analysis\",\"Informational\"],\"lastModifyTime\":\"2025-09-17T09:46:00\",\"md5\":\"0dbb2532524843af54fb3388b7bf3381\",\"path\":\"C:\\\\Users\\\\XiaoXinPro 16 IAH\\\\Desktop\\\\LRIA_llm_eval\\\\eval\\\\Quantum_Bvt_20251110\\\\bvtfiles\\\\A_brief_introduction_of_LP_liutao21_20220615.pptx\",\"previewPath\":\"c:\\\\users\\\\xiaoxinpro 16 iah\\\\documents\\\\qtcore\\\\pdffile\\\\236ffb1926cb5ac1cef47fd4707ea1f7.pdf\",\"priority\":6,\"score\":0.0,\"status\":\"COMPLETED\",\"tokenNum\":1297,\"uriPath\":\"\"},{\"createTime\":\"2025-11-10T15:52:22.764\",\"description\":\"This document provides an overview of the historical, social, and linguistic development of Belfast and its English dialect. Founded in 1603, Belfast's population grew significantly in the 19th century due to the Great Famine and industrialisation, notably in linen production and ship-building. The linguistic landscape of Belfast English is shaped by influences from western Scotland and northern England, alongside local features. Sociolinguistic investigations by James and Lesley Milroy from the 1970s onward highlight the importance of social networks, where dense, multiplex connections among working-class groups reinforce distinct vernacular norms, while middle-class, loosely-knit networks are more receptive to standard forms. Studies focus on three specific areas—Ballymacarrett, Hammer, and Clonard—revealing phonological variations tied to network strength, class, and gender. Key features examined include palatalisation, dental realisation of /t/, raising of /a/, and the use of (ʌ). Milroy's work underscores the interplay between standard and vernacular norms and the role of social structure in language variation and change. Extensive references point to historical and sociolinguistic research on Belfast English.\",\"docName\":\"Belfast-English\",\"editTime\":\"2025-11-10T15:54:14.669\",\"fileName\":\"Belfast-English.docx\",\"folder\":\"C:\\\\Users\\\\XiaoXinPro 16 IAH\\\\Desktop\\\\LRIA_llm_eval\\\\eval\\\\Quantum_Bvt_20251110\\\\bvtfiles\",\"id\":1987790422595997696,\"isDeleted\":0,\"isTmpFile\":false,\"labelNameList\":[\"Data Analysis\",\"Research Paper\",\"History\"],\"lastModifyTime\":\"2025-09-17T09:45:00\",\"md5\":\"3193e699ffa92db332ae31a9fb1d3cb4\",\"path\":\"C:\\\\Users\\\\XiaoXinPro 16 IAH\\\\Desktop\\\\LRIA_llm_eval\\\\eval\\\\Quantum_Bvt_20251110\\\\bvtfiles\\\\Belfast-English.docx\",\"previewPath\":\"c:\\\\users\\\\xiaoxinpro 16 iah\\\\documents\\\\qtcore\\\\pdffile\\\\5cade3e91fc5bb369bf72f47d2614c67.pdf\",\"priority\":7,\"score\":0.0,\"status\":\"COMPLETED\",\"tokenNum\":2989,\"uriPath\":\"\"},{\"createTime\":\"2025-11-10T15:52:22.784\",\"description\":\"\",\"docName\":\"\",\"editTime\":\"2025-11-10T15:54:10.476\",\"fileName\":\"British-Food-Culture.doc\",\"folder\":\"C:\\\\Users\\\\XiaoXinPro 16 IAH\\\\Desktop\\\\LRIA_llm_eval\\\\eval\\\\Quantum_Bvt_20251110\\\\bvtfiles\",\"id\":1987790422679883776,\"isDeleted\":0,\"isTmpFile\":false,\"labelNameList\":[],\"lastModifyTime\":\"2025-09-17T09:45:00\",\"md5\":\"435798f1c3377c7f5b71e18d733ca579\",\"path\":\"C:\\\\Users\\\\XiaoXinPro 16 IAH\\\\Desktop\\\\LRIA_llm_eval\\\\eval\\\\Quantum_Bvt_20251110\\\\bvtfiles\\\\British-Food-Culture.doc\",\"priority\":8,\"score\":0.0,\"status\":\"RUNNING\",\"tokenNum\":0,\"uriPath\":\"\"},{\"createTime\":\"2025-11-10T15:52:22.803\",\"description\":\"\",\"docName\":\"\",\"editTime\":\"2025-11-10T15:52:22.803\",\"errorDescription\":\"\",\"fileName\":\"Netflix Becomes a Broadway Producer With Peter Morgan’s Patriots.txt\",\"folder\":\"C:\\\\Users\\\\XiaoXinPro 16 IAH\\\\Desktop\\\\LRIA_llm_eval\\\\eval\\\\Quantum_Bvt_20251110\\\\bvtfiles\",\"id\":1987790422759575552,\"isDeleted\":0,\"isTmpFile\":false,\"labelNameList\":[],\"lastModifyTime\":\"2025-09-17T09:46:00\",\"md5\":\"ab84c46eaa62a18048fb0241446da4ca\",\"path\":\"C:\\\\Users\\\\XiaoXinPro 16 IAH\\\\Desktop\\\\LRIA_llm_eval\\\\eval\\\\Quantum_Bvt_20251110\\\\bvtfiles\\\\Netflix Becomes a Broadway Producer With Peter Morgan’s Patriots.txt\",\"priority\":9,\"score\":0.0,\"status\":\"ADDED\",\"tokenNum\":0,\"uriPath\":\"\"}]"}}
2025-11-10 15:54:21,123 - INFO - 文档数量: 9
2025-11-10 15:54:21,123 - INFO - 第1个文档状态: COMPLETED
2025-11-10 15:54:21,124 - INFO - 第2个文档状态: COMPLETED
2025-11-10 15:54:21,124 - INFO - 第3个文档状态: COMPLETED
2025-11-10 15:54:21,124 - INFO - 第4个文档状态: COMPLETED
2025-11-10 15:54:21,124 - INFO - 第5个文档状态: COMPLETED
2025-11-10 15:54:21,124 - INFO - 第6个文档状态: COMPLETED
2025-11-10 15:54:21,125 - INFO - 第7个文档状态: COMPLETED
2025-11-10 15:54:21,125 - INFO - 第8个文档状态: RUNNING
2025-11-10 15:54:21,125 - INFO - 第9个文档状态: ADDED
2025-11-10 15:54:21,125 - INFO - 仍有文档在处理中，第56次尝试...
2025-11-10 15:54:23,126 - DEBUG - Starting new HTTP connection (1): 127.0.0.1:35253
2025-11-10 15:54:23,129 - DEBUG - http://127.0.0.1:35253 "POST /upload HTTP/11" 200 19
2025-11-10 15:54:23,130 - INFO - 成功获取文档列表，upload_id: 3080331163422049401
2025-11-10 15:54:23,130 - INFO - 开始时间: 2025-11-10 15:54:23.130
2025-11-10 15:54:23,131 - DEBUG - Starting new HTTP connection (1): 127.0.0.1:35253
2025-11-10 15:54:23,163 - DEBUG - http://127.0.0.1:35253 "GET /query?fileData=3080331163422049401 HTTP/11" 200 None
2025-11-10 15:54:23,267 - INFO - 响应时间: 0.14秒
2025-11-10 15:54:23,268 - INFO - 第57次尝试，获取到的result_text: {"jobId":59,"status":"complete","data":{"text":"[{\"createTime\":\"2025-11-10T15:52:22.597\",\"description\":\"This paper investigates the computational hardness of learning Boolean functions from label proportions (LLP), an increasingly relevant machine learning paradigm where only aggregate label information over subsets (bags) of instances is available, generalizing traditional PAC learning. The authors prove several hardness results for LLP: (1) It is NP-hard to find a constant-clause CNF (including ORs) that satisfies any constant-fraction of bags of size at most 2, even when all bags are consistent with an OR function; this contrasts with prior approximation algorithms for halfspaces. (2) It is NP-hard to satisfy more than a (1/2 + δ)-fraction of such bags using constant-size DNF formulas. (3) For parity functions, it is NP-hard to satisfy more than (q / 2^{q-1} + δ)-fraction of the bags of size up to q using a parity function, with the best achievable approximation factor via a randomized algorithm being 1/2^{q-2}. These results show qualitative differences between LLP and PAC learning—the problems are tractable in PAC but intractable in LLP for these classes. The paper uses reductions from known Label Cover problems and applies probabilistic and algebraic techniques to establish tight inapproximability bounds. LLP is motivated by privacy, reduced labeling costs, and applications like medical image analysis. The work highlights fundamental barriers in learning Boolean functions when only label proportions are given, and provides benchmarks for algorithmic progress in LLP.\",\"docName\":\"2403.19401\",\"editTime\":\"2025-11-10T15:53:22.834\",\"fileName\":\"2403.19401.pdf\",\"folder\":\"C:\\\\Users\\\\XiaoXinPro 16 IAH\\\\Desktop\\\\LRIA_llm_eval\\\\eval\\\\Quantum_Bvt_20251110\\\\bvtfiles\",\"id\":1987790421895548928,\"isDeleted\":0,\"isTmpFile\":false,\"labelNameList\":[\"Technology\",\"Data Analysis\",\"Research Paper\"],\"lastModifyTime\":\"2025-09-17T09:45:00\",\"md5\":\"4ff6ba88616fcf7a71d1dca6c9adc14c\",\"path\":\"C:\\\\Users\\\\XiaoXinPro 16 IAH\\\\Desktop\\\\LRIA_llm_eval\\\\eval\\\\Quantum_Bvt_20251110\\\\bvtfiles\\\\2403.19401.pdf\",\"previewPath\":\"c:\\\\users\\\\xiaoxinpro 16 iah\\\\documents\\\\qtcore\\\\pdffile\\\\5a8b97086ee1c90294e728121903432b.pdf\",\"priority\":1,\"score\":0.0,\"status\":\"COMPLETED\",\"tokenNum\":14092,\"uriPath\":\"\"},{\"createTime\":\"2025-11-10T15:52:22.630\",\"description\":\"A One Day International (ODI) is a limited overs cricket match played between two international teams, typically with each side facing 50 overs. The format is used for high-profile tournaments like the Cricket World Cup and represents the highest standard of List A cricket. ODIs originated in 1971 when a Test match between Australia and England was abandoned due to rain, leading to a one-off game of 40 eight-ball overs, with Australia winning by 5 wickets. Initially, ODIs were played in white kits with a red ball. Significant changes occurred in the late 1970s, driven by Kerry Packer's World Series Cricket, which introduced coloured uniforms, nighttime matches under floodlights, white balls, and enhanced television coverage with multiple cameras and on-screen graphics. The first match with coloured uniforms was held in 1979. These innovations transformed the game, with players becoming full-time professionals, and coloured kits with white balls eventually becoming the ODI standard after 2001.\",\"docName\":\"3nql1cs15r8aviz39pth2bpsr4zvy1\",\"editTime\":\"2025-11-10T15:53:22.834\",\"fileName\":\"3nql1cs15r8aviz39pth2bpsr4zvy1.txt\",\"folder\":\"C:\\\\Users\\\\XiaoXinPro 16 IAH\\\\Desktop\\\\LRIA_llm_eval\\\\eval\\\\Quantum_Bvt_20251110\\\\bvtfiles\",\"id\":1987790422033960960,\"isDeleted\":0,\"isTmpFile\":false,\"labelNameList\":[\"Sport\",\"Informational\",\"History\"],\"lastModifyTime\":\"2025-09-17T09:45:00\",\"md5\":\"da0c0f7162b267cca0de596df4c40c56\",\"path\":\"C:\\\\Users\\\\XiaoXinPro 16 IAH\\\\Desktop\\\\LRIA_llm_eval\\\\eval\\\\Quantum_Bvt_20251110\\\\bvtfiles\\\\3nql1cs15r8aviz39pth2bpsr4zvy1.txt\",\"previewPath\":\"c:\\\\users\\\\xiaoxinpro 16 iah\\\\documents\\\\qtcore\\\\pdffile\\\\ba50ed51f6b7714754652a80ab62df56.pdf\",\"priority\":2,\"score\":0.0,\"status\":\"COMPLETED\",\"tokenNum\":402,\"uriPath\":\"\"},{\"createTime\":\"2025-11-10T15:52:22.650\",\"description\":\"The document discusses psychological identity, emphasizing self-image, self-esteem, and individuality. Weinreich defines identity as the totality of one’s self-construal, connecting past, present, and future self-perceptions, and extending this to aspects like ethnic identity. The complexity of describing identity for individuals and groups is highlighted, taking into account both unique characteristics and group memberships, which can vary with circumstance. Drawing on theorists like Kelly, Erikson, and Tajfel, Weinreich’s Identity Structure Analysis (ISA) is introduced as a structural approach to represent individual existential experience. ISA focuses on how relationships between self and others are organized within socio-cultural contexts and over time. It uses constructs from individual, group, and cultural discourses to map the individual's appraisal of self, others, and institutions. The methodology operationalizes these concepts so that identity can be assessed through the situated self’s interactions across different contexts.\",\"docName\":\"3u84xhcdicdb6vqtlfud7syhj444z2\",\"editTime\":\"2025-11-10T15:53:26.485\",\"fileName\":\"3u84xhcdicdb6vqtlfud7syhj444z2.txt\",\"folder\":\"C:\\\\Users\\\\XiaoXinPro 16 IAH\\\\Desktop\\\\LRIA_llm_eval\\\\eval\\\\Quantum_Bvt_20251110\\\\bvtfiles\",\"id\":1987790422117847040,\"isDeleted\":0,\"isTmpFile\":false,\"labelNameList\":[\"Research Paper\",\"Informational\",\"Science\"],\"lastModifyTime\":\"2025-09-17T09:45:00\",\"md5\":\"a80f0ad4af9fd250a462680c85e6fbf0\",\"path\":\"C:\\\\Users\\\\XiaoXinPro 16 IAH\\\\Desktop\\\\LRIA_llm_eval\\\\eval\\\\Quantum_Bvt_20251110\\\\bvtfiles\\\\3u84xhcdicdb6vqtlfud7syhj444z2.txt\",\"previewPath\":\"c:\\\\users\\\\xiaoxinpro 16 iah\\\\documents\\\\qtcore\\\\pdffile\\\\044561594142e2ef357c9fbbdfaf4af5.pdf\",\"priority\":3,\"score\":0.0,\"status\":\"COMPLETED\",\"tokenNum\":414,\"uriPath\":\"\"},{\"createTime\":\"2025-11-10T15:52:22.668\",\"description\":\"In Chapter XVIII, Archie is ordered to assist the Earl and a sizeable group of men-at-arms in searching for Bruce, whose location was revealed by a traitor. Archie, though reluctant, prepares the hound, Hector, for the hunt and considers drastic measures to protect Bruce if they get too close. The party, led by the traitorous peasant, travels five miles into the hills to a hut where Bruce had recently stayed. Upon arrival, Hector becomes energetic and excited, eagerly sniffing around before picking up Bruce's trail. The hound’s pursuit is intense, forcing Archie to struggle to keep pace while the Earl and his knights follow at a slight distance with their men-at-arms. Archie warns the Earl that the noise from the horses and the knights’ equipment agitates the hound further, making him harder to control. The tense search unfolds with Archie contemplating escape should the situation demand it, given the formidable presence of mounted pursuers.\",\"docName\":\"3z3zlgnnsiuha76yy56h6uu71bh3q1\",\"editTime\":\"2025-11-10T15:53:29.649\",\"fileName\":\"3z3zlgnnsiuha76yy56h6uu71bh3q1.txt\",\"folder\":\"C:\\\\Users\\\\XiaoXinPro 16 IAH\\\\Desktop\\\\LRIA_llm_eval\\\\eval\\\\Quantum_Bvt_20251110\\\\bvtfiles\",\"id\":1987790422193344512,\"isDeleted\":0,\"isTmpFile\":false,\"labelNameList\":[\"Informational\",\"History\",\"Report\"],\"lastModifyTime\":\"2025-09-17T09:45:00\",\"md5\":\"bb28043dd606535bdcaf1ee30346b0f9\",\"path\":\"C:\\\\Users\\\\XiaoXinPro 16 IAH\\\\Desktop\\\\LRIA_llm_eval\\\\eval\\\\Quantum_Bvt_20251110\\\\bvtfiles\\\\3z3zlgnnsiuha76yy56h6uu71bh3q1.txt\",\"previewPath\":\"c:\\\\users\\\\xiaoxinpro 16 iah\\\\documents\\\\qtcore\\\\pdffile\\\\c5016b94612aaf89641b2e6895248f70.pdf\",\"priority\":4,\"score\":0.0,\"status\":\"COMPLETED\",\"tokenNum\":326,\"uriPath\":\"\"},{\"createTime\":\"2025-11-10T15:52:22.688\",\"description\":\"This document outlines the design of an AI Face Algorithm Evaluation Method, focusing on test set collection and variable matrices. It specifies head movement variables—pitch (up/down), yaw (left/right), and roll (clockwise/counterclockwise)—each with specified movement angles and data rates, as well as facial movements including mouth, eyes, and eyebrows, and associated conditions. Light exposure is detailed into weak, medium, strong, and uneven categories to account for optical flow variability. Horizontal head movement is included, with both left and right motion measured. Data is gathered using a laptop camera and Ruifeng's collection tool, using input video as both the driving video and ground truth; specific images are used as source images. Evaluation involves comparing driving and output videos. The protocol requires 70 videos (minimum 5 seconds each), with 10 videos per variable and targeting multiple participants, with at least 7 represented overall. The data rate defines each video’s contribution per variable. Emphasis is placed on collecting a diverse and representative dataset for robust algorithm assessment.\",\"docName\":\"AI_Face_Test_Set_Collection_Method_Design\",\"editTime\":\"2025-11-10T15:53:44.023\",\"fileName\":\"AI_Face_Test_Set_Collection_Method_Design.pptx\",\"folder\":\"C:\\\\Users\\\\XiaoXinPro 16 IAH\\\\Desktop\\\\LRIA_llm_eval\\\\eval\\\\Quantum_Bvt_20251110\\\\bvtfiles\",\"id\":1987790422277230592,\"isDeleted\":0,\"isTmpFile\":false,\"labelNameList\":[\"Technology\",\"Data Analysis\",\"Specifications\"],\"lastModifyTime\":\"2025-09-17T09:46:00\",\"md5\":\"b0f396e7936e0f6192cd880927e8e74b\",\"path\":\"C:\\\\Users\\\\XiaoXinPro 16 IAH\\\\Desktop\\\\LRIA_llm_eval\\\\eval\\\\Quantum_Bvt_20251110\\\\bvtfiles\\\\AI_Face_Test_Set_Collection_Method_Design.pptx\",\"previewPath\":\"c:\\\\users\\\\xiaoxinpro 16 iah\\\\documents\\\\qtcore\\\\pdffile\\\\c85631aabec673dabeda2b80233b5341.pdf\",\"priority\":5,\"score\":0.0,\"status\":\"COMPLETED\",\"tokenNum\":432,\"uriPath\":\"\"},{\"createTime\":\"2025-11-10T15:52:22.707\",\"description\":\"This document introduces Linear Programming (LP), outlining its definition, history, methods of solution, and approaches for testing LP solvers. LP involves optimizing a linear objective function based on decision variables subject to linear constraints, creating a convex polyhedral feasible domain where the optimal value is found at domain vertices. Mixed-Integer Programs (MIP) are also defined, and methods like branch-and-bound are discussed. Historically, LP originated with G.B. Dantzig in 1947, with subsequent developments by Kantorovich, Koopmans (who won the Nobel Prize for resource allocation theory), Khachian (Ellipsoid Method), and Karmarkar (Interior-Point Method). Solutions to LP problems use enumeration, Simplex, and Interior-Point methods, with the latter providing polynomial-time solutions for large-scale problems. LP solver testing utilizes both benchmark and self-built test sets, evaluating problems with different constraint and variable structures, including unique feasible, infinite, infeasible, and unbounded cases. Example benchmark instances include AGG, BANDM, BOEING1, and others recorded with details such as rows, columns, nonzeros, bytes, and optimal values. Testing criteria encompass various coefficient scales, constraints, bounds, degeneracy, contradiction, and unboundedness.\",\"docName\":\"A_brief_introduction_of_LP_liutao21_20220615\",\"editTime\":\"2025-11-10T15:53:58.811\",\"fileName\":\"A_brief_introduction_of_LP_liutao21_20220615.pptx\",\"folder\":\"C:\\\\Users\\\\XiaoXinPro 16 IAH\\\\Desktop\\\\LRIA_llm_eval\\\\eval\\\\Quantum_Bvt_20251110\\\\bvtfiles\",\"id\":1987790422356922368,\"isDeleted\":0,\"isTmpFile\":false,\"labelNameList\":[\"Technology\",\"Data Analysis\",\"Informational\"],\"lastModifyTime\":\"2025-09-17T09:46:00\",\"md5\":\"0dbb2532524843af54fb3388b7bf3381\",\"path\":\"C:\\\\Users\\\\XiaoXinPro 16 IAH\\\\Desktop\\\\LRIA_llm_eval\\\\eval\\\\Quantum_Bvt_20251110\\\\bvtfiles\\\\A_brief_introduction_of_LP_liutao21_20220615.pptx\",\"previewPath\":\"c:\\\\users\\\\xiaoxinpro 16 iah\\\\documents\\\\qtcore\\\\pdffile\\\\236ffb1926cb5ac1cef47fd4707ea1f7.pdf\",\"priority\":6,\"score\":0.0,\"status\":\"COMPLETED\",\"tokenNum\":1297,\"uriPath\":\"\"},{\"createTime\":\"2025-11-10T15:52:22.764\",\"description\":\"This document provides an overview of the historical, social, and linguistic development of Belfast and its English dialect. Founded in 1603, Belfast's population grew significantly in the 19th century due to the Great Famine and industrialisation, notably in linen production and ship-building. The linguistic landscape of Belfast English is shaped by influences from western Scotland and northern England, alongside local features. Sociolinguistic investigations by James and Lesley Milroy from the 1970s onward highlight the importance of social networks, where dense, multiplex connections among working-class groups reinforce distinct vernacular norms, while middle-class, loosely-knit networks are more receptive to standard forms. Studies focus on three specific areas—Ballymacarrett, Hammer, and Clonard—revealing phonological variations tied to network strength, class, and gender. Key features examined include palatalisation, dental realisation of /t/, raising of /a/, and the use of (ʌ). Milroy's work underscores the interplay between standard and vernacular norms and the role of social structure in language variation and change. Extensive references point to historical and sociolinguistic research on Belfast English.\",\"docName\":\"Belfast-English\",\"editTime\":\"2025-11-10T15:54:14.669\",\"fileName\":\"Belfast-English.docx\",\"folder\":\"C:\\\\Users\\\\XiaoXinPro 16 IAH\\\\Desktop\\\\LRIA_llm_eval\\\\eval\\\\Quantum_Bvt_20251110\\\\bvtfiles\",\"id\":1987790422595997696,\"isDeleted\":0,\"isTmpFile\":false,\"labelNameList\":[\"Data Analysis\",\"Research Paper\",\"History\"],\"lastModifyTime\":\"2025-09-17T09:45:00\",\"md5\":\"3193e699ffa92db332ae31a9fb1d3cb4\",\"path\":\"C:\\\\Users\\\\XiaoXinPro 16 IAH\\\\Desktop\\\\LRIA_llm_eval\\\\eval\\\\Quantum_Bvt_20251110\\\\bvtfiles\\\\Belfast-English.docx\",\"previewPath\":\"c:\\\\users\\\\xiaoxinpro 16 iah\\\\documents\\\\qtcore\\\\pdffile\\\\5cade3e91fc5bb369bf72f47d2614c67.pdf\",\"priority\":7,\"score\":0.0,\"status\":\"COMPLETED\",\"tokenNum\":2989,\"uriPath\":\"\"},{\"createTime\":\"2025-11-10T15:52:22.784\",\"description\":\"\",\"docName\":\"\",\"editTime\":\"2025-11-10T15:54:10.476\",\"fileName\":\"British-Food-Culture.doc\",\"folder\":\"C:\\\\Users\\\\XiaoXinPro 16 IAH\\\\Desktop\\\\LRIA_llm_eval\\\\eval\\\\Quantum_Bvt_20251110\\\\bvtfiles\",\"id\":1987790422679883776,\"isDeleted\":0,\"isTmpFile\":false,\"labelNameList\":[],\"lastModifyTime\":\"2025-09-17T09:45:00\",\"md5\":\"435798f1c3377c7f5b71e18d733ca579\",\"path\":\"C:\\\\Users\\\\XiaoXinPro 16 IAH\\\\Desktop\\\\LRIA_llm_eval\\\\eval\\\\Quantum_Bvt_20251110\\\\bvtfiles\\\\British-Food-Culture.doc\",\"priority\":8,\"score\":0.0,\"status\":\"RUNNING\",\"tokenNum\":0,\"uriPath\":\"\"},{\"createTime\":\"2025-11-10T15:52:22.803\",\"description\":\"\",\"docName\":\"\",\"editTime\":\"2025-11-10T15:52:22.803\",\"errorDescription\":\"\",\"fileName\":\"Netflix Becomes a Broadway Producer With Peter Morgan’s Patriots.txt\",\"folder\":\"C:\\\\Users\\\\XiaoXinPro 16 IAH\\\\Desktop\\\\LRIA_llm_eval\\\\eval\\\\Quantum_Bvt_20251110\\\\bvtfiles\",\"id\":1987790422759575552,\"isDeleted\":0,\"isTmpFile\":false,\"labelNameList\":[],\"lastModifyTime\":\"2025-09-17T09:46:00\",\"md5\":\"ab84c46eaa62a18048fb0241446da4ca\",\"path\":\"C:\\\\Users\\\\XiaoXinPro 16 IAH\\\\Desktop\\\\LRIA_llm_eval\\\\eval\\\\Quantum_Bvt_20251110\\\\bvtfiles\\\\Netflix Becomes a Broadway Producer With Peter Morgan’s Patriots.txt\",\"priority\":9,\"score\":0.0,\"status\":\"ADDED\",\"tokenNum\":0,\"uriPath\":\"\"}]"}}
2025-11-10 15:54:23,269 - INFO - 文档数量: 9
2025-11-10 15:54:23,269 - INFO - 第1个文档状态: COMPLETED
2025-11-10 15:54:23,269 - INFO - 第2个文档状态: COMPLETED
2025-11-10 15:54:23,269 - INFO - 第3个文档状态: COMPLETED
2025-11-10 15:54:23,269 - INFO - 第4个文档状态: COMPLETED
2025-11-10 15:54:23,270 - INFO - 第5个文档状态: COMPLETED
2025-11-10 15:54:23,270 - INFO - 第6个文档状态: COMPLETED
2025-11-10 15:54:23,270 - INFO - 第7个文档状态: COMPLETED
2025-11-10 15:54:23,270 - INFO - 第8个文档状态: RUNNING
2025-11-10 15:54:23,270 - INFO - 第9个文档状态: ADDED
2025-11-10 15:54:23,270 - INFO - 仍有文档在处理中，第57次尝试...
2025-11-10 15:54:25,272 - DEBUG - Starting new HTTP connection (1): 127.0.0.1:35253
2025-11-10 15:54:25,274 - DEBUG - http://127.0.0.1:35253 "POST /upload HTTP/11" 200 19
2025-11-10 15:54:25,275 - INFO - 成功获取文档列表，upload_id: 8765926076603370478
2025-11-10 15:54:25,275 - INFO - 开始时间: 2025-11-10 15:54:25.275
2025-11-10 15:54:25,276 - DEBUG - Starting new HTTP connection (1): 127.0.0.1:35253
2025-11-10 15:54:25,281 - DEBUG - http://127.0.0.1:35253 "GET /query?fileData=8765926076603370478 HTTP/11" 200 None
2025-11-10 15:54:25,415 - INFO - 响应时间: 0.14秒
2025-11-10 15:54:25,415 - INFO - 第58次尝试，获取到的result_text: {"jobId":60,"status":"complete","data":{"text":"[{\"createTime\":\"2025-11-10T15:52:22.597\",\"description\":\"This paper investigates the computational hardness of learning Boolean functions from label proportions (LLP), an increasingly relevant machine learning paradigm where only aggregate label information over subsets (bags) of instances is available, generalizing traditional PAC learning. The authors prove several hardness results for LLP: (1) It is NP-hard to find a constant-clause CNF (including ORs) that satisfies any constant-fraction of bags of size at most 2, even when all bags are consistent with an OR function; this contrasts with prior approximation algorithms for halfspaces. (2) It is NP-hard to satisfy more than a (1/2 + δ)-fraction of such bags using constant-size DNF formulas. (3) For parity functions, it is NP-hard to satisfy more than (q / 2^{q-1} + δ)-fraction of the bags of size up to q using a parity function, with the best achievable approximation factor via a randomized algorithm being 1/2^{q-2}. These results show qualitative differences between LLP and PAC learning—the problems are tractable in PAC but intractable in LLP for these classes. The paper uses reductions from known Label Cover problems and applies probabilistic and algebraic techniques to establish tight inapproximability bounds. LLP is motivated by privacy, reduced labeling costs, and applications like medical image analysis. The work highlights fundamental barriers in learning Boolean functions when only label proportions are given, and provides benchmarks for algorithmic progress in LLP.\",\"docName\":\"2403.19401\",\"editTime\":\"2025-11-10T15:53:22.834\",\"fileName\":\"2403.19401.pdf\",\"folder\":\"C:\\\\Users\\\\XiaoXinPro 16 IAH\\\\Desktop\\\\LRIA_llm_eval\\\\eval\\\\Quantum_Bvt_20251110\\\\bvtfiles\",\"id\":1987790421895548928,\"isDeleted\":0,\"isTmpFile\":false,\"labelNameList\":[\"Technology\",\"Data Analysis\",\"Research Paper\"],\"lastModifyTime\":\"2025-09-17T09:45:00\",\"md5\":\"4ff6ba88616fcf7a71d1dca6c9adc14c\",\"path\":\"C:\\\\Users\\\\XiaoXinPro 16 IAH\\\\Desktop\\\\LRIA_llm_eval\\\\eval\\\\Quantum_Bvt_20251110\\\\bvtfiles\\\\2403.19401.pdf\",\"previewPath\":\"c:\\\\users\\\\xiaoxinpro 16 iah\\\\documents\\\\qtcore\\\\pdffile\\\\5a8b97086ee1c90294e728121903432b.pdf\",\"priority\":1,\"score\":0.0,\"status\":\"COMPLETED\",\"tokenNum\":14092,\"uriPath\":\"\"},{\"createTime\":\"2025-11-10T15:52:22.630\",\"description\":\"A One Day International (ODI) is a limited overs cricket match played between two international teams, typically with each side facing 50 overs. The format is used for high-profile tournaments like the Cricket World Cup and represents the highest standard of List A cricket. ODIs originated in 1971 when a Test match between Australia and England was abandoned due to rain, leading to a one-off game of 40 eight-ball overs, with Australia winning by 5 wickets. Initially, ODIs were played in white kits with a red ball. Significant changes occurred in the late 1970s, driven by Kerry Packer's World Series Cricket, which introduced coloured uniforms, nighttime matches under floodlights, white balls, and enhanced television coverage with multiple cameras and on-screen graphics. The first match with coloured uniforms was held in 1979. These innovations transformed the game, with players becoming full-time professionals, and coloured kits with white balls eventually becoming the ODI standard after 2001.\",\"docName\":\"3nql1cs15r8aviz39pth2bpsr4zvy1\",\"editTime\":\"2025-11-10T15:53:22.834\",\"fileName\":\"3nql1cs15r8aviz39pth2bpsr4zvy1.txt\",\"folder\":\"C:\\\\Users\\\\XiaoXinPro 16 IAH\\\\Desktop\\\\LRIA_llm_eval\\\\eval\\\\Quantum_Bvt_20251110\\\\bvtfiles\",\"id\":1987790422033960960,\"isDeleted\":0,\"isTmpFile\":false,\"labelNameList\":[\"Sport\",\"Informational\",\"History\"],\"lastModifyTime\":\"2025-09-17T09:45:00\",\"md5\":\"da0c0f7162b267cca0de596df4c40c56\",\"path\":\"C:\\\\Users\\\\XiaoXinPro 16 IAH\\\\Desktop\\\\LRIA_llm_eval\\\\eval\\\\Quantum_Bvt_20251110\\\\bvtfiles\\\\3nql1cs15r8aviz39pth2bpsr4zvy1.txt\",\"previewPath\":\"c:\\\\users\\\\xiaoxinpro 16 iah\\\\documents\\\\qtcore\\\\pdffile\\\\ba50ed51f6b7714754652a80ab62df56.pdf\",\"priority\":2,\"score\":0.0,\"status\":\"COMPLETED\",\"tokenNum\":402,\"uriPath\":\"\"},{\"createTime\":\"2025-11-10T15:52:22.650\",\"description\":\"The document discusses psychological identity, emphasizing self-image, self-esteem, and individuality. Weinreich defines identity as the totality of one’s self-construal, connecting past, present, and future self-perceptions, and extending this to aspects like ethnic identity. The complexity of describing identity for individuals and groups is highlighted, taking into account both unique characteristics and group memberships, which can vary with circumstance. Drawing on theorists like Kelly, Erikson, and Tajfel, Weinreich’s Identity Structure Analysis (ISA) is introduced as a structural approach to represent individual existential experience. ISA focuses on how relationships between self and others are organized within socio-cultural contexts and over time. It uses constructs from individual, group, and cultural discourses to map the individual's appraisal of self, others, and institutions. The methodology operationalizes these concepts so that identity can be assessed through the situated self’s interactions across different contexts.\",\"docName\":\"3u84xhcdicdb6vqtlfud7syhj444z2\",\"editTime\":\"2025-11-10T15:53:26.485\",\"fileName\":\"3u84xhcdicdb6vqtlfud7syhj444z2.txt\",\"folder\":\"C:\\\\Users\\\\XiaoXinPro 16 IAH\\\\Desktop\\\\LRIA_llm_eval\\\\eval\\\\Quantum_Bvt_20251110\\\\bvtfiles\",\"id\":1987790422117847040,\"isDeleted\":0,\"isTmpFile\":false,\"labelNameList\":[\"Research Paper\",\"Informational\",\"Science\"],\"lastModifyTime\":\"2025-09-17T09:45:00\",\"md5\":\"a80f0ad4af9fd250a462680c85e6fbf0\",\"path\":\"C:\\\\Users\\\\XiaoXinPro 16 IAH\\\\Desktop\\\\LRIA_llm_eval\\\\eval\\\\Quantum_Bvt_20251110\\\\bvtfiles\\\\3u84xhcdicdb6vqtlfud7syhj444z2.txt\",\"previewPath\":\"c:\\\\users\\\\xiaoxinpro 16 iah\\\\documents\\\\qtcore\\\\pdffile\\\\044561594142e2ef357c9fbbdfaf4af5.pdf\",\"priority\":3,\"score\":0.0,\"status\":\"COMPLETED\",\"tokenNum\":414,\"uriPath\":\"\"},{\"createTime\":\"2025-11-10T15:52:22.668\",\"description\":\"In Chapter XVIII, Archie is ordered to assist the Earl and a sizeable group of men-at-arms in searching for Bruce, whose location was revealed by a traitor. Archie, though reluctant, prepares the hound, Hector, for the hunt and considers drastic measures to protect Bruce if they get too close. The party, led by the traitorous peasant, travels five miles into the hills to a hut where Bruce had recently stayed. Upon arrival, Hector becomes energetic and excited, eagerly sniffing around before picking up Bruce's trail. The hound’s pursuit is intense, forcing Archie to struggle to keep pace while the Earl and his knights follow at a slight distance with their men-at-arms. Archie warns the Earl that the noise from the horses and the knights’ equipment agitates the hound further, making him harder to control. The tense search unfolds with Archie contemplating escape should the situation demand it, given the formidable presence of mounted pursuers.\",\"docName\":\"3z3zlgnnsiuha76yy56h6uu71bh3q1\",\"editTime\":\"2025-11-10T15:53:29.649\",\"fileName\":\"3z3zlgnnsiuha76yy56h6uu71bh3q1.txt\",\"folder\":\"C:\\\\Users\\\\XiaoXinPro 16 IAH\\\\Desktop\\\\LRIA_llm_eval\\\\eval\\\\Quantum_Bvt_20251110\\\\bvtfiles\",\"id\":1987790422193344512,\"isDeleted\":0,\"isTmpFile\":false,\"labelNameList\":[\"Informational\",\"History\",\"Report\"],\"lastModifyTime\":\"2025-09-17T09:45:00\",\"md5\":\"bb28043dd606535bdcaf1ee30346b0f9\",\"path\":\"C:\\\\Users\\\\XiaoXinPro 16 IAH\\\\Desktop\\\\LRIA_llm_eval\\\\eval\\\\Quantum_Bvt_20251110\\\\bvtfiles\\\\3z3zlgnnsiuha76yy56h6uu71bh3q1.txt\",\"previewPath\":\"c:\\\\users\\\\xiaoxinpro 16 iah\\\\documents\\\\qtcore\\\\pdffile\\\\c5016b94612aaf89641b2e6895248f70.pdf\",\"priority\":4,\"score\":0.0,\"status\":\"COMPLETED\",\"tokenNum\":326,\"uriPath\":\"\"},{\"createTime\":\"2025-11-10T15:52:22.688\",\"description\":\"This document outlines the design of an AI Face Algorithm Evaluation Method, focusing on test set collection and variable matrices. It specifies head movement variables—pitch (up/down), yaw (left/right), and roll (clockwise/counterclockwise)—each with specified movement angles and data rates, as well as facial movements including mouth, eyes, and eyebrows, and associated conditions. Light exposure is detailed into weak, medium, strong, and uneven categories to account for optical flow variability. Horizontal head movement is included, with both left and right motion measured. Data is gathered using a laptop camera and Ruifeng's collection tool, using input video as both the driving video and ground truth; specific images are used as source images. Evaluation involves comparing driving and output videos. The protocol requires 70 videos (minimum 5 seconds each), with 10 videos per variable and targeting multiple participants, with at least 7 represented overall. The data rate defines each video’s contribution per variable. Emphasis is placed on collecting a diverse and representative dataset for robust algorithm assessment.\",\"docName\":\"AI_Face_Test_Set_Collection_Method_Design\",\"editTime\":\"2025-11-10T15:53:44.023\",\"fileName\":\"AI_Face_Test_Set_Collection_Method_Design.pptx\",\"folder\":\"C:\\\\Users\\\\XiaoXinPro 16 IAH\\\\Desktop\\\\LRIA_llm_eval\\\\eval\\\\Quantum_Bvt_20251110\\\\bvtfiles\",\"id\":1987790422277230592,\"isDeleted\":0,\"isTmpFile\":false,\"labelNameList\":[\"Technology\",\"Data Analysis\",\"Specifications\"],\"lastModifyTime\":\"2025-09-17T09:46:00\",\"md5\":\"b0f396e7936e0f6192cd880927e8e74b\",\"path\":\"C:\\\\Users\\\\XiaoXinPro 16 IAH\\\\Desktop\\\\LRIA_llm_eval\\\\eval\\\\Quantum_Bvt_20251110\\\\bvtfiles\\\\AI_Face_Test_Set_Collection_Method_Design.pptx\",\"previewPath\":\"c:\\\\users\\\\xiaoxinpro 16 iah\\\\documents\\\\qtcore\\\\pdffile\\\\c85631aabec673dabeda2b80233b5341.pdf\",\"priority\":5,\"score\":0.0,\"status\":\"COMPLETED\",\"tokenNum\":432,\"uriPath\":\"\"},{\"createTime\":\"2025-11-10T15:52:22.707\",\"description\":\"This document introduces Linear Programming (LP), outlining its definition, history, methods of solution, and approaches for testing LP solvers. LP involves optimizing a linear objective function based on decision variables subject to linear constraints, creating a convex polyhedral feasible domain where the optimal value is found at domain vertices. Mixed-Integer Programs (MIP) are also defined, and methods like branch-and-bound are discussed. Historically, LP originated with G.B. Dantzig in 1947, with subsequent developments by Kantorovich, Koopmans (who won the Nobel Prize for resource allocation theory), Khachian (Ellipsoid Method), and Karmarkar (Interior-Point Method). Solutions to LP problems use enumeration, Simplex, and Interior-Point methods, with the latter providing polynomial-time solutions for large-scale problems. LP solver testing utilizes both benchmark and self-built test sets, evaluating problems with different constraint and variable structures, including unique feasible, infinite, infeasible, and unbounded cases. Example benchmark instances include AGG, BANDM, BOEING1, and others recorded with details such as rows, columns, nonzeros, bytes, and optimal values. Testing criteria encompass various coefficient scales, constraints, bounds, degeneracy, contradiction, and unboundedness.\",\"docName\":\"A_brief_introduction_of_LP_liutao21_20220615\",\"editTime\":\"2025-11-10T15:53:58.811\",\"fileName\":\"A_brief_introduction_of_LP_liutao21_20220615.pptx\",\"folder\":\"C:\\\\Users\\\\XiaoXinPro 16 IAH\\\\Desktop\\\\LRIA_llm_eval\\\\eval\\\\Quantum_Bvt_20251110\\\\bvtfiles\",\"id\":1987790422356922368,\"isDeleted\":0,\"isTmpFile\":false,\"labelNameList\":[\"Technology\",\"Data Analysis\",\"Informational\"],\"lastModifyTime\":\"2025-09-17T09:46:00\",\"md5\":\"0dbb2532524843af54fb3388b7bf3381\",\"path\":\"C:\\\\Users\\\\XiaoXinPro 16 IAH\\\\Desktop\\\\LRIA_llm_eval\\\\eval\\\\Quantum_Bvt_20251110\\\\bvtfiles\\\\A_brief_introduction_of_LP_liutao21_20220615.pptx\",\"previewPath\":\"c:\\\\users\\\\xiaoxinpro 16 iah\\\\documents\\\\qtcore\\\\pdffile\\\\236ffb1926cb5ac1cef47fd4707ea1f7.pdf\",\"priority\":6,\"score\":0.0,\"status\":\"COMPLETED\",\"tokenNum\":1297,\"uriPath\":\"\"},{\"createTime\":\"2025-11-10T15:52:22.764\",\"description\":\"This document provides an overview of the historical, social, and linguistic development of Belfast and its English dialect. Founded in 1603, Belfast's population grew significantly in the 19th century due to the Great Famine and industrialisation, notably in linen production and ship-building. The linguistic landscape of Belfast English is shaped by influences from western Scotland and northern England, alongside local features. Sociolinguistic investigations by James and Lesley Milroy from the 1970s onward highlight the importance of social networks, where dense, multiplex connections among working-class groups reinforce distinct vernacular norms, while middle-class, loosely-knit networks are more receptive to standard forms. Studies focus on three specific areas—Ballymacarrett, Hammer, and Clonard—revealing phonological variations tied to network strength, class, and gender. Key features examined include palatalisation, dental realisation of /t/, raising of /a/, and the use of (ʌ). Milroy's work underscores the interplay between standard and vernacular norms and the role of social structure in language variation and change. Extensive references point to historical and sociolinguistic research on Belfast English.\",\"docName\":\"Belfast-English\",\"editTime\":\"2025-11-10T15:54:14.669\",\"fileName\":\"Belfast-English.docx\",\"folder\":\"C:\\\\Users\\\\XiaoXinPro 16 IAH\\\\Desktop\\\\LRIA_llm_eval\\\\eval\\\\Quantum_Bvt_20251110\\\\bvtfiles\",\"id\":1987790422595997696,\"isDeleted\":0,\"isTmpFile\":false,\"labelNameList\":[\"Data Analysis\",\"Research Paper\",\"History\"],\"lastModifyTime\":\"2025-09-17T09:45:00\",\"md5\":\"3193e699ffa92db332ae31a9fb1d3cb4\",\"path\":\"C:\\\\Users\\\\XiaoXinPro 16 IAH\\\\Desktop\\\\LRIA_llm_eval\\\\eval\\\\Quantum_Bvt_20251110\\\\bvtfiles\\\\Belfast-English.docx\",\"previewPath\":\"c:\\\\users\\\\xiaoxinpro 16 iah\\\\documents\\\\qtcore\\\\pdffile\\\\5cade3e91fc5bb369bf72f47d2614c67.pdf\",\"priority\":7,\"score\":0.0,\"status\":\"COMPLETED\",\"tokenNum\":2989,\"uriPath\":\"\"},{\"createTime\":\"2025-11-10T15:52:22.784\",\"description\":\"\",\"docName\":\"British-Food-Culture\",\"editTime\":\"2025-11-10T15:54:23.877\",\"fileName\":\"British-Food-Culture.doc\",\"folder\":\"C:\\\\Users\\\\XiaoXinPro 16 IAH\\\\Desktop\\\\LRIA_llm_eval\\\\eval\\\\Quantum_Bvt_20251110\\\\bvtfiles\",\"id\":1987790422679883776,\"isDeleted\":0,\"isTmpFile\":false,\"labelNameList\":[],\"lastModifyTime\":\"2025-09-17T09:45:00\",\"md5\":\"435798f1c3377c7f5b71e18d733ca579\",\"path\":\"C:\\\\Users\\\\XiaoXinPro 16 IAH\\\\Desktop\\\\LRIA_llm_eval\\\\eval\\\\Quantum_Bvt_20251110\\\\bvtfiles\\\\British-Food-Culture.doc\",\"previewPath\":\"c:\\\\users\\\\xiaoxinpro 16 iah\\\\documents\\\\qtcore\\\\pdffile\\\\61d63ff49451e1786483f8ec232e7b6f.pdf\",\"priority\":8,\"score\":0.0,\"status\":\"COMPLETED\",\"tokenNum\":2009,\"uriPath\":\"\"},{\"createTime\":\"2025-11-10T15:52:22.803\",\"description\":\"\",\"docName\":\"\",\"editTime\":\"2025-11-10T15:54:23.903\",\"fileName\":\"Netflix Becomes a Broadway Producer With Peter Morgan’s Patriots.txt\",\"folder\":\"C:\\\\Users\\\\XiaoXinPro 16 IAH\\\\Desktop\\\\LRIA_llm_eval\\\\eval\\\\Quantum_Bvt_20251110\\\\bvtfiles\",\"id\":1987790422759575552,\"isDeleted\":0,\"isTmpFile\":false,\"labelNameList\":[],\"lastModifyTime\":\"2025-09-17T09:46:00\",\"md5\":\"ab84c46eaa62a18048fb0241446da4ca\",\"path\":\"C:\\\\Users\\\\XiaoXinPro 16 IAH\\\\Desktop\\\\LRIA_llm_eval\\\\eval\\\\Quantum_Bvt_20251110\\\\bvtfiles\\\\Netflix Becomes a Broadway Producer With Peter Morgan’s Patriots.txt\",\"priority\":9,\"score\":0.0,\"status\":\"RUNNING\",\"tokenNum\":0,\"uriPath\":\"\"}]"}}
2025-11-10 15:54:25,416 - INFO - 文档数量: 9
2025-11-10 15:54:25,416 - INFO - 第1个文档状态: COMPLETED
2025-11-10 15:54:25,416 - INFO - 第2个文档状态: COMPLETED
2025-11-10 15:54:25,417 - INFO - 第3个文档状态: COMPLETED
2025-11-10 15:54:25,417 - INFO - 第4个文档状态: COMPLETED
2025-11-10 15:54:25,417 - INFO - 第5个文档状态: COMPLETED
2025-11-10 15:54:25,417 - INFO - 第6个文档状态: COMPLETED
2025-11-10 15:54:25,417 - INFO - 第7个文档状态: COMPLETED
2025-11-10 15:54:25,417 - INFO - 第8个文档状态: COMPLETED
2025-11-10 15:54:25,418 - INFO - 第9个文档状态: RUNNING
2025-11-10 15:54:25,418 - INFO - 仍有文档在处理中，第58次尝试...
2025-11-10 15:54:27,420 - DEBUG - Starting new HTTP connection (1): 127.0.0.1:35253
2025-11-10 15:54:27,428 - DEBUG - http://127.0.0.1:35253 "POST /upload HTTP/11" 200 18
2025-11-10 15:54:27,430 - INFO - 成功获取文档列表，upload_id: 926359289455327514
2025-11-10 15:54:27,432 - INFO - 开始时间: 2025-11-10 15:54:27.432
2025-11-10 15:54:27,437 - DEBUG - Starting new HTTP connection (1): 127.0.0.1:35253
2025-11-10 15:54:27,455 - DEBUG - http://127.0.0.1:35253 "GET /query?fileData=926359289455327514 HTTP/11" 200 None
2025-11-10 15:54:27,801 - INFO - 响应时间: 0.37秒
2025-11-10 15:54:27,805 - INFO - 第59次尝试，获取到的result_text: {"jobId":61,"status":"complete","data":{"text":"[{\"createTime\":\"2025-11-10T15:52:22.597\",\"description\":\"This paper investigates the computational hardness of learning Boolean functions from label proportions (LLP), an increasingly relevant machine learning paradigm where only aggregate label information over subsets (bags) of instances is available, generalizing traditional PAC learning. The authors prove several hardness results for LLP: (1) It is NP-hard to find a constant-clause CNF (including ORs) that satisfies any constant-fraction of bags of size at most 2, even when all bags are consistent with an OR function; this contrasts with prior approximation algorithms for halfspaces. (2) It is NP-hard to satisfy more than a (1/2 + δ)-fraction of such bags using constant-size DNF formulas. (3) For parity functions, it is NP-hard to satisfy more than (q / 2^{q-1} + δ)-fraction of the bags of size up to q using a parity function, with the best achievable approximation factor via a randomized algorithm being 1/2^{q-2}. These results show qualitative differences between LLP and PAC learning—the problems are tractable in PAC but intractable in LLP for these classes. The paper uses reductions from known Label Cover problems and applies probabilistic and algebraic techniques to establish tight inapproximability bounds. LLP is motivated by privacy, reduced labeling costs, and applications like medical image analysis. The work highlights fundamental barriers in learning Boolean functions when only label proportions are given, and provides benchmarks for algorithmic progress in LLP.\",\"docName\":\"2403.19401\",\"editTime\":\"2025-11-10T15:53:22.834\",\"fileName\":\"2403.19401.pdf\",\"folder\":\"C:\\\\Users\\\\XiaoXinPro 16 IAH\\\\Desktop\\\\LRIA_llm_eval\\\\eval\\\\Quantum_Bvt_20251110\\\\bvtfiles\",\"id\":1987790421895548928,\"isDeleted\":0,\"isTmpFile\":false,\"labelNameList\":[\"Technology\",\"Data Analysis\",\"Research Paper\"],\"lastModifyTime\":\"2025-09-17T09:45:00\",\"md5\":\"4ff6ba88616fcf7a71d1dca6c9adc14c\",\"path\":\"C:\\\\Users\\\\XiaoXinPro 16 IAH\\\\Desktop\\\\LRIA_llm_eval\\\\eval\\\\Quantum_Bvt_20251110\\\\bvtfiles\\\\2403.19401.pdf\",\"previewPath\":\"c:\\\\users\\\\xiaoxinpro 16 iah\\\\documents\\\\qtcore\\\\pdffile\\\\5a8b97086ee1c90294e728121903432b.pdf\",\"priority\":1,\"score\":0.0,\"status\":\"COMPLETED\",\"tokenNum\":14092,\"uriPath\":\"\"},{\"createTime\":\"2025-11-10T15:52:22.630\",\"description\":\"A One Day International (ODI) is a limited overs cricket match played between two international teams, typically with each side facing 50 overs. The format is used for high-profile tournaments like the Cricket World Cup and represents the highest standard of List A cricket. ODIs originated in 1971 when a Test match between Australia and England was abandoned due to rain, leading to a one-off game of 40 eight-ball overs, with Australia winning by 5 wickets. Initially, ODIs were played in white kits with a red ball. Significant changes occurred in the late 1970s, driven by Kerry Packer's World Series Cricket, which introduced coloured uniforms, nighttime matches under floodlights, white balls, and enhanced television coverage with multiple cameras and on-screen graphics. The first match with coloured uniforms was held in 1979. These innovations transformed the game, with players becoming full-time professionals, and coloured kits with white balls eventually becoming the ODI standard after 2001.\",\"docName\":\"3nql1cs15r8aviz39pth2bpsr4zvy1\",\"editTime\":\"2025-11-10T15:53:22.834\",\"fileName\":\"3nql1cs15r8aviz39pth2bpsr4zvy1.txt\",\"folder\":\"C:\\\\Users\\\\XiaoXinPro 16 IAH\\\\Desktop\\\\LRIA_llm_eval\\\\eval\\\\Quantum_Bvt_20251110\\\\bvtfiles\",\"id\":1987790422033960960,\"isDeleted\":0,\"isTmpFile\":false,\"labelNameList\":[\"Sport\",\"Informational\",\"History\"],\"lastModifyTime\":\"2025-09-17T09:45:00\",\"md5\":\"da0c0f7162b267cca0de596df4c40c56\",\"path\":\"C:\\\\Users\\\\XiaoXinPro 16 IAH\\\\Desktop\\\\LRIA_llm_eval\\\\eval\\\\Quantum_Bvt_20251110\\\\bvtfiles\\\\3nql1cs15r8aviz39pth2bpsr4zvy1.txt\",\"previewPath\":\"c:\\\\users\\\\xiaoxinpro 16 iah\\\\documents\\\\qtcore\\\\pdffile\\\\ba50ed51f6b7714754652a80ab62df56.pdf\",\"priority\":2,\"score\":0.0,\"status\":\"COMPLETED\",\"tokenNum\":402,\"uriPath\":\"\"},{\"createTime\":\"2025-11-10T15:52:22.650\",\"description\":\"The document discusses psychological identity, emphasizing self-image, self-esteem, and individuality. Weinreich defines identity as the totality of one’s self-construal, connecting past, present, and future self-perceptions, and extending this to aspects like ethnic identity. The complexity of describing identity for individuals and groups is highlighted, taking into account both unique characteristics and group memberships, which can vary with circumstance. Drawing on theorists like Kelly, Erikson, and Tajfel, Weinreich’s Identity Structure Analysis (ISA) is introduced as a structural approach to represent individual existential experience. ISA focuses on how relationships between self and others are organized within socio-cultural contexts and over time. It uses constructs from individual, group, and cultural discourses to map the individual's appraisal of self, others, and institutions. The methodology operationalizes these concepts so that identity can be assessed through the situated self’s interactions across different contexts.\",\"docName\":\"3u84xhcdicdb6vqtlfud7syhj444z2\",\"editTime\":\"2025-11-10T15:53:26.485\",\"fileName\":\"3u84xhcdicdb6vqtlfud7syhj444z2.txt\",\"folder\":\"C:\\\\Users\\\\XiaoXinPro 16 IAH\\\\Desktop\\\\LRIA_llm_eval\\\\eval\\\\Quantum_Bvt_20251110\\\\bvtfiles\",\"id\":1987790422117847040,\"isDeleted\":0,\"isTmpFile\":false,\"labelNameList\":[\"Research Paper\",\"Informational\",\"Science\"],\"lastModifyTime\":\"2025-09-17T09:45:00\",\"md5\":\"a80f0ad4af9fd250a462680c85e6fbf0\",\"path\":\"C:\\\\Users\\\\XiaoXinPro 16 IAH\\\\Desktop\\\\LRIA_llm_eval\\\\eval\\\\Quantum_Bvt_20251110\\\\bvtfiles\\\\3u84xhcdicdb6vqtlfud7syhj444z2.txt\",\"previewPath\":\"c:\\\\users\\\\xiaoxinpro 16 iah\\\\documents\\\\qtcore\\\\pdffile\\\\044561594142e2ef357c9fbbdfaf4af5.pdf\",\"priority\":3,\"score\":0.0,\"status\":\"COMPLETED\",\"tokenNum\":414,\"uriPath\":\"\"},{\"createTime\":\"2025-11-10T15:52:22.668\",\"description\":\"In Chapter XVIII, Archie is ordered to assist the Earl and a sizeable group of men-at-arms in searching for Bruce, whose location was revealed by a traitor. Archie, though reluctant, prepares the hound, Hector, for the hunt and considers drastic measures to protect Bruce if they get too close. The party, led by the traitorous peasant, travels five miles into the hills to a hut where Bruce had recently stayed. Upon arrival, Hector becomes energetic and excited, eagerly sniffing around before picking up Bruce's trail. The hound’s pursuit is intense, forcing Archie to struggle to keep pace while the Earl and his knights follow at a slight distance with their men-at-arms. Archie warns the Earl that the noise from the horses and the knights’ equipment agitates the hound further, making him harder to control. The tense search unfolds with Archie contemplating escape should the situation demand it, given the formidable presence of mounted pursuers.\",\"docName\":\"3z3zlgnnsiuha76yy56h6uu71bh3q1\",\"editTime\":\"2025-11-10T15:53:29.649\",\"fileName\":\"3z3zlgnnsiuha76yy56h6uu71bh3q1.txt\",\"folder\":\"C:\\\\Users\\\\XiaoXinPro 16 IAH\\\\Desktop\\\\LRIA_llm_eval\\\\eval\\\\Quantum_Bvt_20251110\\\\bvtfiles\",\"id\":1987790422193344512,\"isDeleted\":0,\"isTmpFile\":false,\"labelNameList\":[\"Informational\",\"History\",\"Report\"],\"lastModifyTime\":\"2025-09-17T09:45:00\",\"md5\":\"bb28043dd606535bdcaf1ee30346b0f9\",\"path\":\"C:\\\\Users\\\\XiaoXinPro 16 IAH\\\\Desktop\\\\LRIA_llm_eval\\\\eval\\\\Quantum_Bvt_20251110\\\\bvtfiles\\\\3z3zlgnnsiuha76yy56h6uu71bh3q1.txt\",\"previewPath\":\"c:\\\\users\\\\xiaoxinpro 16 iah\\\\documents\\\\qtcore\\\\pdffile\\\\c5016b94612aaf89641b2e6895248f70.pdf\",\"priority\":4,\"score\":0.0,\"status\":\"COMPLETED\",\"tokenNum\":326,\"uriPath\":\"\"},{\"createTime\":\"2025-11-10T15:52:22.688\",\"description\":\"This document outlines the design of an AI Face Algorithm Evaluation Method, focusing on test set collection and variable matrices. It specifies head movement variables—pitch (up/down), yaw (left/right), and roll (clockwise/counterclockwise)—each with specified movement angles and data rates, as well as facial movements including mouth, eyes, and eyebrows, and associated conditions. Light exposure is detailed into weak, medium, strong, and uneven categories to account for optical flow variability. Horizontal head movement is included, with both left and right motion measured. Data is gathered using a laptop camera and Ruifeng's collection tool, using input video as both the driving video and ground truth; specific images are used as source images. Evaluation involves comparing driving and output videos. The protocol requires 70 videos (minimum 5 seconds each), with 10 videos per variable and targeting multiple participants, with at least 7 represented overall. The data rate defines each video’s contribution per variable. Emphasis is placed on collecting a diverse and representative dataset for robust algorithm assessment.\",\"docName\":\"AI_Face_Test_Set_Collection_Method_Design\",\"editTime\":\"2025-11-10T15:53:44.023\",\"fileName\":\"AI_Face_Test_Set_Collection_Method_Design.pptx\",\"folder\":\"C:\\\\Users\\\\XiaoXinPro 16 IAH\\\\Desktop\\\\LRIA_llm_eval\\\\eval\\\\Quantum_Bvt_20251110\\\\bvtfiles\",\"id\":1987790422277230592,\"isDeleted\":0,\"isTmpFile\":false,\"labelNameList\":[\"Technology\",\"Data Analysis\",\"Specifications\"],\"lastModifyTime\":\"2025-09-17T09:46:00\",\"md5\":\"b0f396e7936e0f6192cd880927e8e74b\",\"path\":\"C:\\\\Users\\\\XiaoXinPro 16 IAH\\\\Desktop\\\\LRIA_llm_eval\\\\eval\\\\Quantum_Bvt_20251110\\\\bvtfiles\\\\AI_Face_Test_Set_Collection_Method_Design.pptx\",\"previewPath\":\"c:\\\\users\\\\xiaoxinpro 16 iah\\\\documents\\\\qtcore\\\\pdffile\\\\c85631aabec673dabeda2b80233b5341.pdf\",\"priority\":5,\"score\":0.0,\"status\":\"COMPLETED\",\"tokenNum\":432,\"uriPath\":\"\"},{\"createTime\":\"2025-11-10T15:52:22.707\",\"description\":\"This document introduces Linear Programming (LP), outlining its definition, history, methods of solution, and approaches for testing LP solvers. LP involves optimizing a linear objective function based on decision variables subject to linear constraints, creating a convex polyhedral feasible domain where the optimal value is found at domain vertices. Mixed-Integer Programs (MIP) are also defined, and methods like branch-and-bound are discussed. Historically, LP originated with G.B. Dantzig in 1947, with subsequent developments by Kantorovich, Koopmans (who won the Nobel Prize for resource allocation theory), Khachian (Ellipsoid Method), and Karmarkar (Interior-Point Method). Solutions to LP problems use enumeration, Simplex, and Interior-Point methods, with the latter providing polynomial-time solutions for large-scale problems. LP solver testing utilizes both benchmark and self-built test sets, evaluating problems with different constraint and variable structures, including unique feasible, infinite, infeasible, and unbounded cases. Example benchmark instances include AGG, BANDM, BOEING1, and others recorded with details such as rows, columns, nonzeros, bytes, and optimal values. Testing criteria encompass various coefficient scales, constraints, bounds, degeneracy, contradiction, and unboundedness.\",\"docName\":\"A_brief_introduction_of_LP_liutao21_20220615\",\"editTime\":\"2025-11-10T15:53:58.811\",\"fileName\":\"A_brief_introduction_of_LP_liutao21_20220615.pptx\",\"folder\":\"C:\\\\Users\\\\XiaoXinPro 16 IAH\\\\Desktop\\\\LRIA_llm_eval\\\\eval\\\\Quantum_Bvt_20251110\\\\bvtfiles\",\"id\":1987790422356922368,\"isDeleted\":0,\"isTmpFile\":false,\"labelNameList\":[\"Technology\",\"Data Analysis\",\"Informational\"],\"lastModifyTime\":\"2025-09-17T09:46:00\",\"md5\":\"0dbb2532524843af54fb3388b7bf3381\",\"path\":\"C:\\\\Users\\\\XiaoXinPro 16 IAH\\\\Desktop\\\\LRIA_llm_eval\\\\eval\\\\Quantum_Bvt_20251110\\\\bvtfiles\\\\A_brief_introduction_of_LP_liutao21_20220615.pptx\",\"previewPath\":\"c:\\\\users\\\\xiaoxinpro 16 iah\\\\documents\\\\qtcore\\\\pdffile\\\\236ffb1926cb5ac1cef47fd4707ea1f7.pdf\",\"priority\":6,\"score\":0.0,\"status\":\"COMPLETED\",\"tokenNum\":1297,\"uriPath\":\"\"},{\"createTime\":\"2025-11-10T15:52:22.764\",\"description\":\"This document provides an overview of the historical, social, and linguistic development of Belfast and its English dialect. Founded in 1603, Belfast's population grew significantly in the 19th century due to the Great Famine and industrialisation, notably in linen production and ship-building. The linguistic landscape of Belfast English is shaped by influences from western Scotland and northern England, alongside local features. Sociolinguistic investigations by James and Lesley Milroy from the 1970s onward highlight the importance of social networks, where dense, multiplex connections among working-class groups reinforce distinct vernacular norms, while middle-class, loosely-knit networks are more receptive to standard forms. Studies focus on three specific areas—Ballymacarrett, Hammer, and Clonard—revealing phonological variations tied to network strength, class, and gender. Key features examined include palatalisation, dental realisation of /t/, raising of /a/, and the use of (ʌ). Milroy's work underscores the interplay between standard and vernacular norms and the role of social structure in language variation and change. Extensive references point to historical and sociolinguistic research on Belfast English.\",\"docName\":\"Belfast-English\",\"editTime\":\"2025-11-10T15:54:14.669\",\"fileName\":\"Belfast-English.docx\",\"folder\":\"C:\\\\Users\\\\XiaoXinPro 16 IAH\\\\Desktop\\\\LRIA_llm_eval\\\\eval\\\\Quantum_Bvt_20251110\\\\bvtfiles\",\"id\":1987790422595997696,\"isDeleted\":0,\"isTmpFile\":false,\"labelNameList\":[\"Data Analysis\",\"Research Paper\",\"History\"],\"lastModifyTime\":\"2025-09-17T09:45:00\",\"md5\":\"3193e699ffa92db332ae31a9fb1d3cb4\",\"path\":\"C:\\\\Users\\\\XiaoXinPro 16 IAH\\\\Desktop\\\\LRIA_llm_eval\\\\eval\\\\Quantum_Bvt_20251110\\\\bvtfiles\\\\Belfast-English.docx\",\"previewPath\":\"c:\\\\users\\\\xiaoxinpro 16 iah\\\\documents\\\\qtcore\\\\pdffile\\\\5cade3e91fc5bb369bf72f47d2614c67.pdf\",\"priority\":7,\"score\":0.0,\"status\":\"COMPLETED\",\"tokenNum\":2989,\"uriPath\":\"\"},{\"createTime\":\"2025-11-10T15:52:22.784\",\"description\":\"\",\"docName\":\"British-Food-Culture\",\"editTime\":\"2025-11-10T15:54:23.877\",\"fileName\":\"British-Food-Culture.doc\",\"folder\":\"C:\\\\Users\\\\XiaoXinPro 16 IAH\\\\Desktop\\\\LRIA_llm_eval\\\\eval\\\\Quantum_Bvt_20251110\\\\bvtfiles\",\"id\":1987790422679883776,\"isDeleted\":0,\"isTmpFile\":false,\"labelNameList\":[\"Informational\",\"History\",\"Culture\"],\"lastModifyTime\":\"2025-09-17T09:45:00\",\"md5\":\"435798f1c3377c7f5b71e18d733ca579\",\"path\":\"C:\\\\Users\\\\XiaoXinPro 16 IAH\\\\Desktop\\\\LRIA_llm_eval\\\\eval\\\\Quantum_Bvt_20251110\\\\bvtfiles\\\\British-Food-Culture.doc\",\"previewPath\":\"c:\\\\users\\\\xiaoxinpro 16 iah\\\\documents\\\\qtcore\\\\pdffile\\\\61d63ff49451e1786483f8ec232e7b6f.pdf\",\"priority\":8,\"score\":0.0,\"status\":\"COMPLETED\",\"tokenNum\":2009,\"uriPath\":\"\"},{\"createTime\":\"2025-11-10T15:52:22.803\",\"description\":\"\",\"docName\":\"\",\"editTime\":\"2025-11-10T15:54:23.903\",\"fileName\":\"Netflix Becomes a Broadway Producer With Peter Morgan’s Patriots.txt\",\"folder\":\"C:\\\\Users\\\\XiaoXinPro 16 IAH\\\\Desktop\\\\LRIA_llm_eval\\\\eval\\\\Quantum_Bvt_20251110\\\\bvtfiles\",\"id\":1987790422759575552,\"isDeleted\":0,\"isTmpFile\":false,\"labelNameList\":[],\"lastModifyTime\":\"2025-09-17T09:46:00\",\"md5\":\"ab84c46eaa62a18048fb0241446da4ca\",\"path\":\"C:\\\\Users\\\\XiaoXinPro 16 IAH\\\\Desktop\\\\LRIA_llm_eval\\\\eval\\\\Quantum_Bvt_20251110\\\\bvtfiles\\\\Netflix Becomes a Broadway Producer With Peter Morgan’s Patriots.txt\",\"priority\":9,\"score\":0.0,\"status\":\"RUNNING\",\"tokenNum\":0,\"uriPath\":\"\"}]"}}
2025-11-10 15:54:27,811 - INFO - 文档数量: 9
2025-11-10 15:54:27,816 - INFO - 第1个文档状态: COMPLETED
2025-11-10 15:54:27,820 - INFO - 第2个文档状态: COMPLETED
2025-11-10 15:54:27,823 - INFO - 第3个文档状态: COMPLETED
2025-11-10 15:54:27,824 - INFO - 第4个文档状态: COMPLETED
2025-11-10 15:54:27,825 - INFO - 第5个文档状态: COMPLETED
2025-11-10 15:54:27,826 - INFO - 第6个文档状态: COMPLETED
2025-11-10 15:54:27,827 - INFO - 第7个文档状态: COMPLETED
2025-11-10 15:54:27,830 - INFO - 第8个文档状态: COMPLETED
2025-11-10 15:54:27,833 - INFO - 第9个文档状态: RUNNING
2025-11-10 15:54:27,834 - INFO - 仍有文档在处理中，第59次尝试...
2025-11-10 15:54:29,837 - DEBUG - Starting new HTTP connection (1): 127.0.0.1:35253
2025-11-10 15:54:29,841 - DEBUG - http://127.0.0.1:35253 "POST /upload HTTP/11" 200 20
2025-11-10 15:54:29,841 - INFO - 成功获取文档列表，upload_id: -6607977448152216478
2025-11-10 15:54:29,842 - INFO - 开始时间: 2025-11-10 15:54:29.842
2025-11-10 15:54:29,843 - DEBUG - Starting new HTTP connection (1): 127.0.0.1:35253
2025-11-10 15:54:29,855 - DEBUG - http://127.0.0.1:35253 "GET /query?fileData=-6607977448152216478 HTTP/11" 200 None
2025-11-10 15:54:30,012 - INFO - 响应时间: 0.17秒
2025-11-10 15:54:30,012 - INFO - 第60次尝试，获取到的result_text: {"jobId":62,"status":"complete","data":{"text":"[{\"createTime\":\"2025-11-10T15:52:22.597\",\"description\":\"This paper investigates the computational hardness of learning Boolean functions from label proportions (LLP), an increasingly relevant machine learning paradigm where only aggregate label information over subsets (bags) of instances is available, generalizing traditional PAC learning. The authors prove several hardness results for LLP: (1) It is NP-hard to find a constant-clause CNF (including ORs) that satisfies any constant-fraction of bags of size at most 2, even when all bags are consistent with an OR function; this contrasts with prior approximation algorithms for halfspaces. (2) It is NP-hard to satisfy more than a (1/2 + δ)-fraction of such bags using constant-size DNF formulas. (3) For parity functions, it is NP-hard to satisfy more than (q / 2^{q-1} + δ)-fraction of the bags of size up to q using a parity function, with the best achievable approximation factor via a randomized algorithm being 1/2^{q-2}. These results show qualitative differences between LLP and PAC learning—the problems are tractable in PAC but intractable in LLP for these classes. The paper uses reductions from known Label Cover problems and applies probabilistic and algebraic techniques to establish tight inapproximability bounds. LLP is motivated by privacy, reduced labeling costs, and applications like medical image analysis. The work highlights fundamental barriers in learning Boolean functions when only label proportions are given, and provides benchmarks for algorithmic progress in LLP.\",\"docName\":\"2403.19401\",\"editTime\":\"2025-11-10T15:53:22.834\",\"fileName\":\"2403.19401.pdf\",\"folder\":\"C:\\\\Users\\\\XiaoXinPro 16 IAH\\\\Desktop\\\\LRIA_llm_eval\\\\eval\\\\Quantum_Bvt_20251110\\\\bvtfiles\",\"id\":1987790421895548928,\"isDeleted\":0,\"isTmpFile\":false,\"labelNameList\":[\"Technology\",\"Data Analysis\",\"Research Paper\"],\"lastModifyTime\":\"2025-09-17T09:45:00\",\"md5\":\"4ff6ba88616fcf7a71d1dca6c9adc14c\",\"path\":\"C:\\\\Users\\\\XiaoXinPro 16 IAH\\\\Desktop\\\\LRIA_llm_eval\\\\eval\\\\Quantum_Bvt_20251110\\\\bvtfiles\\\\2403.19401.pdf\",\"previewPath\":\"c:\\\\users\\\\xiaoxinpro 16 iah\\\\documents\\\\qtcore\\\\pdffile\\\\5a8b97086ee1c90294e728121903432b.pdf\",\"priority\":1,\"score\":0.0,\"status\":\"COMPLETED\",\"tokenNum\":14092,\"uriPath\":\"\"},{\"createTime\":\"2025-11-10T15:52:22.630\",\"description\":\"A One Day International (ODI) is a limited overs cricket match played between two international teams, typically with each side facing 50 overs. The format is used for high-profile tournaments like the Cricket World Cup and represents the highest standard of List A cricket. ODIs originated in 1971 when a Test match between Australia and England was abandoned due to rain, leading to a one-off game of 40 eight-ball overs, with Australia winning by 5 wickets. Initially, ODIs were played in white kits with a red ball. Significant changes occurred in the late 1970s, driven by Kerry Packer's World Series Cricket, which introduced coloured uniforms, nighttime matches under floodlights, white balls, and enhanced television coverage with multiple cameras and on-screen graphics. The first match with coloured uniforms was held in 1979. These innovations transformed the game, with players becoming full-time professionals, and coloured kits with white balls eventually becoming the ODI standard after 2001.\",\"docName\":\"3nql1cs15r8aviz39pth2bpsr4zvy1\",\"editTime\":\"2025-11-10T15:53:22.834\",\"fileName\":\"3nql1cs15r8aviz39pth2bpsr4zvy1.txt\",\"folder\":\"C:\\\\Users\\\\XiaoXinPro 16 IAH\\\\Desktop\\\\LRIA_llm_eval\\\\eval\\\\Quantum_Bvt_20251110\\\\bvtfiles\",\"id\":1987790422033960960,\"isDeleted\":0,\"isTmpFile\":false,\"labelNameList\":[\"Sport\",\"Informational\",\"History\"],\"lastModifyTime\":\"2025-09-17T09:45:00\",\"md5\":\"da0c0f7162b267cca0de596df4c40c56\",\"path\":\"C:\\\\Users\\\\XiaoXinPro 16 IAH\\\\Desktop\\\\LRIA_llm_eval\\\\eval\\\\Quantum_Bvt_20251110\\\\bvtfiles\\\\3nql1cs15r8aviz39pth2bpsr4zvy1.txt\",\"previewPath\":\"c:\\\\users\\\\xiaoxinpro 16 iah\\\\documents\\\\qtcore\\\\pdffile\\\\ba50ed51f6b7714754652a80ab62df56.pdf\",\"priority\":2,\"score\":0.0,\"status\":\"COMPLETED\",\"tokenNum\":402,\"uriPath\":\"\"},{\"createTime\":\"2025-11-10T15:52:22.650\",\"description\":\"The document discusses psychological identity, emphasizing self-image, self-esteem, and individuality. Weinreich defines identity as the totality of one’s self-construal, connecting past, present, and future self-perceptions, and extending this to aspects like ethnic identity. The complexity of describing identity for individuals and groups is highlighted, taking into account both unique characteristics and group memberships, which can vary with circumstance. Drawing on theorists like Kelly, Erikson, and Tajfel, Weinreich’s Identity Structure Analysis (ISA) is introduced as a structural approach to represent individual existential experience. ISA focuses on how relationships between self and others are organized within socio-cultural contexts and over time. It uses constructs from individual, group, and cultural discourses to map the individual's appraisal of self, others, and institutions. The methodology operationalizes these concepts so that identity can be assessed through the situated self’s interactions across different contexts.\",\"docName\":\"3u84xhcdicdb6vqtlfud7syhj444z2\",\"editTime\":\"2025-11-10T15:53:26.485\",\"fileName\":\"3u84xhcdicdb6vqtlfud7syhj444z2.txt\",\"folder\":\"C:\\\\Users\\\\XiaoXinPro 16 IAH\\\\Desktop\\\\LRIA_llm_eval\\\\eval\\\\Quantum_Bvt_20251110\\\\bvtfiles\",\"id\":1987790422117847040,\"isDeleted\":0,\"isTmpFile\":false,\"labelNameList\":[\"Research Paper\",\"Informational\",\"Science\"],\"lastModifyTime\":\"2025-09-17T09:45:00\",\"md5\":\"a80f0ad4af9fd250a462680c85e6fbf0\",\"path\":\"C:\\\\Users\\\\XiaoXinPro 16 IAH\\\\Desktop\\\\LRIA_llm_eval\\\\eval\\\\Quantum_Bvt_20251110\\\\bvtfiles\\\\3u84xhcdicdb6vqtlfud7syhj444z2.txt\",\"previewPath\":\"c:\\\\users\\\\xiaoxinpro 16 iah\\\\documents\\\\qtcore\\\\pdffile\\\\044561594142e2ef357c9fbbdfaf4af5.pdf\",\"priority\":3,\"score\":0.0,\"status\":\"COMPLETED\",\"tokenNum\":414,\"uriPath\":\"\"},{\"createTime\":\"2025-11-10T15:52:22.668\",\"description\":\"In Chapter XVIII, Archie is ordered to assist the Earl and a sizeable group of men-at-arms in searching for Bruce, whose location was revealed by a traitor. Archie, though reluctant, prepares the hound, Hector, for the hunt and considers drastic measures to protect Bruce if they get too close. The party, led by the traitorous peasant, travels five miles into the hills to a hut where Bruce had recently stayed. Upon arrival, Hector becomes energetic and excited, eagerly sniffing around before picking up Bruce's trail. The hound’s pursuit is intense, forcing Archie to struggle to keep pace while the Earl and his knights follow at a slight distance with their men-at-arms. Archie warns the Earl that the noise from the horses and the knights’ equipment agitates the hound further, making him harder to control. The tense search unfolds with Archie contemplating escape should the situation demand it, given the formidable presence of mounted pursuers.\",\"docName\":\"3z3zlgnnsiuha76yy56h6uu71bh3q1\",\"editTime\":\"2025-11-10T15:53:29.649\",\"fileName\":\"3z3zlgnnsiuha76yy56h6uu71bh3q1.txt\",\"folder\":\"C:\\\\Users\\\\XiaoXinPro 16 IAH\\\\Desktop\\\\LRIA_llm_eval\\\\eval\\\\Quantum_Bvt_20251110\\\\bvtfiles\",\"id\":1987790422193344512,\"isDeleted\":0,\"isTmpFile\":false,\"labelNameList\":[\"Informational\",\"History\",\"Report\"],\"lastModifyTime\":\"2025-09-17T09:45:00\",\"md5\":\"bb28043dd606535bdcaf1ee30346b0f9\",\"path\":\"C:\\\\Users\\\\XiaoXinPro 16 IAH\\\\Desktop\\\\LRIA_llm_eval\\\\eval\\\\Quantum_Bvt_20251110\\\\bvtfiles\\\\3z3zlgnnsiuha76yy56h6uu71bh3q1.txt\",\"previewPath\":\"c:\\\\users\\\\xiaoxinpro 16 iah\\\\documents\\\\qtcore\\\\pdffile\\\\c5016b94612aaf89641b2e6895248f70.pdf\",\"priority\":4,\"score\":0.0,\"status\":\"COMPLETED\",\"tokenNum\":326,\"uriPath\":\"\"},{\"createTime\":\"2025-11-10T15:52:22.688\",\"description\":\"This document outlines the design of an AI Face Algorithm Evaluation Method, focusing on test set collection and variable matrices. It specifies head movement variables—pitch (up/down), yaw (left/right), and roll (clockwise/counterclockwise)—each with specified movement angles and data rates, as well as facial movements including mouth, eyes, and eyebrows, and associated conditions. Light exposure is detailed into weak, medium, strong, and uneven categories to account for optical flow variability. Horizontal head movement is included, with both left and right motion measured. Data is gathered using a laptop camera and Ruifeng's collection tool, using input video as both the driving video and ground truth; specific images are used as source images. Evaluation involves comparing driving and output videos. The protocol requires 70 videos (minimum 5 seconds each), with 10 videos per variable and targeting multiple participants, with at least 7 represented overall. The data rate defines each video’s contribution per variable. Emphasis is placed on collecting a diverse and representative dataset for robust algorithm assessment.\",\"docName\":\"AI_Face_Test_Set_Collection_Method_Design\",\"editTime\":\"2025-11-10T15:53:44.023\",\"fileName\":\"AI_Face_Test_Set_Collection_Method_Design.pptx\",\"folder\":\"C:\\\\Users\\\\XiaoXinPro 16 IAH\\\\Desktop\\\\LRIA_llm_eval\\\\eval\\\\Quantum_Bvt_20251110\\\\bvtfiles\",\"id\":1987790422277230592,\"isDeleted\":0,\"isTmpFile\":false,\"labelNameList\":[\"Technology\",\"Data Analysis\",\"Specifications\"],\"lastModifyTime\":\"2025-09-17T09:46:00\",\"md5\":\"b0f396e7936e0f6192cd880927e8e74b\",\"path\":\"C:\\\\Users\\\\XiaoXinPro 16 IAH\\\\Desktop\\\\LRIA_llm_eval\\\\eval\\\\Quantum_Bvt_20251110\\\\bvtfiles\\\\AI_Face_Test_Set_Collection_Method_Design.pptx\",\"previewPath\":\"c:\\\\users\\\\xiaoxinpro 16 iah\\\\documents\\\\qtcore\\\\pdffile\\\\c85631aabec673dabeda2b80233b5341.pdf\",\"priority\":5,\"score\":0.0,\"status\":\"COMPLETED\",\"tokenNum\":432,\"uriPath\":\"\"},{\"createTime\":\"2025-11-10T15:52:22.707\",\"description\":\"This document introduces Linear Programming (LP), outlining its definition, history, methods of solution, and approaches for testing LP solvers. LP involves optimizing a linear objective function based on decision variables subject to linear constraints, creating a convex polyhedral feasible domain where the optimal value is found at domain vertices. Mixed-Integer Programs (MIP) are also defined, and methods like branch-and-bound are discussed. Historically, LP originated with G.B. Dantzig in 1947, with subsequent developments by Kantorovich, Koopmans (who won the Nobel Prize for resource allocation theory), Khachian (Ellipsoid Method), and Karmarkar (Interior-Point Method). Solutions to LP problems use enumeration, Simplex, and Interior-Point methods, with the latter providing polynomial-time solutions for large-scale problems. LP solver testing utilizes both benchmark and self-built test sets, evaluating problems with different constraint and variable structures, including unique feasible, infinite, infeasible, and unbounded cases. Example benchmark instances include AGG, BANDM, BOEING1, and others recorded with details such as rows, columns, nonzeros, bytes, and optimal values. Testing criteria encompass various coefficient scales, constraints, bounds, degeneracy, contradiction, and unboundedness.\",\"docName\":\"A_brief_introduction_of_LP_liutao21_20220615\",\"editTime\":\"2025-11-10T15:53:58.811\",\"fileName\":\"A_brief_introduction_of_LP_liutao21_20220615.pptx\",\"folder\":\"C:\\\\Users\\\\XiaoXinPro 16 IAH\\\\Desktop\\\\LRIA_llm_eval\\\\eval\\\\Quantum_Bvt_20251110\\\\bvtfiles\",\"id\":1987790422356922368,\"isDeleted\":0,\"isTmpFile\":false,\"labelNameList\":[\"Technology\",\"Data Analysis\",\"Informational\"],\"lastModifyTime\":\"2025-09-17T09:46:00\",\"md5\":\"0dbb2532524843af54fb3388b7bf3381\",\"path\":\"C:\\\\Users\\\\XiaoXinPro 16 IAH\\\\Desktop\\\\LRIA_llm_eval\\\\eval\\\\Quantum_Bvt_20251110\\\\bvtfiles\\\\A_brief_introduction_of_LP_liutao21_20220615.pptx\",\"previewPath\":\"c:\\\\users\\\\xiaoxinpro 16 iah\\\\documents\\\\qtcore\\\\pdffile\\\\236ffb1926cb5ac1cef47fd4707ea1f7.pdf\",\"priority\":6,\"score\":0.0,\"status\":\"COMPLETED\",\"tokenNum\":1297,\"uriPath\":\"\"},{\"createTime\":\"2025-11-10T15:52:22.764\",\"description\":\"This document provides an overview of the historical, social, and linguistic development of Belfast and its English dialect. Founded in 1603, Belfast's population grew significantly in the 19th century due to the Great Famine and industrialisation, notably in linen production and ship-building. The linguistic landscape of Belfast English is shaped by influences from western Scotland and northern England, alongside local features. Sociolinguistic investigations by James and Lesley Milroy from the 1970s onward highlight the importance of social networks, where dense, multiplex connections among working-class groups reinforce distinct vernacular norms, while middle-class, loosely-knit networks are more receptive to standard forms. Studies focus on three specific areas—Ballymacarrett, Hammer, and Clonard—revealing phonological variations tied to network strength, class, and gender. Key features examined include palatalisation, dental realisation of /t/, raising of /a/, and the use of (ʌ). Milroy's work underscores the interplay between standard and vernacular norms and the role of social structure in language variation and change. Extensive references point to historical and sociolinguistic research on Belfast English.\",\"docName\":\"Belfast-English\",\"editTime\":\"2025-11-10T15:54:14.669\",\"fileName\":\"Belfast-English.docx\",\"folder\":\"C:\\\\Users\\\\XiaoXinPro 16 IAH\\\\Desktop\\\\LRIA_llm_eval\\\\eval\\\\Quantum_Bvt_20251110\\\\bvtfiles\",\"id\":1987790422595997696,\"isDeleted\":0,\"isTmpFile\":false,\"labelNameList\":[\"Data Analysis\",\"Research Paper\",\"History\"],\"lastModifyTime\":\"2025-09-17T09:45:00\",\"md5\":\"3193e699ffa92db332ae31a9fb1d3cb4\",\"path\":\"C:\\\\Users\\\\XiaoXinPro 16 IAH\\\\Desktop\\\\LRIA_llm_eval\\\\eval\\\\Quantum_Bvt_20251110\\\\bvtfiles\\\\Belfast-English.docx\",\"previewPath\":\"c:\\\\users\\\\xiaoxinpro 16 iah\\\\documents\\\\qtcore\\\\pdffile\\\\5cade3e91fc5bb369bf72f47d2614c67.pdf\",\"priority\":7,\"score\":0.0,\"status\":\"COMPLETED\",\"tokenNum\":2989,\"uriPath\":\"\"},{\"createTime\":\"2025-11-10T15:52:22.784\",\"description\":\"This document explores the food culture of Britain, focusing primarily on England's culinary history, daily eating habits, and etiquette. British cuisine has been shaped by various influences, including the Romans, Saxons, Vikings, Normans, and global trade, with imported ingredients and techniques enriching traditional dishes. Historic foods like roast beef, Yorkshire pudding, and steak and kidney pie are still associated with Britain, but modern British cuisine incorporates global flavors such as curry, pasta, and rice. Typical meals include a simplified breakfast (cereal, toast, coffee), packed lunches (sandwich, crisps, fruit), and dinners centered around 'meat and two vegetables,' though these customs are evolving. Eating etiquette is emphasized, notably using cutlery for most foods, polite interactions at meals, and specific rules for formal and informal dining. Common etiquette includes waiting for the host, expressing thanks when served, and observing proper table manners, while certain behaviors (licking knives, chewing with mouth open, elbows on table) are discouraged. Understanding these practices offers deeper insight into British society and facilitates cross-cultural communication.\",\"docName\":\"British-Food-Culture\",\"editTime\":\"2025-11-10T15:54:27.588\",\"fileName\":\"British-Food-Culture.doc\",\"folder\":\"C:\\\\Users\\\\XiaoXinPro 16 IAH\\\\Desktop\\\\LRIA_llm_eval\\\\eval\\\\Quantum_Bvt_20251110\\\\bvtfiles\",\"id\":1987790422679883776,\"isDeleted\":0,\"isTmpFile\":false,\"labelNameList\":[\"Informational\",\"History\",\"Culture\"],\"lastModifyTime\":\"2025-09-17T09:45:00\",\"md5\":\"435798f1c3377c7f5b71e18d733ca579\",\"path\":\"C:\\\\Users\\\\XiaoXinPro 16 IAH\\\\Desktop\\\\LRIA_llm_eval\\\\eval\\\\Quantum_Bvt_20251110\\\\bvtfiles\\\\British-Food-Culture.doc\",\"previewPath\":\"c:\\\\users\\\\xiaoxinpro 16 iah\\\\documents\\\\qtcore\\\\pdffile\\\\61d63ff49451e1786483f8ec232e7b6f.pdf\",\"priority\":8,\"score\":0.0,\"status\":\"COMPLETED\",\"tokenNum\":2009,\"uriPath\":\"\"},{\"createTime\":\"2025-11-10T15:52:22.803\",\"description\":\"\",\"docName\":\"Netflix Becomes a Broadway Producer With Peter Morgan’s Patriots\",\"editTime\":\"2025-11-10T15:54:29.679\",\"fileName\":\"Netflix Becomes a Broadway Producer With Peter Morgan’s Patriots.txt\",\"folder\":\"C:\\\\Users\\\\XiaoXinPro 16 IAH\\\\Desktop\\\\LRIA_llm_eval\\\\eval\\\\Quantum_Bvt_20251110\\\\bvtfiles\",\"id\":1987790422759575552,\"isDeleted\":0,\"isTmpFile\":false,\"labelNameList\":[],\"lastModifyTime\":\"2025-09-17T09:46:00\",\"md5\":\"ab84c46eaa62a18048fb0241446da4ca\",\"path\":\"C:\\\\Users\\\\XiaoXinPro 16 IAH\\\\Desktop\\\\LRIA_llm_eval\\\\eval\\\\Quantum_Bvt_20251110\\\\bvtfiles\\\\Netflix Becomes a Broadway Producer With Peter Morgan’s Patriots.txt\",\"previewPath\":\"c:\\\\users\\\\xiaoxinpro 16 iah\\\\documents\\\\qtcore\\\\pdffile\\\\9eccfc1d5808a76e39a50a016a7a47d2.pdf\",\"priority\":9,\"score\":0.0,\"status\":\"COMPLETED\",\"tokenNum\":930,\"uriPath\":\"\"}]"}}
2025-11-10 15:54:30,016 - INFO - 文档数量: 9
2025-11-10 15:54:30,016 - INFO - 第1个文档状态: COMPLETED
2025-11-10 15:54:30,017 - INFO - 第2个文档状态: COMPLETED
2025-11-10 15:54:30,017 - INFO - 第3个文档状态: COMPLETED
2025-11-10 15:54:30,017 - INFO - 第4个文档状态: COMPLETED
2025-11-10 15:54:30,018 - INFO - 第5个文档状态: COMPLETED
2025-11-10 15:54:30,018 - INFO - 第6个文档状态: COMPLETED
2025-11-10 15:54:30,019 - INFO - 第7个文档状态: COMPLETED
2025-11-10 15:54:30,019 - INFO - 第8个文档状态: COMPLETED
2025-11-10 15:54:30,020 - INFO - 第9个文档状态: COMPLETED
2025-11-10 15:54:30,020 - INFO - 所有文档解析完成
2025-11-10 15:54:30,021 - INFO - 文档ID列表: [1987790421895548928, 1987790422033960960, 1987790422117847040, 1987790422193344512, 1987790422277230592, 1987790422356922368, 1987790422595997696, 1987790422679883776, 1987790422759575552]
2025-11-10 15:54:30,022 - INFO - DEBUG: 添加测试结果 - 接口: get_register_document, 响应时间: 0.17
2025-11-10 15:54:30,069 - INFO - ✅ 已写入测试结果: get_register_document
2025-11-10 15:54:30,069 - INFO - 
=== 测试 add_and_parse_document 接口 ===
2025-11-10 15:54:30,070 - DEBUG - Starting new HTTP connection (1): 127.0.0.1:35253
2025-11-10 15:54:30,074 - DEBUG - http://127.0.0.1:35253 "POST /upload HTTP/11" 200 19
2025-11-10 15:54:30,075 - INFO - 成功创建会话，upload_id: 4080707306541634309
2025-11-10 15:54:30,077 - DEBUG - Starting new HTTP connection (1): 127.0.0.1:35253
2025-11-10 15:54:30,081 - DEBUG - http://127.0.0.1:35253 "GET /query?fileData=4080707306541634309 HTTP/11" 200 None
2025-11-10 15:54:30,157 - INFO - jobId: 63
2025-11-10 15:54:30,201 - INFO - sessionID: 1aa6c5bf-f8b7-4cd3-afbf-84c01f9fba16
2025-11-10 15:54:30,214 - INFO - 准备上传并解析 2 个文件: ['C:\\Users\\XiaoXinPro 16 IAH\\Desktop\\LRIA_llm_eval\\eval\\Quantum_Bvt_20251110\\bvtfiles\\2403.19401.pdf', 'C:\\Users\\XiaoXinPro 16 IAH\\Desktop\\LRIA_llm_eval\\eval\\Quantum_Bvt_20251110\\bvtfiles\\3nql1cs15r8aviz39pth2bpsr4zvy1.txt']
2025-11-10 15:54:30,214 - INFO - {'command': 'document', 'data': {'text': '{"action": "add_and_parse", "body": {"doc_paths": ["C:\\\\Users\\\\XiaoXinPro 16 IAH\\\\Desktop\\\\LRIA_llm_eval\\\\eval\\\\Quantum_Bvt_20251110\\\\bvtfiles\\\\2403.19401.pdf", "C:\\\\Users\\\\XiaoXinPro 16 IAH\\\\Desktop\\\\LRIA_llm_eval\\\\eval\\\\Quantum_Bvt_20251110\\\\bvtfiles\\\\3nql1cs15r8aviz39pth2bpsr4zvy1.txt"]}}'}}
2025-11-10 15:54:30,217 - DEBUG - Starting new HTTP connection (1): 127.0.0.1:35253
2025-11-10 15:54:30,223 - DEBUG - http://127.0.0.1:35253 "POST /upload HTTP/11" 200 20
2025-11-10 15:54:30,224 - INFO - 成功上传并解析文档，upload_id: -8829576353760851821
2025-11-10 15:54:30,225 - INFO - 开始时间: 2025-11-10 15:54:30.224
2025-11-10 15:54:30,227 - DEBUG - Starting new HTTP connection (1): 127.0.0.1:35253
2025-11-10 15:54:30,258 - DEBUG - http://127.0.0.1:35253 "GET /query?fileData=-8829576353760851821 HTTP/11" 200 None
2025-11-10 15:54:30,479 - INFO - 响应时间: 0.26秒
2025-11-10 15:54:30,479 - INFO - DEBUG: 添加测试结果 - 接口: add_and_parse_document, 响应时间: 0.26
2025-11-10 15:54:30,501 - INFO - ✅ 已写入测试结果: add_and_parse_document
2025-11-10 15:54:30,501 - INFO - 
=== 测试 parse_document 接口 ===
2025-11-10 15:54:30,502 - INFO - {'command': 'document', 'data': {'text': '{"action": "list", "body": {"folder_path": ""}}'}}
2025-11-10 15:54:30,504 - DEBUG - Starting new HTTP connection (1): 127.0.0.1:35253
2025-11-10 15:54:30,509 - DEBUG - http://127.0.0.1:35253 "POST /upload HTTP/11" 200 20
2025-11-10 15:54:30,509 - INFO - 成功获取文档列表，upload_id: -5636616688208640247
2025-11-10 15:54:30,511 - INFO - 开始时间: 2025-11-10 15:54:30.511
2025-11-10 15:54:30,512 - DEBUG - Starting new HTTP connection (1): 127.0.0.1:35253
2025-11-10 15:54:30,540 - DEBUG - http://127.0.0.1:35253 "GET /query?fileData=-5636616688208640247 HTTP/11" 200 None
2025-11-10 15:54:30,692 - INFO - 响应时间: 0.18秒
2025-11-10 15:54:30,692 - INFO - 第1次尝试，获取到的result_text: {"jobId":65,"status":"complete","data":{"text":"[{\"createTime\":\"2025-11-10T15:52:22.597\",\"description\":\"This paper investigates the computational hardness of learning Boolean functions from label proportions (LLP), an increasingly relevant machine learning paradigm where only aggregate label information over subsets (bags) of instances is available, generalizing traditional PAC learning. The authors prove several hardness results for LLP: (1) It is NP-hard to find a constant-clause CNF (including ORs) that satisfies any constant-fraction of bags of size at most 2, even when all bags are consistent with an OR function; this contrasts with prior approximation algorithms for halfspaces. (2) It is NP-hard to satisfy more than a (1/2 + δ)-fraction of such bags using constant-size DNF formulas. (3) For parity functions, it is NP-hard to satisfy more than (q / 2^{q-1} + δ)-fraction of the bags of size up to q using a parity function, with the best achievable approximation factor via a randomized algorithm being 1/2^{q-2}. These results show qualitative differences between LLP and PAC learning—the problems are tractable in PAC but intractable in LLP for these classes. The paper uses reductions from known Label Cover problems and applies probabilistic and algebraic techniques to establish tight inapproximability bounds. LLP is motivated by privacy, reduced labeling costs, and applications like medical image analysis. The work highlights fundamental barriers in learning Boolean functions when only label proportions are given, and provides benchmarks for algorithmic progress in LLP.\",\"docName\":\"2403.19401\",\"editTime\":\"2025-11-10T15:53:22.834\",\"fileName\":\"2403.19401.pdf\",\"folder\":\"C:\\\\Users\\\\XiaoXinPro 16 IAH\\\\Desktop\\\\LRIA_llm_eval\\\\eval\\\\Quantum_Bvt_20251110\\\\bvtfiles\",\"id\":1987790421895548928,\"isDeleted\":0,\"isTmpFile\":false,\"labelNameList\":[\"Technology\",\"Data Analysis\",\"Research Paper\"],\"lastModifyTime\":\"2025-09-17T09:45:00\",\"md5\":\"4ff6ba88616fcf7a71d1dca6c9adc14c\",\"path\":\"C:\\\\Users\\\\XiaoXinPro 16 IAH\\\\Desktop\\\\LRIA_llm_eval\\\\eval\\\\Quantum_Bvt_20251110\\\\bvtfiles\\\\2403.19401.pdf\",\"previewPath\":\"c:\\\\users\\\\xiaoxinpro 16 iah\\\\documents\\\\qtcore\\\\pdffile\\\\5a8b97086ee1c90294e728121903432b.pdf\",\"priority\":1,\"score\":0.0,\"status\":\"COMPLETED\",\"tokenNum\":14092,\"uriPath\":\"\"},{\"createTime\":\"2025-11-10T15:52:22.630\",\"description\":\"A One Day International (ODI) is a limited overs cricket match played between two international teams, typically with each side facing 50 overs. The format is used for high-profile tournaments like the Cricket World Cup and represents the highest standard of List A cricket. ODIs originated in 1971 when a Test match between Australia and England was abandoned due to rain, leading to a one-off game of 40 eight-ball overs, with Australia winning by 5 wickets. Initially, ODIs were played in white kits with a red ball. Significant changes occurred in the late 1970s, driven by Kerry Packer's World Series Cricket, which introduced coloured uniforms, nighttime matches under floodlights, white balls, and enhanced television coverage with multiple cameras and on-screen graphics. The first match with coloured uniforms was held in 1979. These innovations transformed the game, with players becoming full-time professionals, and coloured kits with white balls eventually becoming the ODI standard after 2001.\",\"docName\":\"3nql1cs15r8aviz39pth2bpsr4zvy1\",\"editTime\":\"2025-11-10T15:53:22.834\",\"fileName\":\"3nql1cs15r8aviz39pth2bpsr4zvy1.txt\",\"folder\":\"C:\\\\Users\\\\XiaoXinPro 16 IAH\\\\Desktop\\\\LRIA_llm_eval\\\\eval\\\\Quantum_Bvt_20251110\\\\bvtfiles\",\"id\":1987790422033960960,\"isDeleted\":0,\"isTmpFile\":false,\"labelNameList\":[\"Sport\",\"Informational\",\"History\"],\"lastModifyTime\":\"2025-09-17T09:45:00\",\"md5\":\"da0c0f7162b267cca0de596df4c40c56\",\"path\":\"C:\\\\Users\\\\XiaoXinPro 16 IAH\\\\Desktop\\\\LRIA_llm_eval\\\\eval\\\\Quantum_Bvt_20251110\\\\bvtfiles\\\\3nql1cs15r8aviz39pth2bpsr4zvy1.txt\",\"previewPath\":\"c:\\\\users\\\\xiaoxinpro 16 iah\\\\documents\\\\qtcore\\\\pdffile\\\\ba50ed51f6b7714754652a80ab62df56.pdf\",\"priority\":2,\"score\":0.0,\"status\":\"COMPLETED\",\"tokenNum\":402,\"uriPath\":\"\"},{\"createTime\":\"2025-11-10T15:52:22.650\",\"description\":\"The document discusses psychological identity, emphasizing self-image, self-esteem, and individuality. Weinreich defines identity as the totality of one’s self-construal, connecting past, present, and future self-perceptions, and extending this to aspects like ethnic identity. The complexity of describing identity for individuals and groups is highlighted, taking into account both unique characteristics and group memberships, which can vary with circumstance. Drawing on theorists like Kelly, Erikson, and Tajfel, Weinreich’s Identity Structure Analysis (ISA) is introduced as a structural approach to represent individual existential experience. ISA focuses on how relationships between self and others are organized within socio-cultural contexts and over time. It uses constructs from individual, group, and cultural discourses to map the individual's appraisal of self, others, and institutions. The methodology operationalizes these concepts so that identity can be assessed through the situated self’s interactions across different contexts.\",\"docName\":\"3u84xhcdicdb6vqtlfud7syhj444z2\",\"editTime\":\"2025-11-10T15:53:26.485\",\"fileName\":\"3u84xhcdicdb6vqtlfud7syhj444z2.txt\",\"folder\":\"C:\\\\Users\\\\XiaoXinPro 16 IAH\\\\Desktop\\\\LRIA_llm_eval\\\\eval\\\\Quantum_Bvt_20251110\\\\bvtfiles\",\"id\":1987790422117847040,\"isDeleted\":0,\"isTmpFile\":false,\"labelNameList\":[\"Research Paper\",\"Informational\",\"Science\"],\"lastModifyTime\":\"2025-09-17T09:45:00\",\"md5\":\"a80f0ad4af9fd250a462680c85e6fbf0\",\"path\":\"C:\\\\Users\\\\XiaoXinPro 16 IAH\\\\Desktop\\\\LRIA_llm_eval\\\\eval\\\\Quantum_Bvt_20251110\\\\bvtfiles\\\\3u84xhcdicdb6vqtlfud7syhj444z2.txt\",\"previewPath\":\"c:\\\\users\\\\xiaoxinpro 16 iah\\\\documents\\\\qtcore\\\\pdffile\\\\044561594142e2ef357c9fbbdfaf4af5.pdf\",\"priority\":3,\"score\":0.0,\"status\":\"COMPLETED\",\"tokenNum\":414,\"uriPath\":\"\"},{\"createTime\":\"2025-11-10T15:52:22.668\",\"description\":\"In Chapter XVIII, Archie is ordered to assist the Earl and a sizeable group of men-at-arms in searching for Bruce, whose location was revealed by a traitor. Archie, though reluctant, prepares the hound, Hector, for the hunt and considers drastic measures to protect Bruce if they get too close. The party, led by the traitorous peasant, travels five miles into the hills to a hut where Bruce had recently stayed. Upon arrival, Hector becomes energetic and excited, eagerly sniffing around before picking up Bruce's trail. The hound’s pursuit is intense, forcing Archie to struggle to keep pace while the Earl and his knights follow at a slight distance with their men-at-arms. Archie warns the Earl that the noise from the horses and the knights’ equipment agitates the hound further, making him harder to control. The tense search unfolds with Archie contemplating escape should the situation demand it, given the formidable presence of mounted pursuers.\",\"docName\":\"3z3zlgnnsiuha76yy56h6uu71bh3q1\",\"editTime\":\"2025-11-10T15:53:29.649\",\"fileName\":\"3z3zlgnnsiuha76yy56h6uu71bh3q1.txt\",\"folder\":\"C:\\\\Users\\\\XiaoXinPro 16 IAH\\\\Desktop\\\\LRIA_llm_eval\\\\eval\\\\Quantum_Bvt_20251110\\\\bvtfiles\",\"id\":1987790422193344512,\"isDeleted\":0,\"isTmpFile\":false,\"labelNameList\":[\"Informational\",\"History\",\"Report\"],\"lastModifyTime\":\"2025-09-17T09:45:00\",\"md5\":\"bb28043dd606535bdcaf1ee30346b0f9\",\"path\":\"C:\\\\Users\\\\XiaoXinPro 16 IAH\\\\Desktop\\\\LRIA_llm_eval\\\\eval\\\\Quantum_Bvt_20251110\\\\bvtfiles\\\\3z3zlgnnsiuha76yy56h6uu71bh3q1.txt\",\"previewPath\":\"c:\\\\users\\\\xiaoxinpro 16 iah\\\\documents\\\\qtcore\\\\pdffile\\\\c5016b94612aaf89641b2e6895248f70.pdf\",\"priority\":4,\"score\":0.0,\"status\":\"COMPLETED\",\"tokenNum\":326,\"uriPath\":\"\"},{\"createTime\":\"2025-11-10T15:52:22.688\",\"description\":\"This document outlines the design of an AI Face Algorithm Evaluation Method, focusing on test set collection and variable matrices. It specifies head movement variables—pitch (up/down), yaw (left/right), and roll (clockwise/counterclockwise)—each with specified movement angles and data rates, as well as facial movements including mouth, eyes, and eyebrows, and associated conditions. Light exposure is detailed into weak, medium, strong, and uneven categories to account for optical flow variability. Horizontal head movement is included, with both left and right motion measured. Data is gathered using a laptop camera and Ruifeng's collection tool, using input video as both the driving video and ground truth; specific images are used as source images. Evaluation involves comparing driving and output videos. The protocol requires 70 videos (minimum 5 seconds each), with 10 videos per variable and targeting multiple participants, with at least 7 represented overall. The data rate defines each video’s contribution per variable. Emphasis is placed on collecting a diverse and representative dataset for robust algorithm assessment.\",\"docName\":\"AI_Face_Test_Set_Collection_Method_Design\",\"editTime\":\"2025-11-10T15:53:44.023\",\"fileName\":\"AI_Face_Test_Set_Collection_Method_Design.pptx\",\"folder\":\"C:\\\\Users\\\\XiaoXinPro 16 IAH\\\\Desktop\\\\LRIA_llm_eval\\\\eval\\\\Quantum_Bvt_20251110\\\\bvtfiles\",\"id\":1987790422277230592,\"isDeleted\":0,\"isTmpFile\":false,\"labelNameList\":[\"Technology\",\"Data Analysis\",\"Specifications\"],\"lastModifyTime\":\"2025-09-17T09:46:00\",\"md5\":\"b0f396e7936e0f6192cd880927e8e74b\",\"path\":\"C:\\\\Users\\\\XiaoXinPro 16 IAH\\\\Desktop\\\\LRIA_llm_eval\\\\eval\\\\Quantum_Bvt_20251110\\\\bvtfiles\\\\AI_Face_Test_Set_Collection_Method_Design.pptx\",\"previewPath\":\"c:\\\\users\\\\xiaoxinpro 16 iah\\\\documents\\\\qtcore\\\\pdffile\\\\c85631aabec673dabeda2b80233b5341.pdf\",\"priority\":5,\"score\":0.0,\"status\":\"COMPLETED\",\"tokenNum\":432,\"uriPath\":\"\"},{\"createTime\":\"2025-11-10T15:52:22.707\",\"description\":\"This document introduces Linear Programming (LP), outlining its definition, history, methods of solution, and approaches for testing LP solvers. LP involves optimizing a linear objective function based on decision variables subject to linear constraints, creating a convex polyhedral feasible domain where the optimal value is found at domain vertices. Mixed-Integer Programs (MIP) are also defined, and methods like branch-and-bound are discussed. Historically, LP originated with G.B. Dantzig in 1947, with subsequent developments by Kantorovich, Koopmans (who won the Nobel Prize for resource allocation theory), Khachian (Ellipsoid Method), and Karmarkar (Interior-Point Method). Solutions to LP problems use enumeration, Simplex, and Interior-Point methods, with the latter providing polynomial-time solutions for large-scale problems. LP solver testing utilizes both benchmark and self-built test sets, evaluating problems with different constraint and variable structures, including unique feasible, infinite, infeasible, and unbounded cases. Example benchmark instances include AGG, BANDM, BOEING1, and others recorded with details such as rows, columns, nonzeros, bytes, and optimal values. Testing criteria encompass various coefficient scales, constraints, bounds, degeneracy, contradiction, and unboundedness.\",\"docName\":\"A_brief_introduction_of_LP_liutao21_20220615\",\"editTime\":\"2025-11-10T15:53:58.811\",\"fileName\":\"A_brief_introduction_of_LP_liutao21_20220615.pptx\",\"folder\":\"C:\\\\Users\\\\XiaoXinPro 16 IAH\\\\Desktop\\\\LRIA_llm_eval\\\\eval\\\\Quantum_Bvt_20251110\\\\bvtfiles\",\"id\":1987790422356922368,\"isDeleted\":0,\"isTmpFile\":false,\"labelNameList\":[\"Technology\",\"Data Analysis\",\"Informational\"],\"lastModifyTime\":\"2025-09-17T09:46:00\",\"md5\":\"0dbb2532524843af54fb3388b7bf3381\",\"path\":\"C:\\\\Users\\\\XiaoXinPro 16 IAH\\\\Desktop\\\\LRIA_llm_eval\\\\eval\\\\Quantum_Bvt_20251110\\\\bvtfiles\\\\A_brief_introduction_of_LP_liutao21_20220615.pptx\",\"previewPath\":\"c:\\\\users\\\\xiaoxinpro 16 iah\\\\documents\\\\qtcore\\\\pdffile\\\\236ffb1926cb5ac1cef47fd4707ea1f7.pdf\",\"priority\":6,\"score\":0.0,\"status\":\"COMPLETED\",\"tokenNum\":1297,\"uriPath\":\"\"},{\"createTime\":\"2025-11-10T15:52:22.764\",\"description\":\"This document provides an overview of the historical, social, and linguistic development of Belfast and its English dialect. Founded in 1603, Belfast's population grew significantly in the 19th century due to the Great Famine and industrialisation, notably in linen production and ship-building. The linguistic landscape of Belfast English is shaped by influences from western Scotland and northern England, alongside local features. Sociolinguistic investigations by James and Lesley Milroy from the 1970s onward highlight the importance of social networks, where dense, multiplex connections among working-class groups reinforce distinct vernacular norms, while middle-class, loosely-knit networks are more receptive to standard forms. Studies focus on three specific areas—Ballymacarrett, Hammer, and Clonard—revealing phonological variations tied to network strength, class, and gender. Key features examined include palatalisation, dental realisation of /t/, raising of /a/, and the use of (ʌ). Milroy's work underscores the interplay between standard and vernacular norms and the role of social structure in language variation and change. Extensive references point to historical and sociolinguistic research on Belfast English.\",\"docName\":\"Belfast-English\",\"editTime\":\"2025-11-10T15:54:14.669\",\"fileName\":\"Belfast-English.docx\",\"folder\":\"C:\\\\Users\\\\XiaoXinPro 16 IAH\\\\Desktop\\\\LRIA_llm_eval\\\\eval\\\\Quantum_Bvt_20251110\\\\bvtfiles\",\"id\":1987790422595997696,\"isDeleted\":0,\"isTmpFile\":false,\"labelNameList\":[\"Data Analysis\",\"Research Paper\",\"History\"],\"lastModifyTime\":\"2025-09-17T09:45:00\",\"md5\":\"3193e699ffa92db332ae31a9fb1d3cb4\",\"path\":\"C:\\\\Users\\\\XiaoXinPro 16 IAH\\\\Desktop\\\\LRIA_llm_eval\\\\eval\\\\Quantum_Bvt_20251110\\\\bvtfiles\\\\Belfast-English.docx\",\"previewPath\":\"c:\\\\users\\\\xiaoxinpro 16 iah\\\\documents\\\\qtcore\\\\pdffile\\\\5cade3e91fc5bb369bf72f47d2614c67.pdf\",\"priority\":7,\"score\":0.0,\"status\":\"COMPLETED\",\"tokenNum\":2989,\"uriPath\":\"\"},{\"createTime\":\"2025-11-10T15:52:22.784\",\"description\":\"This document explores the food culture of Britain, focusing primarily on England's culinary history, daily eating habits, and etiquette. British cuisine has been shaped by various influences, including the Romans, Saxons, Vikings, Normans, and global trade, with imported ingredients and techniques enriching traditional dishes. Historic foods like roast beef, Yorkshire pudding, and steak and kidney pie are still associated with Britain, but modern British cuisine incorporates global flavors such as curry, pasta, and rice. Typical meals include a simplified breakfast (cereal, toast, coffee), packed lunches (sandwich, crisps, fruit), and dinners centered around 'meat and two vegetables,' though these customs are evolving. Eating etiquette is emphasized, notably using cutlery for most foods, polite interactions at meals, and specific rules for formal and informal dining. Common etiquette includes waiting for the host, expressing thanks when served, and observing proper table manners, while certain behaviors (licking knives, chewing with mouth open, elbows on table) are discouraged. Understanding these practices offers deeper insight into British society and facilitates cross-cultural communication.\",\"docName\":\"British-Food-Culture\",\"editTime\":\"2025-11-10T15:54:27.588\",\"fileName\":\"British-Food-Culture.doc\",\"folder\":\"C:\\\\Users\\\\XiaoXinPro 16 IAH\\\\Desktop\\\\LRIA_llm_eval\\\\eval\\\\Quantum_Bvt_20251110\\\\bvtfiles\",\"id\":1987790422679883776,\"isDeleted\":0,\"isTmpFile\":false,\"labelNameList\":[\"Informational\",\"History\",\"Culture\"],\"lastModifyTime\":\"2025-09-17T09:45:00\",\"md5\":\"435798f1c3377c7f5b71e18d733ca579\",\"path\":\"C:\\\\Users\\\\XiaoXinPro 16 IAH\\\\Desktop\\\\LRIA_llm_eval\\\\eval\\\\Quantum_Bvt_20251110\\\\bvtfiles\\\\British-Food-Culture.doc\",\"previewPath\":\"c:\\\\users\\\\xiaoxinpro 16 iah\\\\documents\\\\qtcore\\\\pdffile\\\\61d63ff49451e1786483f8ec232e7b6f.pdf\",\"priority\":8,\"score\":0.0,\"status\":\"COMPLETED\",\"tokenNum\":2009,\"uriPath\":\"\"},{\"createTime\":\"2025-11-10T15:52:22.803\",\"description\":\"\",\"docName\":\"Netflix Becomes a Broadway Producer With Peter Morgan’s Patriots\",\"editTime\":\"2025-11-10T15:54:29.679\",\"fileName\":\"Netflix Becomes a Broadway Producer With Peter Morgan’s Patriots.txt\",\"folder\":\"C:\\\\Users\\\\XiaoXinPro 16 IAH\\\\Desktop\\\\LRIA_llm_eval\\\\eval\\\\Quantum_Bvt_20251110\\\\bvtfiles\",\"id\":1987790422759575552,\"isDeleted\":0,\"isTmpFile\":false,\"labelNameList\":[],\"lastModifyTime\":\"2025-09-17T09:46:00\",\"md5\":\"ab84c46eaa62a18048fb0241446da4ca\",\"path\":\"C:\\\\Users\\\\XiaoXinPro 16 IAH\\\\Desktop\\\\LRIA_llm_eval\\\\eval\\\\Quantum_Bvt_20251110\\\\bvtfiles\\\\Netflix Becomes a Broadway Producer With Peter Morgan’s Patriots.txt\",\"previewPath\":\"c:\\\\users\\\\xiaoxinpro 16 iah\\\\documents\\\\qtcore\\\\pdffile\\\\9eccfc1d5808a76e39a50a016a7a47d2.pdf\",\"priority\":9,\"score\":0.0,\"status\":\"COMPLETED\",\"tokenNum\":930,\"uriPath\":\"\"}]"}}
2025-11-10 15:54:30,695 - INFO - 文档数量: 9
2025-11-10 15:54:30,695 - INFO - 第1个文档状态: COMPLETED
2025-11-10 15:54:30,696 - INFO - 第2个文档状态: COMPLETED
2025-11-10 15:54:30,696 - INFO - 第3个文档状态: COMPLETED
2025-11-10 15:54:30,697 - INFO - 第4个文档状态: COMPLETED
2025-11-10 15:54:30,697 - INFO - 第5个文档状态: COMPLETED
2025-11-10 15:54:30,698 - INFO - 第6个文档状态: COMPLETED
2025-11-10 15:54:30,698 - INFO - 第7个文档状态: COMPLETED
2025-11-10 15:54:30,699 - INFO - 第8个文档状态: COMPLETED
2025-11-10 15:54:30,699 - INFO - 第9个文档状态: COMPLETED
2025-11-10 15:54:30,700 - INFO - 所有文档解析完成
2025-11-10 15:54:30,700 - INFO - 文档ID列表: [1987790421895548928, 1987790422033960960, 1987790422117847040, 1987790422193344512, 1987790422277230592, 1987790422356922368, 1987790422595997696, 1987790422679883776, 1987790422759575552]
2025-11-10 15:54:30,701 - INFO - {'command': 'document', 'data': {'text': '{"action": "parse", "body": {"doc_ids": [1987790421895548928, 1987790422033960960]}}'}}
2025-11-10 15:54:30,702 - DEBUG - Starting new HTTP connection (1): 127.0.0.1:35253
2025-11-10 15:54:30,705 - DEBUG - http://127.0.0.1:35253 "POST /upload HTTP/11" 200 19
2025-11-10 15:54:30,706 - INFO - 成功发送解析请求，upload_id: 8036288993705435865
2025-11-10 15:54:30,706 - INFO - 开始时间: 2025-11-10 15:54:30.706
2025-11-10 15:54:30,708 - DEBUG - Starting new HTTP connection (1): 127.0.0.1:35253
2025-11-10 15:54:30,712 - DEBUG - http://127.0.0.1:35253 "GET /query?fileData=8036288993705435865 HTTP/11" 200 None
2025-11-10 15:54:30,844 - INFO - 响应时间: 0.14秒
2025-11-10 15:54:30,845 - INFO - DEBUG: 添加测试结果 - 接口: parse_document, 响应时间: 0.14
2025-11-10 15:54:30,874 - INFO - ✅ 已写入测试结果: parse_document
2025-11-10 15:54:30,874 - INFO - 
=== 测试 query 接口 ===
2025-11-10 15:54:30,876 - DEBUG - Starting new HTTP connection (1): 127.0.0.1:35253
2025-11-10 15:54:30,881 - DEBUG - http://127.0.0.1:35253 "POST /upload HTTP/11" 200 19
2025-11-10 15:54:30,882 - INFO - 成功创建会话，upload_id: 6131021226703131149
2025-11-10 15:54:30,884 - DEBUG - Starting new HTTP connection (1): 127.0.0.1:35253
2025-11-10 15:54:30,895 - DEBUG - http://127.0.0.1:35253 "GET /query?fileData=6131021226703131149 HTTP/11" 200 None
2025-11-10 15:54:30,975 - INFO - jobId: 67
2025-11-10 15:54:31,019 - INFO - sessionID: 844a01e9-0d3e-40ca-8e83-fed238376b22
2025-11-10 15:54:31,020 - INFO - {'command': 'query', 'sessionId': '844a01e9-0d3e-40ca-8e83-fed238376b22', 'data': {'text': '{"query": "hi", "handler": "aaitc-graph-brain", "modelName": "gpt", "modelVersion": "gpt-4.1"}'}}
2025-11-10 15:54:31,022 - DEBUG - Starting new HTTP connection (1): 127.0.0.1:35253
2025-11-10 15:54:31,027 - DEBUG - http://127.0.0.1:35253 "POST /upload HTTP/11" 200 20
2025-11-10 15:54:31,028 - INFO - 成功发送查询请求，upload_id: -3712266934884359694
2025-11-10 15:54:31,029 - INFO - 开始时间: 2025-11-10 15:54:31.028
2025-11-10 15:54:31,030 - DEBUG - Starting new HTTP connection (1): 127.0.0.1:35253
2025-11-10 15:54:31,068 - DEBUG - http://127.0.0.1:35253 "GET /query?fileData=-3712266934884359694 HTTP/11" 200 None
2025-11-10 15:54:32,870 - INFO - 响应时间: 1.84秒
2025-11-10 15:54:32,871 - INFO - DEBUG: 添加测试结果 - 接口: query, 响应时间: 1.84
2025-11-10 15:54:32,896 - INFO - ✅ 已写入测试结果: query
2025-11-10 15:54:32,896 - INFO - 
==================================bvtcaserun======================================
2025-11-10 15:54:32,946 - INFO - 
执行第 1 条查询: You are an AI assistant designed to help me understand and describe the content of an image, and the description needs to focus on the instance counting aspect. You should: 1. provide a detailed and complete description of the image content, taking care to include the key elements of the image or diagram. 2. take care to summarize it in sentences of no more than 200 words, and not overly long. 3. speak only English. 4. Please avoid using any explanatory language beyond what is clearly shown.
2025-11-10 15:54:32,947 - DEBUG - Starting new HTTP connection (1): 127.0.0.1:35253
2025-11-10 15:54:32,952 - DEBUG - http://127.0.0.1:35253 "POST /upload HTTP/11" 200 20
2025-11-10 15:54:32,953 - INFO - 成功创建会话，upload_id: -6362441913329577981
2025-11-10 15:54:32,955 - DEBUG - Starting new HTTP connection (1): 127.0.0.1:35253
2025-11-10 15:54:32,962 - DEBUG - http://127.0.0.1:35253 "GET /query?fileData=-6362441913329577981 HTTP/11" 200 None
2025-11-10 15:54:33,050 - INFO - jobId: 69
2025-11-10 15:54:33,100 - INFO - sessionID: 37e92ca1-6a32-4bc6-9f5f-c27d95d15bda
2025-11-10 15:54:33,174 - INFO - 文件路径: ['C:\\Users\\XiaoXinPro 16 IAH\\Desktop\\LRIA_llm_eval\\eval\\Quantum_Bvt_20251110\\images\\Detail Captioning\\LeAI-DetailCaption\\029.pdf']
2025-11-10 15:54:33,174 - INFO - {'command': 'query', 'sessionId': '37e92ca1-6a32-4bc6-9f5f-c27d95d15bda', 'data': {'text': '{"query": "You are an AI assistant designed to help me understand and describe the content of an image, and the description needs to focus on the instance counting aspect. You should: 1. provide a detailed and complete description of the image content, taking care to include the key elements of the image or diagram. 2. take care to summarize it in sentences of no more than 200 words, and not overly long. 3. speak only English. 4. Please avoid using any explanatory language beyond what is clearly shown.", "handler": "aaitc-graph-brain", "modelName": "gpt", "modelVersion": "gpt-4.1"}', 'uri': ['C:\\Users\\XiaoXinPro 16 IAH\\Desktop\\LRIA_llm_eval\\eval\\Quantum_Bvt_20251110\\images\\Detail Captioning\\LeAI-DetailCaption\\029.pdf']}}
2025-11-10 15:54:33,176 - DEBUG - Starting new HTTP connection (1): 127.0.0.1:35253
2025-11-10 15:54:33,181 - DEBUG - http://127.0.0.1:35253 "POST /upload HTTP/11" 200 19
2025-11-10 15:54:33,182 - INFO - 成功发送查询请求，upload_id: 2729943927439403207
2025-11-10 15:54:33,182 - INFO - 开始时间: 2025-11-10 15:54:33.182
2025-11-10 15:54:33,184 - DEBUG - Starting new HTTP connection (1): 127.0.0.1:35253
2025-11-10 15:54:33,201 - DEBUG - http://127.0.0.1:35253 "GET /query?fileData=2729943927439403207 HTTP/11" 200 None
2025-11-10 15:54:51,409 - INFO - 响应时间: 18.23秒
2025-11-10 15:54:51,409 - INFO - DEBUG: 添加测试结果 - 接口: query_batch_1, 响应时间: 18.23
2025-11-10 15:54:51,449 - INFO - ✅ 已写入测试结果: query_batch_1
2025-11-10 15:54:51,450 - INFO - 
执行第 2 条查询: You are an AI assistant designed to help me understand and describe the content of an image, and the description needs to focus on the landmark_recognition aspect. You should: 1. provide a detailed and complete description of the image content, taking care to include the key elements of the image or diagram. 2. take care to summarize it in sentences of no more than 200 words, and not overly long. 3. speak only English. 4. Please avoid using any explanatory language beyond what is clearly shown.
2025-11-10 15:54:51,452 - DEBUG - Starting new HTTP connection (1): 127.0.0.1:35253
2025-11-10 15:54:51,457 - DEBUG - http://127.0.0.1:35253 "POST /upload HTTP/11" 200 20
2025-11-10 15:54:51,457 - INFO - 成功创建会话，upload_id: -2745420049661601293
2025-11-10 15:54:51,459 - DEBUG - Starting new HTTP connection (1): 127.0.0.1:35253
2025-11-10 15:54:51,472 - DEBUG - http://127.0.0.1:35253 "GET /query?fileData=-2745420049661601293 HTTP/11" 200 None
2025-11-10 15:54:51,551 - INFO - jobId: 71
2025-11-10 15:54:51,614 - INFO - sessionID: ba1ee5e4-0394-446d-b86a-35a2d32029dd
2025-11-10 15:54:51,648 - INFO - 文件路径: ['C:\\Users\\XiaoXinPro 16 IAH\\Desktop\\LRIA_llm_eval\\eval\\Quantum_Bvt_20251110\\images\\Detail Captioning\\LeAI-DetailCaption\\003.jpg']
2025-11-10 15:54:51,650 - INFO - {'command': 'query', 'sessionId': 'ba1ee5e4-0394-446d-b86a-35a2d32029dd', 'data': {'text': '{"query": "You are an AI assistant designed to help me understand and describe the content of an image, and the description needs to focus on the landmark_recognition aspect. You should: 1. provide a detailed and complete description of the image content, taking care to include the key elements of the image or diagram. 2. take care to summarize it in sentences of no more than 200 words, and not overly long. 3. speak only English. 4. Please avoid using any explanatory language beyond what is clearly shown.", "handler": "aaitc-graph-brain", "modelName": "gpt", "modelVersion": "gpt-4.1"}', 'uri': ['C:\\Users\\XiaoXinPro 16 IAH\\Desktop\\LRIA_llm_eval\\eval\\Quantum_Bvt_20251110\\images\\Detail Captioning\\LeAI-DetailCaption\\003.jpg']}}
2025-11-10 15:54:51,652 - DEBUG - Starting new HTTP connection (1): 127.0.0.1:35253
2025-11-10 15:54:51,660 - DEBUG - http://127.0.0.1:35253 "POST /upload HTTP/11" 200 20
2025-11-10 15:54:51,662 - INFO - 成功发送查询请求，upload_id: -4106847275291127735
2025-11-10 15:54:51,663 - INFO - 开始时间: 2025-11-10 15:54:51.663
2025-11-10 15:54:51,664 - DEBUG - Starting new HTTP connection (1): 127.0.0.1:35253
2025-11-10 15:54:51,694 - DEBUG - http://127.0.0.1:35253 "GET /query?fileData=-4106847275291127735 HTTP/11" 200 None
2025-11-10 15:55:07,956 - INFO - 响应时间: 16.29秒
2025-11-10 15:55:07,957 - INFO - DEBUG: 添加测试结果 - 接口: query_batch_2, 响应时间: 16.29
2025-11-10 15:55:08,006 - INFO - ✅ 已写入测试结果: query_batch_2
2025-11-10 15:55:08,007 - INFO - 
执行第 3 条查询: You are an AI assistant designed to help me understand and describe the content of an image, and the description needs to focus on the image_color aspect. You should: 1. provide a detailed and complete description of the image content, taking care to include the key elements of the image or diagram. 2. take care to summarize it in sentences of no more than 200 words, and not overly long. 3. speak only English. 4. Please avoid using any explanatory language beyond what is clearly shown.
2025-11-10 15:55:08,009 - DEBUG - Starting new HTTP connection (1): 127.0.0.1:35253
2025-11-10 15:55:08,014 - DEBUG - http://127.0.0.1:35253 "POST /upload HTTP/11" 200 20
2025-11-10 15:55:08,015 - INFO - 成功创建会话，upload_id: -1016537159176123475
2025-11-10 15:55:08,016 - DEBUG - Starting new HTTP connection (1): 127.0.0.1:35253
2025-11-10 15:55:08,029 - DEBUG - http://127.0.0.1:35253 "GET /query?fileData=-1016537159176123475 HTTP/11" 200 None
2025-11-10 15:55:08,163 - INFO - jobId: 73
2025-11-10 15:55:08,205 - INFO - sessionID: 8ae2644f-b0d5-4775-8fe2-7f7006335805
2025-11-10 15:55:08,206 - INFO - {'command': 'query', 'sessionId': '8ae2644f-b0d5-4775-8fe2-7f7006335805', 'data': {'text': '{"query": "You are an AI assistant designed to help me understand and describe the content of an image, and the description needs to focus on the image_color aspect. You should: 1. provide a detailed and complete description of the image content, taking care to include the key elements of the image or diagram. 2. take care to summarize it in sentences of no more than 200 words, and not overly long. 3. speak only English. 4. Please avoid using any explanatory language beyond what is clearly shown.", "handler": "aaitc-graph-brain", "modelName": "gpt", "modelVersion": "gpt-4.1"}'}}
2025-11-10 15:55:08,207 - DEBUG - Starting new HTTP connection (1): 127.0.0.1:35253
2025-11-10 15:55:08,211 - DEBUG - http://127.0.0.1:35253 "POST /upload HTTP/11" 200 20
2025-11-10 15:55:08,211 - INFO - 成功发送查询请求，upload_id: -3836712312286514658
2025-11-10 15:55:08,211 - INFO - 开始时间: 2025-11-10 15:55:08.211
2025-11-10 15:55:08,213 - DEBUG - Starting new HTTP connection (1): 127.0.0.1:35253
2025-11-10 15:55:08,247 - DEBUG - http://127.0.0.1:35253 "GET /query?fileData=-3836712312286514658 HTTP/11" 200 None
2025-11-10 15:55:18,622 - INFO - 响应时间: 10.41秒
2025-11-10 15:55:18,622 - INFO - DEBUG: 添加测试结果 - 接口: query_batch_3, 响应时间: 10.41
2025-11-10 15:55:18,651 - INFO - ✅ 已写入测试结果: query_batch_3
2025-11-10 15:55:18,652 - INFO - 
执行第 4 条查询: You are an AI assistant designed to help me understand and describe the content of an image, and the description needs to focus on the image_scene aspect. You should: 1. provide a detailed and complete description of the image content, taking care to include the key elements of the image or diagram. 2. take care to summarize it in sentences of no more than 200 words, and not overly long. 3. speak only English. 4. Please avoid using any explanatory language beyond what is clearly shown.
2025-11-10 15:55:18,653 - DEBUG - Starting new HTTP connection (1): 127.0.0.1:35253
2025-11-10 15:55:18,658 - DEBUG - http://127.0.0.1:35253 "POST /upload HTTP/11" 200 19
2025-11-10 15:55:18,658 - INFO - 成功创建会话，upload_id: 6247751816378352312
2025-11-10 15:55:18,660 - DEBUG - Starting new HTTP connection (1): 127.0.0.1:35253
2025-11-10 15:55:18,676 - DEBUG - http://127.0.0.1:35253 "GET /query?fileData=6247751816378352312 HTTP/11" 200 None
2025-11-10 15:55:18,749 - INFO - jobId: 75
2025-11-10 15:55:18,868 - INFO - sessionID: 823e42c0-317c-4e04-8d7f-8c83ff21449a
2025-11-10 15:55:19,016 - INFO - 文件路径: ['C:\\Users\\XiaoXinPro 16 IAH\\Desktop\\LRIA_llm_eval\\eval\\Quantum_Bvt_20251110\\images\\Comprehensive Evaluation\\LLaVABench\\014.jpg', 'C:\\Users\\XiaoXinPro 16 IAH\\Desktop\\LRIA_llm_eval\\eval\\Quantum_Bvt_20251110\\images\\Detail Captioning\\LeAI-DetailCaption\\005.jpg']
2025-11-10 15:55:19,017 - INFO - {'command': 'query', 'sessionId': '823e42c0-317c-4e04-8d7f-8c83ff21449a', 'data': {'text': '{"query": "You are an AI assistant designed to help me understand and describe the content of an image, and the description needs to focus on the image_scene aspect. You should: 1. provide a detailed and complete description of the image content, taking care to include the key elements of the image or diagram. 2. take care to summarize it in sentences of no more than 200 words, and not overly long. 3. speak only English. 4. Please avoid using any explanatory language beyond what is clearly shown.", "handler": "aaitc-graph-brain", "modelName": "gpt", "modelVersion": "gpt-4.1"}', 'uri': ['C:\\Users\\XiaoXinPro 16 IAH\\Desktop\\LRIA_llm_eval\\eval\\Quantum_Bvt_20251110\\images\\Comprehensive Evaluation\\LLaVABench\\014.jpg', 'C:\\Users\\XiaoXinPro 16 IAH\\Desktop\\LRIA_llm_eval\\eval\\Quantum_Bvt_20251110\\images\\Detail Captioning\\LeAI-DetailCaption\\005.jpg']}}
2025-11-10 15:55:19,019 - DEBUG - Starting new HTTP connection (1): 127.0.0.1:35253
2025-11-10 15:55:19,023 - DEBUG - http://127.0.0.1:35253 "POST /upload HTTP/11" 200 19
2025-11-10 15:55:19,024 - INFO - 成功发送查询请求，upload_id: 9082883434303062517
2025-11-10 15:55:19,024 - INFO - 开始时间: 2025-11-10 15:55:19.024
2025-11-10 15:55:19,025 - DEBUG - Starting new HTTP connection (1): 127.0.0.1:35253
2025-11-10 15:55:19,068 - DEBUG - http://127.0.0.1:35253 "GET /query?fileData=9082883434303062517 HTTP/11" 200 None
2025-11-10 15:55:38,519 - INFO - 响应时间: 19.49秒
2025-11-10 15:55:38,520 - INFO - DEBUG: 添加测试结果 - 接口: query_batch_4, 响应时间: 19.49
2025-11-10 15:55:38,583 - INFO - ✅ 已写入测试结果: query_batch_4
2025-11-10 15:55:38,583 - INFO - 
执行第 5 条查询: When was the first One Day International (ODI) cricket match played?
2025-11-10 15:55:38,585 - DEBUG - Starting new HTTP connection (1): 127.0.0.1:35253
2025-11-10 15:55:38,590 - DEBUG - http://127.0.0.1:35253 "POST /upload HTTP/11" 200 18
2025-11-10 15:55:38,591 - INFO - 成功创建会话，upload_id: 467302225492292809
2025-11-10 15:55:38,593 - DEBUG - Starting new HTTP connection (1): 127.0.0.1:35253
2025-11-10 15:55:38,599 - DEBUG - http://127.0.0.1:35253 "GET /query?fileData=467302225492292809 HTTP/11" 200 None
2025-11-10 15:55:38,787 - INFO - jobId: 77
2025-11-10 15:55:38,821 - INFO - sessionID: ff4eddab-8486-4efe-a19b-33a978fbae99
2025-11-10 15:55:38,822 - INFO - {'command': 'query', 'sessionId': 'ff4eddab-8486-4efe-a19b-33a978fbae99', 'data': {'text': '{"query": "When was the first One Day International (ODI) cricket match played?", "handler": "aaitc-graph-brain", "modelName": "gpt", "modelVersion": "gpt-4.1"}'}}
2025-11-10 15:55:38,823 - DEBUG - Starting new HTTP connection (1): 127.0.0.1:35253
2025-11-10 15:55:38,826 - DEBUG - http://127.0.0.1:35253 "POST /upload HTTP/11" 200 19
2025-11-10 15:55:38,826 - INFO - 成功发送查询请求，upload_id: 2997046660768604048
2025-11-10 15:55:38,827 - INFO - 开始时间: 2025-11-10 15:55:38.826
2025-11-10 15:55:38,828 - DEBUG - Starting new HTTP connection (1): 127.0.0.1:35253
2025-11-10 15:55:38,863 - DEBUG - http://127.0.0.1:35253 "GET /query?fileData=2997046660768604048 HTTP/11" 200 None
2025-11-10 15:55:47,915 - INFO - 响应时间: 9.09秒
2025-11-10 15:55:47,916 - INFO - DEBUG: 添加测试结果 - 接口: query_batch_5, 响应时间: 9.09
2025-11-10 15:55:47,930 - INFO - ✅ 已写入测试结果: query_batch_5
2025-11-10 15:55:47,931 - INFO - 
执行第 6 条查询: If the dog gets close to Bruce, does he intend to kill it?
2025-11-10 15:55:47,931 - DEBUG - Starting new HTTP connection (1): 127.0.0.1:35253
2025-11-10 15:55:47,935 - DEBUG - http://127.0.0.1:35253 "POST /upload HTTP/11" 200 20
2025-11-10 15:55:47,936 - INFO - 成功创建会话，upload_id: -7654395411812934299
2025-11-10 15:55:47,937 - DEBUG - Starting new HTTP connection (1): 127.0.0.1:35253
2025-11-10 15:55:47,942 - DEBUG - http://127.0.0.1:35253 "GET /query?fileData=-7654395411812934299 HTTP/11" 200 None
2025-11-10 15:55:48,019 - INFO - jobId: 79
2025-11-10 15:55:48,037 - INFO - sessionID: 41e4e439-cf5c-48df-9afd-ede2d30d88d7
2025-11-10 15:55:48,037 - INFO - {'command': 'query', 'sessionId': '41e4e439-cf5c-48df-9afd-ede2d30d88d7', 'data': {'text': '{"query": "If the dog gets close to Bruce, does he intend to kill it?", "handler": "aaitc-graph-brain", "modelName": "gpt", "modelVersion": "gpt-4.1"}'}}
2025-11-10 15:55:48,038 - DEBUG - Starting new HTTP connection (1): 127.0.0.1:35253
2025-11-10 15:55:48,041 - DEBUG - http://127.0.0.1:35253 "POST /upload HTTP/11" 200 20
2025-11-10 15:55:48,041 - INFO - 成功发送查询请求，upload_id: -2060006539954181037
2025-11-10 15:55:48,041 - INFO - 开始时间: 2025-11-10 15:55:48.041
2025-11-10 15:55:48,043 - DEBUG - Starting new HTTP connection (1): 127.0.0.1:35253
2025-11-10 15:55:48,081 - DEBUG - http://127.0.0.1:35253 "GET /query?fileData=-2060006539954181037 HTTP/11" 200 None
2025-11-10 15:55:58,031 - INFO - 响应时间: 9.99秒
2025-11-10 15:55:58,031 - INFO - DEBUG: 添加测试结果 - 接口: query_batch_6, 响应时间: 9.99
2025-11-10 15:55:58,046 - INFO - ✅ 已写入测试结果: query_batch_6
2025-11-10 15:55:58,046 - INFO - 
执行第 7 条查询: What is Weinreich's definition of a person's ethnic identity?
2025-11-10 15:55:58,047 - DEBUG - Starting new HTTP connection (1): 127.0.0.1:35253
2025-11-10 15:55:58,050 - DEBUG - http://127.0.0.1:35253 "POST /upload HTTP/11" 200 19
2025-11-10 15:55:58,051 - INFO - 成功创建会话，upload_id: 2691527489471004477
2025-11-10 15:55:58,052 - DEBUG - Starting new HTTP connection (1): 127.0.0.1:35253
2025-11-10 15:55:58,060 - DEBUG - http://127.0.0.1:35253 "GET /query?fileData=2691527489471004477 HTTP/11" 200 None
2025-11-10 15:55:58,127 - INFO - jobId: 81
2025-11-10 15:55:58,148 - INFO - sessionID: 1481d004-e652-48e1-8f1b-92801d59e857
2025-11-10 15:55:58,149 - INFO - {'command': 'query', 'sessionId': '1481d004-e652-48e1-8f1b-92801d59e857', 'data': {'text': '{"query": "What is Weinreich\'s definition of a person\'s ethnic identity?", "handler": "aaitc-graph-brain", "modelName": "gpt", "modelVersion": "gpt-4.1"}'}}
2025-11-10 15:55:58,150 - DEBUG - Starting new HTTP connection (1): 127.0.0.1:35253
2025-11-10 15:55:58,152 - DEBUG - http://127.0.0.1:35253 "POST /upload HTTP/11" 200 19
2025-11-10 15:55:58,152 - INFO - 成功发送查询请求，upload_id: 4915600884289357762
2025-11-10 15:55:58,153 - INFO - 开始时间: 2025-11-10 15:55:58.153
2025-11-10 15:55:58,154 - DEBUG - Starting new HTTP connection (1): 127.0.0.1:35253
2025-11-10 15:55:58,184 - DEBUG - http://127.0.0.1:35253 "GET /query?fileData=4915600884289357762 HTTP/11" 200 None
2025-11-10 15:56:10,096 - INFO - 响应时间: 11.94秒
2025-11-10 15:56:10,097 - INFO - DEBUG: 添加测试结果 - 接口: query_batch_7, 响应时间: 11.94
2025-11-10 15:56:10,118 - INFO - ✅ 已写入测试结果: query_batch_7
2025-11-10 15:56:10,119 - INFO - 
执行第 8 条查询: What is a traditional English breakfast called?
2025-11-10 15:56:10,119 - DEBUG - Starting new HTTP connection (1): 127.0.0.1:35253
2025-11-10 15:56:10,122 - DEBUG - http://127.0.0.1:35253 "POST /upload HTTP/11" 200 19
2025-11-10 15:56:10,122 - INFO - 成功创建会话，upload_id: 7634087582020565474
2025-11-10 15:56:10,123 - DEBUG - Starting new HTTP connection (1): 127.0.0.1:35253
2025-11-10 15:56:10,130 - DEBUG - http://127.0.0.1:35253 "GET /query?fileData=7634087582020565474 HTTP/11" 200 None
2025-11-10 15:56:10,204 - INFO - jobId: 83
2025-11-10 15:56:10,221 - INFO - sessionID: 81620d3e-4d2f-47b0-bd28-dcfcd058a043
2025-11-10 15:56:10,221 - INFO - {'command': 'query', 'sessionId': '81620d3e-4d2f-47b0-bd28-dcfcd058a043', 'data': {'text': '{"query": "What is a traditional English breakfast called?", "handler": "aaitc-graph-brain", "modelName": "gpt", "modelVersion": "gpt-4.1"}'}}
2025-11-10 15:56:10,222 - DEBUG - Starting new HTTP connection (1): 127.0.0.1:35253
2025-11-10 15:56:10,225 - DEBUG - http://127.0.0.1:35253 "POST /upload HTTP/11" 200 19
2025-11-10 15:56:10,225 - INFO - 成功发送查询请求，upload_id: 3648374616120762724
2025-11-10 15:56:10,226 - INFO - 开始时间: 2025-11-10 15:56:10.226
2025-11-10 15:56:10,226 - DEBUG - Starting new HTTP connection (1): 127.0.0.1:35253
2025-11-10 15:56:10,241 - DEBUG - http://127.0.0.1:35253 "GET /query?fileData=3648374616120762724 HTTP/11" 200 None
2025-11-10 15:56:18,339 - INFO - 响应时间: 8.11秒
2025-11-10 15:56:18,339 - INFO - DEBUG: 添加测试结果 - 接口: query_batch_8, 响应时间: 8.11
2025-11-10 15:56:18,355 - INFO - ✅ 已写入测试结果: query_batch_8
2025-11-10 15:56:18,355 - INFO - 
执行第 9 条查询: What was the population of Belfast by the close of the 19th century?
2025-11-10 15:56:18,356 - DEBUG - Starting new HTTP connection (1): 127.0.0.1:35253
2025-11-10 15:56:18,360 - DEBUG - http://127.0.0.1:35253 "POST /upload HTTP/11" 200 19
2025-11-10 15:56:18,361 - INFO - 成功创建会话，upload_id: 1484224252400374576
2025-11-10 15:56:18,362 - DEBUG - Starting new HTTP connection (1): 127.0.0.1:35253
2025-11-10 15:56:18,370 - DEBUG - http://127.0.0.1:35253 "GET /query?fileData=1484224252400374576 HTTP/11" 200 None
2025-11-10 15:56:18,421 - INFO - jobId: 85
2025-11-10 15:56:18,440 - INFO - sessionID: 8a5b0462-fc92-4eb3-a0d3-5aace4241495
2025-11-10 15:56:18,440 - INFO - {'command': 'query', 'sessionId': '8a5b0462-fc92-4eb3-a0d3-5aace4241495', 'data': {'text': '{"query": "What was the population of Belfast by the close of the 19th century?", "handler": "aaitc-graph-brain", "modelName": "gpt", "modelVersion": "gpt-4.1"}'}}
2025-11-10 15:56:18,441 - DEBUG - Starting new HTTP connection (1): 127.0.0.1:35253
2025-11-10 15:56:18,444 - DEBUG - http://127.0.0.1:35253 "POST /upload HTTP/11" 200 19
2025-11-10 15:56:18,445 - INFO - 成功发送查询请求，upload_id: 5298876931171926708
2025-11-10 15:56:18,445 - INFO - 开始时间: 2025-11-10 15:56:18.445
2025-11-10 15:56:18,446 - DEBUG - Starting new HTTP connection (1): 127.0.0.1:35253
2025-11-10 15:56:18,481 - DEBUG - http://127.0.0.1:35253 "GET /query?fileData=5298876931171926708 HTTP/11" 200 None
2025-11-10 15:56:27,810 - INFO - 响应时间: 9.36秒
2025-11-10 15:56:27,810 - INFO - DEBUG: 添加测试结果 - 接口: query_batch_9, 响应时间: 9.36
2025-11-10 15:56:27,825 - INFO - ✅ 已写入测试结果: query_batch_9
2025-11-10 15:56:27,825 - INFO - 
执行第 10 条查询: In which text can I find information regarding Netflix's foray into theater production, including its activities related to "Stranger Things: The First Shadow" and other stage adaptations?
2025-11-10 15:56:27,826 - DEBUG - Starting new HTTP connection (1): 127.0.0.1:35253
2025-11-10 15:56:27,829 - DEBUG - http://127.0.0.1:35253 "POST /upload HTTP/11" 200 20
2025-11-10 15:56:27,830 - INFO - 成功创建会话，upload_id: -5654120061140704125
2025-11-10 15:56:27,831 - DEBUG - Starting new HTTP connection (1): 127.0.0.1:35253
2025-11-10 15:56:27,842 - DEBUG - http://127.0.0.1:35253 "GET /query?fileData=-5654120061140704125 HTTP/11" 200 None
2025-11-10 15:56:27,912 - INFO - jobId: 87
2025-11-10 15:56:27,931 - INFO - sessionID: 344e3be8-edc3-4a98-9bbd-dcccb370265e
2025-11-10 15:56:27,931 - INFO - {'command': 'query', 'sessionId': '344e3be8-edc3-4a98-9bbd-dcccb370265e', 'data': {'text': '{"query": "In which text can I find information regarding Netflix\'s foray into theater production, including its activities related to \\"Stranger Things: The First Shadow\\" and other stage adaptations?", "handler": "aaitc-graph-brain", "modelName": "gpt", "modelVersion": "gpt-4.1"}'}}
2025-11-10 15:56:27,932 - DEBUG - Starting new HTTP connection (1): 127.0.0.1:35253
2025-11-10 15:56:27,935 - DEBUG - http://127.0.0.1:35253 "POST /upload HTTP/11" 200 20
2025-11-10 15:56:27,936 - INFO - 成功发送查询请求，upload_id: -7490390878490144652
2025-11-10 15:56:27,936 - INFO - 开始时间: 2025-11-10 15:56:27.936
2025-11-10 15:56:27,937 - DEBUG - Starting new HTTP connection (1): 127.0.0.1:35253
2025-11-10 15:56:27,951 - DEBUG - http://127.0.0.1:35253 "GET /query?fileData=-7490390878490144652 HTTP/11" 200 None
2025-11-10 15:56:38,818 - INFO - 响应时间: 10.88秒
2025-11-10 15:56:38,818 - INFO - DEBUG: 添加测试结果 - 接口: query_batch_10, 响应时间: 10.88
2025-11-10 15:56:38,832 - INFO - ✅ 已写入测试结果: query_batch_10
2025-11-10 15:56:38,833 - INFO - 
执行第 11 条查询: Where can I find a ppt covering the History of Linear Programming?
2025-11-10 15:56:38,834 - DEBUG - Starting new HTTP connection (1): 127.0.0.1:35253
2025-11-10 15:56:38,837 - DEBUG - http://127.0.0.1:35253 "POST /upload HTTP/11" 200 18
2025-11-10 15:56:38,837 - INFO - 成功创建会话，upload_id: 696506615335612658
2025-11-10 15:56:38,839 - DEBUG - Starting new HTTP connection (1): 127.0.0.1:35253
2025-11-10 15:56:38,848 - DEBUG - http://127.0.0.1:35253 "GET /query?fileData=696506615335612658 HTTP/11" 200 None
2025-11-10 15:56:38,908 - INFO - jobId: 89
2025-11-10 15:56:38,925 - INFO - sessionID: c2d4d341-8e76-4b9f-b7d8-dfa71a4b4b17
2025-11-10 15:56:38,926 - INFO - {'command': 'query', 'sessionId': 'c2d4d341-8e76-4b9f-b7d8-dfa71a4b4b17', 'data': {'text': '{"query": "Where can I find a ppt covering the History of Linear Programming?", "handler": "aaitc-graph-brain", "modelName": "gpt", "modelVersion": "gpt-4.1"}'}}
2025-11-10 15:56:38,927 - DEBUG - Starting new HTTP connection (1): 127.0.0.1:35253
2025-11-10 15:56:38,929 - DEBUG - http://127.0.0.1:35253 "POST /upload HTTP/11" 200 19
2025-11-10 15:56:38,929 - INFO - 成功发送查询请求，upload_id: 4209022074951453111
2025-11-10 15:56:38,930 - INFO - 开始时间: 2025-11-10 15:56:38.930
2025-11-10 15:56:38,931 - DEBUG - Starting new HTTP connection (1): 127.0.0.1:35253
2025-11-10 15:56:38,940 - DEBUG - http://127.0.0.1:35253 "GET /query?fileData=4209022074951453111 HTTP/11" 200 None
2025-11-10 15:56:59,135 - INFO - 响应时间: 20.21秒
2025-11-10 15:56:59,135 - INFO - DEBUG: 添加测试结果 - 接口: query_batch_11, 响应时间: 20.21
2025-11-10 15:56:59,160 - INFO - ✅ 已写入测试结果: query_batch_11
2025-11-10 15:56:59,161 - INFO - 
执行第 12 条查询: Locate the ppt document with the Test set collection sheet for the AI Face Algorithm Evaluation.
2025-11-10 15:56:59,162 - DEBUG - Starting new HTTP connection (1): 127.0.0.1:35253
2025-11-10 15:56:59,165 - DEBUG - http://127.0.0.1:35253 "POST /upload HTTP/11" 200 20
2025-11-10 15:56:59,165 - INFO - 成功创建会话，upload_id: -5277646777660049152
2025-11-10 15:56:59,167 - DEBUG - Starting new HTTP connection (1): 127.0.0.1:35253
2025-11-10 15:56:59,183 - DEBUG - http://127.0.0.1:35253 "GET /query?fileData=-5277646777660049152 HTTP/11" 200 None
2025-11-10 15:56:59,247 - INFO - jobId: 92
2025-11-10 15:56:59,266 - INFO - sessionID: 1cdb08cf-455e-4434-95ae-0ef09e01c850
2025-11-10 15:56:59,266 - INFO - {'command': 'query', 'sessionId': '1cdb08cf-455e-4434-95ae-0ef09e01c850', 'data': {'text': '{"query": "Locate the ppt document with the Test set collection sheet for the AI Face Algorithm Evaluation.", "handler": "aaitc-graph-brain", "modelName": "gpt", "modelVersion": "gpt-4.1"}'}}
2025-11-10 15:56:59,267 - DEBUG - Starting new HTTP connection (1): 127.0.0.1:35253
2025-11-10 15:56:59,269 - DEBUG - http://127.0.0.1:35253 "POST /upload HTTP/11" 200 19
2025-11-10 15:56:59,270 - INFO - 成功发送查询请求，upload_id: 4384655282640234845
2025-11-10 15:56:59,270 - INFO - 开始时间: 2025-11-10 15:56:59.270
2025-11-10 15:56:59,271 - DEBUG - Starting new HTTP connection (1): 127.0.0.1:35253
2025-11-10 15:56:59,307 - DEBUG - http://127.0.0.1:35253 "GET /query?fileData=4384655282640234845 HTTP/11" 200 None
2025-11-10 15:57:15,986 - INFO - 响应时间: 16.72秒
2025-11-10 15:57:15,987 - INFO - DEBUG: 添加测试结果 - 接口: query_batch_12, 响应时间: 16.72
2025-11-10 15:57:16,030 - INFO - ✅ 已写入测试结果: query_batch_12
2025-11-10 15:57:16,031 - INFO - 
执行第 13 条查询: Where is the document that discusses the hardness of learning Boolean functions from label proportions?
2025-11-10 15:57:16,033 - DEBUG - Starting new HTTP connection (1): 127.0.0.1:35253
2025-11-10 15:57:16,038 - DEBUG - http://127.0.0.1:35253 "POST /upload HTTP/11" 200 20
2025-11-10 15:57:16,038 - INFO - 成功创建会话，upload_id: -7275432605301394999
2025-11-10 15:57:16,040 - DEBUG - Starting new HTTP connection (1): 127.0.0.1:35253
2025-11-10 15:57:16,049 - DEBUG - http://127.0.0.1:35253 "GET /query?fileData=-7275432605301394999 HTTP/11" 200 None
2025-11-10 15:57:16,160 - INFO - jobId: 95
2025-11-10 15:57:16,234 - INFO - sessionID: 3b61a7ae-a4bf-49de-88cc-4182345fda8d
2025-11-10 15:57:16,235 - INFO - {'command': 'query', 'sessionId': '3b61a7ae-a4bf-49de-88cc-4182345fda8d', 'data': {'text': '{"query": "Where is the document that discusses the hardness of learning Boolean functions from label proportions?", "handler": "aaitc-graph-brain", "modelName": "gpt", "modelVersion": "gpt-4.1"}'}}
2025-11-10 15:57:16,236 - DEBUG - Starting new HTTP connection (1): 127.0.0.1:35253
2025-11-10 15:57:16,239 - DEBUG - http://127.0.0.1:35253 "POST /upload HTTP/11" 200 20
2025-11-10 15:57:16,239 - INFO - 成功发送查询请求，upload_id: -8876116515449764888
2025-11-10 15:57:16,240 - INFO - 开始时间: 2025-11-10 15:57:16.240
2025-11-10 15:57:16,241 - DEBUG - Starting new HTTP connection (1): 127.0.0.1:35253
2025-11-10 15:57:16,246 - DEBUG - http://127.0.0.1:35253 "GET /query?fileData=-8876116515449764888 HTTP/11" 200 None
2025-11-10 15:57:32,169 - INFO - 响应时间: 15.93秒
2025-11-10 15:57:32,170 - INFO - DEBUG: 添加测试结果 - 接口: query_batch_13, 响应时间: 15.93
2025-11-10 15:57:32,194 - INFO - ✅ 已写入测试结果: query_batch_13
2025-11-10 15:57:32,195 - INFO - 
执行第 14 条查询: Can you locate the document that examines learning from label proportions (LLP) in machine learning?
2025-11-10 15:57:32,196 - DEBUG - Starting new HTTP connection (1): 127.0.0.1:35253
2025-11-10 15:57:32,199 - DEBUG - http://127.0.0.1:35253 "POST /upload HTTP/11" 200 20
2025-11-10 15:57:32,199 - INFO - 成功创建会话，upload_id: -5758619866336060270
2025-11-10 15:57:32,210 - DEBUG - Starting new HTTP connection (1): 127.0.0.1:35253
2025-11-10 15:57:32,222 - DEBUG - http://127.0.0.1:35253 "GET /query?fileData=-5758619866336060270 HTTP/11" 200 None
2025-11-10 15:57:32,303 - INFO - jobId: 98
2025-11-10 15:57:32,321 - INFO - sessionID: 9c6b60d4-5ba9-46d7-8503-63b1727d4b06
2025-11-10 15:57:32,321 - INFO - {'command': 'query', 'sessionId': '9c6b60d4-5ba9-46d7-8503-63b1727d4b06', 'data': {'text': '{"query": "Can you locate the document that examines learning from label proportions (LLP) in machine learning?", "handler": "aaitc-graph-brain", "modelName": "gpt", "modelVersion": "gpt-4.1"}'}}
2025-11-10 15:57:32,322 - DEBUG - Starting new HTTP connection (1): 127.0.0.1:35253
2025-11-10 15:57:32,324 - DEBUG - http://127.0.0.1:35253 "POST /upload HTTP/11" 200 20
2025-11-10 15:57:32,324 - INFO - 成功发送查询请求，upload_id: -7558548453522010268
2025-11-10 15:57:32,324 - INFO - 开始时间: 2025-11-10 15:57:32.324
2025-11-10 15:57:32,325 - DEBUG - Starting new HTTP connection (1): 127.0.0.1:35253
2025-11-10 15:57:32,327 - DEBUG - http://127.0.0.1:35253 "GET /query?fileData=-7558548453522010268 HTTP/11" 200 None
2025-11-10 15:57:48,967 - INFO - 响应时间: 16.64秒
2025-11-10 15:57:48,967 - INFO - DEBUG: 添加测试结果 - 接口: query_batch_14, 响应时间: 16.64
2025-11-10 15:57:48,984 - INFO - ✅ 已写入测试结果: query_batch_14
2025-11-10 15:57:48,984 - INFO - 
=== 测试 delete_register_documnet 接口 ===
2025-11-10 15:57:48,984 - INFO - {'command': 'document', 'data': {'text': '{"action": "delete", "body": {"doc_ids": [1987790421895548928, 1987790422033960960, 1987790422117847040, 1987790422193344512, 1987790422277230592, 1987790422356922368, 1987790422595997696, 1987790422679883776, 1987790422759575552]}}'}}
2025-11-10 15:57:48,985 - DEBUG - Starting new HTTP connection (1): 127.0.0.1:35253
2025-11-10 15:57:48,988 - DEBUG - http://127.0.0.1:35253 "POST /upload HTTP/11" 200 20
2025-11-10 15:57:48,988 - INFO - 成功发送删除请求，upload_id: -5801120816443849980
2025-11-10 15:57:48,988 - INFO - 开始时间: 2025-11-10 15:57:48.988
2025-11-10 15:57:48,989 - DEBUG - Starting new HTTP connection (1): 127.0.0.1:35253
2025-11-10 15:57:48,997 - DEBUG - http://127.0.0.1:35253 "GET /query?fileData=-5801120816443849980 HTTP/11" 200 None
2025-11-10 15:57:50,105 - INFO - 响应时间: 1.12秒
2025-11-10 15:57:50,106 - INFO - DEBUG: 添加测试结果 - 接口: delete_register_documnet, 响应时间: 1.12
2025-11-10 15:57:50,121 - INFO - ✅ 已写入测试结果: delete_register_documnet
2025-11-10 15:57:50,121 - INFO - 
=== 验证删除是否成功 ===
2025-11-10 15:57:50,121 - INFO - {'command': 'document', 'data': {'text': '{"action": "list", "body": {"folder_path": ""}}'}}
2025-11-10 15:57:50,122 - DEBUG - Starting new HTTP connection (1): 127.0.0.1:35253
2025-11-10 15:57:50,124 - DEBUG - http://127.0.0.1:35253 "POST /upload HTTP/11" 200 20
2025-11-10 15:57:50,125 - INFO - 成功获取文档列表，upload_id: -6904353951022715455
2025-11-10 15:57:50,125 - INFO - 开始时间: 2025-11-10 15:57:50.125
2025-11-10 15:57:50,125 - DEBUG - Starting new HTTP connection (1): 127.0.0.1:35253
2025-11-10 15:57:50,128 - DEBUG - http://127.0.0.1:35253 "GET /query?fileData=-6904353951022715455 HTTP/11" 200 None
2025-11-10 15:57:50,212 - INFO - 响应时间: 0.09秒
2025-11-10 15:57:50,213 - INFO - 第1次尝试，获取到的result_text: {"jobId":102,"status":"complete","data":{"text":"[]"}}
2025-11-10 15:57:50,213 - INFO - 文档列表为空，任务已完成
2025-11-10 15:57:50,213 - INFO - ✅ 所有文档均已成功删除: [1987790421895548928, 1987790422033960960, 1987790422117847040, 1987790422193344512, 1987790422277230592, 1987790422356922368, 1987790422595997696, 1987790422679883776, 1987790422759575552]
2025-11-10 15:57:50,214 - INFO - DEBUG: 添加测试结果 - 接口: verify_delete, 响应时间: 0.09
2025-11-10 15:57:50,229 - INFO - ✅ 已写入测试结果: verify_delete
2025-11-10 15:57:50,229 - INFO - 
=== 测试结果摘要 ===
2025-11-10 15:57:50,230 - INFO - 总测试用例数: 23
2025-11-10 15:57:50,230 - INFO - pass: 23
2025-11-10 15:57:50,230 - INFO - fail: 0
2025-11-10 15:57:50,230 - INFO - 跳过: 0
2025-11-10 15:57:50,230 - INFO - 测试完成,关闭服务
2025-11-10 15:57:50,258 - INFO - 找到需要终止的进程: ['fileSearch.exe (PID: 27088)', 'fileSearch.exe (PID: 31352)', 'mcpMgmtService.exe (PID: 32484)', 'com.lenovo.quantum.exe (PID: 33876)', 'lenovo.pfm.pipe.exe (PID: 34864)', 'com.lenovo.quantum.exe (PID: 36736)', 'mcpMgmtService.exe (PID: 39544)']
2025-11-10 15:57:53,261 - INFO - 所有服务进程已成功终止
